,lead
0,1-1704
1,7-7352
2,7-2665
3,3-8554
4,5-3583
5,1-2619
6,4-0766
7,6-6618
8,5-5930
9,2-3338
10,5-3183
11,3-8373
12,1-0256
13,3-1018
14,8-5488
15,2-6069
16,7-2472
17,7-4071
18,2-3399
19,5-0622
20,2-8510
21,2-7250
22,6-9712
23,7-9915
24,5-9392
25,3-6692
26,8-5288
27,2-5789
28,4-8357
29,4-6936
30,4-3169
31,5-8198
32,4-2938
33,7-0689
34,4-4920
35,2-5753
36,7-0893
37,6-3540
38,4-5578
39,7-9365
40,6-1974
41,8-1771
42,2-6800
43,3-3880
44,8-7455
45,4-9251
46,6-4962
47,3-1149
48,4-3257
49,3-4817
50,3-2243
51,2-5210
52,3-5521
53,6-7654
54,5-3753
55,7-5225
56,7-8434
57,4-5242
58,4-8538
59,7-4972
60,5-7414
61,7-6281
62,8-7505
63,2-4266
64,2-7558
65,8-1552
66,8-2535
67,1-8875
68,1-6697
69,6-7806
70,8-0427
71,3-8336
72,6-7907
73,3-5587
74,1-1597
75,1-2996
76,3-9503
77,4-4498
78,2-7681
79,1-5906
80,4-1356
81,1-6004
82,8-9494
83,8-5819
84,7-0215
85,4-1157
86,5-0074
87,1-8251
88,6-6835
89,8-6377
90,7-1777
91,5-0258
92,1-0502
93,3-3884
94,1-2631
95,2-0730
96,2-6375
97,4-0484
98,8-4789
99,6-0578
100,8-7147
101,6-3930
102,5-9901
103,8-7678
104,5-8434
105,1-9298
106,3-3080
107,7-4378
108,4-5791
109,5-3879
110,6-1235
111,4-1776
112,4-5280
113,8-5108
114,4-2706
115,1-4232
116,2-3406
117,8-8756
118,1-4984
119,7-1511
120,6-9762
121,4-6760
122,7-1972
123,2-7182
124,8-3687
125,7-5237
126,2-8654
127,8-1111
128,6-3050
129,2-6915
130,2-9598
131,8-5122
132,4-3088
133,1-9970
134,4-3751
135,5-7983
136,1-8921
137,5-8572
138,5-9007
139,4-7531
140,7-1485
141,5-9511
142,4-1169
143,8-2051
144,2-5287
145,2-8403
146,6-5053
147,2-0225
148,3-5200
149,2-6608
150,1-4852
151,4-0314
152,2-3136
153,2-5883
154,5-6492
155,3-0866
156,2-4848
157,3-1389
158,2-7305
159,7-9806
160,3-0750
161,7-1504
162,3-8661
163,2-9603
164,3-4180
165,4-6176
166,6-3140
167,1-2422
168,8-2940
169,7-8637
170,7-0608
171,1-1530
172,1-0965
173,2-3513
174,6-5269
175,2-0405
176,8-9375
177,4-6674
178,6-9151
179,5-6700
180,2-0304
181,5-7445
182,4-8669
183,8-0703
184,7-6069
185,8-6857
186,1-8864
187,5-1455
188,2-1899
189,5-7358
190,2-7743
191,5-3045
192,8-0934
193,2-7139
194,8-4602
195,3-1713
196,3-2020
197,8-4370
198,4-1282
199,5-9588
200,3-0602
201,3-0099
202,2-3805
203,1-3163
204,2-7692
205,6-2090
206,4-6704
207,5-3550
208,6-5264
209,8-5746
210,4-1345
211,1-7358
212,4-2959
213,5-4012
214,2-6459
215,3-7259
216,1-2579
217,1-2405
218,5-3195
219,5-7392
220,2-1086
221,1-4902
222,5-8864
223,7-1024
224,7-5982
225,5-5877
226,5-7357
227,4-1127
228,4-5705
229,2-6101
230,6-0105
231,7-1855
232,7-3647
233,4-2953
234,3-8286
235,1-6955
236,6-1264
237,2-8617
238,1-1796
239,7-4847
240,8-9146
241,6-6344
242,4-3912
243,2-7218
244,8-6032
245,8-6019
246,7-2404
247,8-8394
248,5-0103
249,6-1309
250,5-3861
251,6-0740
252,7-4825
253,4-6014
254,7-4735
255,2-6371
256,2-9731
257,2-7125
258,1-1257
259,7-0954
260,5-4327
261,6-2321
262,2-3356
263,7-8574
264,3-8573
265,6-8215
266,1-3670
267,1-5593
268,8-3551
269,5-1154
270,4-9920
271,3-2553
272,6-0004
273,5-2280
274,8-8310
275,4-8165
276,1-7531
277,1-5423
278,1-9306
279,5-8450
280,5-0505
281,6-7356
282,1-3058
283,7-1984
284,8-1421
285,4-1384
286,1-9105
287,2-7833
288,1-4342
289,5-7817
290,6-0828
291,3-2944
292,7-7249
293,4-8048
294,4-7682
295,2-8867
296,3-6178
297,7-2650
298,2-5203
299,5-5503
300,7-7088
301,1-8663
302,5-9422
303,2-2938
304,2-5618
305,1-7894
306,1-2575
307,4-8314
308,6-3915
309,5-0148
310,1-1007
311,4-1266
312,3-2208
313,3-2197
314,3-0033
315,7-2779
316,1-7023
317,7-1014
318,4-1107
319,6-9567
320,7-6226
321,5-3122
322,6-9366
323,7-2202
324,2-6057
325,3-1771
326,4-5130
327,5-3019
328,4-7272
329,3-7474
330,4-7645
331,7-0986
332,6-2796
333,7-9098
334,8-6249
335,5-0928
336,6-4839
337,1-0693
338,3-5046
339,8-1607
340,1-9950
341,7-5682
342,7-7932
343,8-6760
344,4-3179
345,7-3617
346,5-9190
347,2-5483
348,8-0259
349,6-0035
350,8-3324
351,7-7535
352,2-9700
353,6-2485
354,6-8981
355,4-4925
356,8-0671
357,2-5928
358,8-4111
359,4-6794
360,8-2935
361,1-9326
362,5-1434
363,2-7637
364,2-6930
365,6-4935
366,1-3277
367,8-9490
368,8-1076
369,3-5950
370,3-9291
371,7-7625
372,6-8939
373,4-0261
374,1-2676
375,7-0383
376,1-4994
377,5-7725
378,4-4032
379,3-5716
380,3-2163
381,2-9031
382,8-2318
383,2-9287
384,8-0903
385,8-4992
386,1-5365
387,3-5086
388,6-6910
389,4-6056
390,4-9956
391,6-6777
392,4-2549
393,6-3529
394,5-1329
395,6-5403
396,5-3115
397,7-2142
398,1-0752
399,2-2905
400,4-3728
401,1-7507
402,7-0086
403,2-2503
404,2-0411
405,1-6279
406,2-7868
407,7-4799
408,3-5676
409,1-0405
410,8-8467
411,3-3246
412,2-0817
413,5-6265
414,6-2790
415,1-6413
416,2-6595
417,8-9196
418,1-2764
419,5-0384
420,1-4024
421,1-0152
422,7-0820
423,6-7705
424,5-6557
425,4-8409
426,6-0511
427,3-9358
428,4-9115
429,2-1679
430,6-4912
431,3-5834
432,3-0221
433,5-4836
434,6-8952
435,3-8856
436,8-5589
437,6-8073
438,6-9883
439,3-7618
440,7-8170
441,7-9561
442,4-5813
443,4-9567
444,4-8642
445,1-8780
446,6-0584
447,5-8402
448,5-7287
449,6-0714
450,1-9748
451,1-5343
452,4-4132
453,5-9940
454,7-7553
455,2-7691
456,6-2474
457,3-5833
458,5-7416
459,3-6351
460,6-8492
461,5-9625
462,3-3619
463,5-9719
464,6-9302
465,7-9364
466,5-6058
467,3-7123
468,5-9518
469,2-0582
470,8-6530
471,6-8938
472,3-4308
473,7-2164
474,8-2165
475,3-9565
476,5-1626
477,1-0246
478,6-2025
479,6-8573
480,3-0166
481,3-9717
482,5-4191
483,4-8351
484,1-4147
485,5-9787
486,6-3788
487,6-7081
488,1-2015
489,3-7487
490,4-8834
491,3-9760
492,4-1452
493,7-3711
494,5-8247
495,3-9296
496,6-7074
497,3-1616
498,2-8251
499,7-9218
500,7-9744
501,5-5127
502,4-1403
503,5-9192
504,8-0287
505,2-8642
506,8-9637
507,1-8610
508,1-1491
509,7-4312
510,5-7746
511,7-5000
512,1-5341
513,7-6092
514,3-2139
515,8-4257
516,3-3418
517,1-5333
518,4-2662
519,2-9933
520,7-8419
521,4-5651
522,3-2494
523,3-6584
524,2-4107
525,6-8463
526,7-6449
527,5-6381
528,7-7683
529,7-8957
530,5-2790
531,3-5547
532,2-5893
533,8-1321
534,7-0547
535,3-0919
536,1-6654
537,6-8728
538,4-8645
539,2-5303
540,4-2224
541,1-5588
542,1-8930
543,8-8186
544,4-0863
545,2-7275
546,4-7579
547,6-3516
548,3-5493
549,7-2682
550,1-2921
551,3-8399
552,8-5811
553,4-0110
554,6-2226
555,1-2787
556,3-3461
557,5-8580
558,2-0150
559,7-8064
560,5-5973
561,8-7624
562,5-4747
563,7-7721
564,7-4448
565,1-3895
566,8-3103
567,1-8384
568,4-8648
569,3-7120
570,4-3259
571,1-2113
572,3-2193
573,2-0159
574,7-8557
575,2-8485
576,7-1592
577,8-3304
578,6-4310
579,6-9503
580,4-6560
581,5-9937
582,7-5830
583,6-8410
584,6-9996
585,2-9993
586,6-8028
587,4-4092
588,1-1993
589,1-4759
590,8-3382
591,5-3754
592,5-0402
593,8-6974
594,1-9830
595,7-5132
596,2-8619
597,8-8915
598,3-3781
599,5-1766
600,3-7572
601,4-3485
602,4-2300
603,1-9373
604,8-0257
605,2-7927
606,4-7060
607,2-5185
608,4-6113
609,5-5306
610,5-8300
611,6-5160
612,1-6445
613,6-3463
614,5-3565
615,7-7266
616,3-2261
617,3-1654
618,3-8666
619,5-3245
620,1-6878
621,1-4555
622,2-3498
623,4-8643
624,4-9678
625,5-7808
626,4-9957
627,7-8886
628,2-4080
629,8-4619
630,1-5935
631,7-8583
632,5-9726
633,4-2907
634,3-1146
635,1-2743
636,6-9974
637,8-9693
638,4-0289
639,1-7293
640,4-9783
641,8-4707
642,3-4680
643,8-9662
644,5-6462
645,4-2316
646,6-5976
647,1-4979
648,3-9331
649,6-1341
650,7-3956
651,3-4192
652,5-6387
653,2-6118
654,4-1543
655,7-6237
656,4-2020
657,1-1845
658,8-3050
659,4-9125
660,6-4047
661,6-6269
662,5-0626
663,7-0993
664,6-4598
665,3-5542
666,2-6151
667,7-4217
668,1-0868
669,4-5986
670,4-6424
671,8-2379
672,8-2994
673,5-4063
674,1-0309
675,5-4931
676,3-6117
677,4-1095
678,3-2912
679,1-4991
680,6-0489
681,6-1785
682,4-2651
683,3-3735
684,2-9705
685,1-4177
686,3-5016
687,3-6176
688,7-1263
689,5-5294
690,6-5793
691,5-0833
692,4-6398
693,2-6309
694,1-0147
695,6-0498
696,8-7673
697,7-0658
698,7-1125
699,5-9503
700,4-8903
701,3-0671
702,2-7428
703,2-6009
704,8-9559
705,5-1382
706,7-9527
707,6-8077
708,1-2036
709,7-0958
710,2-6081
711,4-9283
712,5-1845
713,6-4555
714,2-2590
715,4-1895
716,5-8106
717,5-3945
718,6-0544
719,5-2042
720,7-5337
721,8-3296
722,5-6222
723,1-8437
724,2-9037
725,4-8182
726,4-5985
727,6-4254
728,8-2420
729,1-1478
730,5-0129
731,4-7808
732,1-4588
733,5-3098
734,1-2056
735,2-7799
736,8-0276
737,2-7271
738,7-4555
739,4-4985
740,7-0943
741,3-4950
742,2-7879
743,5-5372
744,4-3439
745,1-7382
746,3-0238
747,8-9216
748,8-7467
749,8-6358
750,8-0902
751,5-3836
752,4-7348
753,2-2533
754,2-3808
755,7-0480
756,7-5557
757,7-7374
758,3-5601
759,5-6527
760,4-9014
761,7-9195
762,2-1338
763,8-3573
764,1-7497
765,2-0845
766,6-5131
767,3-2876
768,8-7412
769,2-1538
770,5-2500
771,8-1840
772,2-1725
773,8-1021
774,8-6131
775,3-0743
776,4-2238
777,4-3874
778,8-2776
779,5-9771
780,1-9538
781,3-9994
782,3-7524
783,4-8302
784,2-0321
785,1-5349
786,7-0448
787,5-5971
788,2-5016
789,1-6385
790,3-3936
791,1-7330
792,4-2770
793,5-6577
794,4-4648
795,4-3296
796,5-2858
797,4-5636
798,3-6633
799,6-5068
800,3-8972
801,2-0118
802,3-2114
803,7-8859
804,2-7608
805,4-8594
806,6-6014
807,2-8535
808,3-0115
809,5-6007
810,7-9461
811,8-3545
812,1-0181
813,6-5550
814,5-0902
815,5-9740
816,6-5313
817,7-2486
818,4-4337
819,8-6914
820,4-3058
821,5-3219
822,3-9130
823,1-8483
824,7-5317
825,8-2429
826,2-2536
827,1-0728
828,8-6637
829,4-3021
830,7-4371
831,6-7612
832,8-6884
833,2-5636
834,7-7032
835,1-2705
836,1-0886
837,8-7567
838,1-0558
839,4-4750
840,6-9990
841,2-6214
842,6-8844
843,6-5873
844,2-0753
845,8-4752
846,7-7605
847,8-6732
848,3-1293
849,1-6901
850,1-4949
851,4-1449
852,7-0129
853,1-3791
854,6-7579
855,6-2192
856,1-5376
857,6-0142
858,3-2883
859,6-9884
860,3-3121
861,3-3553
862,1-7968
863,1-1226
864,3-7531
865,1-3751
866,8-9347
867,2-3092
868,3-9227
869,6-1877
870,2-1502
871,5-1159
872,3-0128
873,8-6731
874,7-6499
875,1-1231
876,8-7765
877,3-5531
878,2-2794
879,8-2685
880,3-0782
881,6-1418
882,7-7180
883,1-3216
884,2-8041
885,7-1612
886,1-4044
887,4-7777
888,2-1912
889,1-5455
890,3-2852
891,2-5033
892,4-4423
893,7-7663
894,3-4131
895,4-0406
896,1-0134
897,1-0376
898,7-8532
899,5-8892
900,8-3749
901,8-7060
902,2-9689
903,5-8254
904,7-4034
905,2-3346
906,6-4592
907,3-2134
908,5-6529
909,4-4168
910,5-1293
911,3-2870
912,4-5614
913,6-2423
914,5-8158
915,8-8354
916,6-0580
917,4-3003
918,8-5532
919,3-6838
920,3-9069
921,3-6577
922,7-8293
923,3-4033
924,6-8424
925,3-6520
926,2-3813
927,3-4355
928,3-3195
929,6-2007
930,5-2430
931,2-8850
932,7-3522
933,7-2875
934,7-2844
935,1-8564
936,6-5606
937,2-5526
938,1-4919
939,6-0527
940,4-4135
941,1-1399
942,4-8568
943,8-6453
944,3-0444
945,7-1326
946,2-2787
947,1-2488
948,8-0841
949,8-9144
950,8-2953
951,1-6260
952,4-0263
953,6-4494
954,4-1381
955,2-3460
956,6-0665
957,3-6438
958,8-1921
959,3-0490
960,4-8878
961,6-6010
962,2-9672
963,3-5093
964,7-5789
965,4-7599
966,5-6598
967,2-6719
968,1-0957
969,4-7811
970,8-4216
971,4-3483
972,4-5598
973,4-8486
974,1-1587
975,3-6607
976,5-6593
977,1-6673
978,2-5658
979,4-5178
980,3-8499
981,3-4896
982,3-8717
983,2-4395
984,8-7024
985,4-6195
986,1-5235
987,4-3848
988,4-8032
989,6-6648
990,5-9920
991,5-1699
992,8-8063
993,3-0036
994,2-1004
995,3-3738
996,3-3279
997,2-2154
998,7-1848
999,3-0249
1000,4-5641
1001,3-3870
1002,3-7946
1003,8-6436
1004,7-0411
1005,7-7008
1006,4-0769
1007,3-1347
1008,6-8711
1009,8-6743
1010,7-2585
1011,5-6018
1012,4-2205
1013,4-1087
1014,1-4696
1015,3-2049
1016,5-4157
1017,6-1159
1018,8-6209
1019,8-9254
1020,8-6423
1021,1-7534
1022,1-0899
1023,8-2593
1024,4-0988
1025,7-2597
1026,5-4082
1027,2-6987
1028,2-5248
1029,1-7075
1030,5-0880
1031,8-7133
1032,1-6180
1033,3-9160
1034,1-7081
1035,2-5144
1036,2-3463
1037,3-6785
1038,4-9603
1039,5-3353
1040,1-4427
1041,8-4436
1042,7-0334
1043,5-6549
1044,6-3071
1045,6-9306
1046,8-1119
1047,5-8202
1048,5-3607
1049,4-4697
1050,4-2327
1051,4-1408
1052,7-1076
1053,6-9826
1054,4-3539
1055,3-5640
1056,2-8106
1057,8-4905
1058,3-8319
1059,2-6494
1060,5-3428
1061,6-1456
1062,1-3671
1063,7-8711
1064,4-3980
1065,4-9757
1066,8-3209
1067,4-5238
1068,3-1838
1069,1-1163
1070,3-9022
1071,4-9829
1072,6-1696
1073,8-8728
1074,6-5637
1075,3-1702
1076,2-2631
1077,1-4429
1078,8-2667
1079,4-7747
1080,3-9537
1081,4-5938
1082,2-9685
1083,3-9746
1084,3-3992
1085,5-0675
1086,1-6010
1087,5-2286
1088,8-3623
1089,4-7897
1090,3-7020
1091,7-0496
1092,6-7353
1093,2-1292
1094,5-5869
1095,8-7824
1096,3-3065
1097,4-1804
1098,2-2851
1099,4-1670
1100,3-3372
1101,8-8457
1102,3-0139
1103,8-3886
1104,8-0271
1105,8-9842
1106,2-5279
1107,1-9813
1108,1-7930
1109,8-4659
1110,7-9116
1111,2-8236
1112,7-1925
1113,7-6991
1114,5-6379
1115,5-0637
1116,1-2531
1117,1-3984
1118,1-3607
1119,6-8220
1120,2-5525
1121,3-1879
1122,6-2389
1123,2-1183
1124,6-1083
1125,5-3943
1126,1-4307
1127,8-0080
1128,3-2115
1129,2-0115
1130,6-5773
1131,6-5434
1132,8-3967
1133,3-5604
1134,1-3012
1135,5-0782
1136,5-4350
1137,3-7393
1138,8-2256
1139,7-2905
1140,7-5641
1141,4-5481
1142,1-5747
1143,5-0003
1144,4-0115
1145,2-9728
1146,3-9143
1147,6-8381
1148,5-2170
1149,7-8153
1150,8-3497
1151,1-8513
1152,7-2262
1153,3-2733
1154,6-0410
1155,6-6954
1156,5-6741
1157,2-9309
1158,8-6077
1159,7-7905
1160,2-1132
1161,4-8076
1162,1-7432
1163,8-2934
1164,6-6015
1165,1-9710
1166,2-5512
1167,5-9722
1168,6-7437
1169,5-2510
1170,6-4115
1171,6-2306
1172,6-0205
1173,2-5398
1174,3-8530
1175,6-1953
1176,6-3386
1177,6-2906
1178,5-5897
1179,6-2436
1180,5-0531
1181,6-4216
1182,3-3753
1183,4-8792
1184,3-0273
1185,5-8703
1186,3-6088
1187,4-6900
1188,6-1810
1189,5-5083
1190,2-1976
1191,7-3281
1192,3-4835
1193,3-7665
1194,7-8900
1195,5-5568
1196,8-0592
1197,7-3791
1198,4-2006
1199,2-7794
1200,5-6350
1201,4-0688
1202,4-0030
1203,5-5653
1204,4-9281
1205,5-4988
1206,5-9545
1207,4-1418
1208,1-7767
1209,2-6243
1210,8-8662
1211,5-5996
1212,3-0323
1213,3-0126
1214,5-7148
1215,4-1923
1216,3-8026
1217,2-9803
1218,4-0206
1219,8-1282
1220,8-9902
1221,2-7025
1222,3-7441
1223,5-3764
1224,6-4285
1225,2-4829
1226,2-6661
1227,2-7209
1228,4-1430
1229,8-2586
1230,7-0818
1231,7-4714
1232,6-2557
1233,7-9318
1234,7-4338
1235,4-9921
1236,5-5608
1237,4-8342
1238,6-8180
1239,4-8948
1240,2-5271
1241,3-1065
1242,8-5926
1243,6-4802
1244,3-3670
1245,5-5362
1246,1-8101
1247,2-3098
1248,1-8266
1249,7-7437
1250,8-6194
1251,4-8097
1252,3-5721
1253,4-4700
1254,8-9551
1255,8-5614
1256,1-0541
1257,7-2081
1258,8-0630
1259,8-2780
1260,3-2026
1261,1-4226
1262,2-7480
1263,8-4368
1264,7-0091
1265,1-8650
1266,5-6988
1267,6-9165
1268,7-1290
1269,3-9802
1270,3-7763
1271,4-3562
1272,1-3697
1273,6-7928
1274,3-7209
1275,8-2141
1276,6-1133
1277,8-7974
1278,7-7865
1279,2-4124
1280,7-0982
1281,4-7195
1282,8-7280
1283,2-3158
1284,8-5704
1285,5-2738
1286,7-7223
1287,2-5160
1288,3-3787
1289,6-8898
1290,2-6332
1291,8-9573
1292,5-2882
1293,5-2418
1294,8-4640
1295,8-4254
1296,2-8455
1297,3-8790
1298,4-7103
1299,3-4757
1300,3-4006
1301,7-2653
1302,3-3551
1303,4-3294
1304,8-6824
1305,7-2703
1306,2-4812
1307,1-9070
1308,7-2928
1309,2-2269
1310,5-4128
1311,3-5252
1312,2-6193
1313,2-0560
1314,6-1742
1315,4-2653
1316,1-1841
1317,7-4138
1318,7-1628
1319,3-5815
1320,3-7503
1321,6-3871
1322,7-0198
1323,6-7246
1324,7-9416
1325,1-5334
1326,4-5952
1327,5-2710
1328,3-5209
1329,6-9048
1330,3-8544
1331,3-2822
1332,4-6601
1333,2-8692
1334,7-5209
1335,6-4814
1336,1-3863
1337,4-4978
1338,8-9998
1339,2-4653
1340,3-0890
1341,2-1849
1342,1-0038
1343,4-7927
1344,3-1826
1345,1-0997
1346,3-1438
1347,7-0916
1348,3-2408
1349,4-6970
1350,2-5890
1351,8-7830
1352,2-6414
1353,2-4359
1354,2-6161
1355,3-5456
1356,3-4472
1357,1-0161
1358,5-4110
1359,6-2308
1360,8-3366
1361,5-9838
1362,6-7480
1363,1-6496
1364,6-9896
1365,6-4096
1366,5-0773
1367,5-7722
1368,1-2043
1369,5-5935
1370,2-7443
1371,4-0185
1372,2-5390
1373,4-5018
1374,4-8344
1375,1-4069
1376,8-3657
1377,6-6637
1378,7-0030
1379,7-9110
1380,1-2733
1381,4-7217
1382,6-3968
1383,1-5057
1384,2-8863
1385,4-9961
1386,6-9970
1387,1-0232
1388,2-6582
1389,5-7941
1390,7-9731
1391,8-5667
1392,3-9192
1393,1-7461
1394,2-3594
1395,3-9679
1396,7-0486
1397,8-1419
1398,4-2046
1399,5-7509
1400,3-4031
1401,1-9324
1402,7-1192
1403,7-8458
1404,6-5156
1405,4-9120
1406,4-7236
1407,5-8658
1408,5-0061
1409,6-9126
1410,3-2549
1411,3-6172
1412,4-0998
1413,5-6863
1414,1-2102
1415,3-4562
1416,2-8633
1417,2-5242
1418,4-9064
1419,4-3319
1420,2-5331
1421,6-8699
1422,8-4157
1423,1-4589
1424,6-2872
1425,6-8766
1426,1-6144
1427,1-0630
1428,2-6111
1429,7-3547
1430,1-1429
1431,2-6842
1432,5-4725
1433,7-2016
1434,4-0814
1435,7-3241
1436,2-4990
1437,5-8725
1438,3-4122
1439,7-0387
1440,7-9872
1441,6-0292
1442,2-5628
1443,2-0782
1444,2-3763
1445,2-0317
1446,5-9988
1447,4-2482
1448,1-4990
1449,2-6809
1450,6-5834
1451,2-2469
1452,1-2662
1453,4-6240
1454,6-0219
1455,6-8210
1456,1-3056
1457,1-5656
1458,2-0583
1459,7-3969
1460,6-0591
1461,4-5940
1462,5-7021
1463,1-6285
1464,4-3534
1465,8-9095
1466,6-3961
1467,6-2024
1468,6-9395
1469,6-9880
1470,3-5803
1471,1-2451
1472,5-0931
1473,8-6557
1474,1-7221
1475,2-1789
1476,1-3582
1477,5-9254
1478,7-9022
1479,4-3613
1480,6-9743
1481,5-3651
1482,1-2909
1483,3-0091
1484,1-3676
1485,4-7949
1486,4-5148
1487,8-6517
1488,4-1693
1489,2-2619
1490,5-1759
1491,4-1508
1492,8-4268
1493,5-2513
1494,8-6296
1495,3-1251
1496,6-0654
1497,8-9827
1498,4-4905
1499,2-6918
1500,5-0978
1501,1-9302
1502,3-4218
1503,8-5313
1504,8-8244
1505,8-2112
1506,2-6609
1507,4-0991
1508,6-0991
1509,4-6417
1510,3-9079
1511,5-6244
1512,8-7819
1513,8-3239
1514,1-3287
1515,1-1034
1516,2-9834
1517,2-4147
1518,5-7458
1519,2-8432
1520,2-4711
1521,1-2885
1522,8-6623
1523,6-8553
1524,4-8713
1525,7-5310
1526,2-5861
1527,7-3255
1528,2-7093
1529,4-3128
1530,1-1574
1531,2-1023
1532,4-4616
1533,1-1532
1534,4-9434
1535,8-3986
1536,7-2599
1537,4-6018
1538,4-9508
1539,7-4724
1540,8-8296
1541,6-1545
1542,5-0991
1543,2-9487
1544,1-5719
1545,8-1854
1546,8-1634
1547,6-8990
1548,5-7541
1549,4-2456
1550,6-6993
1551,5-8704
1552,6-0561
1553,1-7393
1554,5-3187
1555,1-8295
1556,8-4498
1557,5-6648
1558,2-6849
1559,3-7542
1560,2-4968
1561,6-3041
1562,4-1130
1563,8-7351
1564,1-7707
1565,2-9301
1566,6-8092
1567,2-7815
1568,6-1941
1569,5-2366
1570,5-2205
1571,1-3371
1572,6-2375
1573,5-4624
1574,2-5783
1575,3-2293
1576,5-1307
1577,4-8950
1578,5-4689
1579,7-2376
1580,8-4938
1581,1-6387
1582,5-0136
1583,4-6050
1584,6-7689
1585,8-0865
1586,4-4493
1587,8-3604
1588,3-2465
1589,1-8433
1590,6-8181
1591,6-9671
1592,1-9715
1593,7-7802
1594,3-6354
1595,2-6762
1596,3-2318
1597,5-0463
1598,6-4931
1599,3-2401
1600,7-8404
1601,6-1911
1602,5-4011
1603,8-7662
1604,3-7275
1605,6-0880
1606,2-2988
1607,5-6872
1608,1-3604
1609,1-4665
1610,2-1533
1611,5-7974
1612,3-3457
1613,2-3231
1614,4-7744
1615,7-3174
1616,2-4853
1617,7-1800
1618,6-1195
1619,7-9499
1620,4-6203
1621,1-5087
1622,4-6057
1623,2-6720
1624,7-2034
1625,1-0075
1626,3-3382
1627,3-0041
1628,6-3443
1629,7-4050
1630,2-2651
1631,6-8123
1632,1-0275
1633,7-1251
1634,6-3388
1635,3-9161
1636,4-6906
1637,8-8491
1638,3-8590
1639,7-1546
1640,6-8579
1641,7-0967
1642,6-4000
1643,2-7886
1644,3-3142
1645,7-2186
1646,6-2373
1647,1-2184
1648,3-3699
1649,6-5675
1650,3-1778
1651,4-3561
1652,7-2753
1653,6-2160
1654,5-3579
1655,6-3368
1656,4-2368
1657,8-0922
1658,1-0111
1659,1-2150
1660,8-2444
1661,4-5721
1662,6-3542
1663,4-3288
1664,6-6147
1665,1-8422
1666,2-5036
1667,7-7217
1668,7-1780
1669,3-9532
1670,1-2296
1671,6-4866
1672,4-4374
1673,8-5640
1674,2-8075
1675,1-2870
1676,8-3946
1677,5-2504
1678,7-1282
1679,4-7510
1680,4-2072
1681,2-7530
1682,8-3677
1683,7-7229
1684,4-6792
1685,8-9671
1686,8-0038
1687,4-7190
1688,2-2614
1689,3-6388
1690,3-6367
1691,6-1006
1692,8-0771
1693,2-2781
1694,3-5296
1695,1-0626
1696,1-5584
1697,7-7299
1698,7-0192
1699,7-7930
1700,1-1164
1701,8-9742
1702,7-0109
1703,4-5644
1704,3-8171
1705,3-8492
1706,8-0930
1707,7-3010
1708,8-9538
1709,5-8534
1710,7-6201
1711,3-6466
1712,8-1561
1713,2-4298
1714,8-5172
1715,1-5684
1716,4-2882
1717,4-3686
1718,8-0095
1719,4-3590
1720,5-7894
1721,2-8856
1722,2-2542
1723,2-2495
1724,2-5213
1725,8-4749
1726,5-5889
1727,1-0898
1728,5-4343
1729,3-6597
1730,5-6585
1731,8-8049
1732,6-4238
1733,5-3092
1734,3-5540
1735,5-5563
1736,8-0480
1737,5-9724
1738,3-5763
1739,5-6281
1740,1-9717
1741,2-5409
1742,2-6304
1743,7-1819
1744,3-5243
1745,1-1244
1746,8-9326
1747,7-0174
1748,1-6593
1749,7-4141
1750,3-3541
1751,2-6548
1752,3-3767
1753,5-9653
1754,2-9622
1755,3-6204
1756,1-9573
1757,2-0091
1758,7-4406
1759,8-0714
1760,7-3838
1761,7-3057
1762,4-9095
1763,4-1621
1764,1-1761
1765,5-2544
1766,5-7471
1767,6-2831
1768,6-3882
1769,1-2761
1770,2-8810
1771,7-3069
1772,8-7686
1773,2-0713
1774,6-3371
1775,2-1323
1776,2-0664
1777,1-0461
1778,8-2202
1779,3-0744
1780,8-9987
1781,3-2322
1782,6-8245
1783,5-9856
1784,6-5794
1785,2-4455
1786,8-6681
1787,5-9886
1788,6-1611
1789,3-2536
1790,6-6405
1791,7-4279
1792,2-3610
1793,5-4198
1794,8-5954
1795,2-2216
1796,5-8445
1797,1-4228
1798,5-3061
1799,7-9226
1800,5-6829
1801,5-6167
1802,5-3857
1803,3-2300
1804,7-1536
1805,7-2910
1806,6-4252
1807,1-0452
1808,1-3761
1809,2-5118
1810,1-4002
1811,2-2923
1812,8-7970
1813,3-0642
1814,6-8371
1815,6-3157
1816,6-9098
1817,2-7200
1818,1-4764
1819,7-9261
1820,4-2862
1821,7-3486
1822,1-0383
1823,8-5833
1824,3-2291
1825,5-1622
1826,6-2625
1827,8-4064
1828,5-7718
1829,7-7849
1830,1-8400
1831,6-4805
1832,1-5714
1833,6-2953
1834,4-8566
1835,7-1033
1836,7-2939
1837,4-6543
1838,2-0959
1839,8-5013
1840,7-6555
1841,6-7983
1842,7-0649
1843,7-5580
1844,3-1980
1845,3-2849
1846,1-4114
1847,5-5448
1848,8-2612
1849,1-1527
1850,8-1806
1851,5-3871
1852,2-5327
1853,1-5020
1854,6-8949
1855,3-5102
1856,3-8728
1857,4-7871
1858,4-6928
1859,8-4429
1860,2-1300
1861,2-3575
1862,2-5034
1863,8-0223
1864,6-5519
1865,5-5927
1866,1-5533
1867,5-1239
1868,3-6654
1869,1-6438
1870,8-3855
1871,1-3070
1872,3-9576
1873,6-3947
1874,1-4725
1875,2-4276
1876,3-1475
1877,4-2497
1878,8-6658
1879,1-9033
1880,7-4767
1881,5-5613
1882,8-8540
1883,7-2074
1884,3-3332
1885,8-3789
1886,7-8333
1887,3-1353
1888,4-9477
1889,4-3112
1890,4-0045
1891,3-4711
1892,3-7044
1893,1-0414
1894,5-8954
1895,6-1101
1896,1-7018
1897,6-5965
1898,3-7289
1899,5-0262
1900,2-5685
1901,8-7088
1902,2-0865
1903,1-0155
1904,1-7201
1905,3-8845
1906,5-6429
1907,2-2432
1908,3-3540
1909,8-6964
1910,8-3860
1911,8-5475
1912,3-4946
1913,8-2463
1914,7-4360
1915,7-1635
1916,7-0234
1917,6-8837
1918,2-6802
1919,7-9146
1920,3-4088
1921,7-8757
1922,2-6063
1923,1-0406
1924,6-5317
1925,3-9024
1926,3-5468
1927,5-3813
1928,4-4618
1929,4-3318
1930,6-1062
1931,6-9782
1932,7-6777
1933,6-9396
1934,5-0055
1935,8-0224
1936,4-1653
1937,2-9126
1938,5-8762
1939,5-1452
1940,5-9058
1941,7-0292
1942,4-7343
1943,1-5258
1944,5-1874
1945,5-8544
1946,1-3771
1947,1-6984
1948,3-8067
1949,1-7807
1950,1-2563
1951,5-4357
1952,4-5767
1953,1-2630
1954,8-8221
1955,2-6657
1956,6-8810
1957,8-2088
1958,5-7280
1959,1-2526
1960,6-3766
1961,2-4702
1962,3-1022
1963,8-8952
1964,6-7733
1965,8-8215
1966,8-0292
1967,4-6114
1968,1-1693
1969,6-6764
1970,1-6275
1971,8-4339
1972,2-9221
1973,6-6157
1974,2-6911
1975,1-5802
1976,6-6568
1977,1-0477
1978,8-0982
1979,7-5050
1980,6-1606
1981,4-5720
1982,1-4320
1983,3-9566
1984,8-3171
1985,6-4996
1986,3-1803
1987,4-4456
1988,5-8569
1989,6-0224
1990,8-1749
1991,2-0079
1992,2-5521
1993,3-6542
1994,5-4361
1995,3-9613
1996,5-7721
1997,2-3450
1998,1-3164
1999,8-0656
2000,1-4455
2001,3-8815
2002,2-0426
2003,7-2397
2004,2-8283
2005,4-5899
2006,2-5886
2007,8-8015
2008,6-3208
2009,4-4241
2010,7-5116
2011,7-5444
2012,5-0275
2013,6-2229
2014,4-1479
2015,7-7175
2016,3-1404
2017,2-0906
2018,5-6472
2019,2-1124
2020,5-3455
2021,6-6727
2022,4-5454
2023,1-6908
2024,8-3120
2025,5-9519
2026,4-0525
2027,7-7484
2028,1-5230
2029,3-5660
2030,6-8707
2031,7-4863
2032,1-7793
2033,3-4382
2034,4-4323
2035,5-2583
2036,1-9396
2037,1-8667
2038,1-8226
2039,4-4267
2040,1-8210
2041,7-4102
2042,2-6337
2043,4-3605
2044,1-1258
2045,2-8888
2046,2-7561
2047,5-9239
2048,8-4770
2049,8-7968
2050,7-4300
2051,6-3771
2052,5-2900
2053,8-7404
2054,4-4816
2055,6-8030
2056,5-9003
2057,6-9982
2058,7-7972
2059,8-9692
2060,3-3567
2061,8-7845
2062,1-2714
2063,6-7956
2064,1-3731
2065,6-4161
2066,4-2088
2067,5-2565
2068,7-4889
2069,8-9267
2070,7-0270
2071,4-7036
2072,8-5461
2073,7-2253
2074,5-6795
2075,8-6757
2076,2-5078
2077,6-9657
2078,3-8132
2079,4-0179
2080,4-2988
2081,4-0542
2082,3-3883
2083,7-8753
2084,7-4271
2085,3-4505
2086,5-6165
2087,6-3299
2088,4-5258
2089,8-5129
2090,2-2784
2091,6-6955
2092,7-4992
2093,7-6101
2094,7-2654
2095,2-6103
2096,4-4402
2097,2-8258
2098,3-7183
2099,1-8927
2100,2-3932
2101,6-9960
2102,6-7867
2103,7-3705
2104,2-4945
2105,8-3913
2106,8-8978
2107,6-0433
2108,1-0008
2109,8-1411
2110,1-2480
2111,8-8858
2112,3-0272
2113,5-6120
2114,4-8183
2115,3-3777
2116,6-3062
2117,1-6067
2118,3-5697
2119,7-1491
2120,3-2933
2121,4-0857
2122,8-6856
2123,4-8340
2124,6-6389
2125,5-3933
2126,2-3677
2127,4-9167
2128,5-9324
2129,1-4359
2130,6-6813
2131,3-6156
2132,7-7055
2133,2-1696
2134,7-1787
2135,4-5390
2136,2-5229
2137,6-2586
2138,1-8567
2139,5-1801
2140,3-4715
2141,1-8063
2142,5-2508
2143,1-9304
2144,2-2232
2145,5-8815
2146,7-3230
2147,6-5911
2148,7-7907
2149,6-5192
2150,6-2928
2151,7-2092
2152,5-8374
2153,5-0213
2154,1-5985
2155,2-6506
2156,3-4506
2157,7-1342
2158,2-9774
2159,5-0253
2160,1-8585
2161,8-7571
2162,5-4407
2163,7-3672
2164,3-7243
2165,1-0632
2166,4-4469
2167,6-1557
2168,2-4345
2169,5-3903
2170,1-4102
2171,8-8034
2172,6-4050
2173,3-4617
2174,1-2327
2175,5-5942
2176,4-6330
2177,1-6500
2178,5-2116
2179,1-3251
2180,6-4393
2181,2-0062
2182,3-9629
2183,4-8166
2184,1-0975
2185,3-7516
2186,4-2063
2187,6-6347
2188,5-9162
2189,5-0699
2190,6-2261
2191,5-4405
2192,5-6426
2193,4-1367
2194,4-1557
2195,8-2996
2196,3-0042
2197,5-6039
2198,1-4474
2199,8-4474
2200,1-9391
2201,1-6731
2202,4-2523
2203,8-1036
2204,6-6858
2205,8-7877
2206,8-7515
2207,1-2990
2208,4-5482
2209,6-3926
2210,8-5405
2211,4-9932
2212,5-9710
2213,8-8763
2214,7-4892
2215,5-7395
2216,8-4689
2217,5-4915
2218,1-1319
2219,7-6088
2220,6-9249
2221,1-9136
2222,8-7547
2223,5-0863
2224,6-4111
2225,5-6262
2226,5-9517
2227,4-6078
2228,2-5964
2229,3-8112
2230,5-3083
2231,7-4054
2232,4-3315
2233,3-9361
2234,4-9016
2235,5-7966
2236,6-8606
2237,8-5910
2238,6-0769
2239,7-1872
2240,1-9784
2241,2-0832
2242,1-4975
2243,7-8105
2244,1-0511
2245,8-1447
2246,5-8174
2247,1-0773
2248,7-6138
2249,5-0160
2250,8-4509
2251,2-7148
2252,8-2486
2253,4-9716
2254,7-9408
2255,7-9028
2256,8-2034
2257,2-6768
2258,1-3279
2259,1-9411
2260,5-5649
2261,6-9287
2262,8-9065
2263,1-9287
2264,5-9942
2265,5-2443
2266,7-8375
2267,5-3136
2268,1-5777
2269,3-1817
2270,6-9343
2271,1-8301
2272,1-0530
2273,3-0956
2274,7-2481
2275,3-9469
2276,5-2421
2277,7-2083
2278,5-5688
2279,3-2104
2280,2-0745
2281,6-1410
2282,3-7943
2283,1-4480
2284,8-5317
2285,2-4067
2286,2-3684
2287,5-3023
2288,6-3904
2289,6-2904
2290,5-3018
2291,3-7508
2292,6-1081
2293,8-3203
2294,3-6713
2295,2-0518
2296,6-3934
2297,4-0098
2298,1-8868
2299,8-2624
2300,1-3983
2301,4-7625
2302,3-5720
2303,4-1524
2304,6-0909
2305,2-1853
2306,4-5076
2307,4-4802
2308,8-4393
2309,1-9898
2310,6-1894
2311,3-1645
2312,5-6870
2313,2-3532
2314,4-2016
2315,4-8849
2316,4-4896
2317,5-9383
2318,1-9879
2319,3-8991
2320,1-1610
2321,6-6090
2322,7-8586
2323,4-5427
2324,2-7237
2325,2-3330
2326,3-6896
2327,3-2823
2328,5-5112
2329,1-3177
2330,6-5940
2331,5-5553
2332,1-4688
2333,1-2013
2334,5-0340
2335,2-6698
2336,6-1571
2337,3-4508
2338,2-5329
2339,7-6213
2340,6-4159
2341,5-3024
2342,7-6877
2343,2-7187
2344,7-0087
2345,3-4706
2346,6-3826
2347,5-3887
2348,1-9914
2349,7-7150
2350,8-9794
2351,3-9943
2352,1-1990
2353,2-7510
2354,6-1504
2355,5-2631
2356,2-8705
2357,8-6216
2358,3-2907
2359,5-5324
2360,7-2441
2361,6-7762
2362,8-1424
2363,2-0658
2364,4-3262
2365,6-0263
2366,6-1790
2367,4-2904
2368,7-2784
2369,7-2601
2370,5-8187
2371,1-5411
2372,1-7359
2373,6-5737
2374,3-7189
2375,7-1194
2376,2-0289
2377,8-4732
2378,5-5705
2379,1-5362
2380,4-5786
2381,1-7354
2382,2-5767
2383,7-3081
2384,2-4340
2385,3-2267
2386,2-4948
2387,6-8668
2388,5-2105
2389,5-5676
2390,8-0955
2391,8-2618
2392,4-2806
2393,3-2124
2394,6-1412
2395,8-1180
2396,4-0191
2397,7-8995
2398,3-5489
2399,8-2316
2400,2-4989
2401,4-2596
2402,7-3372
2403,8-3067
2404,1-5143
2405,3-4247
2406,2-5460
2407,2-2665
2408,7-4534
2409,5-1352
2410,5-0197
2411,1-3499
2412,8-7867
2413,8-1207
2414,2-3295
2415,6-8233
2416,8-4492
2417,6-6909
2418,2-5736
2419,6-4969
2420,2-3919
2421,4-7832
2422,1-5145
2423,7-1126
2424,8-6128
2425,7-8998
2426,3-9791
2427,4-6430
2428,4-2801
2429,3-2485
2430,4-7939
2431,7-7084
2432,1-3096
2433,6-2505
2434,7-2476
2435,4-1587
2436,5-4585
2437,4-6365
2438,1-9545
2439,6-9213
2440,6-8935
2441,5-6964
2442,4-6043
2443,5-9872
2444,3-3480
2445,6-0162
2446,5-6707
2447,8-6770
2448,6-3187
2449,4-2640
2450,5-9390
2451,8-5050
2452,3-4027
2453,2-2813
2454,3-9423
2455,2-9388
2456,6-8921
2457,4-5709
2458,2-3012
2459,1-6382
2460,5-5692
2461,5-2706
2462,6-7696
2463,6-1563
2464,2-3017
2465,8-8738
2466,8-3450
2467,3-3366
2468,4-1957
2469,3-8043
2470,7-6622
2471,4-0762
2472,4-1022
2473,6-0736
2474,4-5352
2475,1-3615
2476,3-4942
2477,7-2649
2478,4-9206
2479,4-9735
2480,2-3010
2481,3-3375
2482,3-9251
2483,3-8762
2484,7-1473
2485,6-0808
2486,7-6200
2487,3-8140
2488,8-1399
2489,6-0305
2490,6-9355
2491,8-0988
2492,1-0191
2493,4-7921
2494,4-0410
2495,5-1654
2496,3-5946
2497,5-0755
2498,1-9266
2499,3-9667
2500,8-1309
2501,1-9221
2502,8-7000
2503,5-5139
2504,6-3086
2505,4-3853
2506,7-1312
2507,8-5024
2508,7-2100
2509,6-7240
2510,7-7011
2511,2-0022
2512,7-5790
2513,5-2894
2514,2-2279
2515,8-1303
2516,3-1647
2517,5-6532
2518,7-2989
2519,3-0177
2520,7-9242
2521,8-7083
2522,2-8903
2523,2-3329
2524,1-3691
2525,8-2195
2526,3-1596
2527,1-4570
2528,2-0259
2529,5-0297
2530,3-3571
2531,7-6158
2532,1-6830
2533,6-6663
2534,6-7209
2535,2-0018
2536,1-7121
2537,8-9594
2538,4-5857
2539,1-7275
2540,2-8152
2541,2-8307
2542,6-9453
2543,2-2173
2544,8-4792
2545,8-2540
2546,5-1613
2547,8-1587
2548,4-0407
2549,6-4928
2550,6-1720
2551,1-8383
2552,5-0002
2553,1-5310
2554,2-9802
2555,5-0900
2556,1-9375
2557,7-2183
2558,8-9885
2559,1-3881
2560,7-8171
2561,2-6422
2562,5-0056
2563,2-1575
2564,7-0504
2565,7-1599
2566,3-8369
2567,5-9675
2568,4-7557
2569,8-0486
2570,7-5284
2571,6-5150
2572,3-1148
2573,8-3746
2574,8-3351
2575,3-1788
2576,1-4033
2577,6-3273
2578,7-0224
2579,7-9141
2580,7-8815
2581,1-5740
2582,1-4176
2583,6-6244
2584,4-0195
2585,2-4737
2586,5-3566
2587,4-2626
2588,1-3927
2589,7-7689
2590,5-4242
2591,7-6288
2592,3-4244
2593,7-0202
2594,3-7037
2595,6-1129
2596,2-6748
2597,1-6083
2598,2-5262
2599,3-6497
2600,1-7140
2601,4-5272
2602,4-4477
2603,4-4845
2604,5-4608
2605,3-3804
2606,6-2840
2607,3-7093
2608,2-2909
2609,1-6515
2610,5-8720
2611,8-8432
2612,6-4699
2613,1-3108
2614,3-9128
2615,5-9848
2616,2-5782
2617,6-8971
2618,3-8736
2619,2-2692
2620,3-7789
2621,6-1515
2622,5-4135
2623,5-1601
2624,1-8122
2625,2-2268
2626,7-7898
2627,5-8917
2628,2-1433
2629,1-0884
2630,3-8177
2631,5-2488
2632,8-6065
2633,6-4203
2634,3-5964
2635,2-0889
2636,2-5471
2637,7-8595
2638,3-7606
2639,5-7108
2640,2-5316
2641,5-6819
2642,6-5197
2643,1-9698
2644,6-3815
2645,8-6761
2646,5-9801
2647,3-1858
2648,7-7674
2649,7-1434
2650,6-8918
2651,3-5115
2652,6-9088
2653,1-8586
2654,5-4573
2655,5-7396
2656,3-1277
2657,6-8201
2658,5-2045
2659,8-4802
2660,6-2239
2661,5-4629
2662,4-4415
2663,5-2548
2664,1-7920
2665,5-3972
2666,8-9050
2667,6-4655
2668,1-1647
2669,6-5307
2670,3-1558
2671,7-4484
2672,1-3849
2673,4-5004
2674,5-6210
2675,1-7911
2676,4-0184
2677,3-1924
2678,4-8901
2679,4-9741
2680,8-2383
2681,5-6552
2682,3-6984
2683,7-8673
2684,1-7779
2685,5-4353
2686,8-1971
2687,3-6133
2688,2-7399
2689,7-8356
2690,1-8632
2691,7-1572
2692,5-2828
2693,5-8291
2694,6-0372
2695,2-7547
2696,1-9606
2697,5-8441
2698,5-9011
2699,8-3335
2700,8-0856
2701,8-3616
2702,7-7778
2703,4-2746
2704,2-9825
2705,5-5403
2706,1-0255
2707,1-0656
2708,5-9032
2709,7-6094
2710,8-8537
2711,1-0683
2712,6-4006
2713,6-3500
2714,3-7218
2715,3-1757
2716,8-6443
2717,6-4658
2718,1-1195
2719,3-7194
2720,4-8386
2721,2-3446
2722,3-4810
2723,4-3521
2724,1-5554
2725,6-0822
2726,7-1974
2727,3-2754
2728,4-8221
2729,6-8894
2730,8-3940
2731,8-9385
2732,2-2717
2733,5-3373
2734,6-5876
2735,1-7471
2736,4-1239
2737,4-3220
2738,6-6561
2739,8-3430
2740,7-8392
2741,3-9725
2742,4-5517
2743,1-0130
2744,2-2181
2745,7-7407
2746,8-2846
2747,4-6179
2748,6-8153
2749,8-1276
2750,7-3714
2751,5-1747
2752,4-4380
2753,7-0207
2754,1-2014
2755,1-9151
2756,3-4663
2757,2-8472
2758,1-5103
2759,5-8426
2760,8-4704
2761,3-8694
2762,4-9892
2763,8-3564
2764,4-8431
2765,2-9449
2766,1-1675
2767,4-0127
2768,6-4398
2769,7-2506
2770,8-3319
2771,5-9898
2772,7-0161
2773,1-4178
2774,3-2920
2775,3-0757
2776,6-2986
2777,1-7498
2778,5-7891
2779,3-7251
2780,8-2697
2781,2-7446
2782,3-4676
2783,4-8818
2784,8-7124
2785,4-3566
2786,3-9874
2787,6-9275
2788,7-0397
2789,3-9507
2790,6-5742
2791,5-5192
2792,1-3176
2793,7-4363
2794,2-0678
2795,4-4672
2796,8-8253
2797,8-9775
2798,1-1749
2799,7-2978
2800,6-2298
2801,1-4085
2802,1-9789
2803,4-7604
2804,8-5816
2805,2-9339
2806,6-1508
2807,7-5634
2808,4-6363
2809,7-5975
2810,3-0004
2811,8-5501
2812,1-0428
2813,6-9428
2814,8-8611
2815,2-6487
2816,2-7819
2817,7-7879
2818,7-9433
2819,2-6404
2820,1-1848
2821,4-2687
2822,3-5438
2823,4-4598
2824,6-1360
2825,5-7436
2826,6-6330
2827,3-4137
2828,6-1331
2829,4-1591
2830,2-6347
2831,4-8223
2832,7-2174
2833,3-0352
2834,7-1424
2835,1-7737
2836,5-2195
2837,8-0046
2838,8-6122
2839,4-3807
2840,2-6132
2841,7-1903
2842,4-2578
2843,6-3613
2844,1-1742
2845,3-5892
2846,6-0885
2847,5-9718
2848,1-6862
2849,4-4112
2850,1-7045
2851,1-1059
2852,2-9183
2853,2-5352
2854,4-4226
2855,3-4994
2856,7-9372
2857,2-5234
2858,1-6933
2859,5-7575
2860,1-2379
2861,7-0082
2862,5-3641
2863,6-1200
2864,5-1545
2865,6-6593
2866,8-2747
2867,1-8300
2868,8-0774
2869,4-7801
2870,8-9508
2871,8-4813
2872,7-7254
2873,3-3416
2874,2-0942
2875,8-9044
2876,2-5494
2877,2-6232
2878,4-2294
2879,1-1564
2880,5-4902
2881,1-1127
2882,3-3473
2883,4-5960
2884,2-8957
2885,2-5784
2886,6-3341
2887,7-6561
2888,6-7108
2889,6-3555
2890,8-5222
2891,4-7433
2892,4-3185
2893,6-7298
2894,6-9586
2895,7-7080
2896,5-4941
2897,5-5084
2898,1-0210
2899,6-2031
2900,8-3090
2901,4-2067
2902,1-7704
2903,5-6364
2904,5-2733
2905,6-0218
2906,6-6199
2907,6-3543
2908,1-6358
2909,5-5308
2910,3-3907
2911,1-0021
2912,2-0398
2913,1-2886
2914,8-0353
2915,6-7045
2916,1-0219
2917,1-2000
2918,7-7126
2919,5-1338
2920,4-8616
2921,8-5650
2922,3-1308
2923,4-0940
2924,5-5445
2925,8-1114
2926,7-2723
2927,4-9532
2928,4-1032
2929,2-1840
2930,1-4698
2931,4-6538
2932,8-6221
2933,6-0747
2934,7-2545
2935,3-3117
2936,8-3973
2937,8-3965
2938,4-4435
2939,7-5430
2940,3-6821
2941,2-5121
2942,8-7625
2943,8-1422
2944,4-2454
2945,5-1414
2946,8-5969
2947,4-8358
2948,7-8193
2949,3-6282
2950,3-7914
2951,4-4319
2952,8-7599
2953,3-0328
2954,3-0356
2955,6-1682
2956,5-1740
2957,3-0875
2958,6-7708
2959,7-6330
2960,4-7570
2961,6-8708
2962,5-2978
2963,8-7528
2964,2-5610
2965,6-6075
2966,1-5361
2967,4-8395
2968,4-6361
2969,3-1635
2970,7-3172
2971,6-5729
2972,7-9258
2973,6-7747
2974,4-0544
2975,6-6903
2976,3-4619
2977,7-9725
2978,8-0659
2979,7-3028
2980,8-8251
2981,8-7665
2982,6-0282
2983,1-6107
2984,2-4053
2985,7-2336
2986,2-1661
2987,8-6403
2988,5-1887
2989,4-9975
2990,5-3117
2991,2-3721
2992,8-3607
2993,6-4834
2994,2-1110
2995,2-9940
2996,1-2752
2997,8-1463
2998,6-2177
2999,7-5402
3000,8-8545
3001,7-1580
3002,7-8948
3003,8-3469
3004,3-9433
3005,8-0021
3006,5-8713
3007,4-4885
3008,4-5595
3009,4-7580
3010,8-2526
3011,1-1307
3012,8-1273
3013,6-9589
3014,7-1110
3015,5-2296
3016,6-3437
3017,6-9247
3018,1-9089
3019,4-6669
3020,5-1035
3021,3-6056
3022,3-0058
3023,3-0063
3024,6-5112
3025,8-2170
3026,7-8912
3027,5-6797
3028,3-9603
3029,3-8017
3030,2-8412
3031,6-5311
3032,2-7084
3033,3-9018
3034,3-6935
3035,5-8515
3036,7-7775
3037,6-7301
3038,5-6408
3039,1-7858
3040,1-4319
3041,1-5768
3042,6-3694
3043,8-9265
3044,5-7372
3045,3-7167
3046,7-0535
3047,8-6484
3048,3-4843
3049,1-6737
3050,7-9255
3051,3-8795
3052,8-8742
3053,5-9326
3054,6-1722
3055,4-3062
3056,5-2992
3057,3-6765
3058,2-0449
3059,5-5506
3060,6-7117
3061,2-2694
3062,2-2895
3063,1-0835
3064,7-8088
3065,5-1778
3066,5-1753
3067,3-0800
3068,2-2982
3069,1-6723
3070,2-4559
3071,5-1319
3072,1-8755
3073,3-0242
3074,4-3106
3075,6-2070
3076,1-0954
3077,8-9673
3078,7-6733
3079,7-9773
3080,1-1923
3081,5-6544
3082,2-9302
3083,4-4305
3084,3-6571
3085,1-6941
3086,3-3061
3087,7-6842
3088,2-3683
3089,7-5398
3090,6-9312
3091,1-0274
3092,7-1554
3093,6-0026
3094,6-5427
3095,6-2631
3096,3-0040
3097,5-8044
3098,5-0307
3099,1-3985
3100,2-0116
3101,4-7022
3102,4-2376
3103,7-5495
3104,3-9459
3105,6-8794
3106,5-6179
3107,3-7086
3108,8-5005
3109,3-9450
3110,5-1001
3111,8-0633
3112,7-7041
3113,2-6994
3114,5-4048
3115,2-1659
3116,6-2254
3117,6-2537
3118,6-9451
3119,6-7355
3120,3-4702
3121,7-9722
3122,3-3023
3123,1-1015
3124,2-2998
3125,5-9231
3126,4-9699
3127,8-9355
3128,7-4854
3129,6-3105
3130,1-0347
3131,1-6700
3132,8-7055
3133,4-8413
3134,4-5230
3135,2-7129
3136,2-5176
3137,3-5768
3138,7-2987
3139,1-7677
3140,1-2157
3141,6-0092
3142,3-8924
3143,6-7736
3144,6-9476
3145,1-2884
3146,7-9891
3147,1-4066
3148,6-2876
3149,4-4463
3150,6-0817
3151,3-1658
3152,8-2808
3153,7-7669
3154,2-3269
3155,4-4737
3156,5-9008
3157,6-4593
3158,7-9234
3159,4-2203
3160,7-9862
3161,7-5255
3162,8-1985
3163,8-4476
3164,7-6934
3165,4-4376
3166,5-3999
3167,2-1820
3168,2-4909
3169,8-1662
3170,2-4701
3171,2-6280
3172,8-5723
3173,7-0419
3174,5-5967
3175,2-6737
3176,5-5975
3177,7-5848
3178,4-5711
3179,2-9537
3180,7-6588
3181,2-0496
3182,8-6024
3183,8-2753
3184,7-9919
3185,2-0456
3186,6-4726
3187,4-8323
3188,6-0587
3189,2-5477
3190,6-3736
3191,7-3176
3192,7-2935
3193,3-7431
3194,4-1636
3195,1-1795
3196,7-7773
3197,8-7791
3198,1-4108
3199,6-8393
3200,5-0030
3201,4-3109
3202,5-5870
3203,3-3110
3204,5-0538
3205,2-7930
3206,3-6720
3207,4-2550
3208,5-4443
3209,4-3932
3210,8-2255
3211,3-3159
3212,1-1256
3213,3-6667
3214,2-4063
3215,5-4709
3216,6-5670
3217,6-4422
3218,1-1945
3219,3-6326
3220,5-6545
3221,8-4869
3222,5-9391
3223,3-5694
3224,6-4013
3225,6-8909
3226,4-6300
3227,2-0368
3228,4-4291
3229,7-7966
3230,3-6689
3231,5-7965
3232,2-9647
3233,2-4931
3234,5-1666
3235,5-6611
3236,4-0017
3237,5-5725
3238,6-1113
3239,6-6130
3240,2-6540
3241,3-0887
3242,1-6120
3243,6-3767
3244,6-2918
3245,3-8721
3246,2-1590
3247,8-2349
3248,8-4888
3249,4-2643
3250,8-4158
3251,1-0797
3252,8-6498
3253,4-8621
3254,8-1168
3255,8-8515
3256,3-0928
3257,5-8256
3258,3-3598
3259,2-9407
3260,2-7337
3261,7-9101
3262,3-1286
3263,2-4549
3264,3-1446
3265,2-6255
3266,2-4350
3267,7-7960
3268,7-6528
3269,6-9033
3270,6-2752
3271,8-3341
3272,7-1987
3273,7-6541
3274,8-0497
3275,2-0553
3276,2-1414
3277,3-9589
3278,8-1772
3279,7-7129
3280,8-7532
3281,1-8010
3282,8-5329
3283,3-9136
3284,6-4390
3285,5-3874
3286,7-1944
3287,6-4708
3288,6-3129
3289,5-3837
3290,2-5941
3291,5-4255
3292,8-7491
3293,7-8847
3294,3-5962
3295,4-3083
3296,8-9165
3297,6-1692
3298,8-1064
3299,6-4749
3300,5-3248
3301,8-0455
3302,1-6612
3303,4-8422
3304,8-2332
3305,2-1983
3306,1-1057
3307,6-9473
3308,4-1627
3309,4-9101
3310,7-3136
3311,5-6454
3312,3-5333
3313,8-7776
3314,5-8352
3315,2-3389
3316,4-4040
3317,5-5755
3318,6-3990
3319,7-4437
3320,6-0614
3321,7-4119
3322,1-2057
3323,5-2315
3324,1-8212
3325,5-3864
3326,3-1851
3327,3-8085
3328,1-7654
3329,6-4433
3330,1-0012
3331,3-0132
3332,7-7493
3333,6-1488
3334,3-1374
3335,5-1008
3336,4-4472
3337,1-4953
3338,2-9674
3339,5-8185
3340,2-1697
3341,3-5852
3342,3-5782
3343,8-0433
3344,8-2038
3345,7-1177
3346,6-9068
3347,8-3989
3348,6-0558
3349,1-5631
3350,3-3198
3351,4-5437
3352,8-5546
3353,4-5184
3354,2-8881
3355,3-7617
3356,6-4450
3357,1-7323
3358,7-9984
3359,2-3162
3360,1-8596
3361,8-0874
3362,1-3759
3363,4-0964
3364,8-9619
3365,2-4707
3366,2-3005
3367,5-2432
3368,4-7134
3369,4-6087
3370,8-7499
3371,4-7633
3372,5-9844
3373,6-6467
3374,8-4911
3375,3-2378
3376,8-8712
3377,4-4686
3378,3-0988
3379,5-9335
3380,7-0862
3381,3-7309
3382,1-3953
3383,7-0025
3384,6-1354
3385,5-6847
3386,8-4270
3387,3-4743
3388,4-9130
3389,5-1405
3390,8-7737
3391,4-3430
3392,6-6231
3393,8-9402
3394,4-9164
3395,7-2118
3396,6-9297
3397,6-8886
3398,6-3848
3399,6-6207
3400,6-0787
3401,2-6623
3402,7-4370
3403,6-5505
3404,6-0929
3405,7-7967
3406,2-8129
3407,5-6983
3408,8-2567
3409,4-7206
3410,4-6353
3411,6-5117
3412,3-2884
3413,8-1454
3414,2-6379
3415,5-3288
3416,7-2233
3417,1-3932
3418,6-6423
3419,7-7108
3420,2-7888
3421,3-5857
3422,8-9706
3423,4-5383
3424,3-5368
3425,7-3195
3426,2-6612
3427,6-0523
3428,3-3133
3429,6-8658
3430,4-8811
3431,5-0865
3432,8-6242
3433,5-4428
3434,8-2763
3435,3-0822
3436,8-7121
3437,2-5539
3438,6-7222
3439,1-2633
3440,1-4408
3441,5-8377
3442,1-4784
3443,8-7688
3444,2-8235
3445,4-6336
3446,5-4310
3447,1-1490
3448,3-5663
3449,8-1988
3450,6-0573
3451,2-8570
3452,8-8133
3453,5-6038
3454,1-0239
3455,2-8641
3456,1-4192
3457,2-9472
3458,5-0374
3459,4-1784
3460,8-5162
3461,1-3694
3462,7-4276
3463,2-8444
3464,3-2978
3465,6-5106
3466,7-7757
3467,6-7500
3468,1-4664
3469,5-4668
3470,4-8712
3471,5-0248
3472,2-2821
3473,2-7128
3474,6-0661
3475,4-1360
3476,1-4715
3477,7-3834
3478,5-9034
3479,3-0224
3480,2-4261
3481,2-1109
3482,5-3415
3483,1-0501
3484,3-2506
3485,2-8452
3486,8-8476
3487,3-5105
3488,3-3656
3489,7-2517
3490,3-2937
3491,5-3733
3492,3-1870
3493,1-5414
3494,7-7959
3495,8-9256
3496,3-5065
3497,8-9362
3498,3-0277
3499,2-3333
3500,4-1165
3501,6-5753
3502,1-1698
3503,1-3455
3504,2-5158
3505,3-4657
3506,3-6073
3507,7-9574
3508,7-7942
3509,1-1412
3510,8-3810
3511,6-9199
3512,4-4822
3513,3-4346
3514,3-1354
3515,4-5174
3516,1-7039
3517,2-0326
3518,8-4226
3519,4-9935
3520,3-0463
3521,1-2413
3522,6-8239
3523,1-4191
3524,2-1406
3525,5-1838
3526,4-6253
3527,7-9850
3528,6-0016
3529,1-4346
3530,8-6975
3531,8-7526
3532,2-7130
3533,7-5073
3534,7-7111
3535,2-9797
3536,1-9924
3537,3-9316
3538,2-2307
3539,5-1570
3540,6-3928
3541,4-5023
3542,3-0071
3543,2-4312
3544,7-2323
3545,2-3650
3546,2-2685
3547,2-4679
3548,4-8368
3549,5-1846
3550,1-8693
3551,5-3237
3552,3-5021
3553,5-9927
3554,6-8924
3555,4-9887
3556,4-1937
3557,4-3300
3558,5-4856
3559,6-6418
3560,5-7794
3561,3-2667
3562,6-0888
3563,6-6127
3564,1-7922
3565,6-3913
3566,8-6808
3567,4-3999
3568,6-7965
3569,1-6519
3570,6-0785
3571,6-9025
3572,3-8829
3573,5-3595
3574,4-1158
3575,6-4771
3576,3-1260
3577,6-1934
3578,7-1286
3579,8-2552
3580,1-3610
3581,3-0425
3582,3-8519
3583,7-2311
3584,1-4105
3585,4-0163
3586,2-8164
3587,5-4986
3588,7-6046
3589,2-9787
3590,2-3617
3591,5-5416
3592,8-7674
3593,2-1152
3594,2-7680
3595,6-7501
3596,4-6406
3597,4-2065
3598,5-2686
3599,4-6175
3600,8-0210
3601,2-7921
3602,6-2691
3603,1-0296
3604,7-9597
3605,1-5647
3606,7-2505
3607,2-6928
3608,1-9518
3609,1-9385
3610,4-5937
3611,7-3762
3612,3-7274
3613,8-2580
3614,7-0518
3615,1-1132
3616,1-2246
3617,7-6999
3618,3-9370
3619,1-8111
3620,8-5081
3621,4-6580
3622,6-9602
3623,6-7338
3624,3-1695
3625,7-2342
3626,6-6848
3627,1-2136
3628,7-4743
3629,5-2434
3630,2-7181
3631,7-4075
3632,4-8615
3633,2-2852
3634,6-5331
3635,6-7630
3636,7-8658
3637,4-0283
3638,1-0943
3639,8-0025
3640,3-0916
3641,5-6510
3642,2-3705
3643,4-8090
3644,8-2024
3645,3-9536
3646,8-5058
3647,1-7518
3648,3-0728
3649,3-2070
3650,7-7527
3651,5-9763
3652,3-8566
3653,5-3600
3654,5-0711
3655,3-6076
3656,1-3546
3657,2-6496
3658,2-5592
3659,7-9411
3660,3-5311
3661,7-2445
3662,1-2112
3663,5-4579
3664,4-1846
3665,6-8000
3666,1-0539
3667,2-3130
3668,3-6965
3669,8-9370
3670,8-5100
3671,4-2282
3672,8-4133
3673,3-8763
3674,7-1439
3675,4-9789
3676,4-5339
3677,4-3221
3678,2-3163
3679,2-0299
3680,5-1509
3681,6-7791
3682,3-5162
3683,8-8984
3684,6-0731
3685,8-2668
3686,7-0123
3687,5-3280
3688,6-1560
3689,2-9610
3690,6-4917
3691,8-0000
3692,5-3103
3693,4-3663
3694,6-0048
3695,1-4675
3696,4-3886
3697,8-0111
3698,4-2833
3699,8-1802
3700,6-7271
3701,5-1245
3702,3-6979
3703,4-5036
3704,8-1697
3705,7-3772
3706,7-6064
3707,5-2118
3708,4-5432
3709,1-5519
3710,6-3204
3711,3-7885
3712,3-8217
3713,2-8729
3714,2-7224
3715,2-4441
3716,4-0480
3717,5-3348
3718,4-8822
3719,5-2904
3720,3-9981
3721,1-8175
3722,1-6981
3723,5-6123
3724,5-6269
3725,4-8296
3726,2-1209
3727,8-9281
3728,7-2483
3729,2-5050
3730,8-3928
3731,1-6094
3732,4-5799
3733,5-2724
3734,4-7248
3735,8-1703
3736,1-8427
3737,5-9175
3738,4-8416
3739,5-3378
3740,2-8608
3741,3-4832
3742,6-8839
3743,7-0988
3744,2-9438
3745,3-5107
3746,3-7687
3747,6-3203
3748,7-0722
3749,6-5580
3750,1-7519
3751,5-9359
3752,5-3382
3753,8-0810
3754,7-2825
3755,2-5372
3756,5-3332
3757,2-2197
3758,7-5854
3759,7-2760
3760,7-6147
3761,7-4922
3762,7-1566
3763,2-3743
3764,4-6627
3765,5-8180
3766,2-0110
3767,6-8795
3768,7-9960
3769,4-5381
3770,8-1068
3771,5-2263
3772,8-8339
3773,4-5547
3774,8-3701
3775,1-1611
3776,2-6194
3777,3-3111
3778,2-8069
3779,2-3535
3780,7-6791
3781,7-0258
3782,7-8133
3783,5-3089
3784,2-1904
3785,1-1965
3786,3-5129
3787,4-5573
3788,1-8675
3789,6-0084
3790,2-0055
3791,7-9405
3792,5-2861
3793,5-5210
3794,1-8445
3795,1-5818
3796,6-8740
3797,7-1953
3798,6-3303
3799,3-8875
3800,4-4298
3801,3-3266
3802,5-8305
3803,7-6589
3804,3-0268
3805,1-4258
3806,5-7407
3807,1-7168
3808,3-6232
3809,3-9902
3810,8-3862
3811,7-5168
3812,2-1617
3813,1-5172
3814,7-0231
3815,3-2810
3816,7-8233
3817,7-8519
3818,4-5355
3819,3-8550
3820,1-1821
3821,5-5702
3822,5-7757
3823,6-9044
3824,3-7661
3825,8-0123
3826,1-2386
3827,2-4021
3828,3-8716
3829,6-9633
3830,8-3016
3831,3-6465
3832,8-9187
3833,5-2952
3834,7-0217
3835,1-9371
3836,1-0726
3837,3-8944
3838,2-0537
3839,4-8992
3840,8-8819
3841,2-1814
3842,2-9042
3843,2-3545
3844,2-3285
3845,2-6712
3846,8-7733
3847,7-1569
3848,6-4722
3849,4-5616
3850,7-4795
3851,6-8854
3852,7-5454
3853,8-7403
3854,1-0175
3855,3-6583
3856,4-2252
3857,3-2501
3858,3-5952
3859,1-5028
3860,8-8418
3861,6-7202
3862,7-1708
3863,6-6095
3864,1-9685
3865,5-4324
3866,8-9016
3867,1-3293
3868,6-0986
3869,6-2730
3870,5-6818
3871,6-8385
3872,7-1025
3873,7-5304
3874,5-4655
3875,5-4153
3876,1-9462
3877,8-5117
3878,1-5923
3879,3-5475
3880,1-8288
3881,1-1649
3882,7-1968
3883,6-0633
3884,5-8538
3885,6-7458
3886,1-4788
3887,8-3472
3888,3-3535
3889,4-4731
3890,7-7522
3891,3-4916
3892,7-1275
3893,6-8024
3894,6-5295
3895,5-3748
3896,8-9411
3897,4-7887
3898,1-4649
3899,6-9383
3900,6-7190
3901,3-8013
3902,1-0791
3903,5-2876
3904,8-8792
3905,7-9684
3906,4-7330
3907,8-7390
3908,7-8308
3909,6-3496
3910,5-4265
3911,1-0142
3912,4-4154
3913,2-3946
3914,3-8118
3915,3-8489
3916,4-5861
3917,6-5406
3918,6-2854
3919,6-5920
3920,1-6833
3921,6-0902
3922,7-9374
3923,5-7624
3924,7-5909
3925,3-5538
3926,4-2915
3927,7-7827
3928,2-7120
3929,5-7289
3930,3-7169
3931,4-8618
3932,3-4667
3933,8-7232
3934,3-3038
3935,6-3372
3936,6-7448
3937,1-2841
3938,7-9441
3939,8-8513
3940,4-6172
3941,7-5309
3942,4-6581
3943,8-7446
3944,3-3088
3945,6-7223
3946,3-4641
3947,7-2240
3948,1-9130
3949,2-9202
3950,3-0286
3951,6-9056
3952,1-7908
3953,2-2120
3954,3-1375
3955,1-3623
3956,8-1441
3957,2-3375
3958,2-2742
3959,6-9303
3960,4-6127
3961,1-8965
3962,3-6598
3963,5-1961
3964,8-0491
3965,5-9443
3966,6-8131
3967,1-3978
3968,2-1855
3969,5-6357
3970,5-3884
3971,6-0892
3972,8-9408
3973,5-9651
3974,7-8487
3975,2-6328
3976,5-7233
3977,6-4067
3978,7-9691
3979,2-2361
3980,2-2236
3981,8-1909
3982,8-6539
3983,2-4807
3984,3-6382
3985,5-3977
3986,5-5747
3987,5-8394
3988,4-2778
3989,7-3993
3990,5-3826
3991,1-5920
3992,5-4460
3993,1-0595
3994,5-6037
3995,4-0601
3996,2-4722
3997,1-0073
3998,1-0846
3999,3-9976
4000,8-1555
4001,3-9558
4002,1-9109
4003,4-9422
4004,2-0924
4005,2-9292
4006,6-4709
4007,5-4783
4008,1-4977
4009,3-7849
4010,7-8232
4011,7-4307
4012,6-5480
4013,8-9485
4014,2-3857
4015,2-6419
4016,7-9893
4017,6-9257
4018,3-8230
4019,4-2769
4020,7-7914
4021,1-3493
4022,8-1413
4023,4-6891
4024,2-3340
4025,7-0241
4026,5-4453
4027,3-0430
4028,5-4124
4029,6-6851
4030,3-1547
4031,3-0297
4032,4-7543
4033,5-7065
4034,3-1496
4035,3-4444
4036,2-6114
4037,6-0616
4038,8-0063
4039,3-2334
4040,1-3908
4041,2-9311
4042,8-0232
4043,8-8384
4044,5-1687
4045,3-8218
4046,1-1341
4047,7-7050
4048,3-5931
4049,2-0288
4050,6-0157
4051,2-9203
4052,7-5436
4053,7-2367
4054,6-4037
4055,7-5307
4056,1-2828
4057,1-5626
4058,6-9963
4059,4-5005
4060,8-9170
4061,8-1414
4062,7-6586
4063,5-9619
4064,7-3361
4065,1-1422
4066,1-4122
4067,7-1430
4068,2-9768
4069,2-4540
4070,4-5276
4071,7-7449
4072,8-6338
4073,8-3661
4074,6-1452
4075,4-3230
4076,5-7622
4077,8-8435
4078,1-3473
4079,3-2084
4080,3-4283
4081,4-6447
4082,2-2116
4083,3-9513
4084,3-9473
4085,1-3255
4086,6-8353
4087,8-2656
4088,5-8045
4089,2-9801
4090,1-1383
4091,1-8190
4092,2-8388
4093,3-1211
4094,1-2644
4095,7-8257
4096,7-3175
4097,4-6045
4098,8-4677
4099,2-5456
4100,7-7046
4101,4-4713
4102,1-9031
4103,3-2940
4104,4-0331
4105,3-9189
4106,2-1020
4107,6-2541
4108,6-6927
4109,5-7170
4110,2-0778
4111,1-7353
4112,7-6325
4113,3-4479
4114,1-1140
4115,7-9308
4116,4-4119
4117,8-4678
4118,2-6468
4119,4-2750
4120,1-6636
4121,6-0751
4122,5-4715
4123,5-0236
4124,1-2328
4125,5-5519
4126,2-6839
4127,8-8395
4128,7-2738
4129,6-4619
4130,6-1035
4131,6-9082
4132,7-8952
4133,3-2446
4134,8-6105
4135,5-1185
4136,8-8864
4137,1-3732
4138,5-4104
4139,5-8461
4140,6-5830
4141,3-1007
4142,6-8853
4143,7-2513
4144,5-2546
4145,8-5972
4146,6-1782
4147,2-2145
4148,3-9518
4149,8-6323
4150,8-9605
4151,1-1884
4152,6-6674
4153,6-1740
4154,7-5046
4155,6-8994
4156,8-8585
4157,5-8148
4158,6-7423
4159,5-1143
4160,8-6365
4161,5-5751
4162,5-6769
4163,8-2657
4164,3-0516
4165,8-7052
4166,4-4240
4167,1-2340
4168,1-2950
4169,1-3120
4170,5-4897
4171,1-5485
4172,5-1113
4173,7-3068
4174,5-6843
4175,5-4619
4176,1-4889
4177,6-3488
4178,7-8068
4179,2-6335
4180,5-6871
4181,6-7955
4182,4-8768
4183,2-8648
4184,8-6588
4185,7-7009
4186,2-2084
4187,6-5870
4188,8-8675
4189,3-9862
4190,7-0149
4191,2-8728
4192,1-1505
4193,2-8035
4194,3-7497
4195,5-7531
4196,2-2586
4197,6-5151
4198,8-9134
4199,4-0203
4200,5-3526
4201,8-0683
4202,6-3537
4203,4-9801
4204,1-1623
4205,6-2576
4206,7-3624
4207,5-5549
4208,8-3560
4209,8-9797
4210,3-3095
4211,6-3868
4212,7-0678
4213,1-7869
4214,3-2789
4215,2-4238
4216,5-4938
4217,4-9463
4218,6-6995
4219,2-3470
4220,1-3832
4221,8-1646
4222,4-9385
4223,6-3290
4224,5-1739
4225,4-4633
4226,8-8754
4227,6-1228
4228,1-9433
4229,6-0881
4230,4-1272
4231,3-6684
4232,1-2645
4233,6-2529
4234,1-6679
4235,8-0307
4236,5-4432
4237,8-0430
4238,7-2873
4239,2-7997
4240,8-8058
4241,5-5663
4242,4-0849
4243,6-4126
4244,8-4580
4245,2-3152
4246,3-4589
4247,7-4447
4248,6-8055
4249,2-8922
4250,8-0710
4251,1-1277
4252,7-2529
4253,4-3122
4254,5-3232
4255,5-8384
4256,3-8433
4257,5-1789
4258,4-4839
4259,6-5718
4260,3-4461
4261,4-8824
4262,7-3084
4263,6-4622
4264,4-3643
4265,3-9754
4266,8-2553
4267,3-3039
4268,4-9235
4269,8-9273
4270,7-1298
4271,7-8946
4272,7-0038
4273,4-7655
4274,7-8191
4275,1-6782
4276,1-8284
4277,2-5239
4278,3-4926
4279,3-6070
4280,7-8219
4281,5-7814
4282,4-2169
4283,6-4258
4284,3-5924
4285,3-9610
4286,4-4604
4287,5-2302
4288,1-5530
4289,8-7900
4290,7-3135
4291,8-0834
4292,8-8070
4293,8-4250
4294,3-8562
4295,2-6477
4296,4-0198
4297,3-0049
4298,5-5729
4299,8-4970
4300,7-7402
4301,7-7560
4302,6-0780
4303,1-4135
4304,4-0493
4305,5-0156
4306,3-2566
4307,4-5552
4308,7-4704
4309,3-5216
4310,8-9236
4311,4-0432
4312,6-8768
4313,5-5739
4314,5-9121
4315,5-5883
4316,5-5694
4317,6-9417
4318,6-4030
4319,8-7029
4320,3-2077
4321,1-8451
4322,6-3428
4323,3-9159
4324,8-0049
4325,8-6094
4326,8-0527
4327,1-5317
4328,7-5353
4329,6-9214
4330,5-8921
4331,3-1940
4332,8-0590
4333,5-7681
4334,2-8392
4335,8-9121
4336,3-7643
4337,8-0742
4338,3-1830
4339,8-1457
4340,7-5518
4341,8-1247
4342,2-2055
4343,3-4154
4344,7-7700
4345,4-7077
4346,4-4350
4347,5-7820
4348,1-1058
4349,1-6851
4350,4-4339
4351,8-9792
4352,2-1361
4353,3-9399
4354,3-6845
4355,1-4366
4356,2-1508
4357,7-2226
4358,3-9318
4359,4-9873
4360,6-7216
4361,7-5217
4362,1-3698
4363,3-2336
4364,6-6407
4365,1-5173
4366,7-9317
4367,6-7849
4368,5-1962
4369,8-8090
4370,3-4386
4371,6-7914
4372,6-6527
4373,3-3026
4374,7-6837
4375,7-3321
4376,6-2826
4377,3-8313
4378,2-5963
4379,7-9648
4380,5-0907
4381,4-8562
4382,3-3991
4383,7-9381
4384,1-7383
4385,4-1038
4386,5-0033
4387,2-0127
4388,1-1859
4389,5-8624
4390,4-1748
4391,5-8520
4392,4-4607
4393,3-7483
4394,1-3222
4395,5-8137
4396,4-7796
4397,5-2729
4398,6-3683
4399,3-5764
4400,6-5220
4401,6-7383
4402,4-9940
4403,2-1838
4404,3-4936
4405,1-1369
4406,6-4092
4407,8-5038
4408,8-3333
4409,5-0652
4410,3-7623
4411,8-4034
4412,8-8619
4413,5-3993
4414,3-3712
4415,6-6221
4416,3-8652
4417,8-6314
4418,3-5993
4419,7-5700
4420,4-3188
4421,3-7466
4422,8-8901
4423,5-9946
4424,3-0969
4425,3-8556
4426,6-5784
4427,4-5041
4428,4-2397
4429,8-0685
4430,2-6873
4431,4-6234
4432,5-6327
4433,5-0866
4434,5-1908
4435,2-9101
4436,6-7766
4437,3-9715
4438,8-7887
4439,2-9188
4440,1-0064
4441,6-5475
4442,3-5349
4443,5-4359
4444,1-4283
4445,5-9484
4446,5-5780
4447,3-9421
4448,7-3365
4449,7-6099
4450,6-0203
4451,3-7725
4452,2-0141
4453,3-2840
4454,2-3132
4455,2-6244
4456,4-7836
4457,7-0291
4458,3-9179
4459,5-5895
4460,3-7150
4461,6-8951
4462,8-7287
4463,6-4023
4464,7-6358
4465,5-1333
4466,7-7483
4467,2-4228
4468,8-6613
4469,8-3972
4470,2-7633
4471,6-4990
4472,4-5663
4473,6-7453
4474,4-8627
4475,2-8621
4476,6-4210
4477,7-2778
4478,3-2982
4479,6-2652
4480,5-9527
4481,5-0831
4482,6-8442
4483,6-5453
4484,5-4261
4485,7-5562
4486,8-6765
4487,4-0823
4488,4-1012
4489,6-6363
4490,3-5726
4491,3-5251
4492,8-9525
4493,1-6192
4494,7-5211
4495,5-9676
4496,4-8887
4497,1-1637
4498,5-5085
4499,6-2421
4500,3-4902
4501,3-6254
4502,8-5820
4503,5-2124
4504,4-1845
4505,5-0345
4506,6-2197
4507,3-2206
4508,8-3268
4509,6-0504
4510,1-9042
4511,6-3396
4512,6-2043
4513,6-0767
4514,8-0369
4515,6-6523
4516,1-9757
4517,3-9294
4518,1-8938
4519,7-2980
4520,6-8580
4521,5-5407
4522,7-8641
4523,7-6834
4524,4-9186
4525,1-4708
4526,2-5815
4527,7-2610
4528,6-7027
4529,3-1717
4530,7-2533
4531,2-7426
4532,4-8135
4533,2-7160
4534,7-9262
4535,2-6473
4536,4-9234
4537,3-0806
4538,5-7956
4539,3-0720
4540,6-2833
4541,1-1040
4542,2-1611
4543,1-9352
4544,3-0263
4545,6-1384
4546,8-1787
4547,5-0260
4548,6-7483
4549,8-9688
4550,6-3426
4551,5-2936
4552,2-3252
4553,5-3666
4554,8-1436
4555,7-2951
4556,6-7491
4557,2-5111
4558,5-2623
4559,7-3642
4560,8-3221
4561,2-4925
4562,5-9129
4563,7-6355
4564,2-7011
4565,4-3424
4566,3-5502
4567,6-5625
4568,2-6568
4569,2-2424
4570,2-8072
4571,1-4669
4572,2-5864
4573,8-6069
4574,4-9054
4575,7-8351
4576,4-2593
4577,3-0411
4578,5-5643
4579,4-5419
4580,4-3588
4581,2-9814
4582,1-6625
4583,7-3054
4584,2-1514
4585,5-6967
4586,2-8829
4587,5-8559
4588,3-7719
4589,1-1709
4590,3-1549
4591,5-6002
4592,8-9926
4593,8-6354
4594,5-5138
4595,1-1328
4596,3-3471
4597,3-1877
4598,4-7726
4599,1-8677
4600,4-9605
4601,3-3873
4602,8-0450
4603,6-6709
4604,4-2594
4605,3-8866
4606,1-6082
4607,6-4742
4608,1-9024
4609,8-0189
4610,6-7215
4611,6-2135
4612,5-1866
4613,7-7115
4614,5-0018
4615,8-8243
4616,8-4283
4617,1-7943
4618,7-3831
4619,1-1632
4620,1-3521
4621,6-7989
4622,7-2536
4623,6-2431
4624,2-9947
4625,7-7903
4626,8-7324
4627,4-7746
4628,8-2236
4629,7-9991
4630,1-9291
4631,4-3405
4632,4-1752
4633,6-7672
4634,5-9839
4635,5-2569
4636,8-2658
4637,8-9740
4638,4-5141
4639,8-6583
4640,6-6736
4641,8-1324
4642,8-9096
4643,5-0681
4644,2-2789
4645,2-3024
4646,5-3088
4647,7-3257
4648,5-3196
4649,7-4181
4650,2-3133
4651,4-5152
4652,5-3173
4653,7-4260
4654,3-3381
4655,4-4674
4656,7-0674
4657,6-7315
4658,2-6171
4659,3-3955
4660,4-8778
4661,4-9379
4662,4-3746
4663,2-6088
4664,2-3489
4665,8-2699
4666,4-4391
4667,7-0461
4668,7-7148
4669,6-2639
4670,2-2865
4671,3-1362
4672,8-9900
4673,4-3412
4674,5-6760
4675,6-1482
4676,5-1569
4677,7-5491
4678,4-8256
4679,3-9786
4680,8-4897
4681,3-8109
4682,6-0500
4683,8-0709
4684,3-7065
4685,8-6746
4686,6-1939
4687,7-0010
4688,3-6009
4689,6-9904
4690,3-6276
4691,1-6819
4692,7-1240
4693,8-0392
4694,3-3564
4695,5-3282
4696,7-2310
4697,5-8795
4698,8-1602
4699,5-9233
4700,3-9151
4701,5-9096
4702,3-8094
4703,1-7544
4704,5-2050
4705,7-8346
4706,6-5132
4707,8-0926
4708,8-4156
4709,2-4663
4710,5-4413
4711,4-4819
4712,2-8532
4713,8-4892
4714,4-5246
4715,8-4496
4716,7-5123
4717,1-7935
4718,3-9246
4719,8-6741
4720,1-5435
4721,3-7984
4722,8-0551
4723,5-2645
4724,2-3155
4725,5-4086
4726,4-8548
4727,2-9517
4728,8-0716
4729,8-3879
4730,2-7278
4731,3-7141
4732,5-6162
4733,2-3889
4734,6-2487
4735,5-3480
4736,4-5342
4737,1-2753
4738,6-8161
4739,6-8308
4740,1-6863
4741,4-2939
4742,3-9448
4743,3-2015
4744,1-2576
4745,6-5509
4746,1-3040
4747,6-5297
4748,7-2691
4749,1-5536
4750,2-2061
4751,7-0911
4752,5-4301
4753,5-5387
4754,1-6223
4755,7-4220
4756,4-4211
4757,2-6821
4758,4-1423
4759,3-1921
4760,6-6110
4761,4-2426
4762,7-6527
4763,7-3045
4764,2-4410
4765,5-5630
4766,1-1521
4767,8-6334
4768,5-0961
4769,1-6727
4770,5-0706
4771,1-5482
4772,3-6553
4773,2-1155
4774,5-3206
4775,2-3437
4776,1-4599
4777,1-9098
4778,5-8748
4779,1-2188
4780,1-7886
4781,3-6081
4782,5-2342
4783,2-2885
4784,6-8545
4785,6-3461
4786,6-0251
4787,2-4846
4788,7-8401
4789,1-2684
4790,5-9045
4791,2-5849
4792,2-3667
4793,3-8476
4794,2-9018
4795,8-7972
4796,1-3922
4797,6-5819
4798,1-5771
4799,8-0890
4800,2-0879
4801,5-6079
4802,4-3048
4803,6-8663
4804,2-6649
4805,4-2180
4806,6-3412
4807,6-8919
4808,7-8195
4809,3-2971
4810,5-0404
4811,7-7869
4812,6-5521
4813,8-6955
4814,8-6357
4815,4-6080
4816,6-6298
4817,7-5593
4818,8-1810
4819,2-4096
4820,2-4587
4821,7-7003
4822,4-9804
4823,3-1948
4824,7-0764
4825,3-5073
4826,2-5246
4827,5-0471
4828,1-2717
4829,2-3202
4830,7-6209
4831,1-6076
4832,8-5254
4833,7-0487
4834,6-1875
4835,4-9041
4836,1-4959
4837,1-9631
4838,2-5190
4839,8-0467
4840,8-1299
4841,5-9229
4842,3-6467
4843,5-1359
4844,6-5786
4845,6-9029
4846,4-1448
4847,4-3283
4848,5-4838
4849,1-5473
4850,2-5867
4851,4-9852
4852,7-9586
4853,3-4405
4854,5-0413
4855,7-4846
4856,5-7311
4857,8-6804
4858,5-2485
4859,1-2022
4860,2-1237
4861,2-2415
4862,6-1526
4863,1-1145
4864,1-8881
4865,2-2491
4866,5-2277
4867,8-7123
4868,6-9501
4869,5-4875
4870,5-9173
4871,1-6996
4872,1-8229
4873,6-8508
4874,7-8985
4875,8-6555
4876,3-9805
4877,3-6496
4878,8-9372
4879,5-1390
4880,8-4309
4881,3-0237
4882,2-8991
4883,7-5434
4884,2-0660
4885,8-4631
4886,8-9661
4887,8-2405
4888,6-7055
4889,6-9000
4890,5-0157
4891,8-3724
4892,4-8075
4893,5-6322
4894,4-8083
4895,8-6190
4896,4-0404
4897,7-8275
4898,6-1310
4899,8-6225
4900,8-1475
4901,2-2768
4902,6-4961
4903,4-8823
4904,1-7398
4905,2-1858
4906,5-0791
4907,7-2076
4908,2-7080
4909,6-9295
4910,3-1032
4911,7-6985
4912,4-5326
4913,3-6576
4914,1-8647
4915,8-7975
4916,3-5019
4917,5-1337
4918,3-9140
4919,6-0167
4920,8-5799
4921,3-1690
4922,4-0210
4923,1-9727
4924,7-5931
4925,2-9524
4926,1-2798
4927,2-1885
4928,6-5000
4929,2-7413
4930,3-5138
4931,6-0223
4932,8-4398
4933,8-5109
4934,5-1616
4935,1-7008
4936,6-0877
4937,3-9541
4938,1-8298
4939,2-5117
4940,2-1545
4941,5-1412
4942,5-3619
4943,3-8294
4944,4-3658
4945,8-2198
4946,1-7015
4947,1-2132
4948,3-2263
4949,8-4108
4950,2-5814
4951,3-0013
4952,6-2848
4953,7-3034
4954,2-8223
4955,2-3060
4956,2-1693
4957,5-0779
4958,3-8887
4959,4-1894
4960,8-3199
4961,8-9003
4962,5-6976
4963,3-3987
4964,2-8710
4965,5-0653
4966,7-0730
4967,6-4878
4968,8-1991
4969,8-0892
4970,4-5279
4971,2-1428
4972,2-5930
4973,2-3359
4974,8-5641
4975,2-8280
4976,1-7536
4977,7-5167
4978,3-1588
4979,5-1123
4980,5-2090
4981,2-2044
4982,2-1742
4983,7-7510
4984,4-4523
4985,7-9228
4986,2-4035
4987,6-5266
4988,1-9585
4989,5-8657
4990,7-9577
4991,8-7016
4992,3-5469
4993,8-1666
4994,1-1035
4995,7-2363
4996,5-6945
4997,3-2511
4998,7-2563
4999,6-1247
5000,5-2349
5001,2-9293
5002,5-9270
5003,4-7675
5004,1-2610
5005,6-5042
5006,3-3875
5007,1-2851
5008,6-5674
5009,3-2592
5010,8-4697
5011,5-2580
5012,3-8782
5013,6-8778
5014,2-4515
5015,7-4970
5016,2-6883
5017,4-3701
5018,8-6125
5019,6-7416
5020,5-3364
5021,7-5403
5022,1-1578
5023,1-0313
5024,5-0149
5025,1-0267
5026,6-9919
5027,4-1967
5028,7-4693
5029,5-1084
5030,2-0793
5031,2-3828
5032,3-6375
5033,8-5677
5034,2-9699
5035,6-9807
5036,1-6317
5037,5-4591
5038,8-5295
5039,3-5225
5040,2-1539
5041,5-1547
5042,1-9252
5043,1-4677
5044,7-9082
5045,8-8153
5046,2-8804
5047,1-1001
5048,8-4046
5049,7-4270
5050,3-8743
5051,7-8924
5052,8-8791
5053,3-0937
5054,6-9507
5055,4-9073
5056,7-4479
5057,8-7085
5058,7-5853
5059,7-3303
5060,8-6725
5061,2-4227
5062,6-7805
5063,8-1474
5064,5-4695
5065,1-8509
5066,2-8885
5067,6-8541
5068,2-0714
5069,4-8220
5070,6-4647
5071,1-0407
5072,7-7285
5073,2-9839
5074,8-4893
5075,7-1659
5076,4-4975
5077,6-0729
5078,4-7280
5079,7-3271
5080,4-1637
5081,1-4376
5082,6-0984
5083,7-4537
5084,5-5560
5085,3-2562
5086,1-0731
5087,4-1270
5088,8-5608
5089,7-4244
5090,8-5768
5091,2-9392
5092,1-8166
5093,3-4013
5094,5-8225
5095,4-0220
5096,3-7152
5097,3-1816
5098,8-5325
5099,2-8464
5100,7-6502
5101,7-1481
5102,5-0428
5103,3-6113
5104,8-4951
5105,7-2265
5106,8-1758
5107,2-8181
5108,4-9696
5109,2-2132
5110,6-6896
5111,5-1929
5112,7-4091
5113,4-4178
5114,8-4374
5115,7-0128
5116,3-6147
5117,8-0151
5118,8-2152
5119,2-4894
5120,5-5052
5121,1-9877
5122,8-4934
5123,6-1937
5124,5-4622
5125,2-9841
5126,6-6165
5127,1-5545
5128,7-8364
5129,8-0614
5130,5-1335
5131,5-3980
5132,3-8469
5133,6-0592
5134,7-1751
5135,3-1784
5136,1-3590
5137,2-4167
5138,2-7524
5139,5-8200
5140,8-8477
5141,6-1680
5142,8-8420
5143,5-4509
5144,3-1185
5145,6-2158
5146,2-1206
5147,3-6309
5148,1-0224
5149,8-6448
5150,5-5576
5151,1-3247
5152,7-2624
5153,4-4956
5154,7-7901
5155,1-6812
5156,7-7454
5157,6-1505
5158,7-7282
5159,1-9728
5160,3-0377
5161,4-2338
5162,5-8079
5163,5-6538
5164,5-4698
5165,5-2182
5166,5-9867
5167,5-8861
5168,4-4827
5169,7-6685
5170,5-3819
5171,3-9965
5172,4-8163
5173,2-3540
5174,1-3522
5175,3-6783
5176,5-2039
5177,4-8232
5178,1-5586
5179,7-3381
5180,1-4579
5181,5-0477
5182,2-2048
5183,6-9226
5184,6-0983
5185,8-2605
5186,1-2796
5187,6-6429
5188,5-8001
5189,8-9359
5190,4-6898
5191,5-9599
5192,1-5974
5193,4-3071
5194,2-2409
5195,5-4592
5196,4-8874
5197,2-6827
5198,2-6932
5199,3-2094
5200,6-9119
5201,1-0591
5202,3-2152
5203,8-2757
5204,4-0391
5205,6-0528
5206,5-3109
5207,6-9908
5208,7-7759
5209,5-1249
5210,1-4199
5211,5-0733
5212,8-4919
5213,4-6115
5214,5-7018
5215,4-5629
5216,7-3490
5217,4-8890
5218,8-4023
5219,3-8450
5220,2-6082
5221,7-6646
5222,3-3697
5223,4-7285
5224,7-7355
5225,1-4837
5226,1-9100
5227,7-3353
5228,2-0483
5229,7-4267
5230,6-5104
5231,2-6458
5232,7-7315
5233,8-8493
5234,4-1760
5235,2-2499
5236,8-3812
5237,1-2716
5238,5-4952
5239,5-9349
5240,3-6777
5241,3-8361
5242,7-6938
5243,2-3085
5244,6-4657
5245,3-7219
5246,3-8518
5247,7-4067
5248,4-2714
5249,1-8098
5250,7-4681
5251,8-2225
5252,8-5217
5253,7-0509
5254,4-4776
5255,4-6307
5256,4-0436
5257,4-5661
5258,2-8375
5259,3-0722
5260,1-6798
5261,6-4885
5262,6-2595
5263,3-1743
5264,2-9127
5265,6-3408
5266,2-9564
5267,2-8509
5268,6-2846
5269,1-0106
5270,4-2054
5271,6-7429
5272,5-6100
5273,2-5102
5274,7-1542
5275,6-9418
5276,1-8601
5277,8-9391
5278,7-4659
5279,7-6068
5280,3-3096
5281,6-2715
5282,3-8443
5283,4-0831
5284,5-7415
5285,4-7603
5286,2-1420
5287,6-3350
5288,4-6744
5289,2-2442
5290,7-4632
5291,1-3717
5292,6-8451
5293,4-3705
5294,3-7501
5295,2-3227
5296,6-3541
5297,1-5591
5298,4-6104
5299,3-0290
5300,3-7882
5301,7-5960
5302,1-1153
5303,2-6186
5304,5-9080
5305,8-0127
5306,4-7124
5307,5-0499
5308,6-4982
5309,6-1393
5310,6-7186
5311,8-1139
5312,1-9118
5313,3-3450
5314,1-9636
5315,5-4630
5316,2-4831
5317,1-2370
5318,2-2011
5319,1-3618
5320,6-4720
5321,6-1002
5322,6-1466
5323,2-7177
5324,1-3540
5325,2-0846
5326,2-1457
5327,6-5510
5328,1-8595
5329,6-9462
5330,3-4014
5331,1-5198
5332,7-8291
5333,4-8583
5334,2-6960
5335,8-2121
5336,3-1073
5337,6-0683
5338,1-6086
5339,5-5749
5340,3-1692
5341,1-9700
5342,5-4042
5343,5-7606
5344,5-1047
5345,6-7168
5346,1-5427
5347,2-1218
5348,2-8508
5349,8-6307
5350,7-1057
5351,8-3874
5352,7-1316
5353,7-3645
5354,2-4176
5355,3-5040
5356,5-7469
5357,5-4748
5358,2-6686
5359,5-2240
5360,6-5146
5361,1-5864
5362,7-1318
5363,1-2362
5364,7-3819
5365,5-5341
5366,6-0530
5367,1-8825
5368,7-2237
5369,7-4219
5370,1-4020
5371,4-2396
5372,3-7794
5373,5-3609
5374,6-2016
5375,8-9918
5376,2-9713
5377,1-9554
5378,8-4933
5379,7-1303
5380,2-6200
5381,1-2292
5382,2-2578
5383,2-5267
5384,1-3021
5385,5-4421
5386,6-7777
5387,5-3621
5388,1-6309
5389,4-2649
5390,6-6354
5391,5-7785
5392,1-6452
5393,5-1097
5394,6-5008
5395,5-9821
5396,3-4925
5397,7-3495
5398,5-9342
5399,7-2526
5400,2-4300
5401,7-9880
5402,4-6871
5403,3-2847
5404,4-6505
5405,7-4177
5406,2-2662
5407,4-9944
5408,1-2900
5409,6-0533
5410,8-7730
5411,7-4190
5412,8-9428
5413,2-5453
5414,1-6980
5415,1-8252
5416,3-5652
5417,7-4895
5418,3-4954
5419,1-3719
5420,4-7591
5421,5-2149
5422,5-3772
5423,1-5043
5424,8-1062
5425,8-7898
5426,1-7975
5427,2-6052
5428,4-8335
5429,7-6525
5430,2-3725
5431,7-4183
5432,2-7765
5433,6-9786
5434,7-9150
5435,4-8062
5436,5-6264
5437,2-8541
5438,4-1710
5439,2-8845
5440,1-2251
5441,2-5643
5442,1-3770
5443,6-5638
5444,3-3066
5445,1-3241
5446,4-3928
5447,5-7729
5448,3-0681
5449,1-6505
5450,4-9363
5451,7-6553
5452,4-0853
5453,4-9950
5454,6-8626
5455,3-9876
5456,3-9368
5457,1-9600
5458,3-7898
5459,6-4518
5460,1-4016
5461,7-7887
5462,6-2011
5463,8-4247
5464,4-6912
5465,3-4639
5466,6-0583
5467,3-8246
5468,4-8188
5469,4-3008
5470,2-4163
5471,6-0952
5472,6-4837
5473,1-9040
5474,7-1759
5475,1-3702
5476,3-5622
5477,5-2100
5478,8-7484
5479,7-4794
5480,5-8463
5481,1-3145
5482,2-4375
5483,6-3710
5484,4-2561
5485,7-0672
5486,4-3877
5487,1-0742
5488,7-7276
5489,3-0619
5490,2-2913
5491,5-8213
5492,6-7929
5493,1-9468
5494,3-3641
5495,2-7945
5496,8-9947
5497,7-5043
5498,3-4025
5499,8-1406
5500,3-9519
5501,6-1907
5502,5-9366
5503,1-3253
5504,8-2809
5505,8-7364
5506,7-1260
5507,8-4779
5508,7-6839
5509,3-5210
5510,1-9902
5511,6-9692
5512,4-0511
5513,4-8842
5514,1-0527
5515,4-6576
5516,2-4836
5517,5-6449
5518,1-4622
5519,7-2807
5520,3-2002
5521,3-3034
5522,2-7739
5523,3-8539
5524,8-0354
5525,1-6507
5526,8-2803
5527,6-8929
5528,1-6607
5529,2-3563
5530,2-8249
5531,6-2594
5532,2-1996
5533,6-1292
5534,7-2268
5535,1-6642
5536,2-8899
5537,3-0112
5538,7-1629
5539,6-1423
5540,3-3467
5541,3-0235
5542,2-9963
5543,2-5504
5544,4-3645
5545,7-1277
5546,8-6643
5547,6-6982
5548,4-3329
5549,4-1305
5550,2-4576
5551,3-7513
5552,3-0548
5553,1-4260
5554,7-6671
5555,1-4203
5556,1-9455
5557,4-1544
5558,1-5605
5559,1-8656
5560,6-1788
5561,4-3222
5562,7-0001
5563,4-6222
5564,8-7706
5565,7-4063
5566,4-7319
5567,2-1131
5568,3-9479
5569,7-2133
5570,2-3939
5571,8-7562
5572,4-3585
5573,7-7442
5574,3-6189
5575,7-0865
5576,6-9778
5577,8-9441
5578,7-7752
5579,1-1942
5580,5-3712
5581,6-6296
5582,5-4515
5583,1-4527
5584,3-7029
5585,7-7239
5586,3-0540
5587,2-2382
5588,3-4530
5589,3-1472
5590,3-2433
5591,6-5992
5592,6-6146
5593,7-3349
5594,5-1046
5595,2-3432
5596,2-0806
5597,4-2537
5598,4-7312
5599,2-4270
5600,3-2806
5601,6-6252
5602,4-9548
5603,5-3116
5604,1-0710
5605,8-8921
5606,7-7739
5607,4-6288
5608,2-2625
5609,8-3893
5610,2-0499
5611,7-3931
5612,1-6453
5613,6-8130
5614,2-6938
5615,8-1325
5616,4-8130
5617,4-0421
5618,8-4063
5619,7-2276
5620,2-1798
5621,6-3808
5622,5-4256
5623,5-5854
5624,1-1068
5625,3-6372
5626,1-5731
5627,1-8808
5628,6-0712
5629,6-0152
5630,7-2194
5631,3-3997
5632,6-0118
5633,1-4047
5634,8-8764
5635,3-9729
5636,4-7643
5637,7-2606
5638,1-8390
5639,2-8909
5640,1-4713
5641,1-4998
5642,5-1999
5643,2-1954
5644,8-7923
5645,4-5089
5646,1-4637
5647,8-5947
5648,8-6197
5649,7-3900
5650,8-3758
5651,2-0038
5652,8-7259
5653,6-8372
5654,3-5682
5655,6-1086
5656,1-6643
5657,8-3699
5658,2-0351
5659,4-6309
5660,5-5216
5661,6-4214
5662,1-9397
5663,5-4541
5664,4-9066
5665,8-5327
5666,5-5929
5667,3-0564
5668,1-1198
5669,7-8896
5670,3-4504
5671,4-4860
5672,8-6776
5673,2-2405
5674,4-0633
5675,4-8405
5676,4-6254
5677,8-5483
5678,6-2384
5679,4-9924
5680,2-7579
5681,2-7780
5682,5-2269
5683,5-8600
5684,4-6698
5685,5-2284
5686,1-1165
5687,3-2687
5688,6-9335
5689,7-4627
5690,1-3728
5691,8-7366
5692,5-9156
5693,2-5881
5694,3-1112
5695,8-9969
5696,6-1233
5697,3-2310
5698,3-1969
5699,7-4317
5700,3-3257
5701,5-2939
5702,1-6125
5703,6-9766
5704,1-7739
5705,2-4633
5706,1-7741
5707,6-9903
5708,7-3910
5709,5-7993
5710,5-3241
5711,3-9353
5712,1-0180
5713,5-9125
5714,8-0477
5715,3-8933
5716,3-6318
5717,1-0776
5718,2-6741
5719,2-7677
5720,4-2003
5721,3-3868
5722,8-7080
5723,7-2165
5724,4-8606
5725,3-8523
5726,2-0663
5727,5-9427
5728,2-9668
5729,6-2671
5730,3-6048
5731,6-9228
5732,6-2244
5733,1-1456
5734,7-8432
5735,3-7737
5736,4-3935
5737,3-7585
5738,6-3703
5739,4-5912
5740,6-1487
5741,7-6815
5742,6-7151
5743,4-3110
5744,2-9676
5745,5-8628
5746,7-4136
5747,1-9188
5748,7-8065
5749,6-5148
5750,3-0404
5751,6-7971
5752,4-8703
5753,2-7415
5754,1-6117
5755,8-8245
5756,5-5677
5757,7-6547
5758,4-9103
5759,3-5154
5760,8-0669
5761,7-8486
5762,3-4332
5763,8-4866
5764,3-9714
5765,2-3478
5766,2-7161
5767,6-6839
5768,1-3762
5769,1-0996
5770,7-7224
5771,5-2917
5772,3-7776
5773,5-3973
5774,8-8412
5775,3-9483
5776,6-8127
5777,2-7099
5778,6-3047
5779,7-0290
5780,6-2966
5781,6-7872
5782,5-3259
5783,5-5249
5784,4-8941
5785,5-5720
5786,7-0137
5787,5-7771
5788,2-1440
5789,8-1024
5790,2-3033
5791,2-3034
5792,3-1350
5793,5-0910
5794,2-2819
5795,1-5130
5796,6-8329
5797,6-2068
5798,5-4229
5799,2-2241
5800,2-8571
5801,7-2692
5802,6-0834
5803,5-8172
5804,7-2956
5805,5-6012
5806,5-7133
5807,6-5415
5808,3-8066
5809,1-8493
5810,2-2444
5811,5-6375
5812,6-3982
5813,8-5919
5814,6-8113
5815,7-3155
5816,5-4064
5817,6-0836
5818,4-9023
5819,3-7371
5820,3-1742
5821,4-9437
5822,1-1734
5823,7-6438
5824,5-7984
5825,1-3448
5826,7-3305
5827,3-3989
5828,8-6869
5829,8-1670
5830,2-1282
5831,5-1718
5832,4-2378
5833,4-7762
5834,4-4306
5835,4-0984
5836,3-1499
5837,2-1513
5838,7-3319
5839,4-5686
5840,5-1205
5841,4-7166
5842,2-3621
5843,5-2331
5844,1-2813
5845,6-2549
5846,4-6725
5847,1-1555
5848,6-6791
5849,5-7881
5850,7-6914
5851,4-1399
5852,5-9418
5853,1-1909
5854,3-2003
5855,5-0967
5856,2-9818
5857,3-9465
5858,1-3273
5859,3-3414
5860,2-8400
5861,7-4438
5862,7-0034
5863,4-7681
5864,6-0000
5865,7-7792
5866,1-1808
5867,8-3571
5868,8-6213
5869,6-8280
5870,6-1564
5871,8-0813
5872,8-7108
5873,2-5285
5874,5-5561
5875,6-6279
5876,2-6703
5877,2-8093
5878,4-0977
5879,7-4797
5880,8-4858
5881,1-2618
5882,6-9067
5883,3-4326
5884,6-1245
5885,3-2118
5886,1-7763
5887,6-0208
5888,7-9997
5889,5-8360
5890,8-0380
5891,6-6621
5892,1-3179
5893,1-2577
5894,7-9957
5895,7-3246
5896,4-0393
5897,5-0199
5898,1-0109
5899,7-5094
5900,4-4444
5901,5-6876
5902,5-1408
5903,8-0980
5904,3-0176
5905,4-7392
5906,4-9302
5907,4-4792
5908,6-2587
5909,5-2810
5910,2-5282
5911,8-4056
5912,3-6060
5913,7-7525
5914,4-5354
5915,1-8524
5916,7-1702
5917,4-9381
5918,4-8677
5919,2-6747
5920,8-2525
5921,6-4145
5922,5-3931
5923,8-1937
5924,5-3218
5925,2-3744
5926,3-8366
5927,8-6548
5928,5-4896
5929,3-1117
5930,5-9736
5931,6-7295
5932,2-1068
5933,8-0963
5934,6-5684
5935,2-1902
5936,4-9347
5937,5-6053
5938,4-0623
5939,3-7215
5940,4-4170
5941,6-6444
5942,8-0723
5943,8-0889
5944,1-6145
5945,3-4842
5946,1-1413
5947,8-1603
5948,6-1117
5949,6-9822
5950,4-5420
5951,2-0219
5952,7-6809
5953,3-2885
5954,8-7334
5955,3-9120
5956,6-6017
5957,8-5334
5958,4-6854
5959,6-1134
5960,3-2472
5961,7-7724
5962,4-4678
5963,6-0409
5964,8-1442
5965,3-4866
5966,7-7501
5967,5-3114
5968,5-2948
5969,2-3672
5970,5-5452
5971,8-0537
5972,6-9777
5973,8-3305
5974,5-0957
5975,6-6666
5976,2-9232
5977,5-6592
5978,1-4986
5979,3-0634
5980,7-1591
5981,5-4312
5982,7-1725
5983,1-6364
5984,1-9891
5985,2-6146
5986,6-3578
5987,6-7657
5988,6-4155
5989,7-5542
5990,8-7516
5991,1-1022
5992,4-6579
5993,4-1154
5994,6-0750
5995,4-2073
5996,3-4869
5997,2-9100
5998,6-1151
5999,1-8335
6000,2-8972
6001,3-2474
6002,2-8568
6003,6-5246
6004,1-7395
6005,7-4249
6006,7-6224
6007,2-7081
6008,8-2435
6009,6-1326
6010,2-8632
6011,3-8358
6012,1-7614
6013,7-0139
6014,5-2986
6015,2-3416
6016,1-3220
6017,2-2030
6018,7-4203
6019,2-4730
6020,3-0777
6021,4-0328
6022,4-5860
6023,4-2664
6024,3-8199
6025,4-7932
6026,8-7773
6027,2-3933
6028,4-1876
6029,7-0064
6030,2-4365
6031,2-9081
6032,8-2799
6033,7-1284
6034,4-9413
6035,6-8923
6036,1-3726
6037,3-1821
6038,8-3130
6039,4-3356
6040,4-6537
6041,4-6371
6042,1-1464
6043,3-0158
6044,5-0845
6045,1-0604
6046,8-2543
6047,3-6619
6048,3-1798
6049,5-8937
6050,6-6163
6051,3-3809
6052,4-7888
6053,2-0618
6054,1-2341
6055,6-4897
6056,1-7155
6057,1-1023
6058,1-1275
6059,1-8911
6060,6-2358
6061,7-0424
6062,7-8468
6063,8-1661
6064,3-2613
6065,6-6944
6066,1-8785
6067,1-0474
6068,7-2073
6069,6-2578
6070,4-1778
6071,2-9285
6072,4-2130
6073,4-8327
6074,5-5940
6075,6-2483
6076,1-7331
6077,1-6976
6078,8-7778
6079,5-3039
6080,6-2492
6081,6-0658
6082,5-9138
6083,4-4592
6084,8-5379
6085,8-7237
6086,7-4163
6087,6-3552
6088,6-2026
6089,7-9972
6090,2-8154
6091,8-3600
6092,6-3893
6093,1-6002
6094,1-3372
6095,1-3778
6096,4-8525
6097,4-8132
6098,5-0222
6099,7-7875
6100,6-7712
6101,6-7526
6102,6-9902
6103,3-7833
6104,1-9330
6105,2-0373
6106,5-7125
6107,6-0745
6108,7-3716
6109,1-3562
6110,1-2411
6111,8-1032
6112,6-8700
6113,7-5554
6114,6-9256
6115,2-7470
6116,2-2029
6117,8-0798
6118,1-2538
6119,1-5881
6120,5-8072
6121,8-4086
6122,4-7806
6123,7-5012
6124,5-9817
6125,6-0414
6126,7-1261
6127,7-9435
6128,5-0317
6129,1-9181
6130,4-5472
6131,6-8377
6132,5-8564
6133,5-3834
6134,4-6842
6135,3-8906
6136,2-2465
6137,6-6653
6138,3-1462
6139,6-8634
6140,5-9213
6141,2-2198
6142,8-3671
6143,1-2378
6144,1-8572
6145,8-9040
6146,5-5055
6147,8-7786
6148,7-4255
6149,6-5956
6150,6-1519
6151,8-6143
6152,2-3131
6153,6-3205
6154,7-0508
6155,3-4900
6156,5-1817
6157,2-3387
6158,6-0670
6159,7-2942
6160,7-5998
6161,7-3710
6162,1-3420
6163,7-1603
6164,8-8165
6165,1-7213
6166,5-5866
6167,5-8785
6168,1-4680
6169,8-1959
6170,3-9997
6171,1-1997
6172,4-4461
6173,3-1004
6174,2-5935
6175,7-7074
6176,7-3382
6177,3-0424
6178,5-0284
6179,5-7315
6180,2-3579
6181,7-4388
6182,1-5247
6183,8-2794
6184,1-6081
6185,3-4649
6186,5-5859
6187,6-4967
6188,2-0149
6189,8-8987
6190,6-8293
6191,3-3714
6192,6-2830
6193,2-8889
6194,8-4239
6195,5-0804
6196,3-3718
6197,1-3823
6198,2-6220
6199,5-3302
6200,3-6573
6201,3-1114
6202,5-2359
6203,4-6897
6204,2-1799
6205,1-8550
6206,8-3087
6207,5-1500
6208,6-0461
6209,1-7888
6210,5-5994
6211,6-8297
6212,1-3905
6213,1-4459
6214,6-0756
6215,8-8519
6216,4-4661
6217,7-4738
6218,3-4064
6219,7-4535
6220,4-9613
6221,2-7014
6222,4-5263
6223,2-9568
6224,7-3429
6225,7-8632
6226,7-7596
6227,5-4688
6228,7-4291
6229,3-2274
6230,7-1456
6231,2-6876
6232,7-9349
6233,2-8115
6234,2-1932
6235,5-9300
6236,7-6386
6237,5-6286
6238,3-2011
6239,8-9448
6240,5-7062
6241,7-5944
6242,2-2042
6243,4-3710
6244,8-7826
6245,1-2979
6246,1-5356
6247,6-9984
6248,8-4204
6249,5-2134
6250,6-1039
6251,8-6040
6252,6-3351
6253,5-7638
6254,8-0629
6255,1-8958
6256,2-5604
6257,6-2909
6258,1-2799
6259,3-1502
6260,6-4338
6261,3-4107
6262,3-3107
6263,2-8198
6264,2-0895
6265,7-5272
6266,3-5403
6267,1-7761
6268,4-9880
6269,1-0795
6270,8-9462
6271,1-7592
6272,8-9839
6273,7-3422
6274,5-8025
6275,7-4058
6276,7-8135
6277,7-4628
6278,8-7396
6279,2-1559
6280,4-6641
6281,6-9362
6282,6-7527
6283,8-2997
6284,1-1807
6285,4-1019
6286,5-1700
6287,4-9602
6288,7-5873
6289,5-5398
6290,1-9968
6291,4-4742
6292,7-8343
6293,7-9556
6294,2-7329
6295,2-7551
6296,7-2758
6297,3-5546
6298,5-6043
6299,1-8575
6300,8-1611
6301,5-4671
6302,4-6326
6303,8-2395
6304,5-1571
6305,4-5289
6306,8-0329
6307,8-5294
6308,8-5278
6309,2-8725
6310,2-7894
6311,8-2853
6312,8-2700
6313,5-3862
6314,8-5817
6315,4-0552
6316,8-1418
6317,1-8292
6318,2-4355
6319,1-2252
6320,3-0957
6321,5-3997
6322,3-8839
6323,6-6604
6324,8-6794
6325,4-9360
6326,3-6773
6327,4-8493
6328,7-3266
6329,4-7883
6330,3-8660
6331,3-3799
6332,6-6576
6333,7-4947
6334,3-2615
6335,4-6290
6336,7-8298
6337,7-4070
6338,2-6846
6339,8-6287
6340,1-2138
6341,5-5799
6342,6-2727
6343,8-3191
6344,3-7210
6345,5-1458
6346,7-7260
6347,4-3685
6348,4-9903
6349,8-8357
6350,3-4898
6351,4-1417
6352,2-4497
6353,4-8731
6354,8-0320
6355,1-2756
6356,2-2135
6357,7-3783
6358,4-2010
6359,2-7357
6360,3-1122
6361,2-2722
6362,1-3527
6363,8-2232
6364,7-3227
6365,4-7975
6366,6-4872
6367,7-9836
6368,1-0743
6369,5-0052
6370,2-1797
6371,8-8414
6372,6-4865
6373,5-9505
6374,3-0614
6375,3-2668
6376,5-6841
6377,2-1619
6378,2-6204
6379,5-0740
6380,6-7647
6381,3-6337
6382,6-1910
6383,7-6477
6384,5-3524
6385,6-7278
6386,4-1187
6387,3-6897
6388,5-5470
6389,5-1102
6390,7-9293
6391,2-9992
6392,4-7505
6393,8-3517
6394,8-9577
6395,3-5584
6396,1-0339
6397,7-0864
6398,8-9055
6399,2-1235
6400,3-8943
6401,7-0853
6402,1-6058
6403,7-1732
6404,5-9807
6405,8-7612
6406,4-7955
6407,7-0104
6408,1-3175
6409,7-1012
6410,5-8501
6411,7-3079
6412,1-9351
6413,6-5618
6414,7-6286
6415,7-0354
6416,8-0505
6417,7-6755
6418,8-8160
6419,2-1652
6420,5-6223
6421,1-4738
6422,5-7410
6423,5-6582
6424,7-2300
6425,3-7768
6426,1-6973
6427,2-8038
6428,6-6230
6429,2-1563
6430,2-8668
6431,4-7713
6432,4-4877
6433,8-5690
6434,6-8198
6435,2-1632
6436,5-6882
6437,7-7361
6438,7-9962
6439,5-4880
6440,4-9805
6441,5-5638
6442,7-0420
6443,7-4818
6444,7-7494
6445,6-2938
6446,8-5587
6447,3-9656
6448,1-3172
6449,1-6429
6450,7-2705
6451,4-1292
6452,8-1356
6453,4-5710
6454,7-7735
6455,7-3394
6456,7-4855
6457,3-9977
6458,3-1183
6459,4-7333
6460,5-5997
6461,3-0586
6462,2-5276
6463,3-3686
6464,3-3469
6465,7-0471
6466,2-7056
6467,1-6535
6468,6-6402
6469,6-3179
6470,1-6938
6471,2-4487
6472,8-9536
6473,8-3925
6474,1-8150
6475,2-3213
6476,5-1069
6477,8-0359
6478,2-9874
6479,2-6685
6480,3-9260
6481,6-4736
6482,8-7006
6483,4-1641
6484,7-5207
6485,4-9987
6486,8-0640
6487,4-8362
6488,7-6778
6489,5-0694
6490,2-2643
6491,8-6675
6492,1-2277
6493,3-7245
6494,7-2098
6495,4-8089
6496,1-3237
6497,8-5007
6498,8-5274
6499,3-1577
6500,5-6671
6501,6-0369
6502,3-8078
6503,3-8941
6504,6-6033
6505,6-7904
6506,6-4696
6507,1-6422
6508,1-4903
6509,5-2972
6510,8-5968
6511,3-1524
6512,5-0592
6513,3-9683
6514,3-2492
6515,2-0619
6516,5-2196
6517,5-9585
6518,4-8733
6519,6-3504
6520,6-4609
6521,1-4915
6522,1-1563
6523,7-6887
6524,6-8550
6525,3-7918
6526,7-3662
6527,6-8595
6528,1-1414
6529,2-3484
6530,3-6531
6531,8-9031
6532,5-1639
6533,8-8613
6534,6-6056
6535,5-0689
6536,7-1525
6537,8-1259
6538,8-7141
6539,5-0797
6540,8-1096
6541,2-9931
6542,2-5497
6543,6-5261
6544,6-7344
6545,2-3548
6546,5-2276
6547,1-7974
6548,1-8225
6549,2-9228
6550,4-9619
6551,3-4434
6552,4-7026
6553,5-0585
6554,5-3747
6555,2-1739
6556,1-6376
6557,4-3091
6558,1-0506
6559,8-5092
6560,8-5199
6561,2-0781
6562,6-5057
6563,1-4210
6564,6-2021
6565,7-3995
6566,5-3755
6567,4-1737
6568,2-7771
6569,2-2284
6570,2-4784
6571,6-2801
6572,3-2138
6573,3-5449
6574,1-5571
6575,4-7545
6576,3-6368
6577,6-0503
6578,2-9827
6579,1-0317
6580,3-7081
6581,8-0163
6582,1-4632
6583,2-5673
6584,4-6426
6585,5-1886
6586,1-5355
6587,5-2082
6588,2-9800
6589,8-3346
6590,5-1296
6591,1-2995
6592,2-7293
6593,7-5467
6594,3-3289
6595,4-3298
6596,2-4845
6597,8-6476
6598,4-1437
6599,3-2919
6600,8-5996
6601,7-6420
6602,7-3236
6603,5-2306
6604,1-6065
6605,8-8188
6606,1-6121
6607,8-7231
6608,2-1400
6609,2-7039
6610,4-6961
6611,2-5186
6612,7-1065
6613,5-1652
6614,2-5611
6615,5-7350
6616,6-7233
6617,4-7846
6618,5-8872
6619,4-9617
6620,5-3853
6621,5-3200
6622,7-1784
6623,5-3765
6624,7-7820
6625,8-7344
6626,4-5353
6627,2-9474
6628,5-0529
6629,8-5542
6630,1-8717
6631,1-8766
6632,2-8433
6633,2-6869
6634,2-8277
6635,5-4439
6636,6-2630
6637,2-7100
6638,8-5993
6639,1-1981
6640,8-6621
6641,2-6126
6642,1-8453
6643,7-1985
6644,2-3911
6645,5-8397
6646,7-0336
6647,7-4661
6648,6-6875
6649,7-1167
6650,5-0975
6651,3-4274
6652,4-9763
6653,6-0651
6654,6-7020
6655,5-4833
6656,6-9203
6657,5-8522
6658,3-2540
6659,3-7445
6660,4-3210
6661,2-7937
6662,6-6765
6663,8-3939
6664,3-2621
6665,8-7943
6666,3-7594
6667,8-7705
6668,1-3449
6669,2-0787
6670,6-4972
6671,1-6000
6672,6-9989
6673,8-3680
6674,4-3564
6675,5-4449
6676,4-4876
6677,5-5337
6678,1-7719
6679,5-6678
6680,1-7368
6681,2-2194
6682,5-2253
6683,7-1776
6684,1-7421
6685,6-7883
6686,1-0382
6687,6-5813
6688,5-4199
6689,6-4551
6690,1-8790
6691,6-6366
6692,4-2608
6693,1-9598
6694,8-3575
6695,3-0851
6696,5-2649
6697,1-2621
6698,2-1490
6699,7-5996
6700,5-0654
6701,3-5462
6702,5-7880
6703,4-5413
6704,7-5374
6705,1-9390
6706,8-7809
6707,7-3275
6708,2-7911
6709,4-3450
6710,2-4358
6711,6-1246
6712,1-6334
6713,5-9756
6714,1-4393
6715,2-2723
6716,3-1379
6717,3-6557
6718,8-3728
6719,4-6610
6720,7-6164
6721,7-4396
6722,1-0444
6723,2-6658
6724,8-1935
6725,2-7352
6726,3-7985
6727,3-5419
6728,2-4772
6729,6-7253
6730,2-4064
6731,4-1762
6732,7-8289
6733,7-6479
6734,5-8512
6735,2-7482
6736,8-0925
6737,6-5534
6738,8-1889
6739,4-5400
6740,7-0595
6741,7-8067
6742,1-2334
6743,5-0810
6744,3-9697
6745,2-5369
6746,1-5778
6747,7-6439
6748,2-8319
6749,4-9776
6750,2-2193
6751,8-4529
6752,6-6462
6753,8-8021
6754,1-5429
6755,5-7001
6756,8-3522
6757,1-6019
6758,3-3821
6759,1-2401
6760,7-5321
6761,1-7085
6762,8-4885
6763,8-5004
6764,5-2742
6765,1-6961
6766,5-6231
6767,5-5759
6768,6-4842
6769,5-6521
6770,1-5720
6771,3-6016
6772,3-2004
6773,5-0786
6774,2-1834
6775,1-8888
6776,8-8401
6777,6-8689
6778,2-5315
6779,1-7782
6780,5-5282
6781,3-1710
6782,3-6978
6783,5-4663
6784,1-3878
6785,6-4444
6786,4-3906
6787,7-6219
6788,7-4577
6789,4-5193
6790,6-2145
6791,8-0238
6792,3-7301
6793,6-7853
6794,6-3005
6795,5-0296
6796,1-3001
6797,4-5002
6798,3-4567
6799,6-0059
6800,6-9184
6801,5-4806
6802,3-6646
6803,6-8568
6804,4-7940
6805,7-8461
6806,1-0459
6807,8-7297
6808,2-1382
6809,2-5762
6810,2-4570
6811,2-8798
6812,6-8157
6813,3-0452
6814,6-0352
6815,8-8697
6816,5-7331
6817,4-6102
6818,7-8801
6819,8-3528
6820,3-8789
6821,4-5956
6822,1-4485
6823,8-6492
6824,3-9607
6825,2-2563
6826,1-1860
6827,1-9935
6828,6-0748
6829,6-0392
6830,4-9614
6831,7-4647
6832,4-6229
6833,1-5908
6834,8-4856
6835,6-5872
6836,6-0831
6837,3-3685
6838,4-6658
6839,1-9800
6840,3-1603
6841,1-2031
6842,7-5114
6843,6-0758
6844,1-0090
6845,5-9302
6846,8-5183
6847,7-4202
6848,8-3205
6849,4-8360
6850,2-4448
6851,5-1888
6852,8-5499
6853,3-9449
6854,2-5879
6855,2-4551
6856,2-0783
6857,6-0179
6858,3-0771
6859,8-3592
6860,4-3577
6861,7-7610
6862,5-9457
6863,7-6168
6864,1-5068
6865,8-6977
6866,6-9882
6867,2-0929
6868,8-6084
6869,8-9048
6870,6-2005
6871,3-2059
6872,4-5763
6873,2-1579
6874,6-2291
6875,8-2042
6876,4-3793
6877,1-6023
6878,5-3783
6879,6-8022
6880,4-2487
6881,3-1867
6882,5-1206
6883,5-0787
6884,7-3168
6885,8-2690
6886,1-5860
6887,1-9478
6888,6-7591
6889,8-7925
6890,8-4061
6891,2-6957
6892,4-6530
6893,3-5756
6894,8-2312
6895,3-1649
6896,1-7344
6897,1-0264
6898,5-6724
6899,1-3291
6900,8-9030
6901,8-0597
6902,3-1920
6903,3-9110
6904,3-3449
6905,5-9681
6906,8-6179
6907,3-3019
6908,7-1590
6909,6-8730
6910,6-1546
6911,3-3350
6912,2-2321
6913,7-8494
6914,8-7581
6915,7-6114
6916,1-5925
6917,3-1195
6918,1-6062
6919,3-2839
6920,8-7149
6921,2-1922
6922,8-8681
6923,1-0289
6924,3-9685
6925,2-0386
6926,1-1320
6927,7-2927
6928,6-0232
6929,5-9647
6930,7-9316
6931,1-5743
6932,5-3317
6933,4-9395
6934,8-7994
6935,8-0441
6936,4-8875
6937,1-5086
6938,6-6222
6939,6-6335
6940,2-2660
6941,8-8883
6942,7-7081
6943,8-7032
6944,1-5609
6945,4-6788
6946,5-2333
6947,6-3885
6948,5-8598
6949,1-5118
6950,6-3307
6951,6-1368
6952,2-1260
6953,4-1217
6954,1-8502
6955,6-9241
6956,2-9439
6957,2-2751
6958,1-3104
6959,5-5673
6960,4-9338
6961,7-3675
6962,8-4532
6963,2-9518
6964,1-7435
6965,7-2321
6966,2-3603
6967,6-8816
6968,4-9242
6969,6-3554
6970,5-1574
6971,5-5798
6972,8-7298
6973,6-7272
6974,6-2124
6975,3-0775
6976,5-1031
6977,2-6670
6978,5-9749
6979,5-8701
6980,4-8141
6981,6-6688
6982,7-3015
6983,2-2314
6984,2-3831
6985,4-1179
6986,4-4738
6987,1-5091
6988,4-1450
6989,4-4451
6990,1-2709
6991,2-7051
6992,4-2759
6993,7-8680
6994,5-8349
6995,3-9848
6996,6-9897
6997,4-9597
6998,5-0303
6999,2-0223
7000,3-3013
7001,2-3270
7002,3-5166
7003,3-0978
7004,7-2105
7005,2-4517
7006,3-9186
7007,6-5497
7008,1-8566
7009,3-4400
7010,2-3113
7011,7-2159
7012,2-9150
7013,7-1348
7014,3-0798
7015,3-7930
7016,3-5310
7017,1-3757
7018,7-6310
7019,5-8685
7020,7-3789
7021,6-1160
7022,3-9767
7023,8-1294
7024,2-1314
7025,5-0422
7026,4-7842
7027,3-0117
7028,3-1842
7029,3-5637
7030,7-2309
7031,8-7723
7032,3-2655
7033,8-3992
7034,5-6855
7035,5-7698
7036,7-8616
7037,2-9257
7038,4-0708
7039,4-0930
7040,8-5304
7041,7-3620
7042,6-5952
7043,8-8060
7044,1-3700
7045,4-8147
7046,6-8490
7047,4-4385
7048,1-3374
7049,7-0555
7050,5-6347
7051,7-0261
7052,1-4735
7053,6-1093
7054,5-6912
7055,8-6520
7056,7-6339
7057,4-2211
7058,5-3169
7059,1-8907
7060,6-8637
7061,5-1680
7062,5-4126
7063,5-8026
7064,6-6436
7065,2-7103
7066,5-6476
7067,7-3937
7068,8-4047
7069,5-7141
7070,5-6499
7071,8-1556
7072,5-9124
7073,1-0337
7074,6-7882
7075,1-3996
7076,7-7169
7077,6-3015
7078,3-5831
7079,1-1977
7080,1-0803
7081,4-1406
7082,2-0179
7083,4-9809
7084,8-5347
7085,8-2009
7086,4-0752
7087,6-2352
7088,7-6879
7089,5-8907
7090,7-5705
7091,2-2463
7092,5-9793
7093,4-2917
7094,1-7590
7095,6-5023
7096,5-2088
7097,5-2741
7098,6-3669
7099,7-3310
7100,4-8067
7101,4-3260
7102,7-4192
7103,7-9298
7104,3-0699
7105,1-6668
7106,4-5202
7107,7-8243
7108,6-8858
7109,1-3414
7110,4-7859
7111,6-0469
7112,2-0471
7113,6-9648
7114,8-5712
7115,2-8180
7116,4-1865
7117,6-2419
7118,1-4323
7119,1-5213
7120,1-1770
7121,7-0848
7122,3-2308
7123,8-0658
7124,3-9374
7125,7-4369
7126,3-8315
7127,2-5503
7128,6-9264
7129,2-9778
7130,6-6039
7131,6-1871
7132,4-7265
7133,1-4537
7134,1-6157
7135,7-6295
7136,4-5958
7137,3-4451
7138,7-1793
7139,3-8192
7140,8-8265
7141,3-5267
7142,2-6884
7143,4-1332
7144,5-0411
7145,5-6410
7146,8-6586
7147,7-0720
7148,2-0215
7149,3-0789
7150,2-4018
7151,5-6703
7152,4-5082
7153,3-5237
7154,6-0060
7155,5-6800
7156,1-6802
7157,5-8896
7158,5-0100
7159,5-6386
7160,2-0400
7161,4-9002
7162,4-5512
7163,7-2461
7164,8-0896
7165,3-9696
7166,1-3669
7167,8-9002
7168,8-2442
7169,2-8677
7170,8-2107
7171,7-4877
7172,5-3841
7173,4-2462
7174,4-0841
7175,8-1680
7176,2-0807
7177,7-8104
7178,8-5398
7179,8-0692
7180,7-0790
7181,6-4559
7182,4-1400
7183,3-8220
7184,2-3321
7185,5-5413
7186,1-8829
7187,8-2272
7188,7-5821
7189,7-9015
7190,3-3138
7191,3-2818
7192,6-3835
7193,1-9159
7194,3-0504
7195,8-7714
7196,3-0220
7197,6-8287
7198,3-8394
7199,4-6554
7200,5-4374
7201,5-8511
7202,4-3302
7203,7-8619
7204,4-2732
7205,5-6427
7206,3-8858
7207,4-1607
7208,1-0988
7209,7-4856
7210,3-4070
7211,3-2695
7212,3-7949
7213,1-1353
7214,4-2429
7215,8-6393
7216,4-1115
7217,2-7195
7218,7-7288
7219,2-9680
7220,5-3690
7221,1-9575
7222,5-4302
7223,8-2921
7224,6-5078
7225,8-5186
7226,5-2140
7227,3-0402
7228,1-7958
7229,7-8811
7230,4-4683
7231,1-1180
7232,2-8875
7233,6-8875
7234,5-1958
7235,4-5168
7236,1-2075
7237,3-0073
7238,8-8860
7239,6-7389
7240,3-5854
7241,1-8131
7242,1-9365
7243,3-4894
7244,1-8861
7245,5-8607
7246,1-7542
7247,7-1616
7248,7-6152
7249,8-4219
7250,5-4626
7251,7-0237
7252,6-0040
7253,5-0986
7254,7-9619
7255,3-7696
7256,7-0568
7257,8-8320
7258,4-1519
7259,1-9120
7260,1-8234
7261,5-7495
7262,2-3740
7263,2-2060
7264,3-9916
7265,3-2184
7266,8-4734
7267,2-1139
7268,2-9717
7269,7-2283
7270,7-3514
7271,5-1322
7272,6-0847
7273,6-6325
7274,6-9614
7275,1-4322
7276,5-0932
7277,7-8244
7278,5-4881
7279,7-2593
7280,6-0272
7281,2-3806
7282,1-6462
7283,5-0876
7284,3-5809
7285,7-4211
7286,6-4617
7287,8-4930
7288,2-9566
7289,2-4003
7290,6-9220
7291,5-9242
7292,7-2607
7293,4-5235
7294,8-3420
7295,6-6282
7296,8-8054
7297,2-4201
7298,8-2683
7299,6-6333
7300,8-0237
7301,5-3505
7302,1-3554
7303,5-2157
7304,4-3758
7305,1-4865
7306,8-5472
7307,7-9947
7308,8-9258
7309,8-6853
7310,8-3261
7311,8-4864
7312,2-0855
7313,1-1396
7314,4-5227
7315,4-4401
7316,6-9601
7317,1-4721
7318,4-7947
7319,2-9484
7320,8-6082
7321,3-3796
7322,4-3933
7323,4-6236
7324,3-2110
7325,1-4942
7326,5-6083
7327,6-8204
7328,8-0051
7329,5-9565
7330,4-5657
7331,2-7791
7332,2-3803
7333,8-1599
7334,3-3114
7335,7-1080
7336,1-1352
7337,7-2383
7338,3-8774
7339,1-3225
7340,8-1812
7341,8-0561
7342,1-2074
7343,3-5684
7344,7-4637
7345,8-8349
7346,3-8843
7347,5-1373
7348,3-1083
7349,7-7573
7350,4-3620
7351,8-0436
7352,3-7621
7353,2-5440
7354,7-2410
7355,7-6308
7356,5-4252
7357,7-9549
7358,4-1030
7359,2-0691
7360,4-1669
7361,1-8105
7362,4-6844
7363,2-9213
7364,1-0799
7365,2-1775
7366,3-6972
7367,1-1653
7368,5-9462
7369,4-8891
7370,7-7826
7371,2-7670
7372,3-1982
7373,2-0183
7374,1-7543
7375,1-3528
7376,5-8503
7377,7-1306
7378,5-2183
7379,1-2199
7380,5-8951
7381,2-8628
7382,5-7868
7383,6-4342
7384,1-8970
7385,6-0022
7386,3-8139
7387,5-1631
7388,1-9482
7389,3-2321
7390,6-7694
7391,4-1102
7392,6-5907
7393,1-3470
7394,8-0596
7395,7-6354
7396,5-9489
7397,2-6969
7398,8-4522
7399,2-7017
7400,4-4559
7401,4-1598
7402,5-3435
7403,8-3709
7404,3-6137
7405,8-8146
7406,1-4368
7407,1-8620
7408,8-8998
7409,2-2866
7410,1-4773
7411,5-7776
7412,5-7515
7413,7-5928
7414,3-0554
7415,2-8071
7416,8-9107
7417,4-0334
7418,7-3952
7419,2-0698
7420,7-1881
7421,8-0457
7422,5-5064
7423,6-2235
7424,8-1450
7425,2-6153
7426,5-7665
7427,8-9301
7428,7-5956
7429,3-5188
7430,7-2197
7431,1-7849
7432,3-2395
7433,6-5190
7434,8-2182
7435,2-3544
7436,4-2440
7437,8-3539
7438,4-4867
7439,4-6809
7440,2-0776
7441,6-0521
7442,3-9199
7443,3-8614
7444,1-1499
7445,4-5329
7446,4-9972
7447,8-9212
7448,1-9937
7449,6-6738
7450,8-7816
7451,3-2052
7452,8-6775
7453,1-7681
7454,5-0714
7455,2-3179
7456,2-3091
7457,7-3949
7458,8-0569
7459,3-3949
7460,1-1510
7461,2-6099
7462,2-3300
7463,2-4806
7464,8-3772
7465,7-9177
7466,5-0934
7467,8-3695
7468,3-7837
7469,1-4676
7470,8-0651
7471,7-2954
7472,3-6505
7473,3-7107
7474,1-5810
7475,3-6415
7476,1-4646
7477,6-3231
7478,4-0520
7479,3-2868
7480,6-5562
7481,5-9752
7482,4-1950
7483,4-2189
7484,4-6635
7485,1-6381
7486,7-0740
7487,5-5776
7488,8-6468
7489,4-9373
7490,1-0234
7491,3-4871
7492,4-2283
7493,1-4431
7494,4-5037
7495,3-0225
7496,7-4283
7497,6-9062
7498,1-0536
7499,8-7617
7500,5-5449
7501,1-8772
7502,2-0033
7503,1-7566
7504,4-2521
7505,8-3675
7506,3-0065
7507,3-8844
7508,3-8200
7509,6-4588
7510,5-4206
7511,6-7302
7512,7-6001
7513,8-7731
7514,3-0621
7515,3-8395
7516,6-6138
7517,8-0611
7518,4-3850
7519,1-1929
7520,3-7600
7521,1-0413
7522,3-0163
7523,7-4999
7524,1-8040
7525,5-0093
7526,5-5483
7527,2-6031
7528,1-1235
7529,1-7887
7530,7-9724
7531,5-5829
7532,6-9328
7533,6-7042
7534,7-2839
7535,3-3454
7536,4-6802
7537,3-3453
7538,2-0155
7539,6-6141
7540,3-8947
7541,4-4963
7542,3-0255
7543,6-4343
7544,3-3952
7545,2-5384
7546,7-1172
7547,7-0655
7548,1-0653
7549,5-6417
7550,4-5385
7551,2-1402
7552,2-0986
7553,6-3324
7554,5-3766
7555,1-8914
7556,7-6903
7557,1-6014
7558,1-7069
7559,5-3568
7560,4-4761
7561,8-8374
7562,4-4869
7563,8-5905
7564,5-8222
7565,8-8376
7566,5-5963
7567,5-1237
7568,2-5652
7569,3-3599
7570,8-4895
7571,2-3262
7572,4-6605
7573,5-0336
7574,4-8662
7575,8-6892
7576,2-0244
7577,6-7850
7578,3-7288
7579,1-4262
7580,1-5706
7581,1-6994
7582,1-3405
7583,3-5128
7584,3-7350
7585,2-6142
7586,1-5373
7587,5-6481
7588,2-3177
7589,8-3078
7590,8-4855
7591,4-5072
7592,3-7580
7593,7-6182
7594,1-3683
7595,2-7111
7596,7-6816
7597,3-3566
7598,1-3226
7599,3-6515
7600,3-3648
7601,7-0296
7602,2-0270
7603,8-7436
7604,2-7727
7605,4-1131
7606,5-7235
7607,1-9997
7608,2-5168
7609,5-3458
7610,8-3275
7611,3-3149
7612,5-0736
7613,6-2143
7614,5-7951
7615,8-2835
7616,1-6013
7617,1-7751
7618,7-9746
7619,7-4012
7620,2-4949
7621,4-3700
7622,1-7512
7623,8-1597
7624,2-5909
7625,1-6356
7626,7-9817
7627,3-9974
7628,3-3830
7629,2-4556
7630,2-6444
7631,7-7015
7632,1-4070
7633,5-3835
7634,2-7904
7635,2-0570
7636,2-3847
7637,7-6634
7638,8-1746
7639,6-4414
7640,5-0938
7641,2-0122
7642,7-1291
7643,1-9112
7644,1-7804
7645,5-7454
7646,4-6048
7647,8-8240
7648,8-4709
7649,4-4996
7650,2-0965
7651,2-7197
7652,8-5458
7653,8-4060
7654,6-8555
7655,8-1907
7656,7-0753
7657,4-7710
7658,5-2505
7659,7-0897
7660,3-8595
7661,2-3357
7662,4-0431
7663,6-3722
7664,3-3203
7665,7-5510
7666,7-1538
7667,7-1036
7668,8-5125
7669,3-7548
7670,6-9979
7671,1-2155
7672,5-5241
7673,7-1297
7674,7-8369
7675,2-3801
7676,2-7458
7677,4-1849
7678,2-0863
7679,8-3173
7680,5-0608
7681,5-0327
7682,7-3896
7683,7-3209
7684,7-3985
7685,7-7103
7686,7-9434
7687,4-7090
7688,2-4723
7689,2-4585
7690,8-0530
7691,3-1668
7692,6-3551
7693,7-5469
7694,7-0321
7695,4-2350
7696,8-2290
7697,4-6246
7698,3-1630
7699,2-5907
7700,5-7226
7701,1-7408
7702,5-0110
7703,6-9665
7704,3-9211
7705,2-1795
7706,3-5724
7707,3-4792
7708,5-7456
7709,3-9501
7710,5-5757
7711,4-2447
7712,4-6859
7713,3-0345
7714,2-0737
7715,6-1603
7716,1-1171
7717,3-0630
7718,4-3248
7719,1-8681
7720,2-6011
7721,1-7345
7722,3-5066
7723,8-5468
7724,1-6954
7725,7-0797
7726,6-5065
7727,4-3791
7728,1-9760
7729,8-1892
7730,2-5444
7731,5-9657
7732,4-2419
7733,6-8561
7734,3-1452
7735,1-1614
7736,2-9453
7737,8-2183
7738,6-5641
7739,8-0280
7740,6-4858
7741,6-2443
7742,8-1492
7743,8-6070
7744,8-9433
7745,7-5190
7746,2-1344
7747,6-0055
7748,2-9139
7749,6-5759
7750,7-4407
7751,8-0340
7752,3-2646
7753,4-5375
7754,8-6130
7755,4-8131
7756,5-6285
7757,2-4495
7758,1-2952
7759,1-9457
7760,5-8829
7761,8-0099
7762,7-6800
7763,6-4984
7764,5-0913
7765,4-6498
7766,5-6439
7767,7-2052
7768,7-4800
7769,1-3366
7770,6-2797
7771,7-3012
7772,7-3914
7773,7-5979
7774,5-3542
7775,1-9279
7776,2-1547
7777,1-1622
7778,5-0371
7779,6-4519
7780,4-1777
7781,1-4482
7782,5-0805
7783,5-9820
7784,4-1856
7785,2-7386
7786,3-6335
7787,5-9885
7788,2-3145
7789,3-8692
7790,1-9328
7791,8-4043
7792,2-7471
7793,2-0843
7794,7-3180
7795,7-4940
7796,2-6795
7797,7-4240
7798,1-9562
7799,7-0398
7800,2-0174
7801,7-1087
7802,5-2589
7803,1-7325
7804,7-4990
7805,8-0914
7806,4-3498
7807,4-0488
7808,7-3946
7809,5-3251
7810,6-5343
7811,1-5506
7812,5-1284
7813,4-2100
7814,5-7393
7815,4-4130
7816,4-0496
7817,8-5028
7818,3-7553
7819,4-1700
7820,4-2241
7821,3-8213
7822,4-2970
7823,5-0954
7824,1-6102
7825,3-0934
7826,7-0562
7827,1-0616
7828,1-0453
7829,7-5099
7830,1-0325
7831,3-6259
7832,5-7954
7833,4-0279
7834,7-3537
7835,5-9320
7836,6-2653
7837,3-4665
7838,4-1413
7839,1-6886
7840,8-0897
7841,6-9222
7842,7-5370
7843,7-7096
7844,5-1491
7845,3-4189
7846,6-9134
7847,1-2020
7848,8-9227
7849,6-0238
7850,2-6805
7851,3-1796
7852,6-0415
7853,4-0307
7854,4-4810
7855,1-0354
7856,8-5859
7857,8-6485
7858,5-9516
7859,2-3193
7860,4-8781
7861,1-1223
7862,8-9409
7863,2-3298
7864,2-4787
7865,6-9686
7866,6-6725
7867,3-1686
7868,4-2808
7869,5-5582
7870,4-0499
7871,8-0817
7872,3-8456
7873,7-2984
7874,1-2464
7875,8-0011
7876,3-0816
7877,4-3103
7878,4-2684
7879,8-1045
7880,4-4918
7881,7-2901
7882,4-0347
7883,2-8374
7884,6-4725
7885,3-2743
7886,4-3896
7887,4-1007
7888,8-6547
7889,2-1587
7890,5-6205
7891,8-3658
7892,8-7628
7893,4-8350
7894,1-1797
7895,4-0936
7896,5-8877
7897,4-1970
7898,7-2958
7899,4-3600
7900,6-7321
7901,5-3956
7902,7-3451
7903,5-4366
7904,1-4598
7905,8-1604
7906,8-5920
7907,2-4791
7908,4-0534
7909,4-9708
7910,1-7687
7911,6-7199
7912,1-8481
7913,1-0055
7914,2-7277
7915,3-8204
7916,4-3426
7917,3-2112
7918,6-7331
7919,6-3845
7920,7-4402
7921,1-9651
7922,3-0114
7923,4-9492
7924,8-5487
7925,3-2643
7926,2-5932
7927,5-0921
7928,8-4018
7929,5-8337
7930,5-7160
7931,3-4683
7932,2-3235
7933,8-4948
7934,6-5260
7935,7-3197
7936,5-0362
7937,5-0793
7938,5-5655
7939,2-9549
7940,2-8894
7941,5-9403
7942,8-5928
7943,6-5527
7944,5-9020
7945,1-6164
7946,8-2823
7947,8-2628
7948,5-7084
7949,6-0914
7950,6-4906
7951,5-6478
7952,3-7903
7953,5-1610
7954,3-8668
7955,6-1178
7956,5-3293
7957,5-2559
7958,6-0052
7959,3-4568
7960,3-7142
7961,3-5184
7962,4-0464
7963,8-4409
7964,2-5153
7965,2-8563
7966,8-1654
7967,6-3434
7968,4-6593
7969,7-2862
7970,4-9948
7971,5-1959
7972,1-7203
7973,5-9931
7974,1-1877
7975,8-4808
7976,4-2358
7977,5-3107
7978,7-2272
7979,6-3475
7980,2-3107
7981,1-4522
7982,4-2223
7983,4-2129
7984,1-7954
7985,1-1586
7986,5-6397
7987,1-5271
7988,6-1989
7989,5-1131
7990,6-9641
7991,3-9984
7992,8-0137
7993,1-8777
7994,7-6897
7995,1-8519
7996,5-7996
7997,8-0777
7998,7-3455
7999,4-2968
8000,8-3337
8001,4-6780
8002,5-2864
8003,3-9213
8004,6-1420
8005,8-9249
8006,2-4900
8007,1-1918
8008,2-9917
8009,3-6512
8010,5-7444
8011,3-8520
8012,6-3134
8013,3-2048
8014,8-1278
8015,2-7587
8016,7-8297
8017,5-1030
8018,4-0269
8019,4-4535
8020,3-6645
8021,1-2198
8022,8-7753
8023,7-8169
8024,4-1330
8025,6-8408
8026,5-2225
8027,6-0294
8028,4-8146
8029,2-6463
8030,4-4090
8031,3-6712
8032,2-6775
8033,7-2768
8034,4-2943
8035,4-6870
8036,1-6512
8037,6-6358
8038,5-0042
8039,5-2641
8040,8-0269
8041,6-3229
8042,5-0188
8043,4-5887
8044,7-3492
8045,6-4792
8046,6-6235
8047,3-3197
8048,1-2706
8049,7-7142
8050,5-6614
8051,3-8176
8052,8-6163
8053,4-0025
8054,6-2534
8055,2-2529
8056,2-7213
8057,5-7747
8058,3-6815
8059,3-5749
8060,2-4705
8061,2-9347
8062,1-4155
8063,1-8546
8064,7-6223
8065,5-4395
8066,2-0130
8067,2-0205
8068,7-6497
8069,1-2169
8070,8-2266
8071,5-7271
8072,7-4780
8073,7-8938
8074,6-6587
8075,1-1624
8076,3-9009
8077,2-5857
8078,4-6716
8079,1-2646
8080,6-4058
8081,8-9323
8082,5-1640
8083,3-0530
8084,3-8021
8085,2-4491
8086,2-4965
8087,5-4673
8088,5-3272
8089,5-9091
8090,5-8796
8091,2-7869
8092,3-6892
8093,5-5365
8094,8-9289
8095,6-9702
8096,7-7772
8097,6-8927
8098,1-6845
8099,2-2141
8100,4-1566
8101,3-8678
8102,1-8581
8103,8-9145
8104,3-5680
8105,7-2375
8106,6-6404
8107,1-9811
8108,4-7963
8109,5-3073
8110,4-5186
8111,6-9471
8112,1-1124
8113,7-0731
8114,1-1365
8115,4-8322
8116,4-5244
8117,5-8250
8118,3-7539
8119,8-2905
8120,8-7285
8121,5-8457
8122,8-4988
8123,3-3295
8124,8-7357
8125,4-2676
8126,3-5790
8127,1-2062
8128,2-2344
8129,8-4114
8130,4-8881
8131,5-5386
8132,8-7411
8133,8-4439
8134,3-8588
8135,3-7762
8136,2-0234
8137,2-4014
8138,3-8372
8139,4-2827
8140,8-6355
8141,3-1440
8142,8-9373
8143,8-6745
8144,4-7404
8145,7-5781
8146,6-6292
8147,4-4150
8148,2-8584
8149,8-1179
8150,4-6738
8151,5-8362
8152,1-6951
8153,6-2369
8154,2-0024
8155,7-4828
8156,7-7564
8157,7-3803
8158,3-5850
8159,4-9068
8160,4-6753
8161,4-8095
8162,4-4969
8163,3-2097
8164,4-8542
8165,6-3397
8166,2-2065
8167,1-2896
8168,4-1386
8169,3-9122
8170,1-2483
8171,4-0274
8172,4-9983
8173,5-3883
8174,3-4512
8175,7-2470
8176,8-4317
8177,1-8813
8178,7-7716
8179,7-7020
8180,3-1585
8181,7-8179
8182,5-5830
8183,7-0111
8184,5-3774
8185,5-9876
8186,7-4578
8187,5-8656
8188,3-9626
8189,2-3502
8190,7-1767
8191,2-8979
8192,1-8034
8193,4-8341
8194,8-1234
8195,7-9443
8196,6-1470
8197,8-5738
8198,8-5128
8199,7-7356
8200,5-0807
8201,4-5346
8202,4-0228
8203,4-7233
8204,5-1230
8205,1-7662
8206,4-4959
8207,4-3388
8208,5-4865
8209,2-4371
8210,4-3453
8211,8-7340
8212,7-7262
8213,1-8886
8214,1-9406
8215,5-9602
8216,7-2271
8217,6-7539
8218,6-5335
8219,8-1176
8220,6-1969
8221,3-7937
8222,3-2367
8223,4-9811
8224,3-7897
8225,1-3413
8226,5-6122
8227,1-7682
8228,6-7409
8229,2-2163
8230,4-0403
8231,8-9348
8232,6-7146
8233,4-8017
8234,6-1332
8235,5-1806
8236,8-1903
8237,8-0667
8238,1-9711
8239,3-3649
8240,2-5387
8241,5-5181
8242,6-7908
8243,3-9386
8244,6-2004
8245,1-1519
8246,4-9686
8247,7-8168
8248,3-4519
8249,8-5812
8250,6-7974
8251,4-0880
8252,6-3387
8253,8-3822
8254,2-7636
8255,7-5764
8256,5-9649
8257,2-5128
8258,4-7930
8259,4-8534
8260,3-3211
8261,5-6861
8262,8-3907
8263,4-6992
8264,2-3187
8265,5-2119
8266,6-7116
8267,7-4748
8268,4-0211
8269,4-7058
8270,1-1634
8271,4-8466
8272,5-4645
8273,1-4611
8274,7-7639
8275,1-1387
8276,4-8801
8277,6-0799
8278,5-5662
8279,5-4497
8280,4-5452
8281,3-9587
8282,6-9307
8283,8-1972
8284,6-9514
8285,4-8475
8286,3-1770
8287,1-1874
8288,5-6525
8289,3-7280
8290,3-3012
8291,8-1484
8292,5-3164
8293,2-6148
8294,8-3091
8295,1-7196
8296,6-9053
8297,4-6888
8298,3-5930
8299,8-7178
8300,1-4503
8301,8-7305
8302,8-9853
8303,5-4448
8304,5-5025
8305,6-2566
8306,7-0146
8307,1-4014
8308,6-2961
8309,8-2968
8310,5-1088
8311,6-6664
8312,2-5515
8313,5-2208
8314,6-0944
8315,3-6290
8316,7-0883
8317,6-1272
8318,7-1079
8319,4-3142
8320,2-1265
8321,3-4690
8322,6-9817
8323,7-5372
8324,2-6979
8325,3-2863
8326,1-5769
8327,1-7248
8328,2-5841
8329,5-1865
8330,8-0256
8331,7-6430
8332,4-6968
8333,3-4263
8334,4-0148
8335,8-1173
8336,4-0068
8337,1-4642
8338,5-6399
8339,5-0579
8340,2-9907
8341,7-1403
8342,1-1962
8343,1-1261
8344,7-8332
8345,3-4659
8346,6-2890
8347,2-5086
8348,6-1230
8349,7-3980
8350,6-3501
8351,7-8074
8352,3-7717
8353,5-7884
8354,3-2666
8355,2-5237
8356,4-8238
8357,1-3664
8358,1-5326
8359,7-0798
8360,5-5609
8361,3-5430
8362,6-4848
8363,4-8224
8364,7-3286
8365,6-0072
8366,4-1614
8367,8-5994
8368,1-7702
8369,3-6854
8370,4-8039
8371,4-0589
8372,1-8562
8373,8-6251
8374,3-1792
8375,7-3419
8376,6-4900
8377,7-3224
8378,1-0949
8379,8-7833
8380,6-5573
8381,4-7013
8382,5-1771
8383,3-0509
8384,6-7021
8385,6-9483
8386,5-5900
8387,7-4862
8388,4-8808
8389,2-2192
8390,7-7154
8391,1-4158
8392,4-3484
8393,5-1375
8394,2-5430
8395,1-7138
8396,6-4136
8397,1-9346
8398,1-1816
8399,4-0973
8400,3-3620
8401,4-9758
8402,3-9225
8403,4-6652
8404,6-7990
8405,7-1654
8406,6-3530
8407,5-4171
8408,8-9083
8409,2-2243
8410,6-5782
8411,7-3709
8412,8-8711
8413,8-8379
8414,5-9972
8415,5-7227
8416,3-0831
8417,5-8197
8418,8-2761
8419,3-3328
8420,4-1343
8421,3-7861
8422,7-1121
8423,5-2245
8424,3-0563
8425,4-7001
8426,7-8084
8427,8-1535
8428,4-5839
8429,8-3077
8430,7-5530
8431,8-8016
8432,7-9951
8433,7-4611
8434,1-1186
8435,5-0226
8436,4-7569
8437,8-4964
8438,7-3504
8439,1-6311
8440,8-7216
8441,7-3897
8442,8-3679
8443,6-5888
8444,3-7841
8445,8-6639
8446,5-5351
8447,6-4882
8448,1-8270
8449,4-9782
8450,8-5856
8451,7-0393
8452,1-1712
8453,8-8831
8454,8-7367
8455,2-7276
8456,5-2431
8457,6-9115
8458,4-4057
8459,1-4088
8460,7-8478
8461,4-0181
8462,1-8345
8463,2-4595
8464,5-9889
8465,4-2298
8466,1-9951
8467,1-9590
8468,8-4688
8469,3-8501
8470,3-1471
8471,7-7013
8472,1-5330
8473,2-3037
8474,7-7109
8475,7-7728
8476,4-4573
8477,8-8538
8478,4-8805
8479,8-1160
8480,8-6934
8481,5-9394
8482,8-0554
8483,7-4606
8484,8-0565
8485,4-0119
8486,3-1661
8487,1-3099
8488,2-9200
8489,1-1209
8490,5-7381
8491,8-2108
8492,4-9317
8493,1-6508
8494,3-7872
8495,2-0955
8496,2-1549
8497,5-2369
8498,8-5119
8499,7-9375
8500,2-2735
8501,2-0347
8502,2-1129
8503,3-4498
8504,6-0451
8505,2-2263
8506,4-4720
8507,2-6677
8508,5-5868
8509,3-2830
8510,7-1749
8511,2-4758
8512,1-1024
8513,5-0680
8514,4-3351
8515,8-3488
8516,3-9527
8517,3-8097
8518,8-9574
8519,4-3668
8520,6-2416
8521,6-3648
8522,1-5027
8523,3-7443
8524,5-4519
8525,3-1473
8526,4-2091
8527,7-1484
8528,1-9466
8529,5-7503
8530,4-9706
8531,4-9545
8532,3-0764
8533,2-0404
8534,2-3658
8535,8-9622
8536,8-5613
8537,5-9482
8538,8-6908
8539,1-9985
8540,5-0513
8541,8-0924
8542,3-8009
8543,2-5994
8544,1-4887
8545,5-2997
8546,1-0115
8547,8-7154
8548,5-2435
8549,1-1895
8550,7-2569
8551,6-8328
8552,8-5533
8553,1-2107
8554,7-4807
8555,3-1351
8556,7-0685
8557,6-8394
8558,8-6033
8559,1-4685
8560,5-0403
8561,6-5324
8562,3-0592
8563,7-9911
8564,4-1999
8565,3-2297
8566,8-2638
8567,3-3164
8568,3-9636
8569,6-7113
8570,5-2841
8571,8-0591
8572,8-3115
8573,4-4220
8574,5-8983
8575,4-6391
8576,4-5935
8577,1-3221
8578,5-5423
8579,7-2884
8580,4-7560
8581,4-0757
8582,4-3548
8583,3-9410
8584,5-0730
8585,4-9599
8586,4-3370
8587,1-1779
8588,8-1165
8589,6-7237
8590,7-0713
8591,6-4539
8592,6-9651
8593,3-2843
8594,4-5838
8595,6-2262
8596,2-3464
8597,7-8134
8598,1-8302
8599,6-1294
8600,4-6566
8601,2-9810
8602,4-2307
8603,6-7398
8604,1-3924
8605,3-5498
8606,3-8425
8607,7-7912
8608,7-3690
8609,6-1745
8610,2-1629
8611,2-8730
8612,1-8393
8613,3-6103
8614,1-2847
8615,2-3633
8616,4-4626
8617,7-5361
8618,1-3979
8619,3-6989
8620,1-4433
8621,2-1586
8622,4-3053
8623,7-1292
8624,5-9732
8625,6-7693
8626,1-6399
8627,3-0561
8628,8-0106
8629,2-4879
8630,4-2057
8631,2-3348
8632,1-0190
8633,2-7918
8634,5-9159
8635,1-3265
8636,2-3870
8637,4-3075
8638,6-6061
8639,8-7513
8640,4-1303
8641,2-5775
8642,1-9774
8643,4-9833
8644,4-9410
8645,3-3822
8646,3-1936
8647,6-2951
8648,5-3025
8649,2-9678
8650,7-0692
8651,6-6567
8652,6-2452
8653,4-8519
8654,3-7685
8655,8-9008
8656,6-9081
8657,7-7404
8658,1-5265
8659,8-5453
8660,6-5255
8661,8-2143
8662,4-5908
8663,4-7054
8664,2-6209
8665,1-7207
8666,2-2946
8667,4-3875
8668,3-9013
8669,1-8998
8670,7-2172
8671,8-9643
8672,1-7130
8673,3-5202
8674,4-3285
8675,5-7359
8676,3-7417
8677,7-8675
8678,5-0996
8679,8-0894
8680,2-5681
8681,6-0841
8682,1-3710
8683,2-6277
8684,8-6903
8685,6-6022
8686,1-8470
8687,3-8208
8688,5-4488
8689,4-7366
8690,1-0457
8691,7-2038
8692,4-8180
8693,3-2874
8694,3-8317
8695,8-5345
8696,4-6987
8697,3-5661
8698,4-3202
8699,3-7972
8700,1-0136
8701,8-3027
8702,3-9346
8703,2-4808
8704,1-1052
8705,5-6109
8706,6-9432
8707,6-8751
8708,6-5838
8709,1-7913
8710,4-9963
8711,6-4844
8712,1-7443
8713,3-4362
8714,8-6045
8715,4-2137
8716,4-1740
8717,6-5188
8718,4-4803
8719,3-7112
8720,3-6759
8721,2-8394
8722,5-9271
8723,5-1763
8724,7-9916
8725,1-7758
8726,7-5977
8727,7-8249
8728,7-9210
8729,2-4206
8730,3-6322
8731,7-8868
8732,2-2002
8733,5-7535
8734,6-0691
8735,5-9292
8736,4-3863
8737,4-8300
8738,1-5169
8739,3-6338
8740,6-5853
8741,8-3842
8742,1-0014
8743,2-6002
8744,1-0704
8745,1-3792
8746,7-3052
8747,3-9627
8748,4-9938
8749,6-2092
8750,6-8195
8751,6-8081
8752,5-6961
8753,7-5534
8754,5-2043
8755,1-4753
8756,4-9682
8757,7-5547
8758,4-3060
8759,2-7015
8760,6-5308
8761,2-1837
8762,4-7085
8763,1-6923
8764,4-9767
8765,5-4322
8766,2-3039
8767,6-1125
8768,7-7508
8769,4-6578
8770,3-3852
8771,3-6528
8772,2-0734
8773,7-7238
8774,7-6826
8775,3-6434
8776,5-7193
8777,8-0423
8778,2-7536
8779,1-8050
8780,3-0908
8781,7-4651
8782,8-1213
8783,4-8207
8784,5-3514
8785,1-7511
8786,8-4639
8787,2-4493
8788,1-3430
8789,4-2041
8790,5-1879
8791,6-2462
8792,3-1631
8793,6-8592
8794,7-7928
8795,1-8067
8796,4-3783
8797,5-6436
8798,1-2522
8799,6-8011
8800,2-9035
8801,2-3181
8802,4-6192
8803,5-6946
8804,3-8073
8805,6-7371
8806,6-6601
8807,6-3625
8808,8-3576
8809,2-1223
8810,3-9134
8811,8-3400
8812,3-1289
8813,1-8325
8814,3-4387
8815,4-5275
8816,8-7574
8817,4-7901
8818,5-4799
8819,4-7867
8820,6-6551
8821,1-8435
8822,6-5540
8823,2-0708
8824,2-4316
8825,1-4974
8826,2-2690
8827,5-6747
8828,2-4634
8829,4-8152
8830,6-2386
8831,3-0558
8832,5-4382
8833,7-6002
8834,7-7119
8835,5-9702
8836,4-1466
8837,5-1876
8838,7-5539
8839,3-3570
8840,6-1255
8841,2-6664
8842,1-0557
8843,2-4271
8844,8-2447
8845,5-5849
8846,3-0124
8847,5-7833
8848,8-0344
8849,2-4813
8850,7-6861
8851,3-4023
8852,1-5556
8853,7-9994
8854,2-0142
8855,3-2956
8856,1-7347
8857,1-7826
8858,3-7694
8859,1-4710
8860,6-1281
8861,1-5813
8862,5-6272
8863,8-6827
8864,7-3907
8865,1-0399
8866,4-3698
8867,5-3146
8868,1-8152
8869,3-9070
8870,6-0439
8871,6-8945
8872,4-0285
8873,4-7002
8874,1-0839
8875,3-9263
8876,5-9570
8877,3-8267
8878,2-0720
8879,2-3874
8880,6-1789
8881,6-5993
8882,8-8994
8883,1-6373
8884,2-9240
8885,1-3343
8886,6-7891
8887,2-5201
8888,5-9146
8889,3-4101
8890,1-5739
8891,2-9230
8892,1-2875
8893,5-5544
8894,8-7242
8895,4-8129
8896,1-5821
8897,8-2508
8898,3-0262
8899,6-7379
8900,8-3225
8901,7-1862
8902,2-5110
8903,3-8163
8904,2-4504
8905,3-4625
8906,1-9638
8907,8-2175
8908,5-3891
8909,8-3833
8910,3-1682
8911,3-8651
8912,4-2207
8913,6-2132
8914,6-1095
8915,4-1431
8916,5-9829
8917,3-4336
8918,7-0404
8919,1-0423
8920,4-4320
8921,7-0110
8922,6-1805
8923,6-2607
8924,3-7656
8925,3-4727
8926,8-4332
8927,1-0673
8928,8-9533
8929,4-9989
8930,1-8310
8931,6-9385
8932,8-4293
8933,4-6450
8934,1-5941
8935,4-1084
8936,8-3026
8937,1-1814
8938,3-3183
8939,1-1003
8940,2-1654
8941,5-5164
8942,5-5476
8943,4-0971
8944,1-5562
8945,5-7296
8946,5-3485
8947,1-7199
8948,5-6099
8949,6-6438
8950,8-1996
8951,4-0443
8952,4-3047
8953,5-6888
8954,4-9195
8955,2-3821
8956,2-5749
8957,2-4700
8958,3-2969
8959,8-6721
8960,1-0934
8961,4-8126
8962,6-9292
8963,3-2964
8964,8-7518
8965,1-8466
8966,4-5407
8967,1-0154
8968,6-9458
8969,5-8119
8970,8-8752
8971,2-3427
8972,5-4425
8973,7-4049
8974,4-0531
8975,8-4528
8976,3-9948
8977,2-5710
8978,5-9059
8979,6-2372
8980,1-7995
8981,5-2049
8982,7-3332
8983,7-3199
8984,3-0034
8985,5-7931
8986,3-5346
8987,5-5734
8988,3-5677
8989,5-3340
8990,7-2617
8991,6-4118
8992,5-0436
8993,8-3131
8994,1-4473
8995,3-4421
8996,5-1927
8997,1-6769
8998,1-3657
8999,4-9258
9000,4-2718
9001,1-2404
9002,4-8426
9003,5-3860
9004,4-3622
9005,3-6139
9006,7-6966
9007,4-2125
9008,6-6297
9009,7-9424
9010,1-1542
9011,8-9554
9012,5-2003
9013,6-5147
9014,4-4995
9015,1-7982
9016,3-5715
9017,5-9981
9018,4-7873
9019,8-9959
9020,7-8376
9021,7-3062
9022,5-8856
9023,7-8363
9024,1-3454
9025,6-0317
9026,4-5308
9027,7-9300
9028,1-4883
9029,7-0432
9030,3-0287
9031,7-5559
9032,8-4773
9033,2-8416
9034,4-6885
9035,4-4050
9036,1-1463
9037,6-9324
9038,6-4557
9039,8-0357
9040,1-5522
9041,1-3068
9042,4-4836
9043,8-9491
9044,6-7516
9045,8-8772
9046,5-2483
9047,3-5566
9048,4-5389
9049,4-5134
9050,2-5265
9051,7-4497
9052,1-5304
9053,8-0803
9054,6-3183
9055,8-9502
9056,5-3636
9057,1-8657
9058,3-5302
9059,2-3584
9060,6-4710
9061,5-9905
9062,5-6259
9063,5-3465
9064,2-7225
9065,2-9572
9066,2-2600
9067,1-8992
9068,6-1213
9069,2-1301
9070,4-8528
9071,1-2560
9072,3-6523
9073,2-1857
9074,8-0255
9075,1-4716
9076,3-4543
9077,4-2025
9078,5-9874
9079,2-5900
9080,3-0819
9081,4-1369
9082,1-3733
9083,3-9903
9084,7-3238
9085,3-1031
9086,7-3686
9087,1-4547
9088,8-8563
9089,8-1558
9090,2-8590
9091,4-2612
9092,8-2541
9093,2-3908
9094,5-3471
9095,6-9591
9096,2-3931
9097,6-3733
9098,4-1982
9099,2-9403
9100,7-0728
9101,2-0587
9102,5-1301
9103,6-1266
9104,5-9729
9105,2-2569
9106,8-0258
9107,5-0501
9108,1-4259
9109,7-7147
9110,4-0175
9111,3-0710
9112,6-0280
9113,3-1834
9114,2-4682
9115,2-7946
9116,6-5959
9117,5-6616
9118,7-2144
9119,3-0613
9120,4-0868
9121,2-6461
9122,1-5855
9123,3-9695
9124,4-7875
9125,7-7884
9126,6-3497
9127,6-1978
9128,5-9568
9129,7-1518
9130,3-9563
9131,4-8040
9132,8-1328
9133,7-0734
9134,2-4901
9135,2-5623
9136,4-9858
9137,3-7532
9138,4-8773
9139,2-8168
9140,8-2185
9141,5-2947
9142,4-5159
9143,7-7380
9144,2-3641
9145,6-2161
9146,1-0199
9147,7-0551
9148,7-5092
9149,5-7207
9150,1-9635
9151,1-8018
9152,2-9639
9153,2-9164
9154,1-7809
9155,4-2325
9156,3-1648
9157,6-1522
9158,4-6315
9159,1-5918
9160,8-0772
9161,1-6017
9162,3-8647
9163,7-5382
9164,1-2693
9165,7-7303
9166,3-0793
9167,5-2309
9168,8-0246
9169,5-8608
9170,8-4478
9171,3-6510
9172,4-8722
9173,6-7769
9174,5-6845
9175,7-1512
9176,6-0546
9177,8-8471
9178,6-4063
9179,8-0662
9180,1-7997
9181,5-3333
9182,8-8878
9183,4-2087
9184,2-1115
9185,4-6133
9186,6-9148
9187,3-3346
9188,4-3011
9189,3-3423
9190,8-6528
9191,4-0597
9192,8-5696
9193,4-9659
9194,5-8090
9195,2-9393
9196,4-4593
9197,1-8983
9198,6-5619
9199,8-6882
9200,8-5209
9201,6-0204
9202,7-9095
9203,1-8073
9204,4-3384
9205,5-7457
9206,2-3698
9207,2-4874
9208,8-0487
9209,7-8834
9210,1-2444
9211,1-6242
9212,5-5919
9213,1-0953
9214,7-3864
9215,2-2868
9216,1-2675
9217,1-4508
9218,6-3159
9219,2-3670
9220,7-4758
9221,2-4151
9222,8-4340
9223,4-5874
9224,7-9612
9225,7-0375
9226,4-6335
9227,4-2691
9228,1-6461
9229,5-5209
9230,6-7162
9231,4-5139
9232,5-1541
9233,7-6169
9234,7-2004
9235,2-2058
9236,8-0542
9237,6-9209
9238,7-0098
9239,5-6026
9240,2-4837
9241,4-8975
9242,1-8343
9243,7-5409
9244,8-4494
9245,7-5033
9246,1-6231
9247,3-9056
9248,2-7776
9249,4-4182
9250,3-9604
9251,5-4294
9252,3-2382
9253,8-9060
9254,8-0579
9255,3-9100
9256,6-4727
9257,1-3013
9258,2-5617
9259,8-8042
9260,3-9087
9261,4-7683
9262,7-8793
9263,3-9806
9264,4-0960
9265,1-3975
9266,3-4528
9267,6-1685
9268,8-6596
9269,2-5281
9270,6-8243
9271,2-4566
9272,4-8468
9273,4-5787
9274,4-7701
9275,2-6850
9276,1-8114
9277,1-0260
9278,1-8611
9279,1-4511
9280,3-8506
9281,6-3411
9282,6-7195
9283,6-5543
9284,7-5806
9285,5-6764
9286,4-5167
9287,2-6669
9288,8-0949
9289,4-6810
9290,5-3379
9291,4-6999
9292,7-8156
9293,3-8578
9294,6-8649
9295,8-0356
9296,7-7061
9297,6-6740
9298,2-2944
9299,6-6460
9300,2-0568
9301,1-4838
9302,8-1522
9303,3-0967
9304,8-5588
9305,1-5016
9306,1-6728
9307,5-9556
9308,6-1443
9309,4-8721
9310,4-3536
9311,5-4087
9312,3-0339
9313,6-6380
9314,5-8393
9315,2-3466
9316,6-3453
9317,2-6106
9318,3-4561
9319,4-4253
9320,6-4526
9321,6-9224
9322,5-2722
9323,3-7426
9324,3-0105
9325,2-0361
9326,3-9987
9327,3-7013
9328,5-0503
9329,5-1518
9330,6-6838
9331,6-3800
9332,3-7236
9333,3-8555
9334,5-7241
9335,4-7649
9336,4-0504
9337,5-8451
9338,5-4347
9339,7-8325
9340,3-6136
9341,2-1963
9342,6-7185
9343,4-3777
9344,5-1023
9345,6-1832
9346,2-9076
9347,3-0945
9348,8-3964
9349,1-5338
9350,7-1202
9351,6-8173
9352,5-3363
9353,8-5165
9354,1-4585
9355,5-4978
9356,5-9578
9357,1-5255
9358,2-8270
9359,1-9000
9360,5-7501
9361,1-4671
9362,3-6914
9363,4-1981
9364,7-8315
9365,6-1025
9366,8-5049
9367,1-4968
9368,5-8077
9369,1-9484
9370,8-9966
9371,1-9137
9372,1-3845
9373,3-0464
9374,5-1048
9375,3-9756
9376,2-0903
9377,1-7097
9378,3-2936
9379,8-1161
9380,4-3464
9381,7-3299
9382,2-8034
9383,8-4586
9384,1-1600
9385,5-2554
9386,2-3903
9387,1-7374
9388,8-7506
9389,8-0739
9390,8-2260
9391,8-7683
9392,8-4187
9393,6-4319
9394,2-2209
9395,8-5335
9396,6-8572
9397,3-0250
9398,7-6272
9399,3-7916
9400,8-0001
9401,7-5259
9402,7-9502
9403,4-1820
9404,3-0974
9405,3-5795
9406,8-6825
9407,4-5535
9408,1-8279
9409,3-9739
9410,4-8807
9411,6-6920
9412,3-3745
9413,6-7507
9414,2-3611
9415,6-3742
9416,6-3344
9417,4-1717
9418,3-1945
9419,1-2797
9420,2-1343
9421,4-2654
9422,7-2116
9423,7-1655
9424,3-9336
9425,3-7155
9426,6-2294
9427,6-1289
9428,8-2488
9429,8-6680
9430,3-5632
9431,2-1749
9432,8-9132
9433,5-7637
9434,2-5474
9435,8-1508
9436,5-2460
9437,4-4936
9438,4-8157
9439,3-2711
9440,6-7785
9441,5-6066
9442,1-5415
9443,3-9485
9444,4-9931
9445,1-8474
9446,4-1240
9447,4-2095
9448,6-4098
9449,8-3922
9450,5-6810
9451,7-1676
9452,6-3116
9453,7-6446
9454,6-2434
9455,3-4340
9456,2-7292
9457,4-9211
9458,6-4616
9459,4-6108
9460,8-9664
9461,8-6422
9462,2-6238
9463,2-9455
9464,7-6973
9465,7-2108
9466,2-6744
9467,6-6726
9468,6-5985
9469,7-4967
9470,6-4316
9471,5-2563
9472,8-1649
9473,6-9149
9474,7-3474
9475,8-8217
9476,2-3061
9477,4-7132
9478,2-8700
9479,8-4097
9480,4-2919
9481,8-2911
9482,6-9304
9483,1-3708
9484,7-1503
9485,1-2077
9486,5-0659
9487,7-1154
9488,6-8168
9489,6-3451
9490,8-1975
9491,2-1469
9492,5-5137
9493,5-4504
9494,8-8600
9495,4-4084
9496,7-0668
9497,3-4342
9498,6-8831
9499,2-8603
9500,2-6197
9501,5-1268
9502,7-9264
9503,5-9182
9504,1-2179
9505,7-6624
9506,7-8929
9507,6-1153
9508,4-3015
9509,2-4344
9510,1-2360
9511,1-0923
9512,6-9071
9513,5-6355
9514,7-7358
9515,2-5773
9516,5-4753
9517,6-0242
9518,3-9623
9519,6-4331
9520,3-5612
9521,8-0880
9522,5-1018
9523,1-3547
9524,6-3168
9525,8-6400
9526,4-0889
9527,7-0039
9528,5-3188
9529,4-2775
9530,7-1257
9531,6-3805
9532,6-7107
9533,4-0682
9534,1-6405
9535,1-1288
9536,5-4373
9537,7-1602
9538,5-6342
9539,8-8368
9540,4-6910
9541,1-2051
9542,5-3985
9543,8-6102
9544,3-6412
9545,2-3141
9546,1-8623
9547,2-6433
9548,4-3929
9549,6-4465
9550,4-2226
9551,3-8032
9552,1-4367
9553,4-6528
9554,5-1679
9555,1-7450
9556,1-0600
9557,2-4675
9558,2-0614
9559,1-7939
9560,5-8561
9561,5-8112
9562,5-5374
9563,3-6163
9564,3-1093
9565,4-7564
9566,3-4746
9567,7-7692
9568,6-5682
9569,6-6690
9570,1-6896
9571,1-9378
9572,1-3656
9573,3-7332
9574,7-3294
9575,6-9189
9576,3-5774
9577,6-0800
9578,4-8994
9579,1-2428
9580,7-3800
9581,4-9622
9582,6-3291
9583,8-9112
9584,8-3044
9585,5-7874
9586,2-3143
9587,1-7063
9588,4-0022
9589,2-5216
9590,3-5146
9591,4-7541
9592,3-2360
9593,6-6828
9594,3-5382
9595,8-2549
9596,6-1136
9597,2-5785
9598,3-3578
9599,3-1492
9600,5-4934
9601,4-2930
9602,2-6505
9603,8-0275
9604,6-2761
9605,1-3974
9606,7-0317
9607,1-4174
9608,1-5036
9609,7-7064
9610,4-8558
9611,4-3993
9612,7-7894
9613,2-1022
9614,4-3136
9615,1-7725
9616,1-5339
9617,8-6503
9618,5-8365
9619,8-8103
9620,2-5198
9621,3-6261
9622,1-6553
9623,4-4334
9624,8-4727
9625,3-2798
9626,8-6276
9627,4-9132
9628,3-5743
9629,1-2048
9630,6-6151
9631,6-3191
9632,7-3924
9633,7-5173
9634,6-9279
9635,7-2771
9636,5-8014
9637,2-1625
9638,2-5024
9639,5-2673
9640,4-1813
9641,7-8386
9642,8-4944
9643,7-1407
9644,1-7218
9645,7-8692
9646,8-5154
9647,7-6091
9648,7-9487
9649,7-7423
9650,8-6592
9651,5-9116
9652,6-8289
9653,5-4651
9654,2-3002
9655,5-3419
9656,7-9390
9657,1-1696
9658,5-0139
9659,5-0839
9660,8-1807
9661,3-6387
9662,4-3200
9663,2-9573
9664,5-7300
9665,7-4619
9666,1-3022
9667,3-9619
9668,8-4810
9669,1-4026
9670,2-6825
9671,6-8584
9672,2-5633
9673,1-4061
9674,1-9374
9675,8-7151
9676,8-6694
9677,8-9451
9678,8-0217
9679,4-7035
9680,6-2146
9681,5-3803
9682,5-9877
9683,3-0210
9684,4-3158
9685,7-1665
9686,8-9286
9687,7-5721
9688,4-2618
9689,7-4624
9690,4-2836
9691,7-3545
9692,7-0579
9693,3-6341
9694,1-8896
9695,2-7466
9696,6-2749
9697,6-5620
9698,5-7805
9699,5-4809
9700,3-3802
9701,2-4826
9702,5-4728
9703,3-1035
9704,5-1443
9705,4-2866
9706,4-6648
9707,4-2295
9708,5-0010
9709,4-8060
9710,8-0638
9711,3-5103
9712,1-3634
9713,2-6340
9714,3-8770
9715,3-2468
9716,4-0886
9717,6-5650
9718,3-0714
9719,2-9382
9720,3-2397
9721,6-5437
9722,6-3440
9723,6-5364
9724,7-9362
9725,3-5068
9726,6-7632
9727,3-6442
9728,7-2570
9729,3-5141
9730,2-2240
9731,7-1280
9732,7-8174
9733,6-2464
9734,4-2121
9735,4-5490
9736,8-9943
9737,4-4861
9738,3-3171
9739,2-6881
9740,3-2075
9741,6-6829
9742,7-4272
9743,7-7760
9744,2-0109
9745,4-6770
9746,2-8553
9747,8-4726
9748,2-2155
9749,2-5916
9750,2-7306
9751,4-6191
9752,6-9278
9753,2-8119
9754,6-2823
9755,4-9795
9756,7-9152
9757,5-1726
9758,5-4667
9759,8-8100
9760,4-2119
9761,8-8344
9762,1-9647
9763,5-1336
9764,1-1604
9765,1-5035
9766,2-7515
9767,1-9132
9768,5-4298
9769,4-9320
9770,6-4076
9771,1-1633
9772,3-1038
9773,7-0520
9774,5-1197
9775,7-8380
9776,6-4515
9777,1-1961
9778,3-1467
9779,5-5758
9780,3-0137
9781,6-9619
9782,2-6258
9783,6-6922
9784,4-7996
9785,6-9869
9786,6-5807
9787,8-7329
9788,8-4965
9789,4-2450
9790,2-7684
9791,2-9198
9792,3-1439
9793,6-9285
9794,3-3524
9795,7-9131
9796,6-5108
9797,4-9803
9798,3-3692
9799,8-5834
9800,5-0192
9801,6-9050
9802,7-0494
9803,7-8366
9804,1-2755
9805,2-2237
9806,7-7717
9807,4-0572
9808,1-8013
9809,6-3119
9810,1-6005
9811,3-4403
9812,7-3954
9813,1-5242
9814,8-6669
9815,2-2530
9816,2-7445
9817,5-6530
9818,7-1831
9819,2-1246
9820,4-3646
9821,8-2839
9822,4-2146
9823,3-8788
9824,6-1103
9825,8-8062
9826,5-1893
9827,3-5525
9828,6-6846
9829,5-2087
9830,4-1755
9831,7-7899
9832,1-9271
9833,6-7239
9834,7-2378
9835,8-3496
9836,6-2341
9837,8-7811
9838,8-4349
9839,4-4349
9840,1-4167
9841,3-3971
9842,8-6787
9843,7-0287
9844,3-0396
9845,7-7936
9846,1-3940
9847,3-8376
9848,8-7717
9849,2-4572
9850,3-0056
9851,1-6972
9852,4-9717
9853,4-7350
9854,5-4385
9855,7-6750
9856,4-2053
9857,2-2161
9858,7-8372
9859,8-5260
9860,4-7066
9861,5-8632
9862,2-2739
9863,8-8106
9864,1-8268
9865,2-4698
9866,1-2767
9867,6-7888
9868,7-7267
9869,7-4508
9870,1-7338
9871,3-8406
9872,1-7865
9873,6-6723
9874,8-7533
9875,5-9705
9876,1-5219
9877,1-0386
9878,5-6456
9879,4-4049
9880,4-3618
9881,7-9748
9882,4-1955
9883,8-4941
9884,2-5511
9885,6-7578
9886,2-8449
9887,3-0617
9888,6-2114
9889,1-0680
9890,5-2385
9891,4-9667
9892,7-8141
9893,2-4582
9894,1-0694
9895,6-6973
9896,8-6516
9897,2-1303
9898,4-1635
9899,7-8491
9900,7-6805
9901,2-7832
9902,2-9793
9903,5-2693
9904,1-3665
9905,1-7468
9906,6-4702
9907,2-2526
9908,8-8973
9909,5-9466
9910,2-6497
9911,2-6879
9912,7-5660
9913,1-0755
9914,4-5343
9915,2-6354
9916,2-1915
9917,7-5045
9918,3-3218
9919,5-4197
9920,5-2227
9921,2-6550
9922,1-3828
9923,1-3204
9924,7-6539
9925,5-3140
9926,7-4910
9927,4-3814
9928,7-9976
9929,3-3961
9930,1-8496
9931,2-3708
9932,4-3941
9933,6-7149
9934,6-9745
9935,7-5879
9936,3-7561
9937,4-7634
9938,5-6920
9939,5-9373
9940,6-9524
9941,5-3283
9942,3-9842
9943,3-5510
9944,5-9057
9945,5-8780
9946,1-3411
9947,2-0473
9948,3-7873
9949,8-0067
9950,8-0298
9951,7-3712
9952,2-7600
9953,7-2769
9954,5-5726
9955,4-5115
9956,6-2774
9957,6-1099
9958,8-9639
9959,8-9933
9960,5-9778
9961,7-6637
9962,5-3267
9963,8-0030
9964,8-9808
9965,1-0352
9966,2-5540
9967,1-3831
9968,7-6825
9969,1-2632
9970,1-1786
9971,3-6340
9972,4-7183
9973,1-9357
9974,8-5813
9975,4-2262
9976,2-8720
9977,7-7284
9978,4-7943
9979,5-2006
9980,3-1108
9981,3-9259
9982,1-1691
9983,3-7299
9984,1-8959
9985,2-8670
9986,1-3515
9987,1-7133
9988,1-9497
9989,2-9527
9990,4-6730
9991,2-3291
9992,4-4637
9993,5-0046
9994,7-7420
9995,1-6234
9996,8-0998
9997,1-9587
9998,7-0474
9999,8-6651
10000,1-2032
10001,3-4884
10002,5-4916
10003,2-8253
10004,1-6516
10005,1-3956
10006,6-6597
10007,3-2617
10008,1-8833
10009,5-2376
10010,1-3207
10011,5-1799
10012,4-9483
10013,8-0047
10014,4-9913
10015,2-7012
10016,2-4250
10017,2-7262
10018,6-7927
10019,2-1664
10020,5-9592
10021,2-3293
10022,8-4173
10023,5-4241
10024,7-8421
10025,5-5036
10026,7-1164
10027,7-1971
10028,6-5201
10029,2-3682
10030,8-0401
10031,4-4155
10032,3-5847
10033,1-5811
10034,6-9519
10035,7-4008
10036,1-0576
10037,4-2208
10038,8-3764
10039,4-2712
10040,6-3247
10041,8-3878
10042,4-8427
10043,5-7383
10044,8-5688
10045,7-0266
10046,3-4736
10047,3-3231
10048,4-9257
10049,8-0568
10050,1-3518
10051,3-6780
10052,7-4423
10053,7-9432
10054,6-0601
10055,3-8063
10056,8-6845
10057,1-1472
10058,6-9041
10059,1-6006
10060,6-2508
10061,5-9079
10062,4-6520
10063,8-2203
10064,4-1291
10065,5-9840
10066,6-4017
10067,8-3840
10068,4-3753
10069,6-2153
10070,5-0857
10071,8-9629
10072,5-9658
10073,5-9802
10074,6-9890
10075,6-7699
10076,6-1640
10077,3-2396
10078,6-2638
10079,7-2641
10080,2-0580
10081,7-1278
10082,4-2268
10083,5-8881
10084,4-1995
10085,1-4639
10086,2-3711
10087,3-3022
10088,5-4108
10089,5-2664
10090,1-4151
10091,2-2964
10092,1-5885
10093,2-6602
10094,4-0626
10095,4-7984
10096,4-9952
10097,1-2497
10098,1-9849
10099,4-7107
10100,8-3081
10101,1-1645
10102,4-7298
10103,3-1687
10104,1-2692
10105,5-0577
10106,5-3713
10107,6-7242
10108,6-3718
10109,3-5844
10110,8-3490
10111,5-6115
10112,2-4317
10113,2-0662
10114,8-2133
10115,6-3877
10116,8-5807
10117,5-1558
10118,1-6631
10119,8-8427
10120,8-0965
10121,4-8704
10122,2-0723
10123,5-8470
10124,2-9553
10125,5-5956
10126,8-4882
10127,3-8237
10128,7-4614
10129,3-4496
10130,1-4264
10131,5-1171
10132,3-2638
10133,5-2909
10134,4-3892
10135,3-0280
10136,5-7157
10137,7-4488
10138,3-6433
10139,6-9423
10140,5-1517
10141,8-9826
10142,8-9576
10143,3-8857
10144,8-2380
10145,1-1454
10146,3-1567
10147,3-1337
10148,6-6778
10149,3-4253
10150,1-0481
10151,1-6720
10152,8-5852
10153,3-3508
10154,6-0068
10155,1-8126
10156,3-4148
10157,1-0937
10158,6-3394
10159,4-6946
10160,2-6838
10161,2-1717
10162,7-6212
10163,1-0831
10164,6-7889
10165,5-9843
10166,1-7355
10167,1-4256
10168,4-5968
10169,6-0686
10170,5-8749
10171,6-9251
10172,3-8404
10173,3-2221
10174,8-9570
10175,2-6774
10176,6-3165
10177,6-6346
10178,4-4941
10179,8-0321
10180,3-4829
10181,6-8125
10182,8-7736
10183,2-1230
10184,3-2285
10185,3-5530
10186,1-4336
10187,1-0664
10188,3-9969
10189,6-4031
10190,8-1408
10191,7-4625
10192,3-8342
10193,4-1289
10194,8-4748
10195,7-1946
10196,2-2126
10197,2-0372
10198,4-9765
10199,2-6117
10200,5-2941
10201,8-4682
10202,4-1810
10203,4-3860
10204,8-5846
10205,8-1913
10206,4-5691
10207,1-6953
10208,4-5455
10209,6-6388
10210,1-3654
10211,3-7810
10212,8-9835
10213,2-5529
10214,1-4030
10215,3-7659
10216,7-6162
10217,6-6322
10218,7-2805
10219,5-3898
10220,8-8879
10221,4-9612
10222,5-2626
10223,5-7997
10224,5-1190
10225,5-4890
10226,7-1832
10227,8-3428
10228,8-1060
10229,8-9397
10230,4-2362
10231,3-5898
10232,2-3625
10233,3-2169
10234,4-2957
10235,2-7241
10236,8-3908
10237,6-1661
10238,5-0735
10239,5-0124
10240,6-5574
10241,6-6716
10242,4-5199
10243,2-6870
10244,4-9824
10245,2-5550
10246,7-2010
10247,7-5749
10248,7-7160
10249,5-4178
10250,7-4749
10251,4-5895
10252,1-8388
10253,1-6556
10254,5-9265
10255,2-8463
10256,3-7782
10257,1-6318
10258,6-0692
10259,6-8683
10260,1-3537
10261,3-1220
10262,1-9903
10263,4-3547
10264,3-3780
10265,4-1779
10266,6-3953
10267,4-4780
10268,6-1516
10269,4-2045
10270,3-7765
10271,3-8459
10272,1-3568
10273,4-6942
10274,2-1534
10275,5-1089
10276,6-7961
10277,8-3280
10278,8-5234
10279,8-3535
10280,6-9489
10281,6-9433
10282,5-9486
10283,2-5355
10284,5-1135
10285,6-1813
10286,1-7973
10287,3-6647
10288,1-0746
10289,5-6450
10290,5-9539
10291,4-3659
10292,5-9461
10293,4-8837
10294,8-5097
10295,1-2033
10296,7-9410
10297,2-5270
10298,8-0573
10299,2-8629
10300,7-0512
10301,2-6704
10302,3-1898
10303,1-4470
10304,1-7848
10305,2-3425
10306,3-8610
10307,2-0412
10308,4-7514
10309,5-4853
10310,6-6611
10311,6-3830
10312,5-2194
10313,3-7162
10314,8-2550
10315,7-1551
10316,4-0759
10317,3-9596
10318,1-0618
10319,2-4999
10320,8-3970
10321,5-4621
10322,4-6278
10323,4-0944
10324,3-6685
10325,7-7762
10326,7-7722
10327,2-5357
10328,2-7994
10329,8-3311
10330,1-8255
10331,1-7388
10332,3-6229
10333,5-4559
10334,3-9057
10335,1-2078
10336,8-1459
10337,5-5314
10338,5-5737
10339,1-1156
10340,2-0654
10341,7-4721
10342,7-2833
10343,8-0769
10344,3-7664
10345,6-3803
10346,7-5452
10347,6-2939
10348,6-4748
10349,4-2790
10350,3-9921
10351,6-5717
10352,5-5013
10353,5-6839
10354,7-1064
10355,3-0428
10356,2-6343
10357,1-2842
10358,3-0343
10359,7-2460
10360,8-2504
10361,4-0839
10362,1-7441
10363,6-3295
10364,8-0840
10365,7-8147
10366,6-5980
10367,7-2063
10368,4-1940
10369,6-2792
10370,7-7326
10371,4-0571
10372,8-2089
10373,7-8691
10374,5-5101
10375,1-1660
10376,5-2162
10377,6-9872
10378,2-0545
10379,6-1342
10380,1-9895
10381,6-3416
10382,1-3426
10383,8-4759
10384,5-4521
10385,4-3851
10386,7-7450
10387,5-2094
10388,1-6205
10389,5-6853
10390,4-9100
10391,8-7903
10392,6-3182
10393,3-6252
10394,1-0705
10395,3-5913
10396,7-1413
10397,1-5652
10398,1-0415
10399,4-1920
10400,4-5619
10401,6-1465
10402,3-4999
10403,7-3781
10404,5-9406
10405,3-0876
10406,7-3289
10407,5-5359
10408,5-9939
10409,6-9742
10410,7-5332
10411,2-5614
10412,3-4627
10413,4-3799
10414,2-9696
10415,1-4744
10416,3-6360
10417,5-1121
10418,7-9959
10419,2-4958
10420,6-6329
10421,7-3400
10422,6-9094
10423,3-1813
10424,4-4033
10425,8-5997
10426,8-2904
10427,7-8358
10428,8-6196
10429,1-2278
10430,8-3085
10431,5-2246
10432,2-9591
10433,2-4974
10434,7-0343
10435,1-6726
10436,5-8747
10437,3-2519
10438,3-0652
10439,2-9858
10440,7-6421
10441,2-3623
10442,2-3049
10443,4-4485
10444,7-3194
10445,2-3622
10446,5-3520
10447,2-5588
10448,6-7774
10449,3-0016
10450,2-0584
10451,4-9927
10452,6-8221
10453,8-5206
10454,6-1676
10455,1-1021
10456,8-9120
10457,6-0938
10458,7-5836
10459,2-5436
10460,1-0550
10461,6-3327
10462,7-6850
10463,7-5598
10464,5-9938
10465,1-7339
10466,4-8991
10467,4-3508
10468,3-4231
10469,1-4101
10470,6-3331
10471,4-9628
10472,6-3980
10473,6-7280
10474,8-5202
10475,8-4508
10476,5-6152
10477,3-2352
10478,7-8388
10479,1-5392
10480,6-2337
10481,3-0412
10482,3-3118
10483,5-4693
10484,6-9627
10485,5-9241
10486,5-6276
10487,4-9048
10488,1-7979
10489,5-4080
10490,3-3893
10491,2-7762
10492,4-4808
10493,7-0694
10494,3-7343
10495,3-8338
10496,8-2764
10497,7-4149
10498,4-3264
10499,4-1574
10500,7-0791
10501,1-9841
10502,7-8126
10503,4-6678
10504,4-2049
10505,5-2624
10506,1-5692
10507,6-2276
10508,1-4733
10509,8-1428
10510,1-6084
10511,8-1279
10512,6-0013
10513,5-9805
10514,4-3470
10515,5-7980
10516,8-0682
10517,4-4285
10518,8-3828
10519,3-9525
10520,7-7586
10521,7-2396
10522,4-3965
10523,6-5551
10524,4-9184
10525,6-3213
10526,5-1021
10527,7-9818
10528,6-7631
10529,5-0922
10530,8-8441
10531,6-9237
10532,6-3170
10533,1-2629
10534,3-8632
10535,1-1792
10536,8-8452
10537,5-7124
10538,5-4259
10539,6-7937
10540,8-3937
10541,4-1750
10542,1-4811
10543,3-4738
10544,8-0844
10545,8-9931
10546,4-9015
10547,8-3933
10548,8-8311
10549,3-9476
10550,5-7953
10551,7-3417
10552,5-8514
10553,2-5482
10554,2-9444
10555,4-4494
10556,8-2412
10557,5-2806
10558,5-6809
10559,1-4309
10560,1-8574
10561,2-4002
10562,2-8752
10563,1-4043
10564,6-1886
10565,4-9319
10566,8-7545
10567,5-9131
10568,2-9607
10569,8-4702
10570,1-5208
10571,4-8192
10572,7-5066
10573,7-8407
10574,6-5354
10575,6-6011
10576,4-0130
10577,7-6874
10578,2-8494
10579,6-9556
10580,4-7805
10581,4-5309
10582,2-9109
10583,8-1206
10584,6-1901
10585,1-2915
10586,6-1345
10587,6-1092
10588,1-9673
10589,6-4008
10590,5-7571
10591,3-0488
10592,3-3393
10593,7-3413
10594,1-2611
10595,2-4993
10596,2-6880
10597,4-6733
10598,6-7668
10599,3-5406
10600,4-3170
10601,5-3513
10602,1-2961
10603,6-1556
10604,4-3241
10605,4-9710
10606,6-5591
10607,5-8171
10608,4-2406
10609,2-4215
10610,8-5777
10611,7-2519
10612,2-4065
10613,2-8919
10614,7-2171
10615,4-9239
10616,8-1576
10617,2-3593
10618,6-8279
10619,8-5152
10620,3-5648
10621,6-8250
10622,2-0854
10623,7-2970
10624,6-4418
10625,4-0109
10626,8-7741
10627,2-7196
10628,8-8094
10629,3-1900
10630,3-2542
10631,2-8762
10632,7-8469
10633,2-7716
10634,1-2095
10635,5-8236
10636,8-2885
10637,2-2705
10638,8-2865
10639,1-8695
10640,7-8587
10641,8-3435
10642,8-3101
10643,7-1182
10644,4-5259
10645,5-8721
10646,6-9245
10647,7-7684
10648,5-3099
10649,2-7534
10650,3-5879
10651,2-8874
10652,5-1406
10653,7-5058
10654,4-7421
10655,7-3609
10656,3-7462
10657,2-6416
10658,8-4717
10659,4-0753
10660,8-6594
10661,7-6535
10662,2-1948
10663,4-8787
10664,3-9229
10665,2-6068
10666,5-0245
10667,6-6628
10668,3-1323
10669,1-7285
10670,3-7709
10671,8-2988
10672,6-3090
10673,1-9730
10674,5-2305
10675,2-3960
10676,6-5228
10677,5-6599
10678,2-8523
10679,2-9809
10680,5-4804
10681,6-6785
10682,1-6595
10683,1-9220
10684,6-0444
10685,5-7616
10686,5-0895
10687,6-1473
10688,6-5448
10689,7-5091
10690,6-2119
10691,5-1551
10692,8-6998
10693,8-1852
10694,3-1436
10695,2-8615
10696,5-9537
10697,7-7748
10698,8-3824
10699,6-7697
10700,5-3732
10701,5-3502
10702,2-8491
10703,7-1038
10704,4-8858
10705,6-6372
10706,2-7309
10707,7-3346
10708,3-1837
10709,2-7348
10710,7-6705
10711,3-7006
10712,3-1461
10713,2-6415
10714,2-8390
10715,3-9640
10716,8-7566
10717,5-2001
10718,6-6889
10719,3-7683
10720,7-1309
10721,2-8242
10722,6-2079
10723,4-9192
10724,3-9455
10725,4-3857
10726,4-3702
10727,7-7505
10728,1-2319
10729,2-3832
10730,3-5732
10731,5-2210
10732,8-7553
10733,6-4313
10734,6-7738
10735,8-6830
10736,8-9457
10737,5-2172
10738,8-4747
10739,5-4741
10740,1-8703
10741,4-6490
10742,6-9851
10743,1-9053
10744,2-8709
10745,2-8917
10746,1-3720
10747,8-3637
10748,5-0356
10749,8-0071
10750,1-2396
10751,4-7304
10752,8-4562
10753,7-8733
10754,2-9000
10755,5-9288
10756,5-4639
10757,6-0563
10758,4-0503
10759,4-7426
10760,7-6171
10761,8-1734
10762,8-1691
10763,1-9542
10764,3-1504
10765,1-5261
10766,4-3097
10767,8-6300
10768,5-5781
10769,8-5877
10770,3-3326
10771,5-5040
10772,5-8894
10773,6-1409
10774,4-0054
10775,7-4787
10776,5-3093
10777,4-8402
10778,4-0923
10779,7-2946
10780,1-2600
10781,6-2475
10782,8-6278
10783,1-6123
10784,8-3837
10785,2-7614
10786,4-0600
10787,3-3791
10788,3-3874
10789,3-7295
10790,1-2232
10791,5-0851
10792,3-1468
10793,3-5713
10794,2-2591
10795,7-1766
10796,2-8501
10797,2-8404
10798,1-6249
10799,7-1283
10800,6-8396
10801,3-9881
10802,4-3287
10803,5-0460
10804,1-9991
10805,2-0418
10806,1-4369
10807,8-8583
10808,7-0969
10809,3-3120
10810,6-3193
10811,2-6346
10812,1-1272
10813,8-0523
10814,4-2037
10815,3-4208
10816,8-3630
10817,2-7094
10818,5-2720
10819,6-3248
10820,3-5029
10821,2-3120
10822,6-2111
10823,3-8293
10824,2-9082
10825,3-3037
10826,2-9621
10827,7-2416
10828,7-2557
10829,7-1548
10830,8-8651
10831,1-3078
10832,6-5381
10833,4-0549
10834,7-4294
10835,4-7856
10836,8-2059
10837,8-3350
10838,6-8455
10839,1-0611
10840,8-8900
10841,7-6023
10842,8-9331
10843,4-7391
10844,8-8919
10845,5-7472
10846,6-9105
10847,6-3527
10848,4-4840
10849,6-4867
10850,7-6720
10851,3-1586
10852,7-6707
10853,2-6888
10854,5-1604
10855,1-1071
10856,4-2518
10857,4-5479
10858,4-6556
10859,3-5247
10860,8-6306
10861,1-8027
10862,3-0696
10863,6-5613
10864,2-6110
10865,6-8531
10866,3-1097
10867,6-1019
10868,3-6928
10869,2-4024
10870,3-8999
10871,8-9313
10872,2-0006
10873,2-0273
10874,2-0388
10875,8-6566
10876,4-5294
10877,5-2091
10878,6-0581
10879,2-0840
10880,4-6799
10881,5-4494
10882,3-2535
10883,6-7147
10884,2-0112
10885,4-9578
10886,1-1229
10887,4-0890
10888,8-6413
10889,6-4946
10890,8-2545
10891,2-9087
10892,8-4188
10893,1-4714
10894,4-1681
10895,4-5647
10896,7-8263
10897,8-8606
10898,7-8005
10899,3-0089
10900,1-7381
10901,6-5910
10902,3-6711
10903,7-1141
10904,6-5058
10905,5-4143
10906,7-8465
10907,7-8122
10908,4-0286
10909,3-8380
10910,4-1063
10911,3-0888
10912,6-3692
10913,4-6723
10914,8-4361
10915,4-7014
10916,3-6827
10917,6-0252
10918,4-3313
10919,5-2949
10920,1-8260
10921,6-9831
10922,8-9944
10923,7-8424
10924,4-3859
10925,2-4522
10926,8-1088
10927,6-4005
10928,6-3560
10929,2-6882
10930,5-9305
10931,6-1494
10932,4-0468
10933,4-1808
10934,2-1324
10935,6-7793
10936,3-4050
10937,8-8824
10938,1-3471
10939,4-0575
10940,7-4803
10941,3-6509
10942,8-1798
10943,3-5991
10944,4-4815
10945,2-8145
10946,3-5483
10947,4-8540
10948,3-7298
10949,1-0584
10950,2-6692
10951,1-5197
10952,8-0010
10953,1-9972
10954,1-4703
10955,6-0574
10956,7-6590
10957,3-4304
10958,1-3112
10959,7-9030
10960,8-0851
10961,5-5367
10962,6-2592
10963,6-4186
10964,1-8568
10965,4-2978
10966,5-2905
10967,4-8088
10968,1-8286
10969,7-3610
10970,3-1614
10971,8-4908
10972,5-4612
10973,3-4158
10974,1-0582
10975,7-5280
10976,4-9493
10977,5-0107
10978,2-1049
10979,5-2114
10980,2-8346
10981,8-4100
10982,6-6584
10983,2-2922
10984,1-6765
10985,6-2390
10986,5-8516
10987,3-8979
10988,8-1923
10989,3-4768
10990,7-7258
10991,8-9973
10992,2-7326
10993,2-7592
10994,5-3795
10995,2-8872
10996,2-0371
10997,5-5117
10998,7-3869
10999,6-7876
11000,8-1902
11001,3-2682
11002,8-0489
11003,6-1344
11004,6-7037
11005,4-9876
11006,8-8578
11007,5-5965
11008,7-2603
11009,8-1513
11010,5-1932
11011,5-5109
11012,6-1371
11013,6-0829
11014,7-8597
11015,7-7354
11016,4-0495
11017,1-2491
11018,7-2435
11019,1-1916
11020,8-1208
11021,6-6904
11022,6-9481
11023,6-1860
11024,5-8866
11025,5-2779
11026,1-5759
11027,8-5349
11028,4-4545
11029,8-2184
11030,7-5081
11031,8-1497
11032,2-6584
11033,3-7814
11034,7-9579
11035,3-1458
11036,2-0133
11037,3-9912
11038,2-8538
11039,7-8548
11040,5-5853
11041,3-8749
11042,4-0040
11043,4-9071
11044,5-2595
11045,8-3000
11046,1-6416
11047,2-1389
11048,8-3875
11049,4-3507
11050,7-8577
11051,7-0570
11052,2-1900
11053,6-7634
11054,4-0992
11055,3-3240
11056,7-4001
11057,4-3295
11058,5-1894
11059,5-6107
11060,3-0505
11061,5-3527
11062,7-8858
11063,4-1898
11064,3-6215
11065,4-6834
11066,1-6482
11067,2-8227
11068,8-1752
11069,4-3360
11070,2-0651
11071,7-8777
11072,1-0408
11073,3-4313
11074,1-7998
11075,6-4502
11076,5-7275
11077,4-0333
11078,2-9046
11079,6-1616
11080,7-8444
11081,4-5325
11082,5-3944
11083,5-6535
11084,5-7215
11085,8-8898
11086,2-7403
11087,1-4414
11088,8-7821
11089,1-4921
11090,7-1982
11091,7-0948
11092,2-8339
11093,1-3520
11094,3-3486
11095,6-0373
11096,8-8083
11097,3-0774
11098,6-0428
11099,7-1162
11100,3-1258
11101,7-1529
11102,2-6788
11103,4-3975
11104,6-7858
11105,8-4701
11106,6-0281
11107,6-1094
11108,8-7657
11109,2-2935
11110,7-3478
11111,5-9800
11112,6-0271
11113,2-2757
11114,1-0257
11115,4-9339
11116,6-8787
11117,4-2017
11118,2-2906
11119,8-1917
11120,5-7214
11121,3-1445
11122,6-1359
11123,1-6992
11124,4-5151
11125,6-3564
11126,4-2517
11127,3-3891
11128,1-1701
11129,2-4164
11130,5-3828
11131,6-5927
11132,8-2077
11133,4-9742
11134,5-2188
11135,3-4517
11136,5-1681
11137,6-5034
11138,2-8683
11139,6-2927
11140,6-3110
11141,6-0267
11142,8-9474
11143,6-6181
11144,3-4113
11145,5-3350
11146,6-5771
11147,1-4597
11148,4-1348
11149,8-2789
11150,8-3125
11151,1-4310
11152,2-1723
11153,8-4661
11154,3-3792
11155,7-2743
11156,1-2481
11157,2-5220
11158,5-6774
11159,2-4104
11160,2-5999
11161,3-0725
11162,5-2462
11163,4-9528
11164,8-3633
11165,8-2427
11166,2-1638
11167,5-3801
11168,6-6509
11169,4-3852
11170,5-9023
11171,3-4658
11172,7-3882
11173,6-4914
11174,1-6408
11175,8-5633
11176,1-9019
11177,7-1368
11178,6-6832
11179,4-4777
11180,7-2308
11181,4-2246
11182,3-8899
11183,8-6198
11184,5-0181
11185,4-9766
11186,4-7624
11187,2-2478
11188,1-9388
11189,3-2610
11190,7-2393
11191,2-2364
11192,8-9928
11193,8-1346
11194,2-2817
11195,7-8284
11196,6-4963
11197,8-9183
11198,8-2991
11199,1-7489
11200,5-9866
11201,6-6594
11202,4-7661
11203,7-2813
11204,2-2049
11205,8-9989
11206,3-7945
11207,6-9853
11208,2-8217
11209,7-5262
11210,8-5851
11211,8-9774
11212,7-8443
11213,2-9023
11214,7-4973
11215,6-0284
11216,5-8204
11217,8-5635
11218,5-0713
11219,1-9999
11220,1-2811
11221,5-2638
11222,1-8752
11223,1-9106
11224,3-0472
11225,3-7796
11226,5-4481
11227,7-2870
11228,3-6634
11229,3-2966
11230,1-1241
11231,7-2002
11232,6-7397
11233,8-1981
11234,5-1951
11235,7-7463
11236,1-7710
11237,1-1190
11238,1-9232
11239,8-5701
11240,6-6801
11241,2-0850
11242,6-2457
11243,5-2778
11244,3-4796
11245,1-0818
11246,7-4861
11247,8-4926
11248,2-5915
11249,5-0198
11250,5-1034
11251,6-1077
11252,3-9995
11253,2-6755
11254,7-1262
11255,8-9768
11256,7-7982
11257,2-8095
11258,1-9027
11259,2-4432
11260,2-7576
11261,7-2709
11262,7-3476
11263,7-2589
11264,3-2232
11265,6-7415
11266,3-8010
11267,6-1198
11268,8-1717
11269,3-0716
11270,4-5574
11271,3-3927
11272,3-9093
11273,6-4618
11274,6-6145
11275,1-2461
11276,1-5532
11277,2-2150
11278,1-2457
11279,4-4600
11280,1-9079
11281,2-8300
11282,6-7880
11283,2-0217
11284,2-9514
11285,5-2110
11286,7-0786
11287,7-2143
11288,1-6214
11289,7-3859
11290,6-9674
11291,7-0367
11292,2-7043
11293,2-7327
11294,6-9293
11295,4-1789
11296,2-2033
11297,2-6581
11298,5-3203
11299,2-1095
11300,4-6464
11301,5-3797
11302,5-0560
11303,3-8989
11304,4-5560
11305,6-6041
11306,5-8406
11307,8-3847
11308,8-6728
11309,1-2152
11310,7-4025
11311,1-2681
11312,6-8025
11313,5-9307
11314,6-3080
11315,2-5548
11316,7-5685
11317,7-9987
11318,2-1398
11319,1-1255
11320,7-6853
11321,1-9560
11322,3-1550
11323,6-5173
11324,6-4065
11325,8-0285
11326,2-3487
11327,1-3316
11328,5-3976
11329,7-9336
11330,3-8842
11331,7-1395
11332,5-6633
11333,7-6089
11334,6-7572
11335,2-2112
11336,7-1233
11337,6-1220
11338,4-2122
11339,1-6152
11340,1-2202
11341,1-6613
11342,2-4896
11343,1-7312
11344,6-4194
11345,3-7468
11346,1-3553
11347,4-4757
11348,4-4855
11349,2-1019
11350,4-6327
11351,3-5961
11352,7-4703
11353,4-8002
11354,2-6576
11355,7-5441
11356,4-9225
11357,5-1744
11358,3-3192
11359,3-9687
11360,2-6499
11361,6-9290
11362,5-2179
11363,8-7738
11364,2-6342
11365,2-9659
11366,1-8843
11367,4-7120
11368,4-8100
11369,7-9245
11370,3-3575
11371,3-0805
11372,7-5526
11373,2-7516
11374,4-7503
11375,1-0553
11376,8-6525
11377,4-5835
11378,3-4813
11379,2-4057
11380,2-2214
11381,2-9110
11382,3-5239
11383,7-0191
11384,4-7139
11385,1-7999
11386,3-3645
11387,6-0811
11388,3-3837
11389,5-1105
11390,5-7581
11391,3-4929
11392,3-1095
11393,6-9616
11394,3-6066
11395,1-8245
11396,7-8997
11397,1-4303
11398,8-8992
11399,2-2502
11400,5-5896
11401,2-0417
11402,2-0341
11403,2-5917
11404,1-6466
11405,6-1038
11406,8-1058
11407,5-5250
11408,3-4892
11409,3-2779
11410,2-7786
11411,5-7031
11412,2-3468
11413,3-5585
11414,7-0505
11415,2-2026
11416,8-1005
11417,8-2693
11418,6-0589
11419,3-3506
11420,4-3063
11421,1-1357
11422,5-7605
11423,1-6968
11424,2-4930
11425,4-4794
11426,3-7891
11427,8-8676
11428,2-0461
11429,2-4514
11430,3-8092
11431,7-2395
11432,8-0056
11433,6-0496
11434,5-3643
11435,5-6156
11436,8-9117
11437,6-4305
11438,5-6562
11439,1-5880
11440,3-1831
11441,5-5080
11442,7-8176
11443,3-1380
11444,5-6029
11445,1-5866
11446,8-5159
11447,2-9034
11448,3-1727
11449,1-0303
11450,4-7547
11451,3-4856
11452,1-6186
11453,1-3644
11454,4-6166
11455,3-8099
11456,4-4159
11457,7-0209
11458,3-8510
11459,3-6111
11460,6-5697
11461,3-1866
11462,5-9868
11463,2-9530
11464,2-8439
11465,1-4768
11466,4-7062
11467,5-6990
11468,3-8686
11469,6-3533
11470,5-5888
11471,8-8051
11472,8-3047
11473,6-2546
11474,3-0529
11475,6-0406
11476,2-1278
11477,7-3807
11478,5-6620
11479,3-8895
11480,4-3435
11481,8-6687
11482,6-2662
11483,8-0941
11484,5-9282
11485,5-1560
11486,6-8403
11487,1-4064
11488,4-4518
11489,4-2738
11490,1-6875
11491,7-2095
11492,4-4414
11493,3-7823
11494,5-2321
11495,3-0731
11496,5-3683
11497,8-6048
11498,1-2673
11499,8-3447
11500,3-8402
11501,3-1396
11502,6-0919
11503,4-1809
11504,1-4186
11505,4-4613
11506,5-6374
11507,6-7288
11508,1-3410
11509,7-5098
11510,4-8330
11511,5-7873
11512,5-3199
11513,6-2824
11514,3-6346
11515,5-5500
11516,1-1883
11517,5-7927
11518,2-8351
11519,7-3170
11520,5-2746
11521,4-9121
11522,4-4940
11523,1-9629
11524,8-1647
11525,4-9958
11526,8-5493
11527,5-3470
11528,5-9822
11529,7-4330
11530,6-1343
11531,5-3286
11532,8-9811
11533,3-1551
11534,1-1014
11535,3-1843
11536,6-7892
11537,8-6736
11538,8-3452
11539,5-9442
11540,4-3181
11541,4-3775
11542,5-5680
11543,8-4628
11544,1-6044
11545,2-3409
11546,4-3364
11547,7-9322
11548,7-0796
11549,7-2440
11550,1-4053
11551,5-8629
11552,6-4891
11553,2-9447
11554,3-2379
11555,7-5369
11556,2-3019
11557,5-4237
11558,5-8261
11559,7-1199
11560,7-9045
11561,1-2173
11562,2-7518
11563,1-1865
11564,7-3297
11565,4-7288
11566,5-7434
11567,5-5588
11568,2-2490
11569,4-2705
11570,5-2541
11571,1-3503
11572,4-5024
11573,3-4198
11574,1-2599
11575,3-9484
11576,8-6910
11577,6-3145
11578,7-3568
11579,3-8511
11580,7-9402
11581,8-2307
11582,8-8906
11583,5-5767
11584,5-8787
11585,4-4407
11586,7-2195
11587,1-0085
11588,3-5659
11589,2-5433
11590,2-6165
11591,5-6665
11592,3-0713
11593,3-0486
11594,8-9748
11595,1-5347
11596,4-1766
11597,6-0081
11598,7-1915
11599,6-6376
11600,5-4574
11601,5-6667
11602,2-6871
11603,1-6322
11604,6-7067
11605,7-1062
11606,8-8027
11607,5-3473
11608,7-7841
11609,6-9652
11610,3-3532
11611,8-2050
11612,7-4115
11613,7-7028
11614,3-0153
11615,8-2797
11616,3-2145
11617,8-0626
11618,5-1141
11619,2-0488
11620,8-7825
11621,7-0196
11622,7-0121
11623,3-9408
11624,3-2622
11625,4-7296
11626,7-6546
11627,1-2356
11628,3-3368
11629,6-1970
11630,2-6681
11631,3-7816
11632,3-5635
11633,6-9380
11634,3-9394
11635,6-3144
11636,6-0854
11637,4-9446
11638,6-4434
11639,2-6701
11640,5-0650
11641,7-0971
11642,1-0080
11643,1-6829
11644,3-6715
11645,8-3409
11646,2-6302
11647,8-9874
11648,2-5284
11649,8-9710
11650,1-6755
11651,6-2859
11652,5-1451
11653,5-1952
11654,8-0484
11655,4-0537
11656,6-8656
11657,3-2095
11658,1-8557
11659,6-4408
11660,3-8729
11661,3-9893
11662,8-6289
11663,5-1148
11664,2-0131
11665,1-9704
11666,2-9636
11667,8-7318
11668,8-7986
11669,8-8875
11670,4-1464
11671,5-2964
11672,7-0591
11673,2-4744
11674,7-5986
11675,1-6909
11676,7-4154
11677,7-0222
11678,3-9198
11679,7-2093
11680,5-5602
11681,3-7979
11682,7-9130
11683,4-2505
11684,5-5200
11685,7-1824
11686,2-7102
11687,8-7834
11688,5-8269
11689,2-8923
11690,5-7005
11691,1-1227
11692,4-3197
11693,8-7011
11694,8-6272
11695,8-1426
11696,2-7779
11697,7-8160
11698,5-1327
11699,4-7009
11700,6-5159
11701,4-6779
11702,7-6004
11703,3-7403
11704,8-3189
11705,6-6731
11706,4-2059
11707,8-2883
11708,2-3791
11709,8-1593
11710,7-8354
11711,7-2011
11712,6-6399
11713,7-4381
11714,5-4269
11715,2-2274
11716,1-4086
11717,5-0814
11718,4-2234
11719,2-6205
11720,8-2466
11721,7-9565
11722,1-2183
11723,4-7884
11724,6-8185
11725,6-1792
11726,5-6837
11727,6-5639
11728,7-7166
11729,4-3764
11730,1-7141
11731,7-4968
11732,4-0611
11733,1-7261
11734,8-3978
11735,6-5035
11736,3-9794
11737,7-4634
11738,3-1625
11739,3-7997
11740,3-6840
11741,3-6277
11742,8-1710
11743,8-7595
11744,8-4400
11745,8-8944
11746,7-4434
11747,6-0124
11748,7-8423
11749,3-6280
11750,8-5018
11751,6-5647
11752,7-2994
11753,2-3013
11754,8-8565
11755,3-1758
11756,1-1560
11757,1-0698
11758,2-8906
11759,7-2180
11760,3-6100
11761,2-7302
11762,7-8867
11763,4-5707
11764,5-1439
11765,8-1853
11766,4-8852
11767,3-5001
11768,1-6648
11769,5-9249
11770,5-6787
11771,2-5417
11772,3-5271
11773,1-2581
11774,4-4649
11775,1-2507
11776,7-7116
11777,3-8851
11778,4-9362
11779,3-0580
11780,8-2926
11781,5-8714
11782,4-3006
11783,2-2146
11784,3-5560
11785,2-5416
11786,6-0514
11787,8-8214
11788,7-5484
11789,6-7964
11790,4-8072
11791,7-0475
11792,2-1035
11793,1-1804
11794,4-6295
11795,6-1881
11796,2-3958
11797,3-1092
11798,7-6744
11799,6-5501
11800,1-1826
11801,6-4545
11802,8-2707
11803,7-6259
11804,5-2410
11805,3-3885
11806,2-4608
11807,4-7869
11808,6-9164
11809,3-0229
11810,7-3858
11811,5-7896
11812,3-7973
11813,1-7652
11814,2-4210
11815,1-1766
11816,6-7381
11817,8-8794
11818,6-2082
11819,7-2622
11820,5-6139
11821,6-7033
11822,1-5716
11823,1-5680
11824,3-8628
11825,1-0973
11826,8-2156
11827,1-1702
11828,8-8386
11829,7-3567
11830,4-7998
11831,4-0724
11832,8-3597
11833,7-0876
11834,4-6953
11835,2-4073
11836,5-2998
11837,3-0186
11838,1-0335
11839,8-4958
11840,3-5269
11841,4-0970
11842,8-0229
11843,4-4082
11844,4-8507
11845,5-7877
11846,5-1393
11847,7-5101
11848,4-1232
11849,7-0684
11850,5-3224
11851,3-2778
11852,1-1093
11853,5-8737
11854,7-1358
11855,7-1896
11856,6-6334
11857,7-6435
11858,1-9591
11859,1-4080
11860,2-9020
11861,4-5225
11862,8-9859
11863,2-0517
11864,7-3272
11865,1-7560
11866,4-1221
11867,6-2086
11868,4-9332
11869,4-2774
11870,6-6459
11871,4-9111
11872,2-3373
11873,2-1724
11874,2-6502
11875,7-1886
11876,8-8475
11877,4-4741
11878,2-0153
11879,5-1991
11880,3-1880
11881,8-5151
11882,6-7101
11883,2-5055
11884,1-1250
11885,7-4908
11886,2-3042
11887,8-9238
11888,5-3090
11889,6-1338
11890,6-5974
11891,6-3210
11892,7-6568
11893,1-5786
11894,7-4899
11895,2-3731
11896,2-9506
11897,4-7033
11898,4-3683
11899,2-0284
11900,4-7831
11901,8-8692
11902,6-5552
11903,1-9227
11904,8-3462
11905,1-4383
11906,8-9248
11907,7-9104
11908,1-4988
11909,7-0857
11910,4-5532
11911,4-9416
11912,1-9219
11913,1-3866
11914,4-4328
11915,8-5452
11916,3-8711
11917,2-4865
11918,2-2462
11919,5-9299
11920,8-3294
11921,4-9910
11922,3-0209
11923,5-5348
11924,1-2910
11925,2-9231
11926,2-1542
11927,6-2861
11928,6-7004
11929,5-1963
11930,3-9047
11931,2-0763
11932,4-4489
11933,4-9908
11934,5-4966
11935,4-6478
11936,6-7404
11937,2-8149
11938,5-1995
11939,1-6905
11940,1-4694
11941,6-1673
11942,3-8748
11943,4-5626
11944,7-6509
11945,6-3469
11946,8-9007
11947,2-5572
11948,2-3154
11949,5-2187
11950,3-1740
11951,4-0392
11952,5-3843
11953,3-8195
11954,8-7127
11955,5-8335
11956,3-1766
11957,7-2611
11958,8-5734
11959,1-8635
11960,3-0293
11961,8-3988
11962,1-1487
11963,4-8644
11964,1-7022
11965,5-1422
11966,4-4204
11967,4-3489
11968,8-2986
11969,6-3686
11970,4-1564
11971,7-0892
11972,3-0197
11973,6-3786
11974,2-6706
11975,5-0109
11976,1-2034
11977,3-0616
11978,4-4274
11979,4-3538
11980,2-4357
11981,8-0677
11982,3-2368
11983,2-1378
11984,1-8136
11985,2-4804
11986,7-2562
11987,2-0506
11988,3-0990
11989,8-5220
11990,8-3959
11991,2-2960
11992,5-4819
11993,3-8541
11994,1-2805
11995,1-1348
11996,5-9941
11997,2-1720
11998,6-1584
11999,2-2391
12000,4-6128
12001,1-9380
12002,1-8023
12003,6-6494
12004,1-4261
12005,8-1606
12006,3-8370
12007,7-5201
12008,4-3568
12009,7-0395
12010,4-5853
12011,4-4505
12012,6-9554
12013,7-5035
12014,4-9288
12015,4-3051
12016,5-7724
12017,3-1119
12018,2-2957
12019,5-2054
12020,5-5391
12021,4-2856
12022,2-0878
12023,1-9672
12024,6-8325
12025,4-5697
12026,7-6620
12027,5-7702
12028,2-8771
12029,4-7583
12030,3-2813
12031,1-2143
12032,8-7967
12033,5-6224
12034,6-5713
12035,1-8548
12036,8-0860
12037,1-0371
12038,7-2401
12039,3-7613
12040,5-1737
12041,4-0445
12042,7-5228
12043,1-8239
12044,3-9109
12045,3-7622
12046,5-4581
12047,5-8069
12048,3-7007
12049,1-0829
12050,7-0717
12051,5-2832
12052,5-6133
12053,2-8726
12054,2-2013
12055,3-6567
12056,4-9055
12057,1-3203
12058,6-3377
12059,1-5383
12060,1-7897
12061,1-6177
12062,7-2249
12063,7-4841
12064,4-4288
12065,8-2577
12066,5-9064
12067,2-5473
12068,4-7174
12069,2-9878
12070,8-3579
12071,1-2391
12072,4-6771
12073,1-0735
12074,6-3175
12075,2-4136
12076,4-6713
12077,7-2259
12078,5-0242
12079,5-0429
12080,3-7127
12081,2-3835
12082,6-7392
12083,8-4184
12084,4-1873
12085,6-5589
12086,6-2664
12087,5-9815
12088,5-1696
12089,5-7048
12090,3-8656
12091,6-9150
12092,7-7379
12093,3-2422
12094,1-8454
12095,7-8305
12096,3-8698
12097,6-3889
12098,3-7546
12099,5-3193
12100,4-4128
12101,4-5700
12102,2-3713
12103,6-5325
12104,4-0824
12105,6-9404
12106,1-1991
12107,6-2313
12108,8-2906
12109,7-1078
12110,6-1872
12111,8-8947
12112,8-7667
12113,3-0724
12114,8-1821
12115,3-5352
12116,4-3105
12117,3-2491
12118,2-3807
12119,8-5228
12120,3-3165
12121,8-8488
12122,3-8189
12123,5-1341
12124,5-5175
12125,2-8738
12126,2-8110
12127,2-1162
12128,1-7705
12129,2-2113
12130,5-5023
12131,6-0704
12132,6-5024
12133,6-0716
12134,4-3649
12135,8-1170
12136,5-0924
12137,1-0365
12138,1-3741
12139,3-0545
12140,7-3527
12141,2-5200
12142,7-8272
12143,7-3741
12144,7-5206
12145,6-5348
12146,7-4492
12147,1-3980
12148,7-4416
12149,2-7574
12150,1-5668
12151,6-6542
12152,6-3113
12153,2-3275
12154,3-9835
12155,7-9765
12156,1-1661
12157,1-1176
12158,4-6186
12159,1-2922
12160,2-8167
12161,6-2221
12162,3-2877
12163,1-3681
12164,5-9746
12165,5-2058
12166,5-5277
12167,6-9393
12168,7-2983
12169,7-2488
12170,7-5939
12171,3-3394
12172,2-6311
12173,4-1428
12174,7-3542
12175,1-5827
12176,5-4205
12177,7-8735
12178,8-2358
12179,8-9837
12180,8-2102
12181,4-0662
12182,3-1459
12183,7-8513
12184,6-8078
12185,1-2237
12186,4-6040
12187,8-5309
12188,3-4761
12189,8-3601
12190,4-3573
12191,4-3265
12192,8-4485
12193,7-8917
12194,7-7944
12195,7-9006
12196,1-7179
12197,6-5740
12198,6-5653
12199,7-3570
12200,4-8556
12201,2-2341
12202,7-1593
12203,4-3803
12204,8-6858
12205,2-2709
12206,7-9536
12207,3-7036
12208,5-2325
12209,6-4933
12210,3-1912
12211,6-6755
12212,7-5241
12213,4-5458
12214,3-0281
12215,1-6126
12216,4-9017
12217,8-4419
12218,5-4057
12219,3-9758
12220,4-2541
12221,6-8114
12222,4-6435
12223,3-0651
12224,2-9475
12225,3-6249
12226,3-4674
12227,5-2979
12228,1-6213
12229,5-0040
12230,3-9785
12231,1-4019
12232,7-9455
12233,3-6447
12234,4-6940
12235,4-2028
12236,2-5143
12237,8-9566
12238,5-0405
12239,1-2777
12240,1-5510
12241,6-6761
12242,4-9881
12243,6-5215
12244,2-8205
12245,4-8406
12246,2-6942
12247,5-3441
12248,5-2711
12249,6-1664
12250,5-9498
12251,5-2620
12252,8-4649
12253,1-2120
12254,2-3590
12255,4-2548
12256,2-6334
12257,5-4291
12258,8-3740
12259,2-2557
12260,1-0279
12261,3-0421
12262,2-4244
12263,5-3698
12264,7-8236
12265,8-5414
12266,7-2380
12267,1-5078
12268,3-9351
12269,8-5719
12270,3-5431
12271,8-7932
12272,3-4085
12273,6-1842
12274,2-8974
12275,6-3033
12276,8-9434
12277,6-4259
12278,6-1688
12279,2-2449
12280,5-7635
12281,3-4883
12282,1-3462
12283,7-2139
12284,5-2923
12285,7-0003
12286,4-0007
12287,6-8304
12288,4-4044
12289,3-4165
12290,6-4573
12291,3-2866
12292,4-6024
12293,2-9001
12294,3-3939
12295,5-1346
12296,8-8856
12297,7-7726
12298,4-2955
12299,8-3747
12300,7-8727
12301,1-7189
12302,6-5507
12303,5-8264
12304,7-7000
12305,8-3537
12306,8-3643
12307,6-1330
12308,8-3559
12309,8-0754
12310,6-4293
12311,5-5236
12312,1-5110
12313,4-1924
12314,4-7632
12315,2-3128
12316,2-6181
12317,7-3707
12318,1-3934
12319,7-7563
12320,3-3437
12321,3-6024
12322,6-6278
12323,1-7308
12324,1-4605
12325,3-1423
12326,2-4625
12327,6-9146
12328,7-3283
12329,4-6266
12330,8-7704
12331,5-5333
12332,1-6704
12333,4-2314
12334,8-0338
12335,8-0964
12336,3-9883
12337,8-5736
12338,3-9123
12339,6-7092
12340,6-8753
12341,3-4280
12342,8-8143
12343,2-9804
12344,2-4726
12345,5-7228
12346,4-3132
12347,5-8533
12348,1-9383
12349,8-8664
12350,3-2593
12351,4-5820
12352,5-3180
12353,8-7330
12354,1-8192
12355,1-9654
12356,5-1521
12357,1-1427
12358,5-5536
12359,2-4290
12360,1-3264
12361,7-3042
12362,3-5639
12363,2-5365
12364,6-5891
12365,1-5064
12366,4-7379
12367,4-7476
12368,5-2961
12369,8-7155
12370,5-6708
12371,7-7580
12372,3-5710
12373,4-7974
12374,8-3678
12375,7-5146
12376,6-4652
12377,7-5036
12378,3-8935
12379,5-7917
12380,4-0899
12381,7-5514
12382,2-5150
12383,6-0420
12384,8-9890
12385,4-9417
12386,6-8237
12387,3-6132
12388,8-6337
12389,5-9747
12390,3-3633
12391,7-6261
12392,4-9189
12393,7-1149
12394,5-3037
12395,6-8719
12396,4-5424
12397,1-1103
12398,7-4248
12399,5-1673
12400,7-2181
12401,5-1964
12402,3-1930
12403,8-3415
12404,8-3471
12405,3-0048
12406,2-7685
12407,8-3519
12408,4-2616
12409,8-2453
12410,7-9337
12411,1-9832
12412,4-5775
12413,6-1712
12414,7-0049
12415,6-4232
12416,6-8261
12417,7-9480
12418,4-4215
12419,2-0243
12420,5-6489
12421,7-2167
12422,6-6170
12423,2-1913
12424,3-4284
12425,6-9543
12426,3-6230
12427,8-1398
12428,1-7439
12429,1-5993
12430,5-8152
12431,1-7127
12432,3-3001
12433,3-6963
12434,5-7236
12435,7-3123
12436,3-7061
12437,1-1100
12438,7-2270
12439,8-9680
12440,1-0286
12441,6-0296
12442,6-0531
12443,7-6936
12444,2-0408
12445,2-6978
12446,2-4821
12447,7-3758
12448,8-7014
12449,4-0961
12450,6-0569
12451,8-6717
12452,6-9455
12453,8-9991
12454,3-0068
12455,7-1230
12456,3-4865
12457,6-1824
12458,4-9461
12459,4-6978
12460,4-2231
12461,7-1609
12462,4-5946
12463,7-1796
12464,6-0125
12465,2-5871
12466,7-3827
12467,6-0266
12468,3-4978
12469,5-6153
12470,2-5844
12471,3-3361
12472,8-2765
12473,5-3102
12474,7-3965
12475,2-9830
12476,1-6056
12477,3-1659
12478,1-2104
12479,7-4549
12480,5-0035
12481,2-1956
12482,2-5495
12483,3-2862
12484,7-7931
12485,8-2729
12486,4-8587
12487,8-8091
12488,3-7415
12489,8-2744
12490,8-9645
12491,7-5384
12492,3-1340
12493,7-0924
12494,2-6314
12495,3-6674
12496,1-8853
12497,4-5522
12498,3-8126
12499,1-2974
12500,2-1882
12501,5-4740
12502,2-3664
12503,7-4024
12504,3-4470
12505,2-3849
12506,7-2418
12507,6-8087
12508,4-3183
12509,4-0648
12510,8-4116
12511,8-3242
12512,4-2674
12513,3-1666
12514,2-4246
12515,3-3814
12516,3-0019
12517,2-5172
12518,5-6337
12519,6-6890
12520,4-4302
12521,5-1504
12522,1-4198
12523,7-5185
12524,3-5813
12525,1-1657
12526,4-5556
12527,3-3661
12528,3-7447
12529,5-2127
12530,8-3031
12531,6-2476
12532,5-0492
12533,4-4254
12534,4-1833
12535,8-3610
12536,2-7956
12537,5-3724
12538,5-9076
12539,6-6702
12540,4-8085
12541,1-2677
12542,5-1202
12543,3-3456
12544,5-9871
12545,5-0561
12546,8-2619
12547,8-6026
12548,5-3489
12549,6-8829
12550,7-5164
12551,4-0173
12552,4-0702
12553,7-6075
12554,8-3548
12555,2-8282
12556,8-9056
12557,2-4617
12558,2-5779
12559,3-7163
12560,1-5508
12561,8-6784
12562,8-8208
12563,2-7583
12564,3-9728
12565,8-6022
12566,6-5504
12567,5-4878
12568,6-5777
12569,6-9944
12570,5-0279
12571,8-3532
12572,7-3990
12573,4-5028
12574,7-1010
12575,8-5615
12576,8-7128
12577,6-8655
12578,3-1807
12579,4-8498
12580,1-7171
12581,7-0804
12582,1-5162
12583,4-6847
12584,3-5512
12585,1-3790
12586,8-3055
12587,7-4247
12588,2-3516
12589,7-7851
12590,2-6535
12591,3-6406
12592,3-8903
12593,2-1709
12594,2-4659
12595,7-8317
12596,7-9472
12597,6-7214
12598,2-7429
12599,1-5331
12600,8-5046
12601,4-0905
12602,1-8982
12603,3-9147
12604,8-9807
12605,7-8339
12606,6-3633
12607,7-6665
12608,1-2999
12609,1-6533
12610,7-1939
12611,1-6692
12612,2-8252
12613,8-3704
12614,7-6580
12615,2-0044
12616,5-4810
12617,6-3842
12618,5-9275
12619,8-5733
12620,8-3691
12621,4-4329
12622,2-6037
12623,3-3359
12624,2-4224
12625,6-3761
12626,2-5693
12627,3-8645
12628,7-4078
12629,4-0627
12630,1-4331
12631,2-8944
12632,2-5796
12633,1-1791
12634,8-2963
12635,4-0341
12636,1-2898
12637,5-2552
12638,4-0337
12639,5-7929
12640,2-6465
12641,6-5457
12642,7-5006
12643,6-3184
12644,7-3198
12645,1-2745
12646,4-4297
12647,3-4807
12648,4-7745
12649,1-8701
12650,1-7718
12651,1-4920
12652,3-7089
12653,2-5042
12654,4-7034
12655,2-4982
12656,5-1062
12657,3-9411
12658,1-3085
12659,2-9964
12660,2-3134
12661,4-7728
12662,2-9485
12663,7-3415
12664,4-8665
12665,4-6845
12666,8-5386
12667,8-1564
12668,3-7921
12669,5-8794
12670,3-9998
12671,7-4373
12672,2-2222
12673,6-1020
12674,6-3548
12675,3-3223
12676,8-7910
12677,6-8654
12678,1-5278
12679,3-9389
12680,8-4153
12681,2-0478
12682,3-7596
12683,7-3553
12684,2-8687
12685,3-7784
12686,1-0054
12687,1-5029
12688,4-3727
12689,3-4563
12690,5-1653
12691,1-5782
12692,3-4093
12693,8-3099
12694,8-0973
12695,7-9924
12696,6-1578
12697,5-6112
12698,1-3712
12699,8-2931
12700,4-5674
12701,4-9209
12702,1-2586
12703,7-6688
12704,2-1959
12705,6-9261
12706,8-0362
12707,6-2378
12708,6-9398
12709,2-8916
12710,6-5450
12711,8-3233
12712,6-1222
12713,5-2931
12714,3-1346
12715,3-1026
12716,3-5037
12717,1-5022
12718,6-4733
12719,5-0686
12720,2-0194
12721,4-1835
12722,6-6457
12723,4-6294
12724,7-9176
12725,4-9139
12726,7-4493
12727,5-2378
12728,5-5160
12729,7-3533
12730,8-8891
12731,7-8216
12732,8-3568
12733,3-6966
12734,4-4859
12735,6-8441
12736,2-4506
12737,3-5248
12738,3-6658
12739,3-6135
12740,4-2520
12741,1-1906
12742,3-3465
12743,5-5280
12744,4-9328
12745,7-7039
12746,2-5043
12747,5-1522
12748,7-7951
12749,7-9224
12750,6-3611
12751,8-7477
12752,4-4207
12753,6-7551
12754,3-0196
12755,2-8657
12756,4-0606
12757,4-8136
12758,6-1535
12759,4-4853
12760,4-9205
12761,3-4315
12762,7-5804
12763,8-9092
12764,6-7887
12765,4-4821
12766,7-1983
12767,2-9282
12768,3-8384
12769,5-8381
12770,6-6752
12771,2-1187
12772,3-0997
12773,7-0326
12774,7-1553
12775,8-2254
12776,3-6463
12777,3-7014
12778,4-0057
12779,7-3036
12780,4-3070
12781,6-5621
12782,6-0225
12783,5-2942
12784,7-0341
12785,6-3404
12786,8-2851
12787,6-2451
12788,1-7181
12789,5-3950
12790,6-9863
12791,8-2276
12792,4-8481
12793,3-8333
12794,1-8919
12795,2-8225
12796,8-9632
12797,2-2378
12798,4-1724
12799,8-8647
12800,1-2928
12801,1-5100
12802,7-5654
12803,1-8320
12804,6-0233
12805,8-8633
12806,7-7769
12807,4-1943
12808,7-5711
12809,7-3679
12810,5-5939
12811,8-3184
12812,6-1817
12813,4-6670
12814,8-3853
12815,5-7360
12816,6-7624
12817,8-3167
12818,5-8454
12819,4-0993
12820,3-5690
12821,3-9549
12822,8-8946
12823,4-9312
12824,5-1235
12825,2-7525
12826,2-7990
12827,4-2310
12828,2-8985
12829,7-2299
12830,3-8994
12831,6-0739
12832,5-1101
12833,5-8342
12834,4-6147
12835,2-5746
12836,3-3595
12837,4-9745
12838,3-9856
12839,3-9053
12840,8-9883
12841,5-2856
12842,3-2450
12843,7-8267
12844,4-7316
12845,5-5233
12846,5-9997
12847,5-6358
12848,8-4405
12849,4-6764
12850,7-7855
12851,7-3496
12852,4-8094
12853,7-4672
12854,4-2435
12855,1-3364
12856,6-0071
12857,5-2869
12858,8-3515
12859,4-7494
12860,6-3099
12861,6-5239
12862,8-3817
12863,6-6741
12864,3-5875
12865,7-5767
12866,3-2611
12867,2-9165
12868,2-0309
12869,8-6117
12870,4-9380
12871,8-5649
12872,8-8052
12873,7-2023
12874,6-9566
12875,2-2793
12876,4-1341
12877,2-3378
12878,1-7472
12879,6-3571
12880,5-4105
12881,6-7261
12882,7-8670
12883,7-0431
12884,6-0383
12885,4-1100
12886,2-8833
12887,5-2004
12888,3-9334
12889,1-7945
12890,1-1612
12891,3-9823
12892,8-7876
12893,1-5408
12894,6-5725
12895,8-5188
12896,6-1651
12897,1-1031
12898,7-1519
12899,5-3185
12900,3-9491
12901,4-1736
12902,5-8860
12903,6-1766
12904,8-0729
12905,5-7089
12906,4-8607
12907,7-8262
12908,4-3917
12909,8-5142
12910,2-5651
12911,8-5912
12912,6-5478
12913,3-2143
12914,3-8440
12915,4-8825
12916,2-0543
12917,1-5231
12918,8-8557
12919,3-9322
12920,6-5017
12921,3-1525
12922,6-7845
12923,2-1923
12924,5-1471
12925,1-6493
12926,2-4153
12927,5-9168
12928,8-3748
12929,1-4082
12930,5-2153
12931,6-1846
12932,6-8515
12933,3-7821
12934,1-6978
12935,1-4614
12936,6-6353
12937,4-6260
12938,6-4939
12939,5-8689
12940,1-4550
12941,8-9799
12942,7-3196
12943,4-9107
12944,3-0054
12945,4-1307
12946,6-9661
12947,1-5058
12948,1-5129
12949,7-7734
12950,6-0994
12951,5-4957
12952,3-6392
12953,8-6505
12954,6-9470
12955,1-2825
12956,7-6431
12957,2-1315
12958,6-3417
12959,7-2424
12960,3-0086
12961,1-0498
12962,8-2011
12963,5-9232
12964,3-4292
12965,3-5634
12966,2-6281
12967,6-9833
12968,5-7305
12969,3-9049
12970,6-3812
12971,3-4228
12972,3-9377
12973,6-5633
12974,3-0192
12975,5-5317
12976,3-2223
12977,4-9988
12978,1-5905
12979,7-8037
12980,6-8842
12981,3-2752
12982,2-9988
12983,8-2310
12984,1-9293
12985,5-1098
12986,7-4914
12987,1-7772
12988,5-7290
12989,3-0786
12990,4-9424
12991,3-8855
12992,5-4389
12993,5-0995
12994,1-0989
12995,4-9098
12996,1-5008
12997,3-3819
12998,6-0618
12999,3-5856
13000,5-1689
13001,2-1296
13002,2-5577
13003,7-0143
13004,6-2450
13005,4-4562
13006,7-4228
13007,3-1875
13008,1-5829
13009,3-7671
13010,6-8311
13011,7-6870
13012,7-1750
13013,7-0315
13014,4-0015
13015,6-7581
13016,4-8694
13017,5-1376
13018,7-8780
13019,8-1553
13020,8-7010
13021,5-9909
13022,3-0779
13023,6-3575
13024,4-8958
13025,8-8486
13026,8-2990
13027,6-6341
13028,7-6442
13029,3-5797
13030,3-7965
13031,5-8705
13032,6-8632
13033,2-9831
13034,7-1763
13035,2-9059
13036,5-3111
13037,8-7495
13038,7-0190
13039,1-5412
13040,1-7578
13041,2-2088
13042,7-9311
13043,6-2000
13044,1-8459
13045,3-4930
13046,4-0619
13047,6-4688
13048,2-2652
13049,5-5366
13050,2-4494
13051,1-4373
13052,4-3314
13053,4-9808
13054,1-6064
13055,1-9955
13056,5-0216
13057,8-6475
13058,2-8882
13059,1-6917
13060,7-8199
13061,7-6293
13062,7-0445
13063,2-4036
13064,6-0948
13065,5-9473
13066,5-2798
13067,7-3603
13068,5-5385
13069,7-2275
13070,3-5965
13071,7-5260
13072,2-0953
13073,8-6554
13074,7-0126
13075,2-1635
13076,6-6673
13077,4-2865
13078,3-5955
13079,3-0217
13080,8-7406
13081,3-2587
13082,4-6210
13083,4-6349
13084,3-4836
13085,1-3738
13086,8-4104
13087,4-7695
13088,6-3122
13089,4-1761
13090,2-5002
13091,5-8346
13092,5-5615
13093,8-3591
13094,7-9436
13095,8-2476
13096,7-8041
13097,1-6460
13098,5-3129
13099,8-3932
13100,4-0617
13101,1-1311
13102,4-4116
13103,8-1384
13104,6-5630
13105,5-3518
13106,3-7805
13107,2-9250
13108,3-4356
13109,2-1903
13110,7-3940
13111,6-8685
13112,4-8249
13113,8-9609
13114,4-1237
13115,5-3868
13116,2-7575
13117,7-0819
13118,1-6503
13119,3-7369
13120,1-9855
13121,4-6407
13122,5-8683
13123,2-2617
13124,7-6911
13125,1-8618
13126,2-5017
13127,6-9639
13128,1-8844
13129,2-6086
13130,1-8592
13131,8-3706
13132,2-2108
13133,6-2941
13134,3-5523
13135,4-5568
13136,3-6059
13137,5-8566
13138,7-6087
13139,1-7609
13140,6-7962
13141,3-1456
13142,2-2407
13143,3-9581
13144,6-8504
13145,7-5925
13146,2-2289
13147,5-2777
13148,7-6387
13149,1-2639
13150,6-2209
13151,1-3931
13152,1-4502
13153,8-3778
13154,3-7230
13155,4-7642
13156,1-3224
13157,3-5318
13158,2-8599
13159,8-8382
13160,1-2638
13161,7-4790
13162,1-0340
13163,5-2190
13164,7-4913
13165,1-1588
13166,2-0039
13167,2-8832
13168,6-5330
13169,3-4533
13170,8-7442
13171,1-2240
13172,1-4405
13173,5-9428
13174,3-7317
13175,3-0454
13176,8-8235
13177,6-4612
13178,1-0526
13179,2-5791
13180,3-1956
13181,3-8432
13182,4-3552
13183,8-7990
13184,8-1839
13185,1-7486
13186,3-2447
13187,2-9427
13188,2-6718
13189,7-6314
13190,3-3861
13191,3-4061
13192,2-6032
13193,6-8621
13194,8-5917
13195,1-4540
13196,8-9730
13197,5-0618
13198,4-2902
13199,4-6198
13200,4-3832
13201,1-3721
13202,2-4186
13203,7-3485
13204,6-7758
13205,6-7710
13206,7-5486
13207,3-5411
13208,4-0297
13209,2-1971
13210,3-5332
13211,8-1625
13212,8-9119
13213,4-3898
13214,5-4951
13215,7-7771
13216,4-8520
13217,3-2900
13218,1-8830
13219,6-0826
13220,8-5786
13221,3-0121
13222,6-3927
13223,7-3215
13224,7-5730
13225,7-0906
13226,4-6258
13227,3-2167
13228,3-7261
13229,2-9747
13230,4-5831
13231,8-4110
13232,8-7437
13233,8-5395
13234,6-3384
13235,5-1475
13236,1-0278
13237,6-8815
13238,6-4452
13239,3-0568
13240,1-9048
13241,7-9182
13242,2-3204
13243,7-6141
13244,6-4420
13245,2-0816
13246,8-6502
13247,2-9569
13248,6-3391
13249,7-0772
13250,6-0196
13251,2-1342
13252,1-6476
13253,3-1536
13254,4-6598
13255,6-5303
13256,4-7363
13257,6-4664
13258,4-5796
13259,3-9420
13260,5-7155
13261,2-2359
13262,4-2007
13263,6-3356
13264,6-1324
13265,2-7245
13266,6-3018
13267,6-2479
13268,3-1790
13269,5-6561
13270,2-1891
13271,1-1306
13272,6-7125
13273,3-2060
13274,7-7199
13275,4-2613
13276,4-3437
13277,7-5862
13278,5-8007
13279,7-9452
13280,3-9620
13281,8-8163
13282,8-3290
13283,7-4037
13284,1-3485
13285,1-6225
13286,4-6274
13287,4-9004
13288,7-6025
13289,8-0355
13290,4-1852
13291,8-6063
13292,2-5104
13293,7-0347
13294,6-5476
13295,1-0637
13296,6-6454
13297,8-6349
13298,6-8076
13299,4-5498
13300,4-7109
13301,3-1307
13302,6-2547
13303,6-6865
13304,3-6086
13305,3-7992
13306,4-5776
13307,5-7106
13308,7-6357
13309,6-7281
13310,3-6029
13311,5-9087
13312,5-4468
13313,2-9737
13314,2-6131
13315,3-5977
13316,3-4681
13317,1-6308
13318,5-1796
13319,4-2929
13320,5-7183
13321,3-4285
13322,4-1409
13323,7-8027
13324,7-0312
13325,4-2547
13326,4-8563
13327,2-2720
13328,1-8352
13329,2-2779
13330,1-3440
13331,8-8503
13332,8-6954
13333,3-7699
13334,1-7074
13335,6-3185
13336,7-1042
13337,4-6939
13338,3-2005
13339,8-3999
13340,5-6391
13341,3-2713
13342,4-9641
13343,2-5996
13344,2-7410
13345,4-4570
13346,5-5565
13347,1-7906
13348,2-2386
13349,8-6534
13350,1-9643
13351,5-8149
13352,2-4194
13353,5-0556
13354,2-9211
13355,1-7363
13356,6-3896
13357,8-5243
13358,5-1072
13359,5-0441
13360,6-6843
13361,7-5961
13362,6-6718
13363,4-6639
13364,4-6506
13365,2-7018
13366,1-8757
13367,5-9127
13368,4-5941
13369,4-3856
13370,1-8299
13371,5-8772
13372,8-7236
13373,5-7867
13374,1-8485
13375,6-2435
13376,7-4269
13377,8-3948
13378,5-9385
13379,2-9562
13380,4-7484
13381,1-1733
13382,4-6789
13383,6-8088
13384,8-2493
13385,3-5808
13386,4-2972
13387,4-3368
13388,2-7341
13389,1-8503
13390,4-7186
13391,6-7143
13392,7-7144
13393,6-1812
13394,2-6547
13395,4-4224
13396,4-5022
13397,7-0774
13398,4-4766
13399,2-0769
13400,6-3108
13401,6-3514
13402,6-2975
13403,4-0854
13404,6-1667
13405,7-7396
13406,1-5024
13407,7-6418
13408,1-8616
13409,1-5580
13410,6-3196
13411,1-5773
13412,1-7918
13413,1-6559
13414,5-9688
13415,1-2957
13416,3-9859
13417,5-6360
13418,4-4743
13419,7-9509
13420,1-6222
13421,6-9699
13422,2-8386
13423,1-3150
13424,8-1848
13425,1-2239
13426,7-7333
13427,1-3262
13428,5-5862
13429,8-6189
13430,4-7402
13431,6-9798
13432,8-5227
13433,5-1158
13434,1-0955
13435,2-5712
13436,1-4187
13437,6-7249
13438,2-1890
13439,3-9682
13440,6-8613
13441,6-0560
13442,5-3624
13443,2-0696
13444,3-4803
13445,3-1432
13446,8-2357
13447,1-1389
13448,3-8860
13449,8-9318
13450,3-7588
13451,1-5845
13452,6-3725
13453,3-3484
13454,6-3001
13455,1-5303
13456,5-5541
13457,8-4258
13458,4-1841
13459,7-5032
13460,5-9224
13461,6-6812
13462,7-2428
13463,8-5721
13464,5-2107
13465,5-0763
13466,2-3790
13467,1-7903
13468,5-8754
13469,1-6425
13470,8-3663
13471,1-6983
13472,7-0594
13473,8-1820
13474,5-8804
13475,7-0771
13476,2-8618
13477,3-1089
13478,1-6171
13479,5-3410
13480,3-7910
13481,2-8275
13482,4-3627
13483,8-1134
13484,8-8761
13485,2-0579
13486,8-9572
13487,4-2603
13488,5-5668
13489,1-1621
13490,1-2707
13491,1-2735
13492,7-8600
13493,5-7429
13494,6-9992
13495,6-8532
13496,3-6554
13497,5-9925
13498,7-4465
13499,1-8668
13500,3-5984
13501,8-2621
13502,6-8453
13503,1-6220
13504,4-0533
13505,8-1536
13506,1-5463
13507,3-5386
13508,4-8619
13509,8-9475
13510,3-4482
13511,5-1915
13512,4-2820
13513,3-1681
13514,2-2991
13515,6-4974
13516,4-1652
13517,1-4982
13518,7-2137
13519,3-1840
13520,6-6827
13521,7-7520
13522,3-8454
13523,1-0442
13524,8-0407
13525,2-0809
13526,3-2200
13527,1-8311
13528,4-2552
13529,2-5833
13530,2-3271
13531,7-7948
13532,5-5018
13533,1-7991
13534,4-0685
13535,2-5590
13536,4-0558
13537,4-8079
13538,2-7651
13539,5-7058
13540,3-0640
13541,3-2531
13542,6-4012
13543,3-3497
13544,7-4538
13545,1-5275
13546,7-3918
13547,6-3034
13548,8-2215
13549,6-1278
13550,4-2749
13551,7-8823
13552,4-6619
13553,5-3593
13554,7-5752
13555,4-1057
13556,8-6156
13557,6-8056
13558,3-3841
13559,6-6306
13560,6-6753
13561,6-5066
13562,3-7056
13563,8-2495
13564,8-2551
13565,7-0879
13566,8-6855
13567,5-1363
13568,8-3883
13569,1-2972
13570,8-8329
13571,1-3033
13572,7-7918
13573,5-7234
13574,8-4867
13575,5-6632
13576,7-4736
13577,1-2680
13578,8-4607
13579,7-5911
13580,4-8181
13581,5-8898
13582,3-1965
13583,7-1360
13584,4-5254
13585,7-1067
13586,2-2537
13587,4-0958
13588,5-9372
13589,2-9822
13590,3-6184
13591,5-7656
13592,4-9250
13593,7-5733
13594,2-3222
13595,4-9159
13596,1-7012
13597,1-0026
13598,2-5720
13599,4-0848
13600,4-7261
13601,1-6598
13602,3-1488
13603,6-7200
13604,8-2614
13605,7-9109
13606,4-1581
13607,1-6488
13608,8-9439
13609,7-9447
13610,3-7054
13611,5-4846
13612,7-3854
13613,3-7165
13614,5-2834
13615,3-8826
13616,2-6413
13617,7-6309
13618,7-5742
13619,1-9927
13620,5-0464
13621,7-1601
13622,8-5282
13623,2-8984
13624,1-3611
13625,5-9567
13626,3-9736
13627,4-3389
13628,2-8817
13629,1-5042
13630,8-5577
13631,8-6331
13632,1-6543
13633,6-0106
13634,2-4368
13635,4-9759
13636,4-6418
13637,6-8285
13638,2-9596
13639,2-7040
13640,5-2254
13641,4-3950
13642,2-3232
13643,3-5820
13644,4-1649
13645,5-6352
13646,2-1419
13647,7-6353
13648,5-9921
13649,8-3809
13650,1-9952
13651,3-2642
13652,4-0126
13653,5-0885
13654,8-1056
13655,4-8976
13656,5-9629
13657,7-6401
13658,5-9648
13659,5-3085
13660,3-8841
13661,3-5484
13662,4-8604
13663,4-5070
13664,4-3052
13665,5-8396
13666,2-3420
13667,2-4603
13668,1-5345
13669,2-5273
13670,4-0663
13671,4-5224
13672,7-4444
13673,5-0302
13674,2-4185
13675,7-4258
13676,3-7732
13677,8-8962
13678,7-4386
13679,1-7736
13680,2-8783
13681,6-5312
13682,6-8300
13683,2-0258
13684,3-2734
13685,8-4479
13686,6-0091
13687,5-1464
13688,8-0312
13689,6-0402
13690,4-5108
13691,6-3951
13692,3-3677
13693,5-6220
13694,4-6235
13695,4-5962
13696,2-4652
13697,7-2146
13698,1-4841
13699,5-3865
13700,4-3872
13701,4-5330
13702,6-8232
13703,8-6470
13704,4-8572
13705,2-6933
13706,1-5402
13707,2-2395
13708,1-8057
13709,5-7314
13710,2-9744
13711,1-2715
13712,6-9546
13713,4-8458
13714,4-0387
13715,3-8030
13716,2-9895
13717,1-4305
13718,7-3967
13719,3-8098
13720,2-4087
13721,6-8083
13722,2-0805
13723,5-0373
13724,1-7928
13725,4-1492
13726,6-1396
13727,2-7631
13728,2-0875
13729,8-4467
13730,7-8143
13731,5-6088
13732,2-6485
13733,4-7786
13734,7-3306
13735,8-1818
13736,5-5894
13737,5-0673
13738,2-3800
13739,4-6284
13740,8-5121
13741,8-7432
13742,6-6652
13743,6-6118
13744,4-0264
13745,4-5559
13746,6-6168
13747,1-3170
13748,8-3159
13749,6-1162
13750,7-5595
13751,8-2340
13752,7-8269
13753,2-0976
13754,1-1220
13755,7-8017
13756,5-7008
13757,2-6410
13758,5-5540
13759,1-2731
13760,8-4578
13761,4-0765
13762,7-2528
13763,5-8146
13764,2-8098
13765,8-1440
13766,7-3595
13767,2-0665
13768,2-8414
13769,4-2113
13770,2-1866
13771,3-5069
13772,2-3100
13773,4-1066
13774,8-7249
13775,3-9422
13776,6-4512
13777,1-8340
13778,8-8067
13779,6-3046
13780,5-6914
13781,4-1821
13782,8-5400
13783,4-6153
13784,3-2872
13785,7-8265
13786,8-8487
13787,7-4775
13788,6-6257
13789,7-1113
13790,4-6221
13791,6-3493
13792,3-7862
13793,3-2490
13794,1-1392
13795,7-9342
13796,7-6959
13797,4-2014
13798,8-8013
13799,6-1406
13800,5-8555
13801,6-9320
13802,7-3828
13803,8-2479
13804,3-8274
13805,2-3228
13806,3-1235
13807,8-1967
13808,3-2661
13809,4-3471
13810,1-1191
13811,6-1311
13812,7-8701
13813,2-8255
13814,4-2797
13815,7-1381
13816,8-9715
13817,5-7171
13818,2-5122
13819,3-7134
13820,8-9079
13821,6-2950
13822,7-2538
13823,2-7505
13824,3-1819
13825,2-3347
13826,5-3426
13827,1-3624
13828,3-1328
13829,5-2338
13830,1-8563
13831,1-2059
13832,5-1490
13833,7-7713
13834,3-9844
13835,4-8162
13836,8-5283
13837,2-9029
13838,4-6677
13839,7-8704
13840,7-3102
13841,6-0096
13842,6-4366
13843,4-2545
13844,6-2140
13845,3-7370
13846,1-9863
13847,8-6389
13848,8-5473
13849,6-1036
13850,8-2875
13851,3-4307
13852,3-6461
13853,3-4637
13854,1-2460
13855,6-1433
13856,3-8219
13857,5-2016
13858,1-4748
13859,3-3230
13860,7-6932
13861,1-1710
13862,4-5572
13863,1-5112
13864,3-2484
13865,2-6559
13866,1-4068
13867,2-3722
13868,1-6295
13869,8-3639
13870,1-7674
13871,7-4571
13872,7-5226
13873,1-5837
13874,1-1151
13875,7-5318
13876,8-5880
13877,1-1666
13878,6-0264
13879,3-8710
13880,3-3866
13881,1-3458
13882,2-8693
13883,8-8192
13884,2-8942
13885,7-3873
13886,1-0019
13887,4-3636
13888,4-3446
13889,5-2242
13890,5-9818
13891,3-7125
13892,2-2987
13893,8-5198
13894,4-8064
13895,1-3777
13896,7-8102
13897,2-6417
13898,4-3031
13899,8-4042
13900,6-4311
13901,4-9394
13902,6-2692
13903,6-8905
13904,7-8723
13905,8-9193
13906,2-8576
13907,4-1531
13908,6-6810
13909,7-1558
13910,3-0131
13911,8-5995
13912,3-7927
13913,8-1219
13914,4-3862
13915,6-0673
13916,7-1814
13917,6-7098
13918,7-0194
13919,4-0423
13920,1-5179
13921,5-6060
13922,2-3635
13923,2-5146
13924,2-4128
13925,7-5865
13926,5-1311
13927,5-8790
13928,2-5646
13929,7-3922
13930,4-0255
13931,6-3667
13932,8-2359
13933,4-4531
13934,3-4038
13935,8-5832
13936,5-6306
13937,7-1343
13938,1-1408
13939,8-7801
13940,6-3160
13941,4-3924
13942,5-6672
13943,3-2604
13944,3-5583
13945,2-2741
13946,8-7671
13947,8-8974
13948,6-2129
13949,2-2356
13950,2-1192
13951,5-2911
13952,1-6538
13953,3-2821
13954,5-4832
13955,6-7873
13956,3-8238
13957,3-3131
13958,4-5090
13959,1-5457
13960,6-8399
13961,8-3443
13962,6-8628
13963,1-4179
13964,8-8350
13965,7-6463
13966,3-3321
13967,1-1098
13968,6-5103
13969,2-9260
13970,1-7020
13971,1-9989
13972,1-1246
13973,8-0913
13974,5-7962
13975,2-0402
13976,2-8324
13977,6-9402
13978,6-6487
13979,4-5927
13980,8-5025
13981,7-8542
13982,6-3534
13983,8-8125
13984,5-9642
13985,4-4353
13986,3-3734
13987,6-7155
13988,3-5801
13989,1-4951
13990,1-1133
13991,4-2854
13992,2-9634
13993,8-5749
13994,2-6764
13995,1-9270
13996,2-2667
13997,3-6200
13998,2-0257
13999,7-1988
14000,1-9750
14001,2-0206
14002,5-8249
14003,1-3646
14004,1-2848
14005,2-0572
14006,3-4664
14007,8-2771
14008,2-7843
14009,6-1837
14010,4-5084
14011,8-8896
14012,1-2906
14013,1-8682
14014,3-5689
14015,5-0835
14016,1-1337
14017,8-0072
14018,7-4251
14019,7-6320
14020,7-1307
14021,5-1600
14022,1-7618
14023,1-9680
14024,8-0020
14025,4-5755
14026,1-9250
14027,1-5600
14028,8-9866
14029,8-7487
14030,4-6926
14031,6-2056
14032,1-2892
14033,3-6545
14034,7-3147
14035,6-2952
14036,6-2672
14037,5-2558
14038,7-6920
14039,1-4893
14040,5-4956
14041,5-4117
14042,4-5807
14043,3-1324
14044,8-2008
14045,4-3901
14046,5-8707
14047,3-2654
14048,4-8647
14049,4-3664
14050,3-4084
14051,5-4355
14052,7-5152
14053,1-5598
14054,5-1182
14055,7-0950
14056,5-4120
14057,3-7961
14058,3-7698
14059,5-1267
14060,2-2973
14061,6-2850
14062,3-8055
14063,6-2889
14064,5-3647
14065,4-8630
14066,8-6477
14067,3-8701
14068,5-1795
14069,7-1258
14070,4-5177
14071,2-4178
14072,5-5904
14073,5-1756
14074,3-7657
14075,1-3614
14076,1-0757
14077,7-1296
14078,8-4336
14079,1-3084
14080,6-4563
14081,4-0919
14082,1-8724
14083,5-3768
14084,1-1038
14085,3-6370
14086,3-8191
14087,2-2234
14088,2-5598
14089,4-9523
14090,4-9216
14091,6-6379
14092,8-9123
14093,6-4196
14094,2-8138
14095,4-5591
14096,3-9873
14097,1-5693
14098,3-4325
14099,8-7732
14100,8-5702
14101,7-5367
14102,3-1718
14103,3-3879
14104,5-6146
14105,6-4309
14106,7-5948
14107,3-5337
14108,6-2346
14109,3-1712
14110,8-5040
14111,3-1426
14112,3-3909
14113,7-3531
14114,7-5439
14115,8-7460
14116,5-2669
14117,7-2702
14118,1-6486
14119,4-8779
14120,2-7001
14121,5-6204
14122,8-1510
14123,5-9581
14124,3-0364
14125,1-1380
14126,1-2257
14127,5-3649
14128,7-9413
14129,2-9125
14130,7-4242
14131,4-1001
14132,8-5087
14133,8-2770
14134,5-2336
14135,2-8816
14136,5-9502
14137,5-9086
14138,4-8796
14139,1-2642
14140,5-2129
14141,5-4969
14142,1-2835
14143,2-8530
14144,2-0198
14145,4-6148
14146,2-6073
14147,3-2066
14148,7-9516
14149,2-5579
14150,6-2878
14151,6-9924
14152,3-0431
14153,6-6253
14154,6-8356
14155,5-5752
14156,1-0187
14157,1-2547
14158,8-9855
14159,7-1228
14160,4-7616
14161,8-3442
14162,8-0510
14163,1-1344
14164,4-1290
14165,5-2684
14166,2-9313
14167,8-7654
14168,8-3611
14169,4-2695
14170,5-1531
14171,8-2319
14172,4-9688
14173,1-8404
14174,8-2443
14175,2-5059
14176,6-4750
14177,8-7295
14178,1-5619
14179,6-4449
14180,4-4623
14181,8-1724
14182,5-7362
14183,8-1615
14184,6-9620
14185,2-7569
14186,2-4415
14187,8-0895
14188,7-6683
14189,7-5410
14190,7-3743
14191,1-7122
14192,6-3052
14193,6-2103
14194,8-0479
14195,3-8002
14196,4-9183
14197,7-9943
14198,2-3534
14199,4-5118
14200,1-4055
14201,2-5226
14202,6-2289
14203,3-3990
14204,4-3506
14205,1-4513
14206,1-9770
14207,8-2458
14208,1-6864
14209,7-3963
14210,3-9497
14211,6-1809
14212,7-1426
14213,2-6087
14214,1-4078
14215,8-6982
14216,6-9931
14217,7-8224
14218,8-0468
14219,6-1507
14220,2-7400
14221,4-6347
14222,3-2279
14223,4-1078
14224,3-3130
14225,1-9904
14226,5-9039
14227,7-6015
14228,5-1291
14229,8-8283
14230,4-2737
14231,1-1363
14232,1-0579
14233,3-2074
14234,8-1283
14235,7-4618
14236,4-5750
14237,1-7844
14238,6-3022
14239,5-6884
14240,6-4148
14241,8-0181
14242,1-0084
14243,8-2425
14244,3-0801
14245,2-2612
14246,7-4540
14247,6-2414
14248,2-3866
14249,4-6111
14250,7-3911
14251,7-6974
14252,8-3076
14253,7-2539
14254,2-6246
14255,5-9753
14256,7-1934
14257,6-3605
14258,2-9887
14259,8-1369
14260,2-7961
14261,3-7351
14262,7-3307
14263,7-7917
14264,1-6922
14265,4-2926
14266,3-4808
14267,8-4755
14268,3-6606
14269,4-4474
14270,7-9676
14271,2-6807
14272,8-3059
14273,1-6346
14274,1-9407
14275,3-8095
14276,1-7585
14277,8-0828
14278,2-4697
14279,6-6295
14280,5-7786
14281,7-2498
14282,8-2235
14283,4-1532
14284,4-3692
14285,5-6019
14286,1-5456
14287,8-8352
14288,5-3730
14289,2-3335
14290,8-9772
14291,6-9735
14292,3-5607
14293,6-1149
14294,1-1720
14295,8-1871
14296,8-3353
14297,5-5184
14298,4-2837
14299,1-5662
14300,2-6940
14301,2-6991
14302,5-1818
14303,4-0409
14304,2-3242
14305,5-6859
14306,5-6875
14307,5-4879
14308,8-1929
14309,8-7889
14310,7-9043
14311,5-3138
14312,7-1279
14313,2-2927
14314,5-4420
14315,1-0334
14316,5-7329
14317,7-3689
14318,3-6649
14319,3-7027
14320,7-3525
14321,2-3280
14322,2-2381
14323,8-8185
14324,6-9342
14325,2-9857
14326,2-9099
14327,1-5594
14328,2-6837
14329,4-2609
14330,4-6654
14331,1-4801
14332,4-4870
14333,1-8376
14334,1-9794
14335,4-8758
14336,3-1234
14337,8-1116
14338,8-1950
14339,1-4089
14340,6-5800
14341,4-8214
14342,4-6444
14343,5-8832
14344,8-8248
14345,8-4622
14346,5-7932
14347,5-4885
14348,7-8822
14349,2-4906
14350,5-7593
14351,8-4753
14352,6-4056
14353,7-9403
14354,4-4145
14355,5-0960
14356,5-0054
14357,1-1931
14358,4-2768
14359,4-9562
14360,2-6017
14361,4-5116
14362,8-4543
14363,7-9927
14364,6-1126
14365,2-4474
14366,5-6858
14367,2-3530
14368,6-8416
14369,7-9761
14370,7-1736
14371,8-4146
14372,6-4476
14373,7-4565
14374,8-4190
14375,2-3191
14376,5-1519
14377,6-7211
14378,7-3208
14379,6-4421
14380,6-7154
14381,5-2661
14382,6-7158
14383,6-1223
14384,4-5357
14385,5-9491
14386,4-6213
14387,1-9709
14388,7-7913
14389,6-2888
14390,2-5507
14391,5-4887
14392,5-4398
14393,1-7659
14394,8-4278
14395,3-5299
14396,5-8857
14397,6-6455
14398,2-2379
14399,8-4662
14400,5-1403
14401,7-5992
14402,1-3353
14403,2-2755
14404,1-6647
14405,3-2361
14406,4-3203
14407,4-7153
14408,7-5623
14409,8-2434
14410,4-8761
14411,7-4912
14412,8-3985
14413,6-2615
14414,3-3795
14415,5-0836
14416,5-2928
14417,3-9529
14418,1-3331
14419,1-4162
14420,1-8048
14421,1-1723
14422,2-4346
14423,4-4586
14424,8-4652
14425,7-2258
14426,1-9458
14427,3-0620
14428,5-4365
14429,2-0157
14430,7-4327
14431,4-6151
14432,2-4911
14433,1-4807
14434,2-9856
14435,7-2892
14436,1-1545
14437,1-2487
14438,6-0925
14439,7-2493
14440,7-1951
14441,5-7739
14442,8-0938
14443,1-4557
14444,8-2227
14445,3-2202
14446,6-4823
14447,3-1465
14448,1-2770
14449,7-8656
14450,5-0783
14451,2-1667
14452,3-2277
14453,5-7217
14454,2-5575
14455,7-4643
14456,6-8018
14457,2-0883
14458,5-5132
14459,4-4271
14460,1-7811
14461,1-2368
14462,4-5592
14463,2-3588
14464,6-0875
14465,4-1794
14466,6-6921
14467,1-4227
14468,1-0614
14469,2-2036
14470,7-4333
14471,3-2141
14472,5-6719
14473,1-6045
14474,6-7025
14475,6-0328
14476,4-3883
14477,8-9274
14478,3-4324
14479,4-4858
14480,6-2802
14481,4-8503
14482,6-4631
14483,3-2551
14484,3-8324
14485,6-1155
14486,6-9672
14487,4-0862
14488,8-6758
14489,4-3249
14490,6-7110
14491,1-9316
14492,5-8013
14493,4-9106
14494,4-9747
14495,7-6661
14496,8-9560
14497,7-7086
14498,7-2117
14499,6-4944
14500,8-1311
14501,7-5460
14502,1-8974
14503,1-4300
14504,2-7176
14505,1-7599
14506,3-0294
14507,8-8894
14508,2-0922
14509,1-8993
14510,3-2349
14511,8-5115
14512,4-3235
14513,2-7811
14514,2-8918
14515,6-7742
14516,1-7268
14517,7-0636
14518,5-3873
14519,7-1374
14520,4-9003
14521,4-7761
14522,2-1691
14523,2-8542
14524,5-2497
14525,5-1367
14526,8-6123
14527,6-7995
14528,1-1852
14529,4-7641
14530,6-0465
14531,8-7868
14532,5-8292
14533,3-0609
14534,4-8230
14535,4-9588
14536,5-0688
14537,8-6309
14538,4-2532
14539,3-5035
14540,6-4150
14541,6-2670
14542,5-0366
14543,3-9509
14544,1-0297
14545,1-8088
14546,4-8683
14547,8-2386
14548,3-9724
14549,8-6153
14550,1-6843
14551,8-9993
14552,5-2667
14553,3-8250
14554,1-2571
14555,4-1905
14556,6-0062
14557,4-2002
14558,1-3695
14559,1-7259
14560,4-5719
14561,7-5001
14562,7-9826
14563,5-0891
14564,4-2845
14565,8-0899
14566,4-7427
14567,7-7979
14568,1-8770
14569,4-8753
14570,5-1150
14571,8-5263
14572,6-3762
14573,8-5710
14574,2-8479
14575,7-8655
14576,7-7181
14577,2-6454
14578,5-5418
14579,4-7313
14580,1-9608
14581,6-4516
14582,5-4207
14583,8-1490
14584,7-4969
14585,5-0854
14586,3-9772
14587,4-9538
14588,1-2899
14589,2-8695
14590,1-3185
14591,6-0110
14592,4-4368
14593,7-5761
14594,5-4000
14595,2-7526
14596,4-5698
14597,8-8869
14598,2-6059
14599,2-1529
14600,8-2602
14601,7-7212
14602,8-4806
14603,4-8424
14604,2-1104
14605,2-9886
14606,3-0690
14607,1-4519
14608,5-3863
14609,8-8001
14610,6-3152
14611,2-4889
14612,5-7304
14613,8-2315
14614,2-1769
14615,6-3301
14616,4-7925
14617,4-5176
14618,5-1372
14619,1-9785
14620,5-3356
14621,3-8970
14622,1-8218
14623,2-1417
14624,6-0548
14625,7-5533
14626,2-6925
14627,1-7440
14628,2-6662
14629,3-4388
14630,4-1141
14631,2-7617
14632,1-1386
14633,8-3798
14634,8-4584
14635,1-8059
14636,7-9974
14637,1-1528
14638,6-0301
14639,1-7158
14640,8-6900
14641,2-9950
14642,4-8055
14643,6-4015
14644,4-5913
14645,7-8606
14646,1-1735
14647,5-5380
14648,4-7772
14649,7-2462
14650,4-6451
14651,1-6477
14652,5-8603
14653,3-2155
14654,6-0337
14655,8-2306
14656,3-8811
14657,5-8786
14658,2-0498
14659,8-8285
14660,5-1180
14661,4-6604
14662,1-7668
14663,3-4548
14664,4-4865
14665,3-6586
14666,6-2660
14667,3-0898
14668,6-6268
14669,4-8516
14670,5-0486
14671,7-6896
14672,6-6522
14673,6-6466
14674,7-3968
14675,6-7931
14676,6-6458
14677,4-5702
14678,8-1775
14679,3-8793
14680,8-2500
14681,7-0962
14682,1-4054
14683,6-6659
14684,1-1810
14685,7-0919
14686,5-5672
14687,3-3338
14688,7-7291
14689,5-3921
14690,6-5028
14691,5-7944
14692,8-7027
14693,7-0490
14694,4-8850
14695,6-6513
14696,2-2185
14697,1-2224
14698,1-3772
14699,6-9405
14700,8-0953
14701,7-1726
14702,6-9913
14703,8-6585
14704,8-0470
14705,8-2591
14706,4-8661
14707,5-5605
14708,2-7054
14709,5-9859
14710,6-8347
14711,1-0336
14712,2-2467
14713,5-8938
14714,5-0781
14715,2-1432
14716,8-3321
14717,2-8938
14718,7-1687
14719,7-3694
14720,6-9294
14721,7-0795
14722,8-4829
14723,8-5094
14724,3-5671
14725,2-8042
14726,1-0033
14727,3-3529
14728,5-9316
14729,6-8877
14730,8-6390
14731,6-1533
14732,6-2017
14733,5-2991
14734,8-1267
14735,1-2269
14736,8-8151
14737,4-0667
14738,4-7614
14739,6-5378
14740,1-2146
14741,2-0736
14742,2-8659
14743,6-8437
14744,3-8316
14745,1-5374
14746,4-4180
14747,7-2707
14748,2-7674
14749,4-2922
14750,3-1729
14751,2-2546
14752,1-2861
14753,5-8964
14754,1-6349
14755,2-7823
14756,8-6270
14757,8-8631
14758,5-4122
14759,2-0332
14760,7-7547
14761,8-8268
14762,5-9141
14763,8-1163
14764,6-0522
14765,7-1844
14766,2-0777
14767,5-7427
14768,2-1125
14769,8-2962
14770,1-9703
14771,1-1011
14772,8-3476
14773,1-5111
14774,6-4715
14775,7-9002
14776,3-9945
14777,7-2964
14778,4-3320
14779,3-9077
14780,1-6555
14781,7-7515
14782,1-7680
14783,2-8185
14784,1-3335
14785,1-1104
14786,8-1446
14787,8-8828
14788,1-4922
14789,6-2949
14790,4-7648
14791,4-3966
14792,8-3921
14793,7-8607
14794,4-0583
14795,3-9669
14796,5-1355
14797,1-1994
14798,7-4487
14799,5-8255
14800,1-1290
14801,1-4197
14802,8-2603
14803,2-4078
14804,5-9890
14805,1-0456
14806,7-7365
14807,6-9116
14808,8-5942
14809,6-1807
14810,1-0126
14811,2-4115
14812,4-8284
14813,3-5741
14814,3-3929
14815,7-7056
14816,2-4795
14817,6-1461
14818,2-6995
14819,4-8536
14820,8-0501
14821,5-2007
14822,5-9902
14823,3-0152
14824,4-4707
14825,6-6907
14826,6-9806
14827,3-0368
14828,3-1002
14829,3-7395
14830,2-6532
14831,6-2722
14832,1-2831
14833,6-9767
14834,1-9262
14835,5-2491
14836,6-8521
14837,2-7877
14838,7-8919
14839,4-1014
14840,2-2479
14841,3-0189
14842,1-6521
14843,6-3070
14844,3-5945
14845,7-3550
14846,6-0737
14847,8-8390
14848,8-5399
14849,6-5568
14850,2-8090
14851,2-5923
14852,7-4428
14853,1-0929
14854,7-5330
14855,6-3481
14856,1-6411
14857,3-1981
14858,7-0048
14859,6-9301
14860,4-0974
14861,5-3897
14862,3-6944
14863,8-8936
14864,7-5784
14865,5-2863
14866,8-1720
14867,3-9445
14868,4-1447
14869,3-8462
14870,7-4194
14871,5-7630
14872,7-6968
14873,3-0279
14874,8-9378
14875,4-0384
14876,2-6951
14877,8-7500
14878,6-2203
14879,8-0888
14880,3-4117
14881,3-5654
14882,2-3349
14883,2-9757
14884,8-2748
14885,4-8738
14886,1-2035
14887,7-2872
14888,3-7391
14889,7-8751
14890,4-3037
14891,1-7855
14892,2-9941
14893,1-9986
14894,4-1329
14895,7-8405
14896,5-7447
14897,7-4576
14898,2-4531
14899,8-1387
14900,1-9584
14901,8-6874
14902,4-2581
14903,8-6879
14904,6-3289
14905,6-5766
14906,2-6710
14907,5-8065
14908,7-1694
14909,7-7766
14910,6-9260
14911,4-5706
14912,4-7812
14913,1-8195
14914,4-2470
14915,2-4536
14916,3-6882
14917,1-0853
14918,3-2740
14919,7-3913
14920,3-9064
14921,6-0622
14922,1-8989
14923,2-7834
14924,8-8109
14925,2-1325
14926,8-8260
14927,1-0283
14928,2-8024
14929,7-1232
14930,2-0469
14931,8-6846
14932,5-9075
14933,4-6827
14934,5-0352
14935,2-7822
14936,5-3676
14937,6-4686
14938,1-8614
14939,8-5373
14940,1-6504
14941,7-6102
14942,2-0971
14943,4-9695
14944,7-0131
14945,4-1768
14946,6-4584
14947,6-4896
14948,1-1813
14949,3-3713
14950,7-0430
14951,5-4295
14952,1-3595
14953,7-9770
14954,6-2141
14955,7-1826
14956,2-4347
14957,1-4152
14958,1-8529
14959,7-5487
14960,6-6182
14961,8-3558
14962,2-2295
14963,1-3088
14964,1-4242
14965,4-3787
14966,1-2160
14967,2-5179
14968,1-7717
14969,1-9682
14970,2-1649
14971,4-2451
14972,1-8878
14973,6-4863
14974,4-8998
14975,2-3640
14976,5-3357
14977,2-1362
14978,6-5939
14979,2-7710
14980,6-2300
14981,7-2425
14982,5-1280
14983,5-3806
14984,6-9630
14985,4-4944
14986,7-0843
14987,4-8401
14988,4-9966
14989,4-8459
14990,8-2021
14991,4-2937
14992,2-8996
14993,8-6284
14994,8-9803
14995,2-7323
14996,4-3813
14997,2-5250
14998,4-9402
14999,3-7691
15000,3-4272
15001,4-8399
15002,8-1123
15003,5-1240
15004,3-2631
15005,5-5586
15006,1-5902
15007,8-8031
15008,4-7530
15009,2-4766
15010,2-1461
15011,2-3825
15012,6-1111
15013,8-7199
15014,5-6343
15015,6-6923
15016,5-1665
15017,8-5229
15018,7-6062
15019,8-9388
15020,5-1279
15021,1-0492
15022,8-5858
15023,3-3536
15024,1-9055
15025,6-6531
15026,6-8883
15027,2-1910
15028,7-9589
15029,4-5911
15030,4-0069
15031,1-6635
15032,3-5569
15033,3-0712
15034,5-3190
15035,6-2297
15036,1-0523
15037,3-3087
15038,6-8620
15039,5-7667
15040,2-8880
15041,4-5978
15042,6-2125
15043,8-7099
15044,7-6845
15045,6-8528
15046,7-5915
15047,5-7561
15048,7-6369
15049,8-7140
15050,1-5890
15051,4-2372
15052,6-8259
15053,3-9390
15054,1-5669
15055,2-9013
15056,2-5748
15057,4-5421
15058,5-0549
15059,5-5316
15060,4-4310
15061,3-0878
15062,8-4880
15063,7-1187
15064,7-1958
15065,3-4556
15066,4-1655
15067,2-3699
15068,6-8660
15069,6-2139
15070,7-7347
15071,3-1708
15072,1-1724
15073,8-0086
15074,6-1377
15075,7-4603
15076,1-0927
15077,2-9691
15078,7-4580
15079,2-9199
15080,4-9977
15081,6-0350
15082,7-2776
15083,5-6141
15084,3-2838
15085,7-2406
15086,8-7482
15087,6-6622
15088,7-3693
15089,6-8519
15090,2-0210
15091,8-2888
15092,7-7209
15093,6-0545
15094,5-9228
15095,6-0713
15096,4-0896
15097,2-8844
15098,3-0607
15099,6-8258
15100,2-0872
15101,5-2139
15102,6-6687
15103,2-0369
15104,5-6985
15105,5-1397
15106,3-7229
15107,2-9459
15108,3-0178
15109,8-5575
15110,2-8703
15111,3-2131
15112,6-4599
15113,4-4679
15114,4-3827
15115,4-4322
15116,2-2993
15117,4-7720
15118,8-8511
15119,7-2576
15120,7-2945
15121,3-8681
15122,5-4786
15123,8-3534
15124,7-9112
15125,4-8321
15126,4-9430
15127,6-4032
15128,1-1329
15129,1-4845
15130,4-6750
15131,8-7860
15132,2-7159
15133,3-9152
15134,4-3730
15135,8-7676
15136,3-5779
15137,6-0549
15138,6-1252
15139,4-5692
15140,5-4470
15141,4-0938
15142,3-1001
15143,3-5866
15144,3-1382
15145,2-4984
15146,8-0171
15147,4-8551
15148,3-6879
15149,4-8597
15150,8-2930
15151,7-5014
15152,5-4850
15153,6-1170
15154,3-7633
15155,1-1585
15156,1-6948
15157,7-9498
15158,4-8609
15159,7-0611
15160,4-5062
15161,1-3486
15162,4-8408
15163,3-4945
15164,6-0020
15165,3-0351
15166,7-9174
15167,2-8082
15168,7-5525
15169,2-2889
15170,7-5604
15171,2-7194
15172,7-3771
15173,3-7745
15174,7-4337
15175,4-1471
15176,6-8409
15177,5-2553
15178,7-1114
15179,5-8108
15180,3-7653
15181,6-6224
15182,1-7689
15183,1-8956
15184,7-0561
15185,7-1120
15186,4-2844
15187,6-7711
15188,6-4122
15189,5-3472
15190,2-1760
15191,3-2460
15192,2-1003
15193,7-7730
15194,7-2535
15195,8-4573
15196,8-6587
15197,3-9584
15198,5-7914
15199,5-9006
15200,6-2376
15201,7-0402
15202,7-0452
15203,7-1956
15204,7-8804
15205,8-3154
15206,2-3792
15207,6-6938
15208,4-7909
15209,2-1334
15210,3-7464
15211,1-1238
15212,2-7553
15213,7-5586
15214,4-8882
15215,8-8366
15216,8-8769
15217,6-5393
15218,7-1962
15219,8-0717
15220,6-1491
15221,4-5998
15222,1-0962
15223,8-6419
15224,3-4837
15225,4-3341
15226,7-4358
15227,6-1574
15228,7-7970
15229,7-1212
15230,2-8998
15231,8-9201
15232,3-6926
15233,2-8325
15234,5-6084
15235,6-6749
15236,3-1910
15237,1-8280
15238,7-0567
15239,2-7367
15240,5-0393
15241,3-1641
15242,1-4965
15243,7-7940
15244,7-6255
15245,7-2449
15246,7-0947
15247,3-2069
15248,1-8654
15249,3-0874
15250,1-6258
15251,2-4620
15252,1-5701
15253,4-6019
15254,7-3810
15255,6-6472
15256,1-3552
15257,4-6046
15258,1-7220
15259,3-7809
15260,7-0026
15261,3-0871
15262,2-4416
15263,1-7006
15264,6-1719
15265,1-8169
15266,8-8499
15267,5-9289
15268,6-8505
15269,7-5850
15270,2-8739
15271,2-0047
15272,7-9930
15273,7-1417
15274,8-4425
15275,4-2583
15276,1-3786
15277,3-4779
15278,2-2636
15279,4-9693
15280,8-5525
15281,3-9900
15282,2-5868
15283,7-5158
15284,7-6602
15285,2-7324
15286,2-3916
15287,1-2017
15288,8-4328
15289,7-0378
15290,2-8137
15291,6-1703
15292,3-0528
15293,8-6227
15294,3-2329
15295,7-3138
15296,8-7459
15297,4-4491
15298,8-5326
15299,4-2639
15300,2-0313
15301,6-6790
15302,7-1679
15303,3-7556
15304,8-4625
15305,8-5184
15306,5-6193
15307,1-0994
15308,8-1316
15309,4-0502
15310,5-8942
15311,5-6092
15312,5-4864
15313,2-3323
15314,7-3839
15315,5-8996
15316,8-5945
15317,3-4858
15318,4-7523
15319,8-8532
15320,5-2747
15321,1-3937
15322,4-2800
15323,8-0762
15324,7-8790
15325,4-7487
15326,3-6764
15327,1-8936
15328,5-8769
15329,2-5701
15330,5-9144
15331,5-0354
15332,4-3955
15333,2-4133
15334,8-2374
15335,8-1986
15336,7-4680
15337,2-8210
15338,1-4514
15339,3-0130
15340,6-7359
15341,1-9506
15342,8-9522
15343,1-7742
15344,3-5197
15345,4-2512
15346,5-7092
15347,4-9996
15348,5-2173
15349,2-1729
15350,4-3836
15351,6-8888
15352,4-5121
15353,3-3930
15354,7-1300
15355,3-7850
15356,6-0478
15357,1-8272
15358,5-2133
15359,4-1211
15360,3-7976
15361,8-2977
15362,1-1406
15363,8-4452
15364,2-0556
15365,3-1903
15366,5-8361
15367,5-8631
15368,4-0168
15369,5-4489
15370,8-2738
15371,6-0371
15372,8-1824
15373,1-9244
15374,6-0999
15375,2-2246
15376,2-7549
15377,2-9111
15378,7-5736
15379,7-7554
15380,1-3834
15381,5-9281
15382,8-6445
15383,2-4094
15384,6-3444
15385,7-7513
15386,5-7297
15387,8-6141
15388,6-3691
15389,4-1074
15390,1-7797
15391,6-3385
15392,1-5268
15393,3-5997
15394,5-3739
15395,3-1995
15396,8-6923
15397,1-7070
15398,2-4561
15399,7-9876
15400,3-5916
15401,1-7091
15402,7-1489
15403,8-8570
15404,5-6735
15405,2-5004
15406,4-4136
15407,1-2939
15408,7-6958
15409,5-2477
15410,3-4464
15411,5-2643
15412,4-6180
15413,1-6998
15414,7-2211
15415,6-2685
15416,1-2053
15417,5-4719
15418,5-4098
15419,4-2704
15420,5-9836
15421,1-1922
15422,3-8410
15423,3-8942
15424,4-2950
15425,6-7815
15426,4-8260
15427,4-7154
15428,5-8145
15429,1-0318
15430,7-0835
15431,1-3990
15432,4-2573
15433,7-9277
15434,2-7935
15435,6-2131
15436,1-0462
15437,7-9031
15438,1-6283
15439,2-8139
15440,3-4290
15441,5-9849
15442,7-1366
15443,6-1748
15444,7-8972
15445,8-8654
15446,1-6574
15447,6-7457
15448,1-4113
15449,5-8950
15450,5-5570
15451,3-6142
15452,6-2478
15453,1-5010
15454,6-5063
15455,6-9823
15456,7-4295
15457,1-3276
15458,8-3546
15459,1-8689
15460,2-9726
15461,1-6558
15462,8-5716
15463,8-5431
15464,2-4198
15465,6-3082
15466,7-2490
15467,2-8764
15468,5-6635
15469,8-9642
15470,5-5567
15471,2-5399
15472,7-0644
15473,3-8508
15474,4-6892
15475,7-1085
15476,5-7101
15477,3-9628
15478,4-0897
15479,3-7409
15480,2-1211
15481,2-2583
15482,5-8817
15483,3-7705
15484,7-0638
15485,6-6047
15486,1-4521
15487,3-9612
15488,8-4240
15489,8-1037
15490,8-3586
15491,7-2243
15492,3-4251
15493,7-1540
15494,6-0221
15495,8-0535
15496,1-0734
15497,3-0668
15498,2-9103
15499,7-5054
15500,4-2725
15501,4-6785
15502,1-4458
15503,2-4773
15504,3-9417
15505,8-0642
15506,3-5806
15507,7-8892
15508,4-7907
15509,6-4934
15510,4-1728
15511,7-6882
15512,3-3292
15513,6-5076
15514,7-9358
15515,6-6512
15516,1-3016
15517,8-7443
15518,4-0840
15519,1-7558
15520,6-1596
15521,7-1807
15522,2-8552
15523,2-8436
15524,8-2404
15525,8-5697
15526,5-8920
15527,1-2154
15528,2-4960
15529,8-4517
15530,3-5476
15531,1-7403
15532,3-4305
15533,5-4796
15534,8-6151
15535,3-1298
15536,4-6930
15537,3-6536
15538,3-0195
15539,2-2452
15540,1-4707
15541,5-8124
15542,4-2233
15543,6-7834
15544,8-3407
15545,4-1862
15546,5-2148
15547,7-6951
15548,4-8641
15549,4-1483
15550,2-7031
15551,3-3986
15552,4-4578
15553,1-5385
15554,3-7104
15555,1-1374
15556,7-5895
15557,7-9686
15558,3-3247
15559,1-4596
15560,3-6087
15561,5-4609
15562,4-2029
15563,6-9950
15564,6-5165
15565,2-0670
15566,2-7517
15567,2-6992
15568,1-3249
15569,1-4553
15570,8-3116
15571,2-6574
15572,8-0145
15573,3-7450
15574,6-3378
15575,1-6474
15576,5-5485
15577,1-0555
15578,3-6628
15579,1-7582
15580,7-2953
15581,6-6291
15582,4-9153
15583,5-2274
15584,3-2157
15585,1-6340
15586,7-6395
15587,8-7561
15588,5-5388
15589,8-8817
15590,1-0148
15591,2-8660
15592,3-0511
15593,5-1863
15594,4-0338
15595,7-7353
15596,3-2760
15597,7-8113
15598,8-1347
15599,1-3288
15600,7-6698
15601,5-2137
15602,6-6624
15603,1-1834
15604,7-2751
15605,8-5514
15606,7-7916
15607,8-4175
15608,1-9720
15609,5-1149
15610,1-0291
15611,1-6601
15612,2-0828
15613,6-7063
15614,4-6265
15615,4-3703
15616,3-7942
15617,3-0665
15618,2-1522
15619,3-6185
15620,5-8527
15621,8-8377
15622,4-6920
15623,8-4804
15624,6-0441
15625,4-3865
15626,8-3665
15627,6-3398
15628,6-3006
15629,2-3412
15630,5-3911
15631,7-4511
15632,1-3424
15633,6-5732
15634,7-7383
15635,6-4602
15636,8-1245
15637,1-1599
15638,2-2950
15639,5-1049
15640,1-0205
15641,1-6061
15642,6-1143
15643,2-3501
15644,5-3409
15645,7-7049
15646,4-6216
15647,4-0482
15648,8-7167
15649,5-5405
15650,2-2183
15651,4-0821
15652,1-7458
15653,4-1260
15654,8-7837
15655,4-2632
15656,5-1404
15657,4-9636
15658,1-9769
15659,7-8931
15660,1-3160
15661,5-6297
15662,7-8476
15663,3-5033
15664,7-6765
15665,1-9678
15666,2-6486
15667,3-0914
15668,2-2227
15669,7-7620
15670,3-9942
15671,2-8802
15672,7-7257
15673,5-3684
15674,6-1033
15675,8-2594
15676,1-5799
15677,8-4324
15678,5-7922
15679,6-7275
15680,1-5659
15681,6-0752
15682,2-3549
15683,5-8809
15684,4-3714
15685,4-1582
15686,5-5475
15687,4-3747
15688,8-8562
15689,1-7636
15690,8-8209
15691,4-9877
15692,1-7987
15693,4-9148
15694,4-5278
15695,6-8913
15696,8-5447
15697,1-9816
15698,6-8562
15699,2-8420
15700,1-7619
15701,3-8731
15702,4-7902
15703,5-1816
15704,3-5265
15705,2-0455
15706,8-0294
15707,7-8717
15708,1-7065
15709,5-8488
15710,7-4541
15711,8-0134
15712,2-4109
15713,1-7426
15714,3-7283
15715,5-9847
15716,8-2774
15717,5-3760
15718,5-5750
15719,6-8346
15720,7-9129
15721,1-4858
15722,5-3761
15723,4-9333
15724,5-4076
15725,1-6463
15726,2-9965
15727,2-2733
15728,1-8947
15729,6-7438
15730,8-4237
15731,7-5254
15732,6-3212
15733,5-6924
15734,5-8989
15735,4-1929
15736,6-0897
15737,6-7869
15738,5-4330
15739,2-4918
15740,2-7486
15741,1-5032
15742,8-6101
15743,4-1617
15744,1-8233
15745,4-2033
15746,4-1713
15747,6-7417
15748,6-5357
15749,8-5127
15750,2-8043
15751,1-9260
15752,5-7906
15753,7-7813
15754,2-1258
15755,6-0611
15756,5-7660
15757,6-7997
15758,6-4486
15759,5-1587
15760,2-0960
15761,2-2423
15762,3-8969
15763,2-9323
15764,7-0221
15765,8-5543
15766,1-2097
15767,6-9581
15768,3-7767
15769,2-1653
15770,3-0741
15771,1-4933
15772,5-4490
15773,6-3916
15774,7-9401
15775,2-1280
15776,3-6566
15777,6-5970
15778,4-3400
15779,2-7425
15780,1-7631
15781,4-3305
15782,4-1414
15783,5-6661
15784,5-2849
15785,8-1860
15786,7-1528
15787,8-7343
15788,2-8194
15789,7-7384
15790,6-8149
15791,5-7113
15792,7-4304
15793,3-7160
15794,8-9758
15795,6-1381
15796,6-7250
15797,6-9179
15798,7-3404
15799,6-6310
15800,3-7452
15801,2-0382
15802,2-2568
15803,8-1342
15804,4-7374
15805,8-6305
15806,6-5018
15807,3-0832
15808,8-4801
15809,3-9837
15810,4-6244
15811,7-3260
15812,4-5999
15813,5-6898
15814,1-6571
15815,8-3911
15816,4-5396
15817,5-7425
15818,6-4351
15819,8-7590
15820,6-0144
15821,3-0064
15822,1-1537
15823,5-6885
15824,1-2809
15825,4-8605
15826,8-7371
15827,1-6272
15828,2-7198
15829,6-9334
15830,3-0856
15831,5-5223
15832,8-1415
15833,1-0940
15834,6-2032
15835,1-0359
15836,6-5083
15837,4-8282
15838,6-7786
15839,1-5961
15840,4-6463
15841,8-6052
15842,2-2472
15843,6-3012
15844,4-4970
15845,4-7696
15846,5-3722
15847,6-3483
15848,3-1800
15849,4-5753
15850,2-0659
15851,3-2007
15852,4-9818
15853,3-9650
15854,2-1733
15855,7-0182
15856,7-4000
15857,5-5189
15858,1-0806
15859,6-9488
15860,2-9544
15861,1-6591
15862,6-4780
15863,4-6354
15864,8-2035
15865,1-8926
15866,2-8476
15867,3-3306
15868,4-4312
15869,4-9584
15870,8-4737
15871,1-3044
15872,4-6969
15873,1-3586
15874,3-3398
15875,2-1285
15876,4-3270
15877,5-3734
15878,6-9382
15879,3-4747
15880,5-9078
15881,4-7893
15882,6-0607
15883,4-2923
15884,7-7241
15885,7-1905
15886,6-8536
15887,8-4763
15888,1-6417
15889,4-5715
15890,8-3365
15891,4-3497
15892,3-0880
15893,2-7976
15894,4-8203
15895,7-8198
15896,5-7915
15897,6-1357
15898,2-1349
15899,2-7462
15900,3-0494
15901,2-6051
15902,6-4918
15903,3-8956
15904,2-2780
15905,3-7072
15906,6-8607
15907,5-1752
15908,8-5622
15909,4-9871
15910,8-5882
15911,5-9842
15912,4-1094
15913,6-1962
15914,1-8440
15915,7-1128
15916,6-0821
15917,3-4203
15918,8-2268
15919,8-1296
15920,6-1316
15921,3-7750
15922,7-5686
15923,4-5921
15924,8-5714
15925,8-3996
15926,2-8831
15927,7-1502
15928,7-1798
15929,7-1248
15930,1-1285
15931,3-5739
15932,4-7202
15933,2-4177
15934,8-6000
15935,4-9271
15936,5-7153
15937,2-8101
15938,6-6153
15939,3-0769
15940,2-3318
15941,5-2081
15942,4-2949
15943,3-8157
15944,3-3572
15945,3-7469
15946,6-1380
15947,5-5493
15948,6-8735
15949,4-9788
15950,7-2487
15951,6-8456
15952,5-1396
15953,8-8594
15954,3-2614
15955,2-9048
15956,7-0524
15957,6-8644
15958,6-3095
15959,6-4690
15960,8-9805
15961,7-4059
15962,1-5358
15963,3-3684
15964,4-6570
15965,2-4765
15966,2-3938
15967,2-5968
15968,3-7856
15969,8-4842
15970,8-2958
15971,4-9656
15972,3-4767
15973,1-0879
15974,8-3990
15975,7-7076
15976,3-4474
15977,3-5641
15978,3-5846
15979,6-5401
15980,5-5669
15981,8-0653
15982,8-4725
15983,1-0009
15984,6-8140
15985,1-3576
15986,2-0017
15987,3-0543
15988,6-0697
15989,5-1905
15990,6-5392
15991,4-0359
15992,4-0208
15993,7-1852
15994,5-0947
15995,7-6326
15996,8-4816
15997,5-4800
15998,1-6888
15999,8-5292
16000,3-6668
16001,5-4279
16002,8-3271
16003,1-9765
16004,6-9894
16005,8-6027
16006,6-0711
16007,1-5688
16008,3-8390
16009,3-8428
16010,8-7959
16011,6-0863
16012,6-6241
16013,1-2392
16014,8-1669
16015,5-7182
16016,1-4092
16017,5-3667
16018,1-7820
16019,6-4473
16020,3-5960
16021,7-5004
16022,7-3178
16023,1-1839
16024,2-0005
16025,2-9473
16026,2-0602
16027,5-7970
16028,4-9415
16029,7-3814
16030,3-1768
16031,6-7939
16032,7-5455
16033,2-7591
16034,7-7195
16035,8-1978
16036,3-3820
16037,3-6985
16038,2-9898
16039,5-9995
16040,5-4851
16041,2-3324
16042,5-0988
16043,6-1011
16044,3-6910
16045,3-1175
16046,8-9442
16047,4-5468
16048,1-7572
16049,8-1181
16050,6-3661
16051,4-6092
16052,7-3063
16053,2-9219
16054,3-7894
16055,4-3815
16056,8-5170
16057,8-3194
16058,2-7416
16059,6-6270
16060,7-3132
16061,5-3989
16062,8-8305
16063,6-5237
16064,1-3693
16065,7-8966
16066,2-0263
16067,6-5032
16068,2-0938
16069,6-9515
16070,7-2853
16071,7-4763
16072,2-3876
16073,5-0959
16074,5-1986
16075,7-4137
16076,7-8301
16077,3-2281
16078,8-4242
16079,8-5463
16080,7-0762
16081,3-8800
16082,8-8514
16083,4-2637
16084,7-9406
16085,3-3073
16086,3-8564
16087,6-8959
16088,8-9179
16089,1-5152
16090,7-5710
16091,2-9756
16092,7-0677
16093,7-9741
16094,8-4854
16095,5-4455
16096,7-6802
16097,4-5442
16098,7-4929
16099,1-6471
16100,5-7345
16101,8-6195
16102,1-4095
16103,2-1466
16104,6-0274
16105,5-7959
16106,3-6153
16107,8-5035
16108,6-6098
16109,8-1851
16110,5-3059
16111,6-1848
16112,8-0724
16113,7-9938
16114,2-7112
16115,8-9072
16116,6-5337
16117,7-1857
16118,4-5569
16119,6-8265
16120,7-9357
16121,8-5668
16122,4-3252
16123,5-4088
16124,8-4766
16125,5-5086
16126,7-5837
16127,3-7207
16128,3-7534
16129,1-0070
16130,1-2018
16131,7-3192
16132,5-8111
16133,6-4267
16134,3-8389
16135,7-0809
16136,8-2092
16137,7-1577
16138,1-9610
16139,3-7356
16140,4-3263
16141,4-8896
16142,2-0391
16143,6-5400
16144,2-2417
16145,6-6357
16146,6-2370
16147,6-1900
16148,6-4728
16149,4-4470
16150,6-7323
16151,2-5980
16152,3-2836
16153,6-9738
16154,2-6206
16155,2-9086
16156,4-0722
16157,6-3995
16158,3-9379
16159,2-0901
16160,4-3604
16161,8-0826
16162,3-4144
16163,4-4193
16164,8-3696
16165,6-4841
16166,2-6062
16167,8-5106
16168,6-7720
16169,6-7023
16170,8-6181
16171,7-4297
16172,8-2536
16173,4-4714
16174,5-5257
16175,2-5973
16176,4-7048
16177,5-0657
16178,5-8940
16179,4-4842
16180,3-4962
16181,1-9307
16182,5-5628
16183,1-7370
16184,2-6467
16185,4-7226
16186,7-0032
16187,7-8493
16188,3-2831
16189,1-9344
16190,5-1738
16191,3-9688
16192,6-2467
16193,3-5015
16194,4-8554
16195,7-3000
16196,8-5466
16197,7-3509
16198,2-9421
16199,5-6978
16200,6-2536
16201,4-9133
16202,2-2357
16203,7-8426
16204,3-0380
16205,4-3000
16206,6-8027
16207,8-5014
16208,8-4376
16209,6-0685
16210,5-9929
16211,3-8495
16212,8-5567
16213,3-5619
16214,7-6583
16215,1-4248
16216,5-8617
16217,8-9813
16218,8-9149
16219,2-7860
16220,4-1787
16221,5-3392
16222,7-6047
16223,2-6234
16224,6-8744
16225,8-7856
16226,8-6268
16227,2-2671
16228,4-6015
16229,3-1902
16230,4-8846
16231,3-6851
16232,6-0968
16233,8-7045
16234,8-3040
16235,8-6511
16236,5-0695
16237,6-6068
16238,8-9452
16239,7-6380
16240,3-9281
16241,6-2439
16242,7-9655
16243,3-5273
16244,7-0097
16245,1-1887
16246,3-3560
16247,2-0947
16248,7-1523
16249,7-6867
16250,8-9232
16251,8-9342
16252,1-3116
16253,5-6646
16254,3-6124
16255,8-4493
16256,3-5698
16257,2-8965
16258,4-8581
16259,2-1074
16260,5-9728
16261,5-4661
16262,1-7648
16263,5-9936
16264,4-9279
16265,7-3014
16266,7-8897
16267,7-0603
16268,4-9088
16269,5-3055
16270,6-9917
16271,3-2475
16272,8-5913
16273,4-1844
16274,3-2127
16275,1-5561
16276,3-3106
16277,2-2626
16278,6-3799
16279,1-5947
16280,4-1603
16281,7-6722
16282,7-3979
16283,7-4859
16284,7-8584
16285,1-7769
16286,5-5044
16287,3-3028
16288,2-1241
16289,8-7827
16290,7-8671
16291,7-6775
16292,6-4754
16293,8-1455
16294,4-7351
16295,7-2673
16296,7-2602
16297,3-4584
16298,8-2692
16299,2-8360
16300,4-6749
16301,7-9710
16302,1-8698
16303,8-4736
16304,2-0910
16305,8-1578
16306,5-4392
16307,7-4293
16308,8-1274
16309,5-5768
16310,3-1343
16311,7-9903
16312,2-1276
16313,4-5035
16314,2-5106
16315,7-4904
16316,1-9038
16317,1-1933
16318,6-7471
16319,2-9567
16320,6-7691
16321,3-5133
16322,7-7976
16323,7-8741
16324,6-9750
16325,4-9173
16326,8-5747
16327,4-9168
16328,3-4565
16329,7-2077
16330,1-1892
16331,7-8988
16332,5-9055
16333,5-1174
16334,8-9978
16335,7-0834
16336,6-4160
16337,4-4948
16338,8-8847
16339,1-3232
16340,7-2354
16341,6-5928
16342,7-0828
16343,1-5467
16344,6-6591
16345,7-1044
16346,4-2772
16347,7-9716
16348,5-5212
16349,5-1366
16350,2-4860
16351,7-7978
16352,5-0994
16353,4-9604
16354,8-3072
16355,3-4112
16356,3-4712
16357,4-8258
16358,4-0235
16359,1-9699
16360,6-6735
16361,3-6152
16362,7-5901
16363,4-7151
16364,6-2874
16365,7-4491
16366,2-4489
16367,8-9068
16368,8-0600
16369,4-5140
16370,7-6532
16371,7-9802
16372,5-9338
16373,6-9198
16374,5-0401
16375,7-3590
16376,6-7958
16377,8-3262
16378,4-6303
16379,2-0182
16380,7-1315
16381,6-2622
16382,3-7790
16383,8-0438
16384,4-4701
16385,4-9256
16386,3-3716
16387,7-3379
16388,7-1371
16389,6-1457
16390,1-0174
16391,3-7813
16392,1-7745
16393,5-9808
16394,2-4910
16395,6-3720
16396,6-7542
16397,6-7606
16398,8-0966
16399,3-8039
16400,7-9281
16401,4-0725
16402,7-2864
16403,8-2737
16404,1-5286
16405,2-1409
16406,2-8107
16407,4-9905
16408,4-0313
16409,4-5337
16410,5-5607
16411,3-9012
16412,8-9310
16413,4-4965
16414,3-9939
16415,4-5751
16416,6-8090
16417,7-8688
16418,1-2637
16419,8-8840
16420,4-9574
16421,3-8388
16422,1-8374
16423,8-6039
16424,6-4871
16425,5-0022
16426,4-3725
16427,3-4827
16428,3-7413
16429,7-2055
16430,3-8084
16431,4-6814
16432,8-6379
16433,4-2443
16434,1-8584
16435,8-6479
16436,4-2209
16437,3-4545
16438,8-6905
16439,6-2377
16440,1-5320
16441,6-6862
16442,3-9898
16443,8-3773
16444,1-3504
16445,3-5201
16446,6-4294
16447,5-6511
16448,3-6127
16449,8-6885
16450,1-6198
16451,4-5459
16452,3-8985
16453,4-9660
16454,2-8171
16455,3-2123
16456,5-8405
16457,5-0323
16458,4-7809
16459,2-4639
16460,4-1344
16461,6-7724
16462,5-5741
16463,7-9845
16464,6-6108
16465,6-1249
16466,4-0157
16467,4-0596
16468,4-7459
16469,5-8219
16470,2-8489
16471,8-1767
16472,5-3395
16473,4-1092
16474,5-1029
16475,1-3345
16476,8-3971
16477,3-6077
16478,8-1322
16479,7-4872
16480,2-7349
16481,4-6364
16482,2-2613
16483,6-2834
16484,2-8459
16485,5-2083
16486,6-8627
16487,5-5902
16488,3-9082
16489,4-1575
16490,2-8342
16491,2-2908
16492,8-6881
16493,8-7223
16494,4-9436
16495,7-2495
16496,6-7833
16497,7-1249
16498,2-0989
16499,1-0658
16500,6-1955
16501,6-1592
16502,2-6176
16503,1-6630
16504,8-3445
16505,8-7220
16506,1-6465
16507,1-5915
16508,6-6266
16509,8-0219
16510,4-4356
16511,2-6202
16512,8-3648
16513,4-4371
16514,2-1626
16515,7-7348
16516,5-2481
16517,6-1737
16518,8-5051
16519,7-4052
16520,7-8464
16521,8-1721
16522,2-6227
16523,8-1126
16524,5-9273
16525,6-8004
16526,4-4899
16527,4-8854
16528,3-1538
16529,1-0794
16530,4-9253
16531,6-4712
16532,3-6169
16533,1-1957
16534,6-0878
16535,2-6042
16536,7-6715
16537,7-4554
16538,8-5455
16539,7-9453
16540,3-8872
16541,2-7925
16542,2-0420
16543,3-8409
16544,7-3701
16545,5-4607
16546,6-4907
16547,6-5871
16548,5-0480
16549,3-8670
16550,4-4502
16551,4-5372
16552,7-0526
16553,6-9667
16554,5-0249
16555,5-5329
16556,5-6844
16557,4-0734
16558,3-8041
16559,4-8234
16560,3-6453
16561,6-8916
16562,5-1842
16563,1-0047
16564,8-8866
16565,5-5557
16566,6-7771
16567,2-7143
16568,3-8910
16569,2-2223
16570,1-4757
16571,7-2809
16572,1-1992
16573,5-8660
16574,5-8730
16575,2-5171
16576,2-3149
16577,4-2531
16578,7-9954
16579,5-2193
16580,8-7163
16581,4-1041
16582,3-4040
16583,2-9167
16584,8-9268
16585,4-7593
16586,6-2695
16587,4-2858
16588,7-7269
16589,1-7246
16590,7-0917
16591,3-7105
16592,8-8917
16593,6-7310
16594,4-7331
16595,3-2081
16596,5-3904
16597,1-3002
16598,2-3164
16599,8-6007
16600,4-2138
16601,8-8294
16602,5-9846
16603,8-1989
16604,7-9910
16605,7-0852
16606,6-8031
16607,7-7435
16608,3-4947
16609,2-9613
16610,2-0318
16611,4-3744
16612,3-8584
16613,3-1478
16614,3-6174
16615,3-2680
16616,8-5908
16617,1-4504
16618,5-8458
16619,5-4557
16620,7-3240
16621,3-9222
16622,5-2176
16623,8-7633
16624,7-3477
16625,5-6817
16626,4-8311
16627,1-4378
16628,2-2348
16629,3-2903
16630,2-9280
16631,6-8330
16632,5-2454
16633,8-8078
16634,5-8645
16635,4-5029
16636,2-8157
16637,7-1955
16638,4-5545
16639,5-2128
16640,1-3425
16641,7-9682
16642,4-4028
16643,2-1173
16644,3-9515
16645,2-9052
16646,2-8520
16647,8-3615
16648,1-2409
16649,6-8603
16650,6-0422
16651,5-0457
16652,3-2996
16653,1-9696
16654,2-2522
16655,6-3576
16656,4-8191
16657,1-7632
16658,6-2946
16659,4-6981
16660,5-2027
16661,1-3067
16662,6-0098
16663,6-4552
16664,4-4361
16665,7-8943
16666,5-1914
16667,4-8708
16668,8-9666
16669,4-3768
16670,7-7920
16671,2-4615
16672,3-3250
16673,6-4791
16674,7-3022
16675,7-1034
16676,6-1979
16677,2-0726
16678,5-3702
16679,7-5997
16680,1-9191
16681,8-7070
16682,2-3609
16683,8-8726
16684,1-4822
16685,8-4411
16686,1-1404
16687,7-9699
16688,4-7152
16689,2-5188
16690,2-1796
16691,6-5094
16692,4-1434
16693,8-6644
16694,8-8458
16695,5-1659
16696,5-7940
16697,8-5684
16698,1-7049
16699,2-3659
16700,2-2915
16701,1-6865
16702,1-8194
16703,1-9431
16704,4-0046
16705,5-3221
16706,4-6996
16707,5-9074
16708,7-3016
16709,2-5853
16710,6-2970
16711,7-5161
16712,2-2393
16713,4-1246
16714,8-6285
16715,7-8925
16716,6-8991
16717,5-0802
16718,7-0624
16719,6-4525
16720,3-4276
16721,6-1415
16722,5-6500
16723,5-2022
16724,3-1376
16725,7-7997
16726,2-8089
16727,4-0303
16728,5-1875
16729,3-8583
16730,4-3428
16731,3-6294
16732,2-3072
16733,6-7772
16734,7-9161
16735,7-7139
16736,8-1940
16737,2-7563
16738,3-8816
16739,1-9372
16740,2-2383
16741,3-2062
16742,6-1365
16743,3-3921
16744,3-7079
16745,1-5833
16746,8-5354
16747,2-8678
16748,8-3387
16749,1-7490
16750,8-7129
16751,8-7179
16752,2-3643
16753,4-2580
16754,5-0965
16755,2-0167
16756,1-2682
16757,8-3792
16758,8-7196
16759,5-5802
16760,5-0936
16761,7-0117
16762,6-9371
16763,5-0874
16764,3-7999
16765,3-1967
16766,5-2647
16767,4-1875
16768,3-6666
16769,6-4977
16770,7-2434
16771,5-6172
16772,4-7223
16773,3-0006
16774,4-7249
16775,6-6203
16776,5-5041
16777,5-2260
16778,5-3670
16779,2-7852
16780,8-9156
16781,6-6937
16782,5-7642
16783,8-3204
16784,8-5376
16785,3-5264
16786,1-4927
16787,1-9688
16788,6-1299
16789,7-0036
16790,2-3369
16791,7-5333
16792,1-4955
16793,4-5975
16794,7-6222
16795,8-6013
16796,7-8795
16797,8-9676
16798,5-5637
16799,4-3589
16800,2-9354
16801,2-7274
16802,5-8930
16803,1-0149
16804,7-0348
16805,6-9562
16806,5-0624
16807,1-4843
16808,3-5526
16809,4-2116
16810,4-3726
16811,2-7282
16812,2-2647
16813,8-9719
16814,8-8199
16815,7-9895
16816,8-3979
16817,4-4846
16818,7-7780
16819,2-6053
16820,1-8539
16821,7-1422
16822,8-9261
16823,1-1249
16824,8-9696
16825,5-9377
16826,4-4680
16827,6-8805
16828,8-3048
16829,2-9399
16830,2-5314
16831,1-0358
16832,2-0261
16833,2-5218
16834,3-3934
16835,3-1006
16836,1-6904
16837,5-8680
16838,3-8890
16839,2-9486
16840,1-9639
16841,6-5072
16842,1-2282
16843,8-6832
16844,5-4839
16845,2-6931
16846,4-6475
16847,6-0094
16848,4-6481
16849,7-6628
16850,3-4839
16851,6-4369
16852,6-0585
16853,7-4342
16854,7-7470
16855,2-3785
16856,4-5848
16857,3-5883
16858,2-6028
16859,5-3260
16860,7-0942
16861,6-5582
16862,7-2056
16863,4-5631
16864,4-3811
16865,7-6096
16866,5-7921
16867,1-6254
16868,5-7742
16869,1-2945
16870,6-4787
16871,1-5940
16872,7-1234
16873,5-8684
16874,8-3020
16875,8-1714
16876,7-8034
16877,2-3309
16878,5-0729
16879,6-1142
16880,4-8564
16881,1-7663
16882,4-9781
16883,3-5728
16884,6-5663
16885,7-8854
16886,3-2703
16887,5-7164
16888,5-9626
16889,7-6306
16890,6-6521
16891,8-2004
16892,5-9543
16893,7-2120
16894,4-3118
16895,1-4456
16896,1-5805
16897,7-9290
16898,2-4521
16899,4-7133
16900,4-7511
16901,7-0573
16902,4-9575
16903,6-0666
16904,4-1798
16905,6-6027
16906,1-7802
16907,6-7036
16908,4-5114
16909,6-4818
16910,7-9409
16911,8-2125
16912,4-7189
16913,8-9287
16914,6-0082
16915,7-2936
16916,8-4354
16917,2-1847
16918,3-0791
16919,6-9895
16920,7-9683
16921,5-3202
16922,7-7657
16923,8-5621
16924,1-6893
16925,1-0240
16926,5-0539
16927,7-3691
16928,7-1454
16929,4-4974
16930,7-5714
16931,1-6547
16932,2-0519
16933,4-0260
16934,4-2715
16935,1-1976
16936,2-5432
16937,2-7290
16938,1-4244
16939,8-3644
16940,8-5006
16941,1-8189
16942,1-4913
16943,7-7105
16944,5-8622
16945,3-1723
16946,8-9504
16947,5-4837
16948,6-9799
16949,6-3271
16950,7-9616
16951,8-4539
16952,4-1927
16953,7-0403
16954,3-6823
16955,4-7980
16956,5-5698
16957,3-2117
16958,6-8785
16959,3-9734
16960,1-7094
16961,3-6446
16962,8-0351
16963,6-1122
16964,1-9023
16965,8-5450
16966,3-4049
16967,5-9164
16968,2-1588
16969,2-0224
16970,4-5760
16971,2-6791
16972,3-2171
16973,8-3784
16974,5-2354
16975,6-6613
16976,7-9078
16977,8-5396
16978,7-9709
16979,8-0172
16980,8-7536
16981,8-7270
16982,6-4988
16983,5-1612
16984,5-0453
16985,2-5054
16986,6-9757
16987,8-0727
16988,1-2207
16989,6-8588
16990,1-8855
16991,1-6774
16992,6-7206
16993,4-2210
16994,8-6430
16995,4-7278
16996,1-9994
16997,3-5723
16998,8-6202
16999,6-6328
17000,8-8348
17001,5-7399
17002,7-2819
17003,8-0215
17004,3-0795
17005,5-5174
17006,8-6849
17007,3-2113
17008,8-5531
17009,1-1162
17010,8-2360
17011,4-9357
17012,1-9152
17013,3-8107
17014,2-0979
17015,3-9063
17016,5-4854
17017,8-6170
17018,8-7534
17019,2-6715
17020,8-7882
17021,1-3555
17022,4-9851
17023,7-0756
17024,3-8642
17025,7-2800
17026,5-7099
17027,5-1407
17028,2-1836
17029,2-1229
17030,4-9222
17031,1-8528
17032,7-0413
17033,6-9331
17034,3-4141
17035,1-5200
17036,3-0261
17037,4-7389
17038,8-7854
17039,4-9638
17040,6-0490
17041,3-3583
17042,8-7899
17043,4-9035
17044,1-8863
17045,7-6186
17046,5-3896
17047,8-4119
17048,3-3415
17049,7-2115
17050,2-2319
17051,7-2701
17052,8-5074
17053,8-7906
17054,1-0092
17055,1-7550
17056,6-7318
17057,6-9752
17058,1-8637
17059,7-1365
17060,6-7636
17061,6-6162
17062,6-8348
17063,6-8912
17064,2-3868
17065,7-4609
17066,1-6032
17067,4-8228
17068,6-4738
17069,3-7428
17070,4-0554
17071,3-2254
17072,5-5670
17073,2-9693
17074,8-0328
17075,4-0219
17076,4-1709
17077,7-4278
17078,8-4176
17079,8-3403
17080,6-7284
17081,5-1423
17082,5-0234
17083,8-1483
17084,6-7224
17085,6-1250
17086,4-6248
17087,2-7639
17088,4-0884
17089,4-1139
17090,1-2399
17091,5-5141
17092,7-0381
17093,6-8467
17094,5-5620
17095,8-1730
17096,8-7952
17097,8-9636
17098,4-2874
17099,5-7645
17100,7-8294
17101,1-6805
17102,8-8463
17103,5-0716
17104,5-6433
17105,2-2394
17106,2-2708
17107,8-1947
17108,1-9788
17109,8-5042
17110,6-6850
17111,7-8318
17112,8-2399
17113,7-9506
17114,5-7344
17115,7-7568
17116,4-3190
17117,8-9166
17118,4-9340
17119,3-6328
17120,6-5666
17121,2-1843
17122,6-7325
17123,8-9226
17124,3-4448
17125,7-3961
17126,7-2916
17127,6-5268
17128,2-4601
17129,7-6614
17130,1-6370
17131,6-0985
17132,6-8046
17133,2-6094
17134,1-1148
17135,3-5217
17136,6-7865
17137,6-0255
17138,5-0140
17139,8-2654
17140,5-6602
17141,6-0862
17142,2-4135
17143,1-4512
17144,7-5673
17145,1-0241
17146,4-4550
17147,6-6375
17148,2-6265
17149,1-3775
17150,8-7474
17151,3-7424
17152,5-3858
17153,4-5303
17154,7-6363
17155,5-2074
17156,7-3540
17157,6-1229
17158,8-8241
17159,7-0895
17160,7-2238
17161,8-3197
17162,2-7853
17163,7-9750
17164,4-5901
17165,6-0963
17166,7-8145
17167,2-9570
17168,6-5207
17169,2-1548
17170,2-4932
17171,1-8570
17172,2-6185
17173,6-5154
17174,4-0108
17175,3-2563
17176,6-2972
17177,7-6522
17178,3-2107
17179,1-9508
17180,3-2299
17181,8-7839
17182,2-2715
17183,1-1218
17184,3-6324
17185,2-6040
17186,2-4125
17187,1-6925
17188,7-7876
17189,5-8619
17190,7-7149
17191,3-0422
17192,3-8878
17193,3-9043
17194,4-2754
17195,5-5343
17196,6-1253
17197,3-6565
17198,8-5925
17199,6-8866
17200,2-5639
17201,6-4107
17202,3-6106
17203,7-0808
17204,4-4589
17205,7-2575
17206,1-4354
17207,7-3904
17208,1-4529
17209,8-8797
17210,4-3535
17211,2-9145
17212,6-8435
17213,7-1346
17214,2-6365
17215,5-2165
17216,1-4904
17217,5-4985
17218,6-1697
17219,8-2671
17220,4-2009
17221,2-4914
17222,2-3872
17223,4-6500
17224,4-9050
17225,2-3294
17226,8-4012
17227,4-8972
17228,3-6342
17229,3-6110
17230,4-6427
17231,5-3638
17232,8-2128
17233,2-2966
17234,5-7945
17235,6-1936
17236,5-6716
17237,8-4304
17238,3-1255
17239,6-0285
17240,7-7507
17241,2-4349
17242,4-5542
17243,5-6378
17244,2-5770
17245,6-2342
17246,8-2056
17247,1-7033
17248,7-6455
17249,3-9699
17250,5-0423
17251,8-8912
17252,5-7054
17253,6-4282
17254,3-7491
17255,4-3357
17256,3-8215
17257,6-2210
17258,1-4813
17259,3-8880
17260,2-2805
17261,2-1705
17262,6-1079
17263,2-6104
17264,8-9786
17265,7-7438
17266,7-6093
17267,2-9216
17268,2-9662
17269,8-2351
17270,7-8313
17271,6-2743
17272,3-1272
17273,3-0473
17274,4-6324
17275,2-7154
17276,1-1395
17277,3-4691
17278,3-4178
17279,2-1919
17280,1-9444
17281,4-5086
17282,1-2814
17283,7-0868
17284,2-0208
17285,5-7231
17286,7-6975
17287,2-5876
17288,6-3054
17289,5-7043
17290,1-7120
17291,5-2771
17292,8-1579
17293,2-3214
17294,3-7325
17295,4-5811
17296,8-9309
17297,5-9230
17298,3-8761
17299,4-5046
17300,1-8468
17301,4-5907
17302,8-5384
17303,5-4532
17304,3-6613
17305,3-7248
17306,7-5347
17307,2-0119
17308,8-3944
17309,7-8524
17310,5-2520
17311,7-6520
17312,7-3541
17313,3-6767
17314,1-0065
17315,7-2264
17316,6-3013
17317,4-0178
17318,1-6575
17319,3-1232
17320,8-8686
17321,3-5259
17322,4-2669
17323,4-4513
17324,1-9327
17325,4-2792
17326,3-3765
17327,1-2500
17328,4-7687
17329,5-5431
17330,2-5431
17331,5-9624
17332,4-2589
17333,3-4719
17334,6-5623
17335,7-7589
17336,2-2848
17337,6-0374
17338,6-8160
17339,4-1316
17340,7-6716
17341,1-7048
17342,4-0462
17343,8-1433
17344,1-5196
17345,7-5378
17346,6-6720
17347,4-5200
17348,6-0790
17349,4-2242
17350,3-6601
17351,2-0476
17352,1-4418
17353,8-5221
17354,4-2526
17355,4-2120
17356,7-8621
17357,4-9859
17358,7-5927
17359,6-1619
17360,7-1630
17361,5-7842
17362,7-4924
17363,2-7906
17364,2-7752
17365,2-8393
17366,7-3981
17367,1-2656
17368,6-1070
17369,2-6901
17370,8-1831
17371,5-3848
17372,4-9476
17373,5-4271
17374,2-5719
17375,6-0889
17376,7-5587
17377,8-0490
17378,6-9246
17379,4-5448
17380,6-7992
17381,3-1076
17382,2-9239
17383,4-1611
17384,2-2064
17385,1-8318
17386,8-1619
17387,6-4424
17388,3-8536
17389,5-0837
17390,5-1024
17391,7-6041
17392,6-9518
17393,4-4464
17394,3-4669
17395,5-8770
17396,4-4151
17397,8-7680
17398,6-4503
17399,1-2345
17400,5-0214
17401,7-2637
17402,7-1960
17403,6-5513
17404,4-1053
17405,8-3794
17406,4-1675
17407,3-2343
17408,2-0559
17409,6-5025
17410,1-9163
17411,3-4587
17412,8-0806
17413,6-0728
17414,7-5584
17415,5-6948
17416,8-5592
17417,7-8316
17418,4-8369
17419,6-9060
17420,2-6780
17421,2-4207
17422,1-1036
17423,6-4968
17424,7-3622
17425,6-6747
17426,6-8107
17427,2-8708
17428,5-8793
17429,8-9986
17430,2-6630
17431,7-4525
17432,2-1710
17433,1-0796
17434,4-4798
17435,1-0941
17436,3-3725
17437,8-2674
17438,2-5523
17439,1-0838
17440,8-8968
17441,2-8799
17442,6-7609
17443,1-8499
17444,2-3830
17445,3-9019
17446,8-8194
17447,4-2962
17448,2-3038
17449,7-7622
17450,6-9703
17451,5-7027
17452,6-5169
17453,3-0559
17454,6-9959
17455,5-7460
17456,7-3262
17457,1-0369
17458,4-3098
17459,3-4901
17460,3-8968
17461,5-3255
17462,5-2867
17463,5-4614
17464,7-9299
17465,4-8756
17466,6-1287
17467,8-0399
17468,7-7201
17469,1-7716
17470,2-0706
17471,1-0808
17472,8-4587
17473,6-7556
17474,5-4649
17475,1-8814
17476,1-2453
17477,7-0821
17478,5-3487
17479,2-0842
17480,1-4546
17481,8-2129
17482,3-2346
17483,3-3405
17484,7-1771
17485,4-6409
17486,1-0225
17487,5-3793
17488,6-8538
17489,6-1290
17490,4-8251
17491,7-3290
17492,5-0552
17493,1-2622
17494,1-7752
17495,4-7607
17496,6-4987
17497,3-2166
17498,5-8805
17499,4-6432
17500,8-1504
17501,1-1809
17502,6-3238
17503,7-8397
17504,5-0852
17505,6-2109
17506,5-7355
17507,3-6001
17508,3-8931
17509,2-4140
17510,6-6615
17511,3-6955
17512,8-4596
17513,5-0450
17514,1-0479
17515,1-7283
17516,5-2606
17517,6-4182
17518,4-0095
17519,5-7190
17520,3-2616
17521,1-3149
17522,3-9992
17523,7-6414
17524,2-1708
17525,5-7827
17526,6-8144
17527,2-1969
17528,4-8317
17529,4-4884
17530,7-9062
17531,5-5803
17532,3-5629
17533,3-5593
17534,1-5513
17535,4-4509
17536,6-5656
17537,3-4891
17538,3-6651
17539,8-6737
17540,6-9618
17541,2-7048
17542,5-0205
17543,3-8426
17544,2-8755
17545,1-3532
17546,6-8576
17547,3-2910
17548,3-1774
17549,3-2335
17550,5-0832
17551,8-7478
17552,5-4790
17553,7-6529
17554,4-8809
17555,8-8330
17556,1-6779
17557,7-3217
17558,3-3958
17559,5-7025
17560,1-7061
17561,4-6707
17562,6-8891
17563,8-3494
17564,7-4074
17565,4-5249
17566,3-7761
17567,7-4299
17568,5-1719
17569,4-1432
17570,1-0540
17571,7-2400
17572,4-6501
17573,2-6441
17574,3-3077
17575,5-0603
17576,5-3902
17577,1-0908
17578,1-8014
17579,8-0859
17580,1-5332
17581,8-5045
17582,5-0004
17583,5-7397
17584,1-7965
17585,5-1273
17586,7-9350
17587,2-5463
17588,5-8227
17589,1-7116
17590,4-1234
17591,3-1409
17592,4-8815
17593,1-6069
17594,1-5901
17595,5-9655
17596,5-4702
17597,4-1542
17598,6-5581
17599,4-5219
17600,2-6071
17601,3-3056
17602,5-0565
17603,8-8047
17604,5-2571
17605,8-4894
17606,1-4035
17607,3-5183
17608,2-7433
17609,7-8322
17610,6-4719
17611,7-8403
17612,8-0704
17613,6-1965
17614,6-6106
17615,2-8547
17616,8-2093
17617,6-8086
17618,6-5436
17619,1-2415
17620,6-9410
17621,2-8531
17622,8-8627
17623,8-8405
17624,6-8960
17625,8-0447
17626,1-9801
17627,5-2524
17628,7-5007
17629,8-3060
17630,6-8413
17631,7-7995
17632,3-9952
17633,2-0788
17634,3-2856
17635,8-4510
17636,7-0252
17637,7-8612
17638,2-1272
17639,6-2196
17640,4-3410
17641,7-6128
17642,8-5010
17643,2-6569
17644,6-1304
17645,6-4815
17646,2-1718
17647,7-4385
17648,3-1385
17649,8-5436
17650,6-4442
17651,8-0969
17652,5-9984
17653,3-3145
17654,2-4052
17655,4-2678
17656,2-1556
17657,2-9497
17658,8-2007
17659,5-3033
17660,3-5938
17661,8-5605
17662,6-2247
17663,5-3074
17664,1-8669
17665,6-2554
17666,3-0142
17667,3-8960
17668,5-5966
17669,6-3456
17670,5-7481
17671,6-6715
17672,2-5904
17673,1-8258
17674,7-1880
17675,1-3196
17676,4-0527
17677,3-9444
17678,4-7110
17679,6-7164
17680,2-5870
17681,5-1139
17682,1-4008
17683,5-8196
17684,4-4188
17685,7-6681
17686,3-5618
17687,7-4641
17688,2-3596
17689,8-0663
17690,7-1816
17691,4-6442
17692,5-3376
17693,2-1184
17694,2-1968
17695,8-9381
17696,5-7804
17697,5-1259
17698,6-5129
17699,6-7685
17700,4-0874
17701,1-1688
17702,1-1679
17703,8-0386
17704,8-2530
17705,6-3366
17706,4-4294
17707,6-4464
17708,2-8047
17709,1-9731
17710,1-3921
17711,1-2558
17712,4-3005
17713,6-0014
17714,4-1606
17715,5-7911
17716,5-9638
17717,6-3304
17718,2-4637
17719,7-6801
17720,2-7627
17721,3-9098
17722,7-1377
17723,8-8945
17724,7-7097
17725,3-0532
17726,8-7989
17727,5-8672
17728,3-2227
17729,8-2712
17730,3-3563
17731,7-9786
17732,8-5683
17733,7-0294
17734,5-1537
17735,7-4987
17736,4-4824
17737,2-7682
17738,2-5585
17739,5-0255
17740,8-2072
17741,8-9308
17742,3-6361
17743,6-5495
17744,5-7908
17745,4-1050
17746,5-4784
17747,1-0067
17748,3-0373
17749,6-8967
17750,5-7375
17751,6-7744
17752,6-6202
17753,7-0889
17754,2-1752
17755,5-7201
17756,1-1056
17757,4-1319
17758,6-4611
17759,1-8626
17760,4-8668
17761,6-1693
17762,6-9813
17763,1-4125
17764,6-5912
17765,5-6685
17766,2-7223
17767,2-8558
17768,8-6416
17769,5-8915
17770,7-9250
17771,5-5419
17772,7-7477
17773,7-8091
17774,8-5126
17775,4-3454
17776,1-5978
17777,3-8891
17778,4-9449
17779,1-7665
17780,4-7881
17781,6-1383
17782,3-3182
17783,5-3352
17784,5-1033
17785,5-2078
17786,4-9563
17787,1-3350
17788,6-9131
17789,2-8892
17790,8-0972
17791,6-6823
17792,7-9550
17793,8-3602
17794,8-3414
17795,6-3744
17796,2-2204
17797,4-6523
17798,7-9111
17799,2-1423
17800,2-1806
17801,7-6079
17802,5-3217
17803,4-3039
17804,1-9507
17805,5-0400
17806,1-5943
17807,7-0358
17808,6-1994
17809,2-4936
17810,1-8892
17811,5-7388
17812,6-4590
17813,5-5596
17814,8-4092
17815,3-4897
17816,4-5544
17817,5-0134
17818,2-3198
17819,5-4400
17820,3-9014
17821,7-1513
17822,6-6161
17823,8-5478
17824,2-8841
17825,3-6179
17826,7-3245
17827,8-4733
17828,2-8949
17829,3-6688
17830,5-5045
17831,4-7378
17832,1-6323
17833,5-7563
17834,7-8146
17835,6-4838
17836,8-8413
17837,1-8508
17838,8-4841
17839,2-3797
17840,2-5616
17841,7-7895
17842,5-3291
17843,2-2433
17844,2-5406
17845,3-1689
17846,3-5692
17847,1-7389
17848,8-6164
17849,7-1916
17850,3-9504
17851,3-7977
17852,5-4069
17853,2-5103
17854,6-6031
17855,2-0310
17856,7-7549
17857,4-5429
17858,3-1639
17859,5-8994
17860,2-3297
17861,4-3441
17862,5-0649
17863,5-2622
17864,1-3647
17865,5-1715
17866,8-8634
17867,7-3188
17868,7-3125
17869,5-3633
17870,4-1512
17871,3-6268
17872,8-9443
17873,2-4389
17874,3-4685
17875,5-2468
17876,1-3619
17877,4-2697
17878,5-6806
17879,5-5054
17880,1-2255
17881,2-3220
17882,7-7200
17883,1-6207
17884,8-1397
17885,3-3016
17886,7-1337
17887,6-9389
17888,6-6414
17889,7-6276
17890,3-6154
17891,1-9485
17892,2-2571
17893,6-2789
17894,1-7113
17895,3-6034
17896,2-2943
17897,2-3882
17898,1-1827
17899,8-7427
17900,8-8701
17901,4-8624
17902,2-4519
17903,5-9066
17904,8-9078
17905,2-5756
17906,5-4113
17907,8-5469
17908,4-7697
17909,7-6228
17910,3-3187
17911,2-7365
17912,4-6375
17913,2-0165
17914,4-8044
17915,8-7075
17916,1-8925
17917,7-3380
17918,1-6656
17919,1-8527
17920,8-3172
17921,6-8895
17922,8-2064
17923,7-7378
17924,5-8500
17925,8-8281
17926,5-9583
17927,8-9415
17928,1-6359
17929,2-3146
17930,5-2959
17931,4-5881
17932,5-8339
17933,7-6266
17934,5-3184
17935,5-7032
17936,4-7281
17937,5-4244
17938,7-6155
17939,4-8275
17940,5-9454
17941,2-1411
17942,8-1230
17943,2-1873
17944,6-5555
17945,4-2814
17946,2-7797
17947,2-4068
17948,3-0094
17949,7-4741
17950,7-2386
17951,4-8747
17952,5-0662
17953,2-4420
17954,7-3128
17955,7-9230
17956,7-6055
17957,5-2736
17958,8-7702
17959,4-4521
17960,1-0128
17961,6-6536
17962,1-3136
17963,1-2627
17964,6-3499
17965,7-5756
17966,6-4199
17967,4-8139
17968,7-5904
17969,7-5573
17970,2-5786
17971,4-5896
17972,8-5419
17973,6-9172
17974,8-7744
17975,8-0052
17976,7-5980
17977,1-9085
17978,4-7382
17979,3-6564
17980,2-3430
17981,3-5992
17982,7-5213
17983,5-2396
17984,5-2657
17985,8-1329
17986,5-9313
17987,7-1688
17988,6-8013
17989,3-7753
17990,6-8395
17991,8-8670
17992,4-1485
17993,8-3816
17994,8-1592
17995,8-4106
17996,5-6955
17997,4-7946
17998,8-5480
17999,8-9628
18000,6-3949
18001,1-0169
18002,1-5921
18003,6-0562
18004,5-8669
18005,7-3658
18006,3-6714
18007,4-8153
18008,3-4423
18009,4-8470
18010,6-5116
18011,3-7322
18012,5-7901
18013,4-3828
18014,4-3414
18015,1-8801
18016,8-4014
18017,5-7172
18018,2-0575
18019,6-7981
18020,3-7479
18021,8-4212
18022,2-1024
18023,5-0044
18024,8-0100
18025,1-8736
18026,8-6182
18027,3-6273
18028,7-3430
18029,4-5863
18030,2-3909
18031,8-6894
18032,4-2195
18033,2-6722
18034,6-3638
18035,6-4443
18036,7-3424
18037,4-7293
18038,7-0661
18039,4-9456
18040,6-7161
18041,6-3318
18042,8-0918
18043,1-0366
18044,4-3175
18045,6-9841
18046,2-0066
18047,8-3155
18048,6-6746
18049,8-2241
18050,1-3339
18051,4-1914
18052,6-5576
18053,6-9837
18054,4-3688
18055,1-3742
18056,8-6047
18057,3-1082
18058,8-8933
18059,4-6796
18060,1-3800
18061,4-9595
18062,6-1870
18063,1-8590
18064,8-8630
18065,5-8268
18066,2-2437
18067,1-3317
18068,2-3989
18069,4-2574
18070,1-3363
18071,7-8588
18072,8-0398
18073,8-3376
18074,5-5551
18075,5-4287
18076,3-5160
18077,2-6366
18078,8-5970
18079,7-9936
18080,3-1856
18081,6-9988
18082,5-3150
18083,5-7519
18084,4-5236
18085,5-9123
18086,2-0359
18087,7-7321
18088,3-3009
18089,2-5962
18090,3-6916
18091,1-4854
18092,6-8246
18093,4-3041
18094,7-9707
18095,2-7624
18096,8-6035
18097,5-4712
18098,2-0192
18099,8-9231
18100,7-0220
18101,3-0147
18102,5-3859
18103,3-4282
18104,4-4420
18105,6-3672
18106,6-7035
18107,7-9530
18108,5-7559
18109,2-1939
18110,4-1843
18111,5-1950
18112,7-8608
18113,4-3697
18114,5-6425
18115,7-6280
18116,6-1328
18117,8-5964
18118,4-7982
18119,7-4053
18120,2-6733
18121,6-6352
18122,7-5827
18123,3-3674
18124,3-7138
18125,5-8480
18126,6-3270
18127,5-6556
18128,8-9041
18129,5-7365
18130,5-8502
18131,4-1501
18132,3-5770
18133,7-0259
18134,3-8553
18135,4-4655
18136,1-1858
18137,4-6338
18138,4-2752
18139,5-8653
18140,5-0229
18141,6-7552
18142,7-4718
18143,4-6675
18144,7-0996
18145,8-0265
18146,8-8291
18147,5-0892
18148,8-3419
18149,8-8010
18150,2-6801
18151,1-8794
18152,6-8263
18153,4-5311
18154,2-9214
18155,5-7210
18156,1-3662
18157,6-3662
18158,3-3115
18159,3-4499
18160,3-7083
18161,3-1105
18162,2-7733
18163,3-4082
18164,3-4365
18165,3-3527
18166,8-3647
18167,4-8197
18168,1-6771
18169,8-0476
18170,5-8376
18171,4-7904
18172,5-2292
18173,4-7702
18174,7-2153
18175,8-2029
18176,8-1790
18177,8-2882
18178,4-6107
18179,8-6763
18180,5-4444
18181,4-3567
18182,4-0188
18183,3-9362
18184,2-9945
18185,5-0487
18186,5-5616
18187,4-9171
18188,8-6006
18189,4-4412
18190,3-2973
18191,8-9749
18192,5-2464
18193,1-7786
18194,2-4330
18195,8-5387
18196,3-6614
18197,4-2903
18198,6-3008
18199,8-2433
18200,3-9533
18201,5-7592
18202,3-4056
18203,8-9157
18204,8-8867
18205,1-7250
18206,3-0575
18207,4-8446
18208,2-4308
18209,1-5328
18210,3-5156
18211,2-2520
18212,2-3877
18213,7-6848
18214,3-0749
18215,2-9337
18216,7-6137
18217,2-5096
18218,7-6962
18219,3-1415
18220,1-0310
18221,5-7518
18222,1-7298
18223,8-9252
18224,7-3491
18225,2-7529
18226,2-5396
18227,6-8630
18228,1-4057
18229,6-7531
18230,2-4404
18231,8-2457
18232,8-5523
18233,3-3097
18234,5-4942
18235,3-1846
18236,7-8127
18237,3-7938
18238,6-1843
18239,5-6733
18240,7-3970
18241,8-0114
18242,5-6919
18243,6-6669
18244,6-3494
18245,2-9646
18246,8-2097
18247,5-8407
18248,2-6288
18249,2-3159
18250,1-7319
18251,1-6138
18252,2-9894
18253,3-1725
18254,3-8675
18255,3-3915
18256,4-5842
18257,6-3978
18258,5-7450
18259,7-0467
18260,3-1555
18261,5-8925
18262,1-0183
18263,4-3007
18264,7-8379
18265,5-8642
18266,4-0582
18267,7-2427
18268,7-7751
18269,2-3994
18270,8-8909
18271,6-3379
18272,8-5899
18273,3-6297
18274,2-8211
18275,2-4047
18276,6-0672
18277,3-2786
18278,8-5911
18279,5-4177
18280,8-1193
18281,8-5280
18282,4-9342
18283,3-5895
18284,8-8276
18285,2-0059
18286,7-1976
18287,3-5458
18288,6-3890
18289,7-1707
18290,2-0653
18291,5-3954
18292,3-8269
18293,8-5320
18294,7-2015
18295,5-8752
18296,1-9653
18297,2-0936
18298,7-5716
18299,1-6712
18300,7-2158
18301,8-9426
18302,7-4343
18303,4-6283
18304,1-4856
18305,3-9343
18306,8-8088
18307,1-9449
18308,1-7514
18309,7-6187
18310,4-6638
18311,3-0673
18312,2-2952
18313,2-6149
18314,7-6828
18315,3-3775
18316,7-0775
18317,6-0309
18318,8-5031
18319,8-6346
18320,7-2851
18321,5-8009
18322,5-7654
18323,5-1974
18324,4-8763
18325,5-8578
18326,6-4120
18327,1-8378
18328,2-2897
18329,6-9737
18330,5-1741
18331,7-9460
18332,6-1620
18333,8-8407
18334,2-2682
18335,1-5407
18336,7-7705
18337,6-8040
18338,1-4726
18339,3-4121
18340,1-1717
18341,2-9450
18342,8-8544
18343,2-4160
18344,1-5851
18345,5-1606
18346,3-1304
18347,1-6360
18348,1-2516
18349,2-8224
18350,7-2479
18351,6-4697
18352,5-0822
18353,3-2383
18354,7-2369
18355,8-9045
18356,4-1407
18357,6-7165
18358,3-5245
18359,2-6761
18360,8-9108
18361,3-8685
18362,2-2609
18363,3-6839
18364,6-9972
18365,7-4878
18366,5-1523
18367,2-9500
18368,3-2122
18369,3-4301
18370,7-9061
18371,4-2758
18372,3-9675
18373,4-5993
18374,6-0857
18375,1-3191
18376,3-3562
18377,7-4966
18378,7-7151
18379,8-0104
18380,8-7263
18381,4-7416
18382,2-7738
18383,4-5264
18384,2-7820
18385,8-3129
18386,2-2902
18387,2-5533
18388,6-1597
18389,1-2513
18390,6-1497
18391,1-1715
18392,5-8710
18393,3-9936
18394,7-9021
18395,1-8369
18396,8-0040
18397,3-2841
18398,2-9914
18399,8-8338
18400,5-7291
18401,1-8759
18402,3-8699
18403,7-3833
18404,6-9662
18405,7-1436
18406,3-6478
18407,2-5556
18408,1-7384
18409,2-9146
18410,2-5910
18411,3-2881
18412,1-2468
18413,5-6027
18414,1-0046
18415,6-3057
18416,3-9574
18417,7-6516
18418,6-5465
18419,5-7567
18420,6-0209
18421,1-9056
18422,4-8729
18423,4-6732
18424,1-8267
18425,4-7401
18426,2-5936
18427,2-7543
18428,7-7544
18429,8-6632
18430,1-6969
18431,8-6315
18432,5-0567
18433,3-4610
18434,8-6497
18435,1-3907
18436,3-0846
18437,3-2550
18438,1-9892
18439,8-0715
18440,6-7456
18441,7-2952
18442,7-1235
18443,4-0294
18444,3-0495
18445,6-7369
18446,1-2839
18447,4-6010
18448,8-8445
18449,4-3027
18450,6-2385
18451,5-9374
18452,8-2343
18453,7-0506
18454,6-4474
18455,4-9664
18456,5-8076
18457,7-9816
18458,5-7356
18459,8-3987
18460,2-9769
18461,8-8553
18462,5-5724
18463,5-8972
18464,6-6256
18465,6-2710
18466,7-2148
18467,6-7294
18468,1-4652
18469,5-3553
18470,1-5063
18471,8-7987
18472,4-0044
18473,5-7128
18474,3-9498
18475,4-1069
18476,5-0252
18477,8-4595
18478,2-3491
18479,7-1385
18480,1-0529
18481,2-0004
18482,2-2210
18483,5-4827
18484,8-5034
18485,3-4224
18486,8-2673
18487,7-9922
18488,5-3158
18489,1-1085
18490,7-7860
18491,2-7071
18492,2-9790
18493,3-6129
18494,7-2235
18495,4-8989
18496,3-5589
18497,3-0140
18498,6-3924
18499,2-2698
18500,4-3417
18501,5-2731
18502,1-3325
18503,2-5088
18504,5-0715
18505,7-1475
18506,5-7631
18507,7-4234
18508,6-6860
18509,1-6708
18510,3-6323
18511,4-6668
18512,7-3288
18513,8-8525
18514,2-2849
18515,6-9397
18516,1-3856
18517,6-0183
18518,1-6750
18519,3-3815
18520,7-7908
18521,2-1613
18522,8-5583
18523,1-9676
18524,6-5126
18525,2-4102
18526,8-3289
18527,1-0951
18528,6-0689
18529,1-6200
18530,7-7754
18531,6-0631
18532,8-6852
18533,5-5142
18534,6-2650
18535,2-3073
18536,5-6371
18537,1-1739
18538,8-2598
18539,6-2055
18540,5-5728
18541,6-7976
18542,2-6773
18543,4-7188
18544,2-6198
18545,5-5908
18546,2-2630
18547,5-4059
18548,5-9737
18549,8-9432
18550,2-9375
18551,5-8948
18552,5-2145
18553,5-8425
18554,6-3998
18555,3-6394
18556,4-8116
18557,3-1162
18558,3-7615
18559,2-7772
18560,3-2808
18561,1-2641
18562,2-3997
18563,4-5883
18564,7-9199
18565,8-2338
18566,7-3228
18567,2-2795
18568,2-9291
18569,5-4893
18570,5-3176
18571,8-6576
18572,2-5290
18573,4-5683
18574,2-5629
18575,4-3771
18576,3-7154
18577,7-6244
18578,2-3021
18579,2-5077
18580,4-0514
18581,3-6255
18582,4-3211
18583,8-4491
18584,2-6035
18585,7-9400
18586,2-8170
18587,5-8971
18588,4-3789
18589,2-4315
18590,6-4892
18591,6-8344
18592,3-0726
18593,8-4932
18594,6-8878
18595,1-1335
18596,2-0399
18597,1-1868
18598,4-7751
18599,6-7998
18600,4-9462
18601,4-3724
18602,8-2393
18603,1-4090
18604,3-5429
18605,1-5490
18606,8-7594
18607,1-8107
18608,4-7396
18609,6-9414
18610,1-6114
18611,1-0551
18612,3-1872
18613,4-2661
18614,1-8551
18615,2-0511
18616,3-7994
18617,8-2131
18618,5-7012
18619,5-4344
18620,5-5207
18621,3-1135
18622,6-8944
18623,7-9780
18624,1-4855
18625,3-7202
18626,1-6027
18627,3-0909
18628,1-4010
18629,3-9807
18630,4-2753
18631,4-7136
18632,7-0936
18633,7-5739
18634,1-1713
18635,7-6490
18636,8-7982
18637,8-9303
18638,4-9455
18639,5-9623
18640,8-4073
18641,5-6890
18642,8-9614
18643,6-1710
18644,5-8846
18645,1-6646
18646,5-3429
18647,2-7522
18648,7-5127
18649,5-0462
18650,8-0936
18651,2-4382
18652,8-4277
18653,6-8102
18654,2-7800
18655,5-3209
18656,5-3928
18657,7-6220
18658,8-3359
18659,3-0267
18660,1-6937
18661,3-2820
18662,1-2266
18663,6-6722
18664,7-9303
18665,8-9840
18666,8-4923
18667,5-7353
18668,7-4261
18669,3-0382
18670,4-4013
18671,6-0926
18672,4-7118
18673,6-9168
18674,5-0803
18675,2-1212
18676,8-4890
18677,4-0310
18678,3-5391
18679,8-5219
18680,5-3960
18681,1-2948
18682,6-5388
18683,1-6993
18684,7-8418
18685,4-5521
18686,1-2373
18687,2-0701
18688,2-8401
18689,6-4114
18690,6-4266
18691,7-2578
18692,2-0295
18693,7-3127
18694,6-6939
18695,8-0458
18696,1-9147
18697,5-6479
18698,5-8328
18699,5-0497
18700,7-2132
18701,2-9510
18702,1-6484
18703,5-1050
18704,8-7142
18705,1-5483
18706,8-4323
18707,4-7986
18708,1-6182
18709,4-0698
18710,4-7053
18711,8-5369
18712,8-6862
18713,4-9468
18714,8-8506
18715,3-1377
18716,6-4222
18717,5-9894
18718,1-7630
18719,7-3811
18720,6-8997
18721,6-1056
18722,1-7699
18723,3-0074
18724,2-3652
18725,2-2136
18726,8-9711
18727,4-1969
18728,8-4454
18729,2-3992
18730,7-0844
18731,6-4004
18732,6-5075
18733,6-7352
18734,3-6298
18735,4-7502
18736,8-5823
18737,2-9577
18738,3-8918
18739,1-0905
18740,2-4103
18741,4-8759
18742,6-6142
18743,4-4282
18744,3-8908
18745,3-2024
18746,3-3995
18747,4-8699
18748,3-3976
18749,4-5000
18750,4-2332
18751,3-6751
18752,4-4736
18753,4-3347
18754,6-2396
18755,4-7544
18756,5-0572
18757,2-7975
18758,2-9210
18759,4-7743
18760,6-1215
18761,7-1501
18762,1-2891
18763,3-4636
18764,8-7444
18765,7-4246
18766,2-8475
18767,3-0257
18768,3-9262
18769,6-4922
18770,2-6522
18771,3-8035
18772,7-0307
18773,3-4614
18774,1-9078
18775,7-6849
18776,4-5473
18777,3-6236
18778,5-5619
18779,6-8012
18780,7-7602
18781,5-1193
18782,7-7690
18783,6-8063
18784,6-4292
18785,6-1791
18786,7-5371
18787,1-3758
18788,1-0430
18789,5-6071
18790,1-1216
18791,7-9993
18792,2-6250
18793,7-7731
18794,5-3927
18795,8-4050
18796,3-2970
18797,7-2398
18798,7-1861
18799,3-8052
18800,5-4792
18801,8-7365
18802,6-7396
18803,2-1044
18804,5-4419
18805,4-8986
18806,7-6034
18807,5-8054
18808,6-0936
18809,3-6247
18810,3-4059
18811,2-5467
18812,3-2098
18813,2-2252
18814,3-1756
18815,8-1521
18816,5-1360
18817,2-3306
18818,6-3627
18819,7-7946
18820,1-0722
18821,2-6339
18822,1-7733
18823,1-9481
18824,2-6763
18825,5-1465
18826,8-3253
18827,3-7159
18828,6-9889
18829,3-6996
18830,3-9838
18831,5-3296
18832,2-9949
18833,4-8235
18834,5-1745
18835,2-6707
18836,2-1367
18837,1-5254
18838,3-3581
18839,4-8946
18840,7-5129
18841,4-7428
18842,4-6154
18843,2-5743
18844,4-9590
18845,3-0924
18846,8-8555
18847,3-2589
18848,3-2019
18849,3-9162
18850,7-9202
18851,4-2788
18852,8-3033
18853,5-5251
18854,6-9753
18855,4-7318
18856,8-8766
18857,6-3723
18858,5-9631
18859,7-1168
18860,8-0135
18861,7-5591
18862,4-9867
18863,3-8703
18864,2-2446
18865,4-1364
18866,5-4499
18867,4-6325
18868,6-4085
18869,7-9392
18870,4-4923
18871,7-1943
18872,4-1942
18873,5-6077
18874,8-9716
18875,2-0086
18876,7-9670
18877,6-7756
18878,1-2076
18879,3-5169
18880,4-6857
18881,8-9190
18882,6-1231
18883,6-1662
18884,1-3583
18885,5-1975
18886,1-5900
18887,8-4197
18888,5-0606
18889,8-6762
18890,2-2771
18891,2-2117
18892,3-4300
18893,6-8154
18894,2-4770
18895,7-7319
18896,7-7381
18897,4-9946
18898,5-9869
18899,7-5805
18900,3-5646
18901,2-8331
18902,6-5837
18903,2-2422
18904,2-4969
18905,3-1392
18906,8-1339
18907,5-8098
18908,8-5914
18909,6-5808
18910,6-7268
18911,6-2495
18912,2-1745
18913,3-1497
18914,3-2639
18915,4-1140
18916,5-5867
18917,7-1092
18918,3-5457
18919,1-0820
18920,6-5724
18921,7-1543
18922,5-1153
18923,2-9227
18924,1-5726
18925,1-4290
18926,7-5811
18927,8-8871
18928,6-4044
18929,3-7625
18930,6-4129
18931,4-7311
18932,7-9367
18933,5-4094
18934,1-6274
18935,8-9178
18936,4-6735
18937,4-1822
18938,5-3635
18939,4-7678
18940,6-4517
18941,5-4155
18942,3-3728
18943,7-4268
18944,5-8439
18945,6-6477
18946,3-2902
18947,6-0640
18948,1-5798
18949,8-1220
18950,3-1674
18951,6-3964
18952,4-9549
18953,7-9282
18954,6-0215
18955,4-7781
18956,6-0806
18957,7-0925
18958,2-3240
18959,8-7479
18960,4-9420
18961,4-0850
18962,3-0603
18963,6-3750
18964,1-6420
18965,7-7675
18966,1-6840
18967,4-6645
18968,5-5937
18969,2-6889
18970,1-3464
18971,1-2171
18972,7-2932
18973,6-7819
18974,8-0778
18975,7-8831
18976,2-1101
18977,7-9040
18978,8-7041
18979,6-9438
18980,5-8806
18981,8-3458
18982,7-0102
18983,3-2777
18984,4-5801
18985,3-0207
18986,6-4289
18987,4-6305
18988,4-5410
18989,7-4103
18990,4-8672
18991,3-6235
18992,3-3811
18993,1-9652
18994,4-3945
18995,3-5050
18996,7-0180
18997,8-8661
18998,8-6779
18999,2-3912
19000,4-6297
19001,5-7679
19002,8-5950
19003,1-7625
19004,5-4550
19005,5-6744
19006,6-1534
19007,6-6280
19008,6-1275
19009,5-2475
19010,2-2861
19011,4-2221
19012,2-4778
19013,1-0572
19014,5-4496
19015,8-4844
19016,1-1780
19017,5-9481
19018,4-2066
19019,6-2333
19020,5-4251
19021,1-2804
19022,6-5143
19023,8-9724
19024,7-5864
19025,3-4118
19026,2-8330
19027,8-2898
19028,6-2446
19029,3-7711
19030,6-8513
19031,3-2347
19032,7-3551
19033,3-6488
19034,7-5314
19035,7-9120
19036,7-4976
19037,6-7870
19038,3-9344
19039,4-2012
19040,4-7235
19041,3-1345
19042,4-2546
19043,1-0266
19044,5-0524
19045,1-0364
19046,5-5577
19047,6-5444
19048,5-4293
19049,4-8092
19050,3-9289
19051,8-8795
19052,4-8123
19053,5-6331
19054,4-4422
19055,4-6736
19056,8-7418
19057,4-1207
19058,2-9344
19059,5-8980
19060,5-3659
19061,5-1724
19062,2-7929
19063,3-9830
19064,8-7743
19065,8-5654
19066,2-7755
19067,8-7748
19068,5-2295
19069,4-9791
19070,6-7347
19071,3-7382
19072,4-1840
19073,4-9675
19074,2-0050
19075,3-3147
19076,4-5067
19077,4-4992
19078,7-5462
19079,7-5395
19080,7-4128
19081,2-9763
19082,6-3383
19083,8-5938
19084,4-7862
19085,7-7558
19086,6-6759
19087,6-3466
19088,6-1637
19089,7-4057
19090,2-1399
19091,5-2718
19092,4-5471
19093,3-1869
19094,6-0235
19095,5-4684
19096,5-2492
19097,7-0572
19098,7-9052
19099,3-6917
19100,5-2951
19101,1-8726
19102,4-2745
19103,7-9918
19104,4-8160
19105,5-8117
19106,4-1906
19107,1-7748
19108,4-0715
19109,3-6817
19110,5-6111
19111,2-4408
19112,8-9743
19113,6-0122
19114,2-2566
19115,1-5384
19116,5-5237
19117,4-3064
19118,4-4273
19119,3-2324
19120,8-8786
19121,2-5615
19122,2-4718
19123,6-1645
19124,4-1570
19125,7-3651
19126,3-2725
19127,6-8166
19128,2-2760
19129,2-5874
19130,7-4764
19131,4-4098
19132,1-0524
19133,1-6957
19134,4-2216
19135,3-5701
19136,3-3318
19137,6-4131
19138,3-2230
19139,2-8669
19140,5-4529
19141,2-1181
19142,1-8138
19143,3-2958
19144,1-5159
19145,6-1204
19146,8-4174
19147,2-3361
19148,6-6103
19149,6-1736
19150,8-6138
19151,6-7824
19152,3-6211
19153,7-8349
19154,5-6147
19155,1-2273
19156,6-3776
19157,6-6992
19158,1-1831
19159,5-9340
19160,4-5529
19161,3-4558
19162,7-6367
19163,6-2754
19164,3-6004
19165,4-5032
19166,4-4471
19167,6-5413
19168,6-8544
19169,1-4593
19170,4-4051
19171,4-0058
19172,2-4943
19173,3-9426
19174,1-6472
19175,5-3840
19176,5-8413
19177,8-1423
19178,5-5173
19179,6-3629
19180,3-0838
19181,6-6453
19182,8-2787
19183,5-1204
19184,4-7908
19185,2-4638
19186,8-6690
19187,1-5069
19188,6-5152
19189,5-9346
19190,1-7306
19191,1-3321
19192,1-0534
19193,8-1926
19194,8-8218
19195,7-2838
19196,7-0761
19197,1-7776
19198,2-7701
19199,8-2833
19200,8-0138
19201,8-7114
19202,3-1964
19203,8-2221
19204,8-9488
19205,6-8256
19206,8-0366
19207,5-8178
19208,2-2933
19209,1-1548
19210,4-0578
19211,2-2127
19212,8-4820
19213,5-9882
19214,6-5942
19215,3-7327
19216,1-9010
19217,2-6139
19218,4-3625
19219,5-0842
19220,1-2926
19221,5-8834
19222,2-5812
19223,6-2350
19224,6-7721
19225,8-4643
19226,5-5512
19227,3-6234
19228,4-5315
19229,5-0789
19230,3-3103
19231,7-1581
19232,5-7013
19233,4-7521
19234,8-6682
19235,4-8414
19236,1-8953
19237,1-8062
19238,1-7892
19239,7-9399
19240,1-6609
19241,4-6832
19242,5-0269
19243,6-6183
19244,7-2338
19245,4-0755
19246,8-5767
19247,1-9066
19248,1-4667
19249,6-3044
19250,7-7514
19251,2-6039
19252,3-1333
19253,8-8914
19254,4-3225
19255,4-0650
19256,1-0416
19257,1-9050
19258,1-4604
19259,8-5512
19260,8-5258
19261,4-3756
19262,1-2006
19263,6-8717
19264,8-0531
19265,4-1323
19266,1-1041
19267,2-1845
19268,8-6067
19269,8-6232
19270,6-0634
19271,5-6827
19272,4-7913
19273,1-6047
19274,2-7878
19275,1-7002
19276,4-0021
19277,5-8814
19278,4-8054
19279,5-7132
19280,2-5437
19281,5-6173
19282,4-9806
19283,6-0471
19284,8-7453
19285,8-8561
19286,1-7305
19287,1-2311
19288,3-6697
19289,6-0467
19290,4-0457
19291,4-8005
19292,2-1111
19293,8-6523
19294,5-0202
19295,6-2218
19296,1-5541
19297,7-3619
19298,1-6239
19299,8-6266
19300,4-4727
19301,3-2693
19302,5-2617
19303,4-6247
19304,3-0657
19305,2-3088
19306,6-1432
19307,7-1103
19308,2-5123
19309,2-0235
19310,3-7180
19311,1-0221
19312,1-9211
19313,6-8313
19314,6-8146
19315,3-9935
19316,5-7069
19317,4-5261
19318,1-7706
19319,5-3750
19320,7-8865
19321,8-1306
19322,3-0979
19323,4-1730
19324,5-9327
19325,4-2135
19326,4-4561
19327,3-6025
19328,6-5805
19329,5-3992
19330,1-9016
19331,2-8836
19332,4-6076
19333,5-7163
19334,3-1057
19335,2-9655
19336,5-8078
19337,2-2354
19338,7-0016
19339,2-6124
19340,3-4447
19341,7-2162
19342,1-7269
19343,1-8782
19344,1-0370
19345,5-2021
19346,3-0588
19347,3-2998
19348,6-7512
19349,8-3495
19350,3-8740
19351,6-7478
19352,4-9705
19353,6-1468
19354,2-6816
19355,3-3710
19356,8-8327
19357,8-6171
19358,2-2385
19359,4-3077
19360,5-7995
19361,3-5408
19362,6-0213
19363,3-8778
19364,5-9446
19365,6-0324
19366,3-2894
19367,2-8724
19368,4-9591
19369,5-5342
19370,7-3878
19371,8-8068
19372,8-5555
19373,4-8473
19374,8-1280
19375,3-5220
19376,1-3419
19377,6-6058
19378,6-7988
19379,3-2983
19380,4-1072
19381,7-9136
19382,1-9743
19383,5-6488
19384,8-8689
19385,6-2523
19386,7-6734
19387,8-1969
19388,4-5017
19389,1-8738
19390,2-4676
19391,7-6454
19392,3-6373
19393,2-0695
19394,8-6634
19395,4-0326
19396,7-0316
19397,4-0731
19398,2-3494
19399,1-2192
19400,6-5145
19401,6-1096
19402,4-4659
19403,7-5680
19404,7-0142
19405,5-4148
19406,5-6864
19407,7-6729
19408,4-5585
19409,8-1118
19410,8-8036
19411,1-2565
19412,2-7747
19413,8-7509
19414,4-2764
19415,5-3305
19416,5-9945
19417,8-1175
19418,1-0589
19419,6-7104
19420,3-3698
19421,8-6104
19422,7-5666
19423,3-2803
19424,8-3504
19425,3-7477
19426,8-3834
19427,8-2012
19428,8-9995
19429,5-3425
19430,3-6005
19431,7-5157
19432,5-3263
19433,7-0069
19434,4-0651
19435,4-0975
19436,3-2105
19437,2-8486
19438,5-7603
19439,4-1901
19440,4-5732
19441,4-5415
19442,5-7910
19443,5-6836
19444,6-5247
19445,1-2510
19446,3-6089
19447,1-0567
19448,4-1711
19449,6-1572
19450,4-3033
19451,6-8359
19452,7-2861
19453,2-4619
19454,1-7414
19455,4-3729
19456,1-6622
19457,3-2363
19458,4-1738
19459,7-0642
19460,2-8964
19461,6-8485
19462,1-8802
19463,7-9087
19464,2-7748
19465,8-5796
19466,7-2774
19467,6-1839
19468,4-9560
19469,5-5355
19470,4-9729
19471,1-1606
19472,4-9723
19473,7-5009
19474,2-8969
19475,8-3148
19476,4-6007
19477,1-4245
19478,8-7872
19479,8-6999
19480,8-0873
19481,4-6287
19482,8-6210
19483,3-3391
19484,4-1811
19485,8-5739
19486,7-4640
19487,2-9295
19488,2-4285
19489,7-5290
19490,1-9034
19491,3-1045
19492,4-0968
19493,5-2066
19494,6-6968
19495,6-0771
19496,8-0549
19497,2-5987
19498,2-7697
19499,7-6533
19500,7-5120
19501,1-3015
19502,4-9093
19503,7-8123
19504,8-8649
19505,1-1141
19506,8-0657
19507,7-1142
19508,5-6742
19509,5-1515
19510,2-9846
19511,4-9889
19512,2-6980
19513,8-0827
19514,5-7324
19515,7-7965
19516,1-7506
19517,5-4857
19518,4-3044
19519,3-6852
19520,8-1425
19521,3-8734
19522,8-5948
19523,7-8828
19524,3-7780
19525,8-6121
19526,5-2391
19527,1-5529
19528,3-8854
19529,4-9969
19530,3-0599
19531,2-3110
19532,3-6281
19533,8-6322
19534,4-4767
19535,8-9052
19536,2-9241
19537,4-2264
19538,2-9909
19539,1-7528
19540,4-1951
19541,5-7194
19542,8-0323
19543,5-7070
19544,2-3137
19545,8-8364
19546,4-3704
19547,2-1103
19548,4-4541
19549,5-3546
19550,6-8001
19551,4-3492
19552,3-4703
19553,5-9762
19554,6-9485
19555,2-0098
19556,6-4227
19557,8-1107
19558,5-4446
19559,8-3200
19560,3-4566
19561,7-4956
19562,4-6551
19563,6-9387
19564,3-6555
19565,8-4380
19566,6-5668
19567,5-2927
19568,1-5527
19569,1-5061
19570,1-7708
19571,5-1272
19572,3-4240
19573,6-7307
19574,2-9938
19575,6-4772
19576,6-4191
19577,7-0303
19578,4-7198
19579,1-9332
19580,8-4924
19581,2-3138
19582,8-0303
19583,2-4699
19584,6-9723
19585,5-5296
19586,4-1300
19587,2-7313
19588,4-7347
19589,2-9702
19590,4-0614
19591,1-8894
19592,8-0942
19593,8-4489
19594,6-7059
19595,7-0773
19596,1-6820
19597,4-3140
19598,4-4943
19599,7-4287
19600,1-1677
19601,6-5412
19602,5-0346
19603,5-9222
19604,7-6190
19605,4-1135
19606,1-4899
19607,3-2607
19608,6-4062
19609,4-6233
19610,6-4636
19611,4-1866
19612,4-1986
19613,5-8945
19614,6-4548
19615,2-5958
19616,5-8212
19617,6-8029
19618,7-3480
19619,3-3514
19620,4-0077
19621,8-3362
19622,5-9891
19623,5-0154
19624,2-4552
19625,8-6768
19626,3-1265
19627,4-3099
19628,2-8469
19629,2-7809
19630,6-1225
19631,2-0921
19632,4-4072
19633,7-8950
19634,1-6007
19635,1-0027
19636,6-6685
19637,3-0813
19638,6-5951
19639,8-6376
19640,3-0989
19641,4-2478
19642,3-1081
19643,1-8179
19644,7-6427
19645,5-3005
19646,4-6840
19647,2-1476
19648,6-3651
19649,2-5057
19650,6-6528
19651,5-8941
19652,1-7747
19653,6-8846
19654,3-9243
19655,1-9425
19656,4-8689
19657,8-5072
19658,5-5634
19659,8-3307
19660,2-1987
19661,1-6677
19662,2-5423
19663,2-7629
19664,1-2871
19665,4-6323
19666,3-0264
19667,6-7828
19668,7-6689
19669,2-3331
19670,1-9469
19671,5-0251
19672,7-5731
19673,5-8127
19674,6-6949
19675,2-0464
19676,8-2123
19677,5-3779
19678,2-5386
19679,8-2891
19680,8-8392
19681,4-4639
19682,4-1704
19683,4-3076
19684,6-4755
19685,5-8179
19686,3-7178
19687,4-5362
19688,3-9780
19689,8-0053
19690,5-0094
19691,4-5980
19692,7-9377
19693,2-0632
19694,6-2963
19695,5-4726
19696,4-7403
19697,4-8918
19698,7-3098
19699,2-8315
19700,3-6894
19701,8-2330
19702,3-5454
19703,6-3188
19704,1-3854
19705,6-1052
19706,6-0849
19707,4-4984
19708,4-4327
19709,3-5957
19710,6-4591
19711,6-8406
19712,1-5302
19713,7-4657
19714,3-7297
19715,5-9189
19716,8-0929
19717,6-6825
19718,6-3343
19719,5-7576
19720,4-6899
19721,2-1702
19722,5-7784
19723,1-4945
19724,8-6550
19725,2-1778
19726,4-7356
19727,6-7722
19728,1-8544
19729,4-2292
19730,8-3858
19731,1-7170
19732,2-5738
19733,5-1246
19734,2-0302
19735,4-6441
19736,4-8397
19737,6-0435
19738,2-7171
19739,7-0673
19740,1-1342
19741,2-1784
19742,7-8523
19743,5-6962
19744,4-9544
19745,7-2636
19746,2-0604
19747,8-2790
19748,7-8002
19749,2-7952
19750,8-8419
19751,1-9868
19752,8-1361
19753,1-9657
19754,3-3966
19755,2-6743
19756,5-4815
19757,6-2901
19758,8-8373
19759,8-1405
19760,3-8915
19761,3-1988
19762,1-6365
19763,1-4463
19764,7-1978
19765,5-4779
19766,2-8341
19767,5-3386
19768,1-0504
19769,2-1425
19770,7-3047
19771,2-3638
19772,7-4236
19773,2-2431
19774,4-6263
19775,7-6170
19776,7-9431
19777,6-4783
19778,3-3956
19779,1-4973
19780,8-7431
19781,1-1969
19782,7-0067
19783,8-4210
19784,6-2811
19785,4-3784
19786,8-1257
19787,5-5772
19788,8-8814
19789,3-2526
19790,1-9624
19791,7-0706
19792,2-8030
19793,2-0754
19794,3-5467
19795,3-2640
19796,4-9261
19797,7-3104
19798,5-2963
19799,2-4686
19800,4-7483
19801,6-0743
19802,3-7507
19803,3-0185
19804,3-8356
19805,1-8083
19806,6-5365
19807,4-6484
19808,6-9439
19809,7-3375
19810,7-6084
19811,3-7376
19812,4-2900
19813,4-6483
19814,6-7362
19815,1-1500
19816,6-8327
19817,4-8547
19818,4-4486
19819,2-8438
19820,5-4907
19821,8-2863
19822,4-7128
19823,8-7193
19824,5-7564
19825,5-4414
19826,8-2039
19827,4-9904
19828,2-1833
19829,6-5809
19830,3-1678
19831,3-5508
19832,1-3031
19833,3-0298
19834,3-9101
19835,6-8376
19836,3-1557
19837,4-7357
19838,8-6038
19839,5-8089
19840,3-2710
19841,7-0806
19842,6-2014
19843,7-9105
19844,2-6847
19845,1-8095
19846,5-1921
19847,1-9423
19848,2-6323
19849,8-1184
19850,3-0666
19851,2-0978
19852,5-7446
19853,2-4417
19854,4-5484
19855,7-4195
19856,3-1210
19857,7-5913
19858,7-0213
19859,7-3599
19860,1-1575
19861,6-4535
19862,4-8828
19863,6-2328
19864,8-8687
19865,4-2591
19866,2-0851
19867,8-8118
19868,1-7563
19869,5-7049
19870,2-7590
19871,3-6602
19872,4-0523
19873,8-6482
19874,8-0733
19875,3-7140
19876,1-4816
19877,1-8004
19878,6-5868
19879,4-7242
19880,2-4066
19881,3-8306
19882,4-7187
19883,3-9435
19884,8-6308
19885,1-7907
19886,6-0473
19887,3-0241
19888,7-8710
19889,3-6262
19890,8-4907
19891,1-0570
19892,2-0503
19893,7-8624
19894,4-7232
19895,7-6467
19896,7-4150
19897,7-7248
19898,2-3405
19899,5-0207
19900,1-8008
19901,3-3206
19902,6-7406
19903,5-9694
19904,1-3328
19905,1-0729
19906,6-9236
19907,6-9356
19908,7-4751
19909,3-3894
19910,7-5268
19911,1-3629
19912,1-4287
19913,8-1822
19914,5-4174
19915,7-1894
19916,8-6553
19917,8-9804
19918,5-8935
19919,1-9722
19920,2-0742
19921,6-4321
19922,1-4117
19923,6-4940
19924,4-5727
19925,7-6526
19926,4-1249
19927,5-0355
19928,6-0155
19929,2-3538
19930,5-2057
19931,5-7537
19932,8-0529
19933,5-7411
19934,8-8939
19935,4-5196
19936,1-2303
19937,1-6540
19938,1-6766
19939,7-1867
19940,6-1635
19941,4-0400
19942,2-5971
19943,3-3925
19944,6-9529
19945,7-6792
19946,8-2828
19947,3-9666
19948,5-3704
19949,7-5875
19950,7-7603
19951,6-5385
19952,4-8070
19953,2-2338
19954,3-5292
19955,6-1347
19956,2-7913
19957,5-5599
19958,8-5065
19959,6-1022
19960,6-3864
19961,3-6482
19962,7-8506
19963,4-5160
19964,8-4201
19965,6-2716
19966,5-1539
19967,5-5788
19968,7-1068
19969,1-1678
19970,3-7637
19971,4-9725
19972,1-6089
19973,6-5685
19974,4-8377
19975,4-8678
19976,2-8429
19977,3-3347
19978,6-8710
19979,6-6882
19980,5-0508
19981,3-3550
19982,7-0521
19983,5-8848
19984,2-1322
19985,3-0480
19986,1-1082
19987,6-9955
19988,1-4663
19989,3-1574
19990,3-2056
19991,5-2026
19992,4-3884
19993,3-7058
19994,8-3867
19995,8-2805
19996,5-7003
19997,1-6795
19998,6-2696
19999,3-3720
20000,2-6221
20001,4-2796
20002,2-5837
20003,1-4332
20004,4-4330
20005,8-7950
20006,3-3856
20007,3-5060
20008,5-5784
20009,8-6424
20010,8-9893
20011,6-4700
20012,8-8262
20013,2-7760
20014,7-8665
20015,3-2327
20016,1-5088
20017,6-4213
20018,5-7485
20019,3-8683
20020,6-1833
20021,7-8462
20022,4-0709
20023,1-8248
20024,5-0765
20025,3-7005
20026,7-7537
20027,6-6661
20028,7-8024
20029,8-2311
20030,4-5358
20031,2-6361
20032,8-0743
20033,7-8495
20034,6-4106
20035,2-4828
20036,3-3695
20037,2-1318
20038,8-8079
20039,2-2110
20040,3-1215
20041,3-8616
20042,6-0037
20043,7-0248
20044,1-8282
20045,1-7738
20046,8-2491
20047,1-9360
20048,1-0745
20049,8-5210
20050,7-9766
20051,3-7213
20052,3-0476
20053,4-2777
20054,5-3182
20055,3-8515
20056,4-6727
20057,4-4997
20058,1-8363
20059,5-2564
20060,8-9471
20061,8-0908
20062,6-3658
20063,4-7466
20064,3-3727
20065,3-6587
20066,7-5461
20067,2-3690
20068,3-8679
20069,7-2411
20070,4-2558
20071,1-5779
20072,1-7867
20073,4-6318
20074,4-9522
20075,8-2142
20076,6-0148
20077,4-4935
20078,8-6433
20079,8-2100
20080,1-4274
20081,7-1340
20082,1-2024
20083,8-5175
20084,6-8983
20085,4-1170
20086,8-9390
20087,8-0979
20088,8-7897
20089,4-3466
20090,4-9547
20091,3-1017
20092,8-0008
20093,3-1487
20094,7-3335
20095,2-4934
20096,5-9223
20097,2-0916
20098,7-7595
20099,4-1782
20100,2-3063
20101,3-8416
20102,2-2087
20103,7-5459
20104,2-8663
20105,3-4073
20106,6-2606
20107,3-0303
20108,6-5271
20109,7-6745
20110,5-5188
20111,7-5346
20112,5-8390
20113,3-9828
20114,7-7604
20115,5-8168
20116,2-6772
20117,6-2575
20118,2-4876
20119,5-8528
20120,3-2990
20121,8-9604
20122,3-0354
20123,5-1184
20124,1-6633
20125,4-0370
20126,6-2159
20127,1-5960
20128,1-0123
20129,3-5421
20130,6-3256
20131,1-4732
20132,6-6035
20133,7-8241
20134,3-5064
20135,6-6595
20136,7-5145
20137,2-6797
20138,5-0339
20139,1-8793
20140,5-5235
20141,1-1737
20142,1-7010
20143,4-5098
20144,8-8464
20145,8-6494
20146,3-1203
20147,4-7630
20148,7-4186
20149,8-4447
20150,2-4001
20151,1-6530
20152,2-7359
20153,4-3081
20154,8-7398
20155,4-4043
20156,2-6329
20157,7-4553
20158,3-7870
20159,1-3268
20160,2-6823
20161,1-6092
20162,6-3281
20163,2-6129
20164,8-3565
20165,7-0778
20166,7-5047
20167,1-1473
20168,3-6865
20169,5-1077
20170,2-5394
20171,3-6112
20172,4-9812
20173,3-8006
20174,8-1261
20175,4-5905
20176,1-5544
20177,5-8734
20178,3-2106
20179,8-5885
20180,2-5373
20181,7-2869
20182,2-1862
20183,4-2975
20184,8-5130
20185,1-6042
20186,2-7162
20187,8-5362
20188,6-5811
20189,2-0060
20190,4-5367
20191,3-9875
20192,6-1217
20193,4-4735
20194,4-4058
20195,8-0148
20196,5-8220
20197,5-5679
20198,8-5412
20199,6-1262
20200,6-2750
20201,1-1204
20202,5-4870
20203,5-8371
20204,8-8222
20205,4-4445
20206,3-9010
20207,3-1540
20208,6-5442
20209,7-8526
20210,8-0412
20211,8-5627
20212,4-3096
20213,6-3573
20214,3-7993
20215,8-0363
20216,6-3312
20217,3-1572
20218,6-8158
20219,3-6414
20220,7-7801
20221,1-7009
20222,2-8575
20223,4-3214
20224,4-2228
20225,4-8353
20226,3-4784
20227,1-8338
20228,6-3314
20229,7-6807
20230,6-2406
20231,5-1814
20232,5-9103
20233,7-9542
20234,7-5727
20235,7-8635
20236,1-3261
20237,5-1701
20238,6-1397
20239,2-4605
20240,5-5977
20241,5-7019
20242,4-1321
20243,3-8735
20244,4-9730
20245,2-1982
20246,2-0549
20247,8-5426
20248,7-2482
20249,5-2501
20250,5-9917
20251,5-8262
20252,6-2430
20253,5-7759
20254,7-6506
20255,8-7374
20256,2-8866
20257,6-8712
20258,3-5784
20259,3-0709
20260,2-8580
20261,3-1966
20262,7-9395
20263,8-5439
20264,1-5788
20265,8-2041
20266,5-0060
20267,4-2140
20268,2-1774
20269,6-3920
20270,4-5894
20271,5-3820
20272,1-6020
20273,2-3880
20274,7-0244
20275,2-2737
20276,5-2415
20277,6-5193
20278,1-0939
20279,4-3682
20280,3-9452
20281,2-9102
20282,5-4145
20283,7-8415
20284,1-8986
20285,8-0867
20286,4-9172
20287,5-0619
20288,7-5162
20289,4-8024
20290,7-8194
20291,4-2690
20292,4-5012
20293,7-6006
20294,5-9758
20295,1-2388
20296,6-9200
20297,5-6974
20298,5-9654
20299,5-3070
20300,4-8760
20301,8-0346
20302,3-8757
20303,8-7954
20304,7-9831
20305,3-6316
20306,8-2071
20307,8-6635
20308,7-3530
20309,2-7630
20310,1-4466
20311,4-7373
20312,2-0993
20313,1-6199
20314,8-6241
20315,6-4095
20316,4-8337
20317,7-2574
20318,7-6983
20319,4-0728
20320,3-8203
20321,6-7066
20322,3-2992
20323,3-0253
20324,6-6869
20325,7-4007
20326,1-5892
20327,2-9973
20328,3-2573
20329,8-3299
20330,7-9669
20331,8-3028
20332,6-9472
20333,7-9075
20334,2-1505
20335,7-4839
20336,1-2998
20337,5-2507
20338,6-3334
20339,5-4299
20340,5-4156
20341,8-3010
20342,7-1055
20343,4-2579
20344,4-5847
20345,5-0796
20346,2-4339
20347,8-0849
20348,2-3770
20349,4-8673
20350,5-9492
20351,5-7977
20352,2-6113
20353,2-1410
20354,7-7466
20355,7-5124
20356,6-4332
20357,5-2889
20358,8-0745
20359,5-4085
20360,7-4728
20361,8-6174
20362,8-7316
20363,4-5525
20364,6-0695
20365,3-3769
20366,8-9771
20367,3-3451
20368,7-9797
20369,1-8100
20370,4-5919
20371,1-8625
20372,6-4945
20373,4-1780
20374,5-6311
20375,1-4263
20376,6-8764
20377,4-9748
20378,2-1121
20379,8-4414
20380,5-1790
20381,6-1558
20382,2-1751
20383,6-9725
20384,5-4979
20385,5-0209
20386,3-6128
20387,3-6992
20388,7-3580
20389,3-9597
20390,7-7429
20391,6-3474
20392,7-2885
20393,2-4951
20394,4-6621
20395,1-3899
20396,6-1203
20397,5-4656
20398,6-9330
20399,3-1568
20400,6-2527
20401,5-2839
20402,3-3696
20403,5-5524
20404,8-5041
20405,6-6144
20406,4-5934
20407,4-1824
20408,2-7745
20409,4-0008
20410,4-6630
20411,3-4602
20412,3-3547
20413,7-0622
20414,7-7880
20415,5-9328
20416,6-2326
20417,3-2663
20418,3-0889
20419,2-4641
20420,8-3807
20421,4-0616
20422,8-2369
20423,6-1847
20424,8-1643
20425,3-0489
20426,6-8914
20427,5-3230
20428,8-2663
20429,4-1118
20430,4-7076
20431,3-3919
20432,5-8510
20433,6-2921
20434,2-4351
20435,6-7621
20436,8-0126
20437,3-5870
20438,4-6331
20439,1-7941
20440,8-2224
20441,1-3376
20442,2-7144
20443,8-4800
20444,2-5167
20445,8-4669
20446,7-3766
20447,3-8265
20448,3-7658
20449,2-9915
20450,8-9081
20451,3-1564
20452,7-0723
20453,2-0944
20454,1-1893
20455,1-6395
20456,8-7636
20457,2-8219
20458,4-4937
20459,3-2252
20460,8-5134
20461,3-8524
20462,6-2121
20463,7-4108
20464,7-0805
20465,6-8183
20466,2-4752
20467,1-9286
20468,4-4466
20469,3-1709
20470,8-9860
20471,6-3025
20472,3-1651
20473,2-5066
20474,6-9605
20475,1-2806
20476,2-7321
20477,3-7512
20478,5-5858
20479,4-5444
20480,2-6599
20481,8-5441
20482,4-7055
20483,3-8641
20484,8-4903
20485,2-5998
20486,4-1143
20487,6-7513
20488,7-9905
20489,6-2275
20490,7-2990
20491,8-8959
20492,2-3207
20493,1-6544
20494,7-6942
20495,8-7507
20496,7-4068
20497,5-1295
20498,4-1602
20499,5-8163
20500,2-3707
20501,1-6682
20502,3-7563
20503,6-7842
20504,3-5186
20505,8-2801
20506,1-0623
20507,6-2809
20508,8-0541
20509,5-9488
20510,1-2270
20511,2-1384
20512,2-7783
20513,6-7203
20514,1-7529
20515,7-1410
20516,2-0744
20517,2-8096
20518,1-3118
20519,3-5095
20520,4-9976
20521,4-2413
20522,6-7564
20523,3-1823
20524,5-1232
20525,7-0365
20526,7-5109
20527,3-1556
20528,8-7021
20529,6-9980
20530,7-9001
20531,8-1202
20532,1-7516
20533,8-8287
20534,5-9469
20535,2-0358
20536,4-2511
20537,7-1350
20538,7-9865
20539,7-1541
20540,5-6977
20541,5-3867
20542,1-0811
20543,7-6417
20544,4-3798
20545,1-0538
20546,3-5465
20547,6-3900
20548,8-1354
20549,4-2039
20550,5-2522
20551,6-1145
20552,3-5712
20553,1-6251
20554,7-2026
20555,7-5788
20556,6-0180
20557,3-6673
20558,2-7503
20559,7-6240
20560,4-2557
20561,5-1255
20562,5-1646
20563,3-4011
20564,8-8543
20565,1-3650
20566,8-2342
20567,7-1761
20568,1-9739
20569,7-3501
20570,8-7279
20571,1-7495
20572,5-1843
20573,5-5486
20574,4-1511
20575,7-8842
20576,4-1838
20577,5-3535
20578,8-0162
20579,5-2981
20580,4-6831
20581,7-0327
20582,4-9196
20583,2-1279
20584,7-6957
20585,4-6768
20586,3-0920
20587,8-6932
20588,3-9545
20589,1-6661
20590,8-4906
20591,2-0144
20592,4-1886
20593,3-4096
20594,7-4864
20595,2-4525
20596,6-9505
20597,5-7475
20598,2-1055
20599,3-6395
20600,6-1663
20601,1-6024
20602,8-1659
20603,5-2319
20604,1-3585
20605,4-0125
20606,5-3547
20607,6-3021
20608,6-9465
20609,8-6490
20610,5-6314
20611,7-3556
20612,5-8062
20613,3-3390
20614,2-1929
20615,6-7248
20616,6-5658
20617,4-7340
20618,3-6592
20619,2-3165
20620,8-2679
20621,5-3181
20622,5-8118
20623,5-6298
20624,5-6430
20625,8-9454
20626,4-4540
20627,3-8904
20628,1-6118
20629,5-4595
20630,3-0745
20631,4-3946
20632,8-6791
20633,2-2551
20634,2-7996
20635,2-0566
20636,7-8340
20637,6-3700
20638,6-0722
20639,1-2254
20640,4-3135
20641,1-6473
20642,2-4904
20643,8-7619
20644,8-9194
20645,4-7855
20646,4-1473
20647,7-1521
20648,2-6517
20649,6-3843
20650,8-8949
20651,5-0609
20652,6-4454
20653,1-7336
20654,8-0748
20655,8-8449
20656,4-6026
20657,2-8760
20658,6-1047
20659,7-8844
20660,6-1180
20661,3-3049
20662,4-9001
20663,8-5578
20664,7-7828
20665,6-8192
20666,5-0211
20667,6-1615
20668,7-5093
20669,2-9902
20670,2-7153
20671,6-5979
20672,1-1139
20673,5-8081
20674,3-8260
20675,5-3483
20676,7-7053
20677,4-6047
20678,2-7635
20679,5-2772
20680,3-9175
20681,8-8219
20682,6-3851
20683,3-6552
20684,3-5317
20685,6-1280
20686,2-7542
20687,5-9452
20688,2-1220
20689,5-0425
20690,2-5955
20691,3-6650
20692,7-3683
20693,7-6074
20694,3-5213
20695,3-6550
20696,4-1051
20697,6-6240
20698,8-1581
20699,4-4790
20700,7-6735
20701,8-3500
20702,5-3979
20703,2-9370
20704,2-6060
20705,6-2212
20706,6-6925
20707,7-0305
20708,8-5804
20709,1-1400
20710,8-6303
20711,7-5052
20712,3-9290
20713,4-2507
20714,3-7114
20715,5-9348
20716,5-6085
20717,4-9146
20718,2-4937
20719,7-1030
20720,2-0451
20721,1-7666
20722,7-4180
20723,8-5598
20724,3-4216
20725,6-4415
20726,5-8531
20727,6-0426
20728,8-7001
20729,1-0475
20730,1-8624
20731,1-0857
20732,7-9235
20733,1-5276
20734,1-3384
20735,4-1594
20736,4-7837
20737,6-9557
20738,1-8552
20739,7-6970
20740,3-5544
20741,6-1312
20742,6-7077
20743,4-2484
20744,5-9605
20745,1-1240
20746,4-6532
20747,7-2926
20748,1-7386
20749,5-5331
20750,7-2014
20751,7-3721
20752,5-5771
20753,8-7087
20754,8-2855
20755,6-5498
20756,6-3854
20757,3-0686
20758,1-1497
20759,2-7782
20760,2-8091
20761,5-8139
20762,8-9843
20763,6-0099
20764,8-0835
20765,1-1486
20766,3-1624
20767,4-6068
20768,6-6693
20769,4-0018
20770,3-5877
20771,4-9857
20772,2-3418
20773,1-8571
20774,6-8518
20775,7-2572
20776,8-6759
20777,1-1322
20778,2-1167
20779,4-6280
20780,8-3457
20781,6-7973
20782,4-1164
20783,8-4724
20784,5-3990
20785,6-8984
20786,1-3799
20787,7-6014
20788,3-6148
20789,8-0158
20790,2-7474
20791,5-3186
20792,5-7780
20793,8-1075
20794,3-8414
20795,4-9249
20796,3-1036
20797,3-4071
20798,3-4463
20799,3-4822
20800,2-4239
20801,1-3962
20802,5-1827
20803,4-3765
20804,4-9568
20805,8-3666
20806,2-7759
20807,4-8045
20808,8-3156
20809,4-1548
20810,4-9698
20811,2-3694
20812,5-0448
20813,2-8827
20814,4-3107
20815,1-1843
20816,3-2236
20817,2-8009
20818,1-4859
20819,6-3779
20820,3-1962
20821,1-9212
20822,1-8102
20823,8-4715
20824,1-5101
20825,2-2919
20826,3-6518
20827,6-0973
20828,6-7843
20829,5-9521
20830,7-2224
20831,4-1705
20832,1-5279
20833,2-0136
20834,7-2612
20835,8-6705
20836,7-7408
20837,5-3447
20838,3-9909
20839,7-2340
20840,6-8989
20841,4-0864
20842,8-4027
20843,6-4416
20844,1-0048
20845,6-4394
20846,1-7896
20847,4-9008
20848,4-3503
20849,6-1716
20850,4-5039
20851,4-5995
20852,3-7334
20853,2-4075
20854,4-6822
20855,1-5595
20856,3-3597
20857,6-0319
20858,6-6917
20859,5-2666
20860,7-4109
20861,4-7965
20862,2-3618
20863,1-6156
20864,6-0226
20865,1-7571
20866,5-3773
20867,3-6420
20868,4-2660
20869,4-2888
20870,2-7021
20871,5-9794
20872,5-8446
20873,7-4809
20874,8-7713
20875,8-0462
20876,3-4972
20877,8-1300
20878,6-0404
20879,1-1502
20880,6-7405
20881,3-9480
20882,2-5443
20883,7-1331
20884,7-1589
20885,2-3004
20886,1-7152
20887,6-3040
20888,7-1647
20889,5-2745
20890,5-7514
20891,7-9835
20892,6-6448
20893,2-1911
20894,4-2979
20895,2-3036
20896,5-2591
20897,5-4401
20898,1-7499
20899,3-2393
20900,7-7001
20901,6-5841
20902,5-7191
20903,1-1896
20904,2-8317
20905,7-1552
20906,8-5604
20907,6-9957
20908,2-6286
20909,1-4833
20910,1-9335
20911,1-2784
20912,6-4119
20913,6-5892
20914,5-9743
20915,5-1364
20916,2-9998
20917,6-6506
20918,4-6378
20919,4-4982
20920,5-9021
20921,3-7815
20922,7-1189
20923,1-5109
20924,4-3750
20925,6-0290
20926,8-2055
20927,7-9633
20928,8-1766
20929,2-8083
20930,5-0310
20931,8-7512
20932,7-7736
20933,8-8446
20934,1-7447
20935,7-8994
20936,4-4366
20937,7-3736
20938,7-4894
20939,1-0708
20940,8-2908
20941,7-7825
20942,4-7201
20943,2-0616
20944,4-8304
20945,2-0592
20946,5-0985
20947,4-7015
20948,2-6078
20949,1-0695
20950,8-9649
20951,4-7667
20952,6-4845
20953,2-2912
20954,6-1609
20955,4-6352
20956,1-2406
20957,2-6015
20958,1-3169
20959,4-8107
20960,4-8586
20961,5-7370
20962,7-8962
20963,3-8896
20964,6-0172
20965,5-9595
20966,1-8375
20967,6-1566
20968,5-5299
20969,3-7214
20970,4-2635
20971,8-5516
20972,5-9143
20973,6-3732
20974,5-7390
20975,2-8405
20976,5-2247
20977,5-6017
20978,1-9752
20979,5-5530
20980,7-6607
20981,4-3145
20982,8-0092
20983,5-2044
20984,7-3546
20985,6-9173
20986,7-8785
20987,3-5270
20988,6-2018
20989,7-2412
20990,2-2310
20991,7-4326
20992,5-8611
20993,1-5884
20994,6-1221
20995,6-7765
20996,5-1803
20997,1-6096
20998,2-0873
20999,2-3570
21000,5-8843
21001,6-2189
21002,5-0210
21003,5-3603
21004,5-8273
21005,2-8593
21006,1-8756
21007,7-7132
21008,1-1568
21009,5-5118
21010,8-8852
21011,3-4099
21012,5-8693
21013,7-3020
21014,7-6945
21015,1-5515
21016,8-6747
21017,5-6461
21018,2-4363
21019,7-9599
21020,6-6441
21021,6-1723
21022,4-7390
21023,2-3671
21024,8-8319
21025,1-7905
21026,8-4017
21027,2-5733
21028,2-7260
21029,6-1882
21030,2-0729
21031,6-1186
21032,7-5576
21033,2-0135
21034,7-8712
21035,6-9925
21036,1-3577
21037,3-0823
21038,4-3867
21039,8-6459
21040,5-6407
21041,2-8812
21042,6-5642
21043,7-8903
21044,7-5635
21045,3-6856
21046,2-9192
21047,7-9634
21048,3-1327
21049,2-9480
21050,5-1189
21051,6-4207
21052,1-2029
21053,7-5056
21054,5-5012
21055,8-2913
21056,3-6723
21057,1-3378
21058,2-1046
21059,4-4311
21060,7-6117
21061,7-0874
21062,1-0409
21063,5-6979
21064,4-7129
21065,4-4863
21066,3-0359
21067,8-6788
21068,2-0775
21069,5-9551
21070,6-4585
21071,7-7707
21072,4-4962
21073,4-1269
21074,7-6462
21075,8-7576
21076,6-7244
21077,4-2131
21078,1-4109
21079,7-3704
21080,5-6421
21081,2-6271
21082,4-8698
21083,6-1361
21084,6-0108
21085,7-8889
21086,6-7311
21087,4-4351
21088,3-0859
21089,6-7178
21090,4-1027
21091,1-2182
21092,3-8525
21093,2-9861
21094,7-4946
21095,5-6388
21096,7-7377
21097,6-9836
21098,7-9541
21099,6-0321
21100,5-7821
21101,8-3043
21102,3-1023
21103,3-9352
21104,8-4484
21105,6-2173
21106,1-3558
21107,3-5173
21108,8-6374
21109,8-6826
21110,3-7798
21111,5-4542
21112,8-0852
21113,4-3209
21114,8-7946
21115,4-8740
21116,1-4746
21117,5-8238
21118,4-4029
21119,7-5725
21120,2-7409
21121,8-7927
21122,2-9675
21123,8-3770
21124,7-2152
21125,6-7991
21126,8-7328
21127,7-2443
21128,4-5083
21129,2-4314
21130,3-2306
21131,7-1891
21132,3-3979
21133,1-7829
21134,1-3501
21135,8-3045
21136,1-6701
21137,1-7645
21138,4-7336
21139,7-9044
21140,2-9934
21141,6-6374
21142,8-5961
21143,3-5374
21144,7-8197
21145,8-2301
21146,7-2175
21147,7-3181
21148,7-1633
21149,6-8893
21150,5-5221
21151,3-7880
21152,2-3040
21153,2-5119
21154,1-4956
21155,5-8430
21156,4-1493
21157,5-6566
21158,2-1822
21159,2-3046
21160,8-7642
21161,5-2150
21162,6-1181
21163,6-2163
21164,2-5810
21165,6-5936
21166,2-2043
21167,1-8125
21168,6-9673
21169,1-8132
21170,5-8673
21171,4-5823
21172,2-9036
21173,4-0830
21174,2-4881
21175,4-3116
21176,5-2872
21177,6-2852
21178,7-8705
21179,1-0958
21180,1-9764
21181,6-9412
21182,7-8361
21183,4-1225
21184,5-6628
21185,8-0829
21186,2-4426
21187,8-0036
21188,1-8849
21189,4-6786
21190,5-1187
21191,4-9260
21192,8-7308
21193,4-7147
21194,4-0965
21195,8-0862
21196,4-3032
21197,6-3696
21198,8-7238
21199,4-7324
21200,5-5828
21201,7-5107
21202,1-4457
21203,6-6656
21204,2-1519
21205,4-6377
21206,3-6884
21207,7-6902
21208,2-9331
21209,4-0707
21210,8-5574
21211,5-9197
21212,2-1333
21213,2-7347
21214,1-7402
21215,6-2259
21216,5-7039
21217,5-1649
21218,8-5663
21219,8-7339
21220,1-3794
21221,3-3895
21222,5-8668
21223,6-8742
21224,2-3709
21225,8-3991
21226,7-9704
21227,8-7716
21228,3-5378
21229,5-6106
21230,7-2471
21231,8-6147
21232,4-5453
21233,3-1777
21234,3-8180
21235,5-5240
21236,6-1219
21237,3-5415
21238,8-6493
21239,1-1503
21240,3-3660
21241,6-4251
21242,2-7318
21243,2-2439
21244,1-0594
21245,8-5685
21246,5-7076
21247,4-7239
21248,2-0831
21249,8-9499
21250,7-6178
21251,3-7660
21252,7-0416
21253,3-0469
21254,5-9932
21255,2-1262
21256,6-3194
21257,7-7509
21258,6-3381
21259,4-9534
21260,1-4907
21261,2-8333
21262,8-6662
21263,4-1880
21264,6-8094
21265,7-1224
21266,5-1534
21267,6-2076
21268,3-0947
21269,7-3578
21270,5-3555
21271,5-4657
21272,7-6919
21273,2-6318
21274,8-4093
21275,1-4360
21276,8-5244
21277,2-2565
21278,1-0099
21279,3-1667
21280,5-7610
21281,4-7792
21282,1-4445
21283,3-1429
21284,5-2797
21285,5-2629
21286,2-4538
21287,7-6592
21288,2-0722
21289,4-7087
21290,2-3325
21291,4-7828
21292,7-6871
21293,8-4120
21294,7-8553
21295,1-4631
21296,2-5295
21297,6-4040
21298,3-9132
21299,8-7471
21300,4-1948
21301,3-0194
21302,1-1936
21303,7-6227
21304,8-4326
21305,4-8276
21306,2-9443
21307,7-6466
21308,6-8271
21309,7-1937
21310,7-5247
21311,2-6510
21312,8-8790
21313,5-9476
21314,3-4502
21315,5-8289
21316,5-6766
21317,3-5370
21318,6-4864
21319,7-1106
21320,6-2751
21321,3-5057
21322,2-8411
21323,4-3748
21324,4-8347
21325,5-9117
21326,2-7655
21327,6-3825
21328,3-5052
21329,3-8305
21330,5-0024
21331,1-8609
21332,7-2504
21333,4-0425
21334,5-9799
21335,6-4607
21336,8-3317
21337,7-2123
21338,8-3281
21339,4-5994
21340,1-1643
21341,5-6069
21342,6-1770
21343,1-4877
21344,5-7323
21345,4-9519
21346,4-1184
21347,4-6224
21348,2-6213
21349,1-5097
21350,6-5850
21351,6-9314
21352,8-2976
21353,1-8457
21354,8-1690
21355,8-5865
21356,7-2189
21357,1-3597
21358,6-1138
21359,6-6914
21360,7-6764
21361,5-6187
21362,7-5057
21363,8-0546
21364,6-1031
21365,3-3189
21366,4-0035
21367,2-7513
21368,6-1263
21369,6-4172
21370,3-8877
21371,8-6880
21372,4-0828
21373,7-0686
21374,8-4141
21375,7-5177
21376,5-3402
21377,8-5647
21378,7-4167
21379,3-8247
21380,7-2205
21381,8-0752
21382,2-7469
21383,5-6074
21384,5-7853
21385,4-6513
21386,7-4520
21387,2-6529
21388,5-8679
21389,4-6960
21390,2-8461
21391,1-2549
21392,7-6143
21393,2-2540
21394,5-9879
21395,7-9123
21396,1-5507
21397,2-5292
21398,3-3627
21399,8-8239
21400,2-3354
21401,2-5099
21402,1-7089
21403,3-6933
21404,6-6555
21405,6-6855
21406,4-7666
21407,4-5175
21408,2-3244
21409,4-2834
21410,5-1221
21411,7-7343
21412,5-2313
21413,2-3585
21414,2-4977
21415,4-3316
21416,6-7106
21417,4-0926
21418,2-5908
21419,6-1173
21420,4-0787
21421,3-9867
21422,2-8474
21423,4-1580
21424,6-2242
21425,6-5045
21426,4-4205
21427,7-7758
21428,3-1761
21429,1-0332
21430,3-6246
21431,1-5817
21432,2-5978
21433,5-5589
21434,8-8626
21435,5-1218
21436,8-3762
21437,7-0606
21438,4-2117
21439,7-2297
21440,6-2506
21441,1-2967
21442,1-7981
21443,7-8923
21444,3-8796
21445,1-5287
21446,3-8234
21447,1-6924
21448,3-4795
21449,8-8892
21450,7-0966
21451,8-6590
21452,3-1207
21453,6-8807
21454,5-3809
21455,2-8397
21456,2-5887
21457,8-9214
21458,7-9934
21459,8-4383
21460,2-3503
21461,2-4243
21462,8-9458
21463,7-4903
21464,2-0484
21465,5-5458
21466,7-2150
21467,4-6414
21468,5-6081
21469,1-2039
21470,2-7422
21471,6-8136
21472,7-9514
21473,2-8155
21474,4-3537
21475,4-1347
21476,8-9241
21477,2-3317
21478,4-5884
21479,7-9566
21480,6-5865
21481,4-8042
21482,5-4043
21483,3-0678
21484,3-8042
21485,7-7030
21486,2-1677
21487,6-3976
21488,4-3829
21489,2-2693
21490,1-8141
21491,7-6027
21492,2-9560
21493,1-0076
21494,3-1953
21495,6-1956
21496,2-4554
21497,5-4566
21498,6-1883
21499,7-7919
21500,8-4134
21501,3-8752
21502,7-2287
21503,1-5583
21504,2-2996
21505,5-5193
21506,3-4513
21507,4-0288
21508,6-7906
21509,8-8206
21510,2-8165
21511,3-6435
21512,7-2316
21513,1-0703
21514,2-5091
21515,2-9174
21516,3-6695
21517,2-1228
21518,7-6269
21519,3-5672
21520,1-8476
21521,2-0996
21522,6-5196
21523,3-4579
21524,2-4694
21525,4-4459
21526,2-5851
21527,1-2985
21528,2-5313
21529,2-6590
21530,6-8067
21531,1-0349
21532,4-6067
21533,1-8832
21534,2-8378
21535,4-9248
21536,2-0016
21537,4-7780
21538,1-3446
21539,4-1871
21540,1-6874
21541,5-5451
21542,7-6743
21543,3-8664
21544,2-8128
21545,6-1055
21546,8-0975
21547,8-9796
21548,6-6634
21549,2-5280
21550,7-4658
21551,5-5361
21552,4-6608
21553,1-8188
21554,2-0437
21555,6-8642
21556,4-3505
21557,2-3951
21558,1-2012
21559,4-7282
21560,2-4284
21561,6-0719
21562,4-7834
21563,1-9595
21564,4-6199
21565,4-8565
21566,5-5466
21567,5-6765
21568,8-5779
21569,1-6919
21570,7-1077
21571,1-2354
21572,8-5989
21573,2-5068
21574,1-9846
21575,5-0177
21576,8-0122
21577,1-3842
21578,1-6310
21579,1-5139
21580,1-5988
21581,2-6184
21582,1-2582
21583,4-5624
21584,7-1817
21585,6-5921
21586,7-7206
21587,6-7994
21588,1-2742
21589,8-5825
21590,7-4676
21591,7-8028
21592,6-5338
21593,7-3149
21594,6-5284
21595,4-1106
21596,2-8681
21597,3-7887
21598,1-4814
21599,3-0560
21600,4-9941
21601,7-1420
21602,5-3274
21603,1-3952
21604,8-6598
21605,6-0901
21606,6-4010
21607,3-3487
21608,7-6440
21609,8-9908
21610,1-3395
21611,8-7289
21612,2-8136
21613,3-6816
21614,8-5617
21615,3-1352
21616,5-8568
21617,7-0639
21618,8-5566
21619,3-8624
21620,5-3952
21621,7-5443
21622,7-6370
21623,1-0127
21624,3-4670
21625,6-7541
21626,2-5466
21627,4-0563
21628,7-4937
21629,8-6461
21630,3-7273
21631,5-3365
21632,5-4200
21633,2-7208
21634,1-9864
21635,2-8487
21636,2-7816
21637,4-4852
21638,5-6009
21639,2-9587
21640,1-3768
21641,4-0505
21642,4-8884
21643,2-1597
21644,4-2445
21645,2-9215
21646,2-2375
21647,3-7722
21648,4-8119
21649,2-8067
21650,2-4781
21651,2-6372
21652,5-3850
21653,4-3124
21654,7-2433
21655,3-6191
21656,4-4721
21657,1-8711
21658,8-1562
21659,7-0456
21660,5-6910
21661,2-7072
21662,2-9356
21663,6-8830
21664,2-3256
21665,3-9878
21666,8-4300
21667,7-9852
21668,5-2555
21669,3-6374
21670,8-6518
21671,5-5255
21672,6-7172
21673,5-8131
21674,8-2188
21675,2-0891
21676,6-4684
21677,4-7886
21678,1-5075
21679,4-8714
21680,6-1916
21681,7-1380
21682,7-4583
21683,4-5981
21684,8-3790
21685,5-1873
21686,4-1767
21687,7-7304
21688,1-2445
21689,3-1176
21690,4-1285
21691,1-3244
21692,1-0751
21693,8-5073
21694,4-3310
21695,3-5227
21696,5-9128
21697,4-5516
21698,7-6159
21699,2-4152
21700,8-6976
21701,1-6196
21702,8-0543
21703,8-0204
21704,3-6670
21705,4-3102
21706,1-5294
21707,3-8143
21708,4-1764
21709,3-3801
21710,3-7419
21711,6-1958
21712,8-4488
21713,6-9864
21714,2-3571
21715,4-2452
21716,8-6353
21717,5-0276
21718,3-2694
21719,5-9789
21720,1-3212
21721,6-2620
21722,8-8640
21723,7-5668
21724,3-7996
21725,8-4083
21726,4-4945
21727,7-9522
21728,6-1895
21729,1-0401
21730,1-9255
21731,7-8177
21732,2-1328
21733,4-8113
21734,5-3254
21735,6-8333
21736,8-0731
21737,1-9157
21738,1-3716
21739,2-8220
21740,6-8182
21741,2-1051
21742,4-7165
21743,1-0665
21744,3-6102
21745,2-7057
21746,1-0917
21747,6-0717
21748,4-1489
21749,8-2163
21750,2-9252
21751,5-2532
21752,2-1153
21753,6-7196
21754,3-3255
21755,8-6711
21756,1-5973
21757,8-7559
21758,8-2772
21759,2-8747
21760,4-3554
21761,6-5077
21762,3-7015
21763,2-7949
21764,6-5187
21765,3-9642
21766,5-9357
21767,2-2238
21768,3-8152
21769,4-2528
21770,7-3613
21771,3-4770
21772,2-1713
21773,3-4793
21774,5-0382
21775,3-8383
21776,2-0620
21777,2-0951
21778,6-5460
21779,1-1740
21780,6-2635
21781,3-1047
21782,2-5825
21783,2-6955
21784,1-9878
21785,3-7422
21786,2-8572
21787,6-3918
21788,2-9017
21789,5-0311
21790,1-4530
21791,8-6870
21792,5-2713
21793,7-5772
21794,1-6363
21795,5-6217
21796,7-2013
21797,1-7362
21798,8-2110
21799,1-5944
21800,7-8908
21801,2-1319
21802,4-1658
21803,2-4816
21804,8-7907
21805,7-5028
21806,4-8428
21807,2-4762
21808,7-3431
21809,2-7713
21810,1-6326
21811,3-7478
21812,3-2436
21813,4-7314
21814,5-3767
21815,4-0618
21816,8-7997
21817,7-6799
21818,8-5857
21819,2-9073
21820,6-4514
21821,7-1480
21822,8-3887
21823,7-5548
21824,8-4221
21825,1-8332
21826,2-1776
21827,2-3519
21828,6-2429
21829,2-6291
21830,1-0930
21831,3-1731
21832,5-3174
21833,7-3166
21834,4-3223
21835,6-7839
21836,4-2702
21837,4-5826
21838,7-3516
21839,1-2004
21840,6-1670
21841,8-1531
21842,2-0920
21843,6-9544
21844,3-8951
21845,6-6148
21846,8-6381
21847,2-2451
21848,3-9236
21849,6-2813
21850,6-6446
21851,4-9383
21852,7-3687
21853,1-5249
21854,3-7357
21855,1-8652
21856,3-1563
21857,5-5026
21858,8-1621
21859,5-7626
21860,6-6167
21861,4-8043
21862,4-6861
21863,4-0795
21864,5-0399
21865,4-1962
21866,7-6473
21867,5-4479
21868,8-2755
21869,2-4747
21870,6-0572
21871,1-0166
21872,8-8760
21873,4-4814
21874,5-9617
21875,2-9332
21876,3-8221
21877,8-5236
21878,4-0740
21879,5-1794
21880,8-3587
21881,5-6251
21882,7-1587
21883,5-7687
21884,4-7031
21885,4-3910
21886,7-2837
21887,3-6829
21888,6-9575
21889,7-6216
21890,8-2409
21891,6-2767
21892,7-7800
21893,7-3393
21894,6-8150
21895,2-1305
21896,8-3248
21897,4-9398
21898,3-4309
21899,3-1268
21900,5-9535
21901,2-9026
21902,4-2357
21903,1-6759
21904,2-1449
21905,2-8853
21906,3-5390
21907,5-5531
21908,2-6578
21909,4-6724
21910,1-6357
21911,4-1048
21912,7-2485
21913,4-5483
21914,7-7850
21915,8-0511
21916,8-6257
21917,4-1337
21918,1-8357
21919,6-5735
21920,4-2838
21921,5-7131
21922,6-6339
21923,3-8044
21924,7-1486
21925,4-2670
21926,5-3925
21927,8-7971
21928,3-8281
21929,8-5242
21930,2-6514
21931,4-9399
21932,2-3768
21933,7-0582
21934,4-4921
21935,3-9116
21936,5-6256
21937,2-1339
21938,1-8622
21939,5-5172
21940,6-8737
21941,2-4704
21942,8-0062
21943,8-2220
21944,6-3993
21945,8-2075
21946,5-1303
21947,5-3430
21948,1-4141
21949,8-4500
21950,5-4724
21951,3-0669
21952,4-8767
21953,7-5631
21954,2-0639
21955,3-6036
21956,4-4203
21957,4-9086
21958,5-3709
21959,1-2636
21960,3-4799
21961,6-2596
21962,6-3024
21963,6-3427
21964,8-5636
21965,5-0059
21966,2-1525
21967,1-8081
21968,6-9560
21969,2-7814
21970,1-6451
21971,5-4939
21972,4-8299
21973,1-2729
21974,5-5076
21975,1-0610
21976,5-8400
21977,1-3117
21978,5-8639
21979,3-9154
21980,4-8879
21981,8-3625
21982,5-0764
21983,8-3158
21984,6-6021
21985,2-6738
21986,5-1013
21987,2-0615
21988,8-0242
21989,6-4481
21990,1-6926
21991,6-4601
21992,3-6890
21993,6-0575
21994,5-1297
21995,7-6207
21996,1-7377
21997,6-8111
21998,5-9692
21999,7-9754
22000,6-3089
22001,3-1147
22002,6-4141
22003,4-9502
22004,2-5040
22005,1-2049
22006,7-3046
22007,6-2902
22008,8-5664
22009,1-3780
22010,6-4121
22011,8-4876
22012,5-5721
22013,4-2916
22014,7-0563
22015,4-8158
22016,6-1529
22017,6-8695
22018,3-9321
22019,7-7237
22020,8-6595
22021,3-9847
22022,5-1044
22023,7-9651
22024,5-5313
22025,8-7315
22026,1-6362
22027,8-2641
22028,5-4944
22029,3-9978
22030,8-6396
22031,4-4645
22032,7-7601
22033,5-9354
22034,3-0046
22035,3-3239
22036,5-9727
22037,2-1501
22038,6-9333
22039,2-3600
22040,8-3023
22041,3-4371
22042,2-7052
22043,4-5344
22044,6-4785
22045,6-4890
22046,5-7184
22047,2-8343
22048,5-4246
22049,3-8808
22050,1-7229
22051,1-5284
22052,7-4145
22053,4-8599
22054,1-1642
22055,8-8453
22056,1-4049
22057,2-6936
22058,8-3569
22059,6-5569
22060,1-5440
22061,1-7523
22062,8-5068
22063,2-6127
22064,4-3353
22065,5-5993
22066,4-1686
22067,3-1434
22068,1-5574
22069,3-3369
22070,4-6390
22071,3-1179
22072,3-5377
22073,3-6807
22074,5-3521
22075,4-2186
22076,1-3381
22077,4-5302
22078,1-0648
22079,4-8417
22080,1-2495
22081,7-2407
22082,7-0103
22083,5-9431
22084,2-9233
22085,7-2960
22086,4-5191
22087,7-1682
22088,7-1086
22089,2-0374
22090,4-0546
22091,1-4387
22092,1-0554
22093,6-8121
22094,2-3688
22095,7-3614
22096,4-5757
22097,8-5262
22098,5-6186
22099,6-9023
22100,6-3459
22101,8-1656
22102,6-1733
22103,6-1954
22104,4-6710
22105,4-0498
22106,5-7601
22107,6-7102
22108,1-5283
22109,2-6382
22110,6-8684
22111,1-4740
22112,4-2542
22113,4-5446
22114,4-0254
22115,4-4089
22116,2-5776
22117,3-4111
22118,4-6188
22119,1-9783
22120,4-7150
22121,6-1755
22122,6-4197
22123,6-7188
22124,5-4101
22125,3-0618
22126,4-3159
22127,1-8140
22128,4-7419
22129,7-5498
22130,2-1940
22131,4-4752
22132,1-9228
22133,6-3739
22134,8-9294
22135,7-8011
22136,4-3035
22137,4-1643
22138,3-8225
22139,1-5796
22140,5-5865
22141,4-5745
22142,2-2832
22143,5-4795
22144,7-8004
22145,7-5933
22146,1-2708
22147,2-9952
22148,3-7486
22149,3-0098
22150,5-4434
22151,6-2884
22152,7-8845
22153,5-3452
22154,6-6101
22155,3-5936
22156,5-1990
22157,4-9814
22158,1-3973
22159,5-8781
22160,6-8494
22161,7-4503
22162,2-3943
22163,5-1729
22164,3-7925
22165,1-0750
22166,8-3808
22167,2-3642
22168,8-8039
22169,5-6653
22170,8-5722
22171,5-5459
22172,2-9980
22173,3-3443
22174,1-6564
22175,8-3396
22176,3-3408
22177,2-9342
22178,6-1773
22179,3-7181
22180,7-9625
22181,6-8646
22182,3-4246
22183,3-7052
22184,5-8420
22185,2-3804
22186,6-9731
22187,5-2809
22188,3-0727
22189,2-8384
22190,2-5901
22191,4-9790
22192,5-3939
22193,3-3935
22194,7-5215
22195,6-5847
22196,6-3176
22197,6-7366
22198,3-2541
22199,4-7227
22200,3-6686
22201,3-5534
22202,2-7046
22203,1-6330
22204,1-9798
22205,2-4940
22206,4-9301
22207,5-5469
22208,3-4550
22209,7-4517
22210,8-5795
22211,8-6359
22212,4-6534
22213,8-1048
22214,6-9378
22215,5-5220
22216,1-7318
22217,2-1444
22218,5-3885
22219,6-3674
22220,5-7067
22221,5-2466
22222,2-3738
22223,7-3649
22224,3-2906
22225,3-3236
22226,5-0285
22227,8-3734
22228,4-6965
22229,4-6293
22230,7-6960
22231,5-9510
22232,7-3096
22233,6-8770
22234,5-3938
22235,1-3571
22236,8-6290
22237,6-0629
22238,2-1189
22239,1-7726
22240,2-6140
22241,7-3432
22242,3-8441
22243,7-2036
22244,2-8299
22245,7-4813
22246,1-5428
22247,8-2564
22248,2-0422
22249,4-2886
22250,6-2083
22251,5-3064
22252,1-6351
22253,4-7361
22254,1-1300
22255,2-9932
22256,4-0869
22257,2-1681
22258,7-1109
22259,2-0176
22260,8-1712
22261,1-2208
22262,5-6751
22263,2-9877
22264,5-6609
22265,7-7176
22266,7-0304
22267,4-2665
22268,1-1876
22269,4-4277
22270,7-0767
22271,4-8862
22272,3-4344
22273,5-0915
22274,8-8080
22275,6-4043
22276,3-3729
22277,8-4162
22278,5-5120
22279,8-5864
22280,3-0604
22281,3-5707
22282,5-3508
22283,7-6579
22284,7-9343
22285,3-5625
22286,2-7622
22287,1-6375
22288,2-7848
22289,4-9721
22290,6-5204
22291,5-3464
22292,3-2525
22293,8-9683
22294,1-7412
22295,5-5756
22296,5-3529
22297,4-7797
22298,1-4879
22299,7-3636
22300,2-2860
22301,3-3360
22302,3-0083
22303,3-0938
22304,6-3178
22305,3-8061
22306,7-7962
22307,8-5720
22308,5-1705
22309,5-3321
22310,5-5598
22311,5-4586
22312,7-6667
22313,1-3968
22314,4-3949
22315,2-2877
22316,3-5075
22317,7-1208
22318,4-4357
22319,7-6928
22320,4-3657
22321,3-2799
22322,7-6501
22323,8-0249
22324,6-7944
22325,4-9555
22326,3-5164
22327,2-3966
22328,5-1155
22329,4-7767
22330,6-2314
22331,6-9422
22332,4-1827
22333,1-5724
22334,8-7978
22335,4-4835
22336,2-5064
22337,7-8767
22338,7-5465
22339,2-2196
22340,8-4045
22341,4-4924
22342,2-1072
22343,6-9612
22344,4-2502
22345,2-2020
22346,8-6579
22347,5-7516
22348,3-0059
22349,6-4650
22350,6-0258
22351,5-6486
22352,5-8490
22353,1-1050
22354,6-1587
22355,1-9170
22356,8-9487
22357,7-1133
22358,8-4385
22359,8-7361
22360,2-9875
22361,2-8999
22362,1-1968
22363,2-6025
22364,6-2955
22365,3-3474
22366,2-6464
22367,3-1243
22368,3-1138
22369,6-4910
22370,4-4468
22371,7-7861
22372,3-7249
22373,5-2251
22374,6-8870
22375,5-3602
22376,7-9769
22377,7-1860
22378,2-2593
22379,4-7572
22380,7-9663
22381,5-1585
22382,1-0723
22383,1-7365
22384,3-4525
22385,3-3315
22386,1-5576
22387,4-0441
22388,7-2510
22389,5-9734
22390,3-8466
22391,4-6008
22392,1-1921
22393,1-1212
22394,1-7324
22395,5-1836
22396,7-8178
22397,1-2727
22398,2-3577
22399,1-9179
22400,2-9979
22401,8-4980
22402,5-9910
22403,8-7747
22404,7-4982
22405,4-9352
22406,8-5402
22407,1-8303
22408,8-6866
22409,2-1070
22410,6-8275
22411,4-5543
22412,2-2047
22413,3-0057
22414,1-5870
22415,1-9614
22416,6-9564
22417,3-5595
22418,2-6923
22419,6-4440
22420,4-5531
22421,1-1948
22422,4-2071
22423,5-4714
22424,4-3666
22425,4-5241
22426,6-9032
22427,2-6554
22428,7-4664
22429,4-9282
22430,8-0452
22431,8-8053
22432,6-7515
22433,1-9588
22434,7-1680
22435,8-1958
22436,3-5647
22437,5-3855
22438,6-8251
22439,2-3973
22440,3-5013
22441,5-4911
22442,4-4993
22443,6-2661
22444,7-5110
22445,2-4032
22446,1-4032
22447,2-7704
22448,1-7092
22449,6-0992
22450,3-7785
22451,1-1953
22452,6-9769
22453,1-1048
22454,3-5496
22455,8-0654
22456,6-4513
22457,2-8905
22458,7-2780
22459,4-1504
22460,1-2794
22461,5-2224
22462,1-1134
22463,6-3030
22464,3-6742
22465,8-0154
22466,2-5689
22467,3-9303
22468,3-6514
22469,6-1559
22470,6-8679
22471,5-4473
22472,6-4855
22473,2-9014
22474,2-1618
22475,7-2973
22476,2-3599
22477,7-0676
22478,4-8552
22479,1-0759
22480,1-8488
22481,3-5514
22482,1-6947
22483,6-4029
22484,3-4411
22485,4-8827
22486,1-9454
22487,4-7408
22488,4-9138
22489,2-5013
22490,4-5027
22491,4-1499
22492,5-6102
22493,4-6058
22494,7-9659
22495,7-3354
22496,3-8015
22497,5-8364
22498,5-2868
22499,8-7228
22500,7-4198
22501,3-6760
22502,6-0012
22503,6-6712
22504,4-5332
22505,2-3332
22506,2-2288
22507,7-6545
22508,7-0832
22509,6-7598
22510,5-6422
22511,8-1777
22512,8-4572
22513,5-0678
22514,8-6927
22515,8-0082
22516,4-3476
22517,4-7475
22518,6-8892
22519,6-4981
22520,1-8291
22521,7-6230
22522,6-4135
22523,4-9831
22524,5-2680
22525,6-8599
22526,5-2457
22527,6-7567
22528,8-9800
22529,4-8841
22530,5-6226
22531,8-0478
22532,5-7889
22533,5-9098
22534,7-0199
22535,8-8693
22536,5-2237
22537,7-3004
22538,2-7220
22539,3-0304
22540,7-4238
22541,2-6836
22542,2-4376
22543,2-3914
22544,2-1594
22545,2-9256
22546,2-5421
22547,7-7468
22548,6-5179
22549,4-2762
22550,6-7173
22551,4-9309
22552,8-7498
22553,2-5120
22554,3-6411
22555,5-6046
22556,4-3616
22557,4-4572
22558,1-2838
22559,7-7247
22560,7-4401
22561,4-9431
22562,4-7228
22563,5-2732
22564,8-0738
22565,1-3401
22566,5-6482
22567,7-1095
22568,7-8250
22569,4-4696
22570,3-0482
22571,3-1077
22572,1-3636
22573,6-7664
22574,6-8659
22575,8-2611
22576,7-2278
22577,4-3182
22578,7-1945
22579,8-5099
22580,5-8199
22581,3-2805
22582,4-1599
22583,3-2854
22584,3-3654
22585,3-3853
22586,3-5708
22587,4-0561
22588,2-1727
22589,7-3101
22590,7-6342
22591,1-2536
22592,7-7910
22593,2-1660
22594,1-0634
22595,5-7666
22596,4-7455
22597,3-5402
22598,6-7093
22599,8-3627
22600,2-2221
22601,3-2932
22602,3-6696
22603,8-4774
22604,3-1091
22605,8-9407
22606,2-0561
22607,7-2584
22608,4-9272
22609,3-9614
22610,8-9934
22611,1-4096
22612,2-2527
22613,5-0102
22614,6-6789
22615,8-5490
22616,3-3537
22617,1-5904
22618,3-0748
22619,6-0891
22620,5-5972
22621,7-2020
22622,8-9823
22623,3-2010
22624,6-8749
22625,7-5898
22626,3-0027
22627,7-7990
22628,3-6617
22629,4-3113
22630,3-0066
22631,8-4731
22632,2-3041
22633,4-9450
22634,5-7403
22635,2-8835
22636,5-5954
22637,7-9361
22638,6-1455
22639,4-0794
22640,5-3648
22641,2-5843
22642,2-6134
22643,5-5089
22644,8-6205
22645,6-0194
22646,8-8923
22647,8-7373
22648,2-3796
22649,7-2502
22650,3-4888
22651,6-5922
22652,7-4422
22653,6-7588
22654,5-3720
22655,1-4293
22656,7-8355
22657,7-5522
22658,2-2131
22659,7-0212
22660,3-4460
22661,2-3902
22662,8-9863
22663,2-9653
22664,4-1739
22665,5-4370
22666,2-3084
22667,4-1968
22668,5-7723
22669,5-5239
22670,5-5016
22671,3-5038
22672,8-5998
22673,6-2882
22674,4-3927
22675,5-4632
22676,6-2303
22677,1-8583
22678,5-8810
22679,4-9215
22680,8-3015
22681,1-2901
22682,4-9069
22683,6-4813
22684,5-6636
22685,2-9977
22686,4-9344
22687,3-3127
22688,5-3393
22689,3-2512
22690,1-8173
22691,4-3712
22692,3-3582
22693,1-4769
22694,2-4120
22695,4-1774
22696,4-5026
22697,1-6366
22698,1-0465
22699,1-5453
22700,3-5500
22701,6-1972
22702,1-4461
22703,8-3402
22704,7-8758
22705,1-5154
22706,8-9595
22707,3-6219
22708,8-7110
22709,7-6868
22710,2-5499
22711,7-7857
22712,3-2457
22713,2-4725
22714,4-6152
22715,3-8104
22716,8-0958
22717,6-9706
22718,5-5454
22719,8-0995
22720,4-3569
22721,1-9412
22722,7-2742
22723,3-2565
22724,3-2385
22725,6-7468
22726,8-7551
22727,5-7512
22728,2-9398
22729,6-5660
22730,1-8718
22731,8-6507
22732,8-6605
22733,2-3370
22734,6-2885
22735,6-2720
22736,7-5319
22737,8-4835
22738,3-9694
22739,1-3632
22740,4-7759
22741,3-9768
22742,7-9229
22743,2-8245
22744,2-5842
22745,7-6585
22746,6-9934
22747,1-8074
22748,2-6760
22749,2-2073
22750,6-3957
22751,1-1835
22752,1-8119
22753,8-9481
22754,1-1064
22755,1-3690
22756,5-4937
22757,6-5416
22758,3-4126
22759,3-8966
22760,6-2626
22761,6-2814
22762,5-7103
22763,6-0615
22764,3-7220
22765,8-9215
22766,8-9924
22767,2-6362
22768,3-8170
22769,1-9355
22770,5-6558
22771,7-7430
22772,4-5165
22773,6-8931
22774,3-6580
22775,1-7476
22776,5-6455
22777,5-2138
22778,1-5712
22779,7-9387
22780,6-7073
22781,4-6773
22782,7-0356
22783,7-3243
22784,1-5082
22785,8-6072
22786,1-3097
22787,1-2766
22788,1-2338
22789,5-5291
22790,8-7473
22791,1-2968
22792,6-6087
22793,6-4001
22794,7-1510
22795,4-6955
22796,5-2009
22797,6-1760
22798,7-1134
22799,5-9970
22800,6-0481
22801,2-8153
22802,2-6672
22803,7-0712
22804,2-3520
22805,1-9628
22806,1-7836
22807,4-0860
22808,7-7637
22809,7-2903
22810,5-3311
22811,6-9444
22812,1-2590
22813,2-2710
22814,7-1495
22815,3-9080
22816,2-2697
22817,5-7127
22818,4-7794
22819,6-6508
22820,5-3686
22821,2-7893
22822,4-7826
22823,4-7181
22824,4-6461
22825,7-6772
22826,4-9967
22827,3-3805
22828,2-8303
22829,5-5674
22830,8-5296
22831,8-6992
22832,3-7173
22833,2-6284
22834,1-7760
22835,4-1897
22836,7-0157
22837,1-9512
22838,2-2714
22839,8-0022
22840,3-6988
22841,3-5404
22842,7-3313
22843,7-0071
22844,2-5567
22845,3-2716
22846,7-8808
22847,3-4278
22848,7-4857
22849,4-4179
22850,8-9260
22851,6-5314
22852,8-5249
22853,2-8826
22854,3-4769
22855,6-6781
22856,1-5938
22857,5-5593
22858,5-1882
22859,8-4757
22860,6-7032
22861,1-0482
22862,3-5760
22863,2-3605
22864,3-2503
22865,7-4530
22866,2-1126
22867,5-0179
22868,4-1910
22869,2-1947
22870,5-0625
22871,7-0284
22872,8-1271
22873,4-1771
22874,2-8344
22875,8-7584
22876,2-0064
22877,4-0323
22878,6-4876
22879,3-7807
22880,1-7898
22881,6-3618
22882,2-7527
22883,4-9306
22884,1-8336
22885,1-9669
22886,5-0958
22887,8-7524
22888,7-9321
22889,5-8325
22890,2-0622
22891,8-9818
22892,2-2091
22893,7-4043
22894,2-9071
22895,2-2143
22896,4-3345
22897,5-5496
22898,5-9712
22899,5-4874
22900,5-9622
22901,2-8688
22902,7-9882
22903,7-3157
22904,1-0425
22905,2-0974
22906,6-6817
22907,6-9153
22908,2-5413
22909,2-5076
22910,8-1022
22911,1-3282
22912,2-0675
22913,6-7910
22914,8-6752
22915,4-4373
22916,6-8852
22917,2-8382
22918,5-2751
22919,1-8489
22920,3-5568
22921,8-1147
22922,6-5382
22923,3-6701
22924,4-2251
22925,2-9948
22926,2-9120
22927,7-3559
22928,7-1165
22929,4-1915
22930,4-5469
22931,2-7999
22932,5-4240
22933,6-2486
22934,6-2842
22935,4-7335
22936,1-5225
22937,5-2102
22938,6-5212
22939,8-9764
22940,2-9325
22941,2-4929
22942,5-4699
22943,7-0350
22944,5-7312
22945,1-7162
22946,4-5307
22947,1-5511
22948,1-4137
22949,6-4852
22950,7-2179
22951,5-4953
22952,2-4443
22953,6-3093
22954,5-7104
22955,8-2278
22956,7-1625
22957,5-8161
22958,5-0632
22959,3-1806
22960,8-9936
22961,4-6134
22962,5-2428
22963,8-6699
22964,5-4289
22965,8-3439
22966,3-0129
22967,3-3269
22968,3-3011
22969,3-2351
22970,7-1772
22971,7-7999
22972,6-5124
22973,4-1113
22974,3-7346
22975,8-0575
22976,6-6289
22977,6-4084
22978,1-6428
22979,7-0615
22980,2-3384
22981,5-4055
22982,7-5703
22983,1-8799
22984,8-6559
22985,3-8838
22986,5-5850
22987,3-7576
22988,3-4988
22989,8-5009
22990,6-6117
22991,5-8082
22992,8-7668
22993,1-9745
22994,2-6439
22995,2-1286
22996,4-5622
22997,4-1642
22998,4-9751
22999,4-4060
23000,5-4313
23001,4-0361
23002,1-7411
23003,1-5039
23004,7-9886
23005,3-0123
23006,1-6986
23007,3-6682
23008,1-3187
23009,3-0355
23010,4-0033
23011,6-3724
23012,3-8162
23013,1-0892
23014,5-1339
23015,5-9571
23016,4-8652
23017,8-2084
23018,6-7666
23019,2-0226
23020,2-2276
23021,4-9310
23022,2-2078
23023,6-7723
23024,8-0956
23025,1-5537
23026,2-4333
23027,2-4248
23028,4-9076
23029,2-5080
23030,2-7818
23031,5-6318
23032,2-5319
23033,2-3174
23034,4-4694
23035,5-6835
23036,3-5700
23037,5-9247
23038,1-8791
23039,5-1313
23040,6-4497
23041,2-5823
23042,3-8444
23043,5-5581
23044,5-6851
23045,6-5601
23046,2-8007
23047,7-6390
23048,5-3920
23049,3-5147
23050,4-9266
23051,8-5646
23052,5-4034
23053,8-8635
23054,6-5455
23055,4-0271
23056,8-4883
23057,4-0690
23058,8-5497
23059,6-4746
23060,7-5596
23061,4-2400
23062,5-1391
23063,6-9325
23064,6-3228
23065,7-9083
23066,1-9416
23067,3-3913
23068,1-5542
23069,8-2053
23070,6-8331
23071,2-1450
23072,2-0692
23073,5-5618
23074,4-5233
23075,2-0672
23076,3-1527
23077,1-7656
23078,5-6316
23079,3-0809
23080,6-9467
23081,7-4296
23082,4-9038
23083,3-8303
23084,8-7042
23085,6-0939
23086,6-7446
23087,8-8637
23088,5-9369
23089,5-5995
23090,8-9414
23091,8-9416
23092,5-9301
23093,8-3693
23094,6-7130
23095,3-3953
23096,2-4418
23097,8-2253
23098,3-1865
23099,6-2886
23100,2-9446
23101,3-5887
23102,1-1636
23103,7-6236
23104,4-8766
23105,3-3143
23106,1-3917
23107,4-5684
23108,7-7874
23109,2-4678
23110,2-8671
23111,8-5247
23112,1-8946
23113,8-8302
23114,6-9850
23115,1-8887
23116,7-0406
23117,1-2285
23118,4-9652
23119,7-8242
23120,8-9770
23121,3-8830
23122,1-8104
23123,4-4754
23124,3-0493
23125,8-8964
23126,1-6987
23127,4-4228
23128,1-3572
23129,2-2629
23130,5-5723
23131,6-0342
23132,8-0919
23133,8-5528
23134,1-4295
23135,3-5777
23136,6-9805
23137,3-0854
23138,3-9609
23139,2-2022
23140,4-0872
23141,7-9702
23142,1-3306
23143,4-2258
23144,1-3488
23145,3-4718
23146,3-3977
23147,3-9135
23148,5-6681
23149,6-7099
23150,6-7553
23151,3-6390
23152,4-5916
23153,2-6174
23154,5-0927
23155,2-7756
23156,2-3124
23157,5-9708
23158,2-4895
23159,8-5502
23160,2-3926
23161,5-0794
23162,3-8445
23163,8-1805
23164,4-3291
23165,1-8905
23166,5-5569
23167,2-4212
23168,3-6745
23169,3-7211
23170,1-9161
23171,7-7896
23172,6-1440
23173,7-6655
23174,6-8604
23175,1-4591
23176,6-4794
23177,4-5658
23178,3-7947
23179,7-5174
23180,4-7573
23181,5-0383
23182,5-8307
23183,7-7531
23184,4-0592
23185,4-9403
23186,3-9486
23187,7-5387
23188,3-9550
23189,1-2540
23190,4-6689
23191,3-3050
23192,5-6812
23193,7-2356
23194,8-8694
23195,6-4269
23196,4-4647
23197,2-7950
23198,6-6120
23199,5-8518
23200,6-0216
23201,7-1876
23202,3-3756
23203,4-6518
23204,7-1598
23205,6-5153
23206,8-5529
23207,3-0009
23208,6-9528
23209,7-6530
23210,4-2391
23211,6-7135
23212,8-6796
23213,6-2528
23214,7-5908
23215,4-6517
23216,1-8007
23217,5-1431
23218,4-7481
23219,8-0811
23220,6-5957
23221,3-9535
23222,4-8679
23223,4-7898
23224,2-9243
23225,3-8620
23226,4-7496
23227,2-3775
23228,3-7540
23229,7-4432
23230,4-1513
23231,2-0688
23232,1-7675
23233,6-5172
23234,1-1818
23235,3-9993
23236,1-1995
23237,4-1182
23238,8-7973
23239,7-1942
23240,4-4047
23241,7-1090
23242,6-0044
23243,6-1982
23244,7-8812
23245,7-7682
23246,5-9380
23247,6-0664
23248,7-2745
23249,3-9266
23250,3-7361
23251,8-9581
23252,6-3322
23253,3-2140
23254,5-4823
23255,8-4231
23256,5-1584
23257,1-6106
23258,1-9080
23259,8-6384
23260,2-9926
23261,8-0385
23262,7-8206
23263,4-8532
23264,6-2908
23265,5-3335
23266,3-1477
23267,8-5724
23268,4-4833
23269,6-6525
23270,1-3284
23271,6-9536
23272,1-7040
23273,1-5618
23274,8-2791
23275,8-1476
23276,7-1690
23277,1-3981
23278,6-8141
23279,2-2595
23280,6-0097
23281,7-4783
23282,1-7445
23283,7-8217
23284,2-3781
23285,2-7908
23286,4-1947
23287,5-0704
23288,5-9561
23289,8-0555
23290,1-4586
23291,2-1792
23292,4-1792
23293,8-0382
23294,1-4647
23295,4-2964
23296,6-4507
23297,5-2357
23298,2-3500
23299,6-7368
23300,2-9173
23301,3-6064
23302,5-9636
23303,6-2157
23304,5-1994
23305,2-5428
23306,4-2005
23307,8-0847
23308,4-2068
23309,3-1623
23310,4-8973
23311,7-1398
23312,1-1169
23313,7-1948
23314,7-5381
23315,4-8264
23316,2-9482
23317,3-1344
23318,8-7007
23319,5-8831
23320,8-0185
23321,6-4198
23322,4-3171
23323,2-0272
23324,8-2965
23325,1-0573
23326,2-2775
23327,3-5978
23328,4-2610
23329,4-4441
23330,2-5251
23331,6-3045
23332,4-2683
23333,6-1851
23334,1-0201
23335,4-7474
23336,3-4977
23337,4-2553
23338,7-0185
23339,4-8391
23340,8-8880
23341,2-6745
23342,7-9745
23343,7-4290
23344,8-7640
23345,4-4096
23346,4-8239
23347,2-8976
23348,3-3534
23349,6-9791
23350,7-5796
23351,2-4658
23352,8-9152
23353,4-4453
23354,3-5055
23355,4-3796
23356,4-5061
23357,8-3352
23358,2-8113
23359,1-4827
23360,5-3178
23361,2-3066
23362,3-9172
23363,2-1818
23364,1-4870
23365,2-8347
23366,8-2652
23367,5-6926
23368,1-6497
23369,7-6471
23370,4-6776
23371,4-7860
23372,6-9096
23373,1-1650
23374,8-6901
23375,6-9679
23376,6-7506
23377,8-8409
23378,3-4052
23379,1-5006
23380,2-4034
23381,6-5833
23382,3-2339
23383,1-5285
23384,7-6844
23385,1-2446
23386,8-3408
23387,7-5665
23388,5-6346
23389,2-5848
23390,2-5902
23391,4-1830
23392,3-5757
23393,4-8011
23394,5-2383
23395,6-6534
23396,5-9417
23397,5-3910
23398,1-3837
23399,2-1154
23400,4-4862
23401,8-2313
23402,5-3642
23403,8-3649
23404,8-7061
23405,7-2911
23406,8-8607
23407,6-1014
23408,8-2810
23409,3-3877
23410,7-3221
23411,7-6121
23412,8-2036
23413,5-7819
23414,6-2338
23415,4-4124
23416,1-9430
23417,8-5155
23418,3-2478
23419,5-6596
23420,8-9913
23421,4-7594
23422,5-6996
23423,5-1394
23424,1-7891
23425,6-9124
23426,7-4756
23427,3-5798
23428,1-5789
23429,4-9883
23430,2-1906
23431,8-8743
23432,8-1434
23433,4-7954
23434,7-7033
23435,8-9113
23436,5-0862
23437,4-9770
23438,6-5095
23439,6-5843
23440,6-6632
23441,3-5190
23442,1-4138
23443,8-3767
23444,8-0494
23445,2-1997
23446,1-8389
23447,6-0516
23448,4-5665
23449,5-1618
23450,2-2785
23451,1-9145
23452,8-7742
23453,8-7878
23454,5-1043
23455,8-7996
23456,8-8770
23457,8-9070
23458,4-1588
23459,1-3987
23460,8-1258
23461,8-5891
23462,1-3409
23463,8-9334
23464,3-5444
23465,5-2470
23466,5-5275
23467,8-1728
23468,6-7584
23469,5-6348
23470,1-7195
23471,4-1654
23472,3-9005
23473,4-0397
23474,8-3910
23475,1-4453
23476,5-9760
23477,4-0032
23478,4-1089
23479,1-3467
23480,5-5505
23481,8-6444
23482,8-1317
23483,4-5716
23484,4-3002
23485,5-8746
23486,4-8636
23487,2-2239
23488,3-8687
23489,8-9282
23490,8-5212
23491,6-2580
23492,1-5059
23493,5-6643
23494,1-7397
23495,4-5795
23496,7-9373
23497,2-4260
23498,8-3529
23499,7-2595
23500,3-2338
23501,1-1594
23502,8-9631
23503,5-7465
23504,7-8740
23505,1-4209
23506,1-8321
23507,3-9144
23508,2-8322
23509,5-7198
23510,1-7217
23511,8-3282
23512,4-1422
23513,1-3243
23514,3-5668
23515,2-0487
23516,7-4031
23517,2-8062
23518,1-7727
23519,8-1826
23520,6-9052
23521,5-7800
23522,1-8556
23523,6-3103
23524,5-2593
23525,5-1620
23526,2-1138
23527,8-7969
23528,7-8756
23529,5-8978
23530,1-3128
23531,8-4513
23532,2-3937
23533,8-4446
23534,8-6059
23535,7-5212
23536,8-1332
23537,8-6930
23538,4-6589
23539,6-0823
23540,5-9061
23541,7-2811
23542,6-1985
23543,8-7886
23544,2-3148
23545,4-2652
23546,1-7231
23547,4-8935
23548,3-2183
23549,8-9640
23550,3-6058
23551,7-0468
23552,2-6905
23553,6-6619
23554,7-7448
23555,6-7851
23556,5-6686
23557,4-5401
23558,4-4037
23559,2-0759
23560,3-4068
23561,5-9150
23562,4-5649
23563,3-9680
23564,5-3156
23565,4-9507
23566,2-4139
23567,6-2507
23568,2-2573
23569,8-2807
23570,8-2239
23571,3-6968
23572,7-3280
23573,6-3841
23574,1-1407
23575,2-3058
23576,4-8651
23577,1-9236
23578,8-1053
23579,7-8941
23580,3-5031
23581,1-5521
23582,6-9761
23583,8-7342
23584,3-2764
23585,4-4717
23586,4-8533
23587,7-2919
23588,3-0122
23589,6-4979
23590,5-0335
23591,2-4190
23592,2-3766
23593,7-1851
23594,8-3070
23595,4-1612
23596,1-7501
23597,8-7603
23598,6-6895
23599,3-6095
23600,1-8370
23601,8-9128
23602,3-4171
23603,1-3587
23604,6-9345
23605,2-3726
23606,3-8255
23607,2-7419
23608,8-8028
23609,4-7934
23610,5-1553
23611,3-0970
23612,1-4093
23613,3-0150
23614,1-8680
23615,4-6587
23616,6-1705
23617,7-4285
23618,4-3981
23619,7-8996
23620,7-0903
23621,5-4027
23622,1-1373
23623,6-8797
23624,7-4066
23625,3-0106
23626,1-0561
23627,5-3984
23628,5-6654
23629,7-5860
23630,3-7500
23631,5-1949
23632,8-9836
23633,6-1828
23634,5-0537
23635,6-4147
23636,2-7593
23637,5-2115
23638,2-6455
23639,5-2575
23640,8-5586
23641,1-8836
23642,6-4167
23643,4-6540
23644,7-2201
23645,7-5480
23646,7-5671
23647,3-6092
23648,6-7169
23649,4-7364
23650,3-5987
23651,6-0525
23652,1-3887
23653,8-4214
23654,1-0170
23655,3-2101
23656,3-8304
23657,8-6165
23658,7-9521
23659,1-1975
23660,4-2757
23661,8-5112
23662,5-0977
23663,8-0105
23664,2-0648
23665,4-4630
23666,4-6012
23667,8-6678
23668,1-1146
23669,2-2332
23670,6-6852
23671,8-8967
23672,8-5375
23673,1-0485
23674,4-1553
23675,8-4646
23676,2-0069
23677,6-4809
23678,6-1717
23679,8-1002
23680,4-4272
23681,4-2932
23682,2-0214
23683,3-6847
23684,2-5561
23685,4-0976
23686,4-2085
23687,2-2106
23688,5-1552
23689,4-1620
23690,6-5092
23691,2-9166
23692,3-5889
23693,4-6631
23694,4-1527
23695,6-9299
23696,4-0645
23697,1-8162
23698,4-0481
23699,4-0074
23700,3-8054
23701,3-5407
23702,6-4994
23703,5-2401
23704,7-3957
23705,6-8351
23706,5-9185
23707,6-3512
23708,7-8916
23709,4-6701
23710,6-6294
23711,1-0450
23712,4-4551
23713,6-2820
23714,6-7313
23715,3-2690
23716,8-3814
23717,8-6938
23718,7-2706
23719,8-6135
23720,8-0371
23721,1-6810
23722,8-4542
23723,8-5590
23724,1-7274
23725,6-8037
23726,3-0423
23727,8-3453
23728,6-6768
23729,7-6348
23730,5-9824
23731,3-2072
23732,8-1739
23733,6-1815
23734,2-1295
23735,7-9617
23736,7-7727
23737,2-7939
23738,8-2248
23739,8-8989
23740,5-1998
23741,8-1349
23742,1-9620
23743,1-3637
23744,5-7255
23745,4-2867
23746,6-9516
23747,8-4738
23748,4-3069
23749,6-0872
23750,6-0744
23751,1-0904
23752,8-8568
23753,5-6508
23754,6-5316
23755,2-8379
23756,2-2475
23757,2-8518
23758,2-7936
23759,5-6929
23760,1-1764
23761,4-1244
23762,3-7383
23763,1-2151
23764,8-4609
23765,2-0298
23766,7-6043
23767,4-0117
23768,3-2781
23769,8-6809
23770,4-1109
23771,5-2519
23772,6-0339
23773,7-6549
23774,8-7849
23775,5-0930
23776,2-6203
23777,7-7539
23778,2-7859
23779,4-0070
23780,4-1716
23781,1-3734
23782,4-8333
23783,6-6569
23784,5-0315
23785,4-5910
23786,3-1199
23787,8-6626
23788,2-1157
23789,6-0045
23790,7-7416
23791,1-1143
23792,6-8980
23793,5-2201
23794,4-0092
23795,6-6711
23796,5-9606
23797,2-1370
23798,2-9394
23799,7-4532
23800,7-5224
23801,6-2739
23802,1-0063
23803,8-9341
23804,3-9877
23805,5-8432
23806,5-0628
23807,6-5877
23808,5-3894
23809,4-9618
23810,5-0271
23811,7-7371
23812,6-6831
23813,2-7978
23814,2-1358
23815,4-4114
23816,5-6657
23817,5-2064
23818,3-6038
23819,1-5937
23820,1-0294
23821,8-4456
23822,6-4447
23823,3-3462
23824,5-1954
23825,8-3765
23826,6-8357
23827,4-7007
23828,1-5955
23829,3-3496
23830,1-6378
23831,8-2506
23832,1-3077
23833,6-5913
23834,3-0366
23835,2-6120
23836,1-3541
23837,4-7650
23838,8-2637
23839,2-4891
23840,3-3932
23841,6-6969
23842,2-6848
23843,7-6629
23844,5-0071
23845,2-0308
23846,3-8413
23847,3-6091
23848,3-3267
23849,1-3609
23850,8-3552
23851,5-4263
23852,6-3765
23853,8-8304
23854,2-6511
23855,5-8929
23856,6-6677
23857,3-9208
23858,1-0236
23859,7-9743
23860,7-9863
23861,5-5338
23862,8-8289
23863,3-6186
23864,6-2236
23865,5-8890
23866,7-0908
23867,2-8932
23868,4-5494
23869,8-1003
23870,7-6040
23871,5-4906
23872,7-9998
23873,3-6315
23874,1-9273
23875,3-3153
23876,4-1668
23877,4-4543
23878,5-8359
23879,7-6810
23880,6-9584
23881,2-5747
23882,3-8847
23883,6-4698
23884,1-9888
23885,5-4002
23886,1-0821
23887,1-5924
23888,6-6410
23889,1-1144
23890,7-6197
23891,6-7746
23892,2-7026
23893,1-0950
23894,3-6389
23895,3-5443
23896,7-9225
23897,3-3482
23898,7-8681
23899,7-2635
23900,3-3983
23901,6-8688
23902,5-2678
23903,4-1241
23904,6-6870
23905,5-1711
23906,8-9368
23907,7-4265
23908,4-9326
23909,8-4360
23910,2-3987
23911,2-1726
23912,7-9148
23913,1-5207
23914,5-7313
23915,6-8296
23916,6-6042
23917,1-0624
23918,7-6496
23919,4-4922
23920,2-0752
23921,3-4092
23922,8-8810
23923,5-5153
23924,8-3036
23925,8-2126
23926,7-2478
23927,7-8581
23928,7-0073
23929,4-5189
23930,1-4617
23931,5-8061
23932,3-5897
23933,8-4422
23934,4-4046
23935,6-1366
23936,1-5199
23937,7-7973
23938,6-0149
23939,1-3822
23940,8-2117
23941,2-4835
23942,6-7319
23943,3-1732
23944,4-5248
23945,8-2918
23946,8-6176
23947,2-8609
23948,7-4147
23949,6-4488
23950,8-9111
23951,3-8806
23952,1-3575
23953,8-1922
23954,1-1105
23955,5-2996
23956,8-8257
23957,6-7610
23958,6-0721
23959,5-6904
23960,5-5323
23961,4-4129
23962,6-5491
23963,3-5034
23964,8-1785
23965,8-4397
23966,7-2245
23967,3-8349
23968,7-0666
23969,2-3897
23970,8-6674
23971,8-2171
23972,2-7889
23973,2-9631
23974,3-4643
23975,8-2562
23976,4-8717
23977,7-9821
23978,2-8336
23979,8-1380
23980,5-7655
23981,6-3585
23982,1-3390
23983,4-5989
23984,1-4643
23985,4-7179
23986,4-1568
23987,6-2042
23988,7-6452
23989,5-7282
23990,5-3817
23991,1-0499
23992,6-8855
23993,4-1858
23994,4-5295
23995,6-3853
23996,2-7705
23997,5-4765
23998,4-0494
23999,8-4407
24000,4-9540
24001,4-0414
24002,5-8322
24003,6-8312
24004,7-6824
24005,5-9379
24006,1-7343
24007,7-9847
24008,8-5753
24009,2-0339
24010,2-9871
24011,5-7441
24012,2-6981
24013,6-5256
24014,7-5362
24015,5-5268
24016,8-9419
24017,2-0292
24018,7-8075
24019,4-1435
24020,7-1295
24021,1-2874
24022,7-7232
24023,7-2697
24024,3-4267
24025,4-5920
24026,4-6171
24027,1-2494
24028,6-9219
24029,8-2720
24030,7-1922
24031,7-2163
24032,4-6752
24033,4-9022
24034,2-8734
24035,8-1416
24036,2-2257
24037,3-4654
24038,6-7794
24039,7-9382
24040,2-6696
24041,1-6181
24042,1-8696
24043,8-4206
24044,6-1463
24045,2-0442
24046,4-0158
24047,2-2829
24048,7-3920
24049,6-8169
24050,1-0762
24051,7-6633
24052,1-1252
24053,1-4882
24054,3-6503
24055,7-2170
24056,5-5006
24057,6-7343
24058,5-7869
24059,3-0455
24060,8-4506
24061,2-4393
24062,5-2547
24063,4-2861
24064,1-5360
24065,8-2896
24066,2-1310
24067,5-9930
24068,1-2724
24069,7-5516
24070,5-9865
24071,3-9412
24072,6-0577
24073,3-4857
24074,7-8878
24075,1-0931
24076,1-2718
24077,8-4900
24078,8-9755
24079,4-8108
24080,1-8789
24081,7-1204
24082,1-5666
24083,2-0365
24084,4-8382
24085,1-3250
24086,6-1191
24087,6-2403
24088,5-5534
24089,3-8777
24090,3-6495
24091,7-2463
24092,4-0144
24093,1-0159
24094,2-9402
24095,4-6620
24096,3-4635
24097,6-0966
24098,1-0350
24099,3-7130
24100,2-3533
24101,6-4168
24102,5-2570
24103,6-7171
24104,3-9376
24105,1-6433
24106,8-4118
24107,6-2233
24108,2-6270
24109,2-1042
24110,5-6753
24111,8-4718
24112,4-7486
24113,4-8933
24114,4-4269
24115,7-1514
24116,8-6521
24117,2-6310
24118,7-4686
24119,6-9638
24120,1-5958
24121,6-4146
24122,7-1810
24123,3-7727
24124,3-8636
24125,3-4436
24126,5-9610
24127,3-7830
24128,6-3665
24129,3-9560
24130,3-7552
24131,8-0971
24132,6-3288
24133,7-9157
24134,1-1790
24135,8-2731
24136,5-1266
24137,5-0647
24138,5-5179
24139,8-6281
24140,7-2934
24141,8-2323
24142,4-9000
24143,5-6712
24144,1-9640
24145,4-7606
24146,7-4710
24147,3-2023
24148,1-2936
24149,4-0508
24150,3-2409
24151,5-6282
24152,5-7936
24153,8-8980
24154,8-5708
24155,8-2662
24156,1-8740
24157,6-6470
24158,1-3929
24159,2-1612
24160,5-2601
24161,2-4588
24162,5-8979
24163,6-7428
24164,5-6805
24165,1-0078
24166,8-4417
24167,6-5916
24168,1-6942
24169,8-2388
24170,2-0573
24171,3-0378
24172,6-4304
24173,7-5456
24174,7-0208
24175,7-4325
24176,4-6594
24177,3-0508
24178,8-0581
24179,6-9751
24180,2-3263
24181,5-0142
24182,5-3292
24183,7-5794
24184,8-0334
24185,6-0447
24186,2-7602
24187,6-4952
24188,5-7435
24189,3-2275
24190,4-2839
24191,4-6568
24192,8-1031
24193,8-4565
24194,5-8372
24195,6-0413
24196,4-4405
24197,7-6270
24198,4-7414
24199,5-2539
24200,8-6439
24201,6-3395
24202,5-8835
24203,7-5659
24204,3-8521
24205,7-7746
24206,5-0184
24207,1-6071
24208,5-6583
24209,3-4778
24210,4-4199
24211,8-4656
24212,6-1731
24213,7-3627
24214,2-4324
24215,3-4034
24216,4-2693
24217,5-3436
24218,5-3688
24219,6-3860
24220,3-3963
24221,2-2165
24222,8-3163
24223,2-5707
24224,3-4487
24225,6-5744
24226,6-1148
24227,4-1872
24228,4-2176
24229,5-1997
24230,7-2831
24231,3-5228
24232,4-8755
24233,8-7408
24234,5-6093
24235,7-3796
24236,1-3938
24237,6-8151
24238,6-5906
24239,4-2655
24240,3-7488
24241,3-9621
24242,8-0279
24243,4-2424
24244,7-8839
24245,6-0977
24246,5-8107
24247,6-1865
24248,8-6915
24249,5-2293
24250,3-0271
24251,3-7290
24252,4-4690
24253,7-3094
24254,8-1341
24255,3-4752
24256,1-1207
24257,4-3056
24258,1-1853
24259,3-7846
24260,3-5537
24261,6-8345
24262,8-2841
24263,4-4286
24264,8-6253
24265,5-4438
24266,5-8791
24267,1-2335
24268,3-4660
24269,1-6915
24270,7-9184
24271,2-0407
24272,6-7316
24273,7-2552
24274,5-0204
24275,8-9678
24276,6-6316
24277,6-8672
24278,2-4335
24279,6-1027
24280,7-0055
24281,6-4966
24282,8-0747
24283,2-4154
24284,2-8884
24285,1-8392
24286,2-8376
24287,8-0108
24288,1-1343
24289,5-2632
24290,3-3614
24291,4-1426
24292,7-5097
24293,1-7095
24294,7-2200
24295,1-0301
24296,5-6820
24297,6-7026
24298,6-3020
24299,1-1318
24300,1-0736
24301,6-7835
24302,8-2542
24303,8-9728
24304,8-1774
24305,2-9276
24306,4-6541
24307,7-0787
24308,6-1154
24309,7-3638
24310,8-1953
24311,7-4873
24312,5-1642
24313,4-8297
24314,5-4611
24315,3-8193
24316,2-5469
24317,1-2272
24318,7-8383
24319,7-4808
24320,1-3322
24321,2-1893
24322,7-9557
24323,2-1271
24324,6-2504
24325,5-5479
24326,3-6366
24327,6-9332
24328,3-0325
24329,8-3056
24330,6-1687
24331,2-1942
24332,8-9090
24333,5-6464
24334,2-2464
24335,6-2532
24336,7-1041
24337,3-2259
24338,8-3927
24339,2-6650
24340,5-5621
24341,6-8624
24342,2-2951
24343,2-9833
24344,8-0790
24345,1-1449
24346,2-1828
24347,3-3960
24348,2-8437
24349,3-5561
24350,3-3996
24351,5-6458
24352,3-9779
24353,7-5494
24354,8-3448
24355,5-1723
24356,1-9453
24357,7-8092
24358,6-2785
24359,1-9579
24360,2-2826
24361,1-4416
24362,3-7177
24363,4-7677
24364,6-7932
24365,1-3373
24366,4-7540
24367,1-6867
24368,2-2330
24369,5-2801
24370,2-4788
24371,5-6199
24372,2-7335
24373,7-9312
24374,8-5255
24375,8-2251
24376,2-2199
24377,7-8466
24378,5-0494
24379,3-5314
24380,8-2416
24381,3-5799
24382,7-2618
24383,6-2745
24384,4-2266
24385,8-6749
24386,1-1302
24387,3-4429
24388,7-1004
24389,8-1987
24390,2-1634
24391,4-4907
24392,4-5553
24393,6-3755
24394,1-7660
24395,1-0449
24396,1-5976
24397,2-2995
24398,5-7952
24399,4-2605
24400,4-4496
24401,8-1211
24402,5-5502
24403,1-5814
24404,1-5551
24405,6-8653
24406,4-1836
24407,1-2089
24408,1-3259
24409,8-2288
24410,5-9309
24411,8-1146
24412,3-4293
24413,7-5887
24414,7-1906
24415,5-4900
24416,4-1247
24417,4-8104
24418,2-5788
24419,4-2305
24420,6-1903
24421,4-8209
24422,2-7907
24423,7-8328
24424,8-5059
24425,5-6720
24426,2-2901
24427,3-8285
24428,7-3790
24429,5-2572
24430,3-2520
24431,2-5739
24432,1-7310
24433,5-6490
24434,7-3872
24435,5-6063
24436,7-9712
24437,8-0296
24438,5-5715
24439,7-2480
24440,4-7473
24441,5-9455
24442,3-0858
24443,2-0790
24444,4-8732
24445,7-9805
24446,6-0005
24447,2-4213
24448,6-3748
24449,7-6611
24450,6-6342
24451,3-8283
24452,4-8081
24453,8-8688
24454,1-5466
24455,1-5550
24456,1-1002
24457,4-3907
24458,6-3639
24459,8-4233
24460,3-9670
24461,5-2308
24462,3-6474
24463,8-2578
24464,5-4083
24465,7-5861
24466,4-5873
24467,2-0694
24468,6-4441
24469,5-1635
24470,3-2238
24471,3-9559
24472,4-2410
24473,8-9600
24474,1-3289
24475,2-9921
24476,1-6367
24477,6-7820
24478,3-3102
24479,6-4986
24480,2-8018
24481,5-1540
24482,1-7838
24483,2-8548
24484,5-6949
24485,8-3775
24486,4-6489
24487,7-6031
24488,2-7301
24489,4-0012
24490,5-9496
24491,7-7432
24492,3-6274
24493,4-6862
24494,2-4282
24495,7-4816
24496,5-2831
24497,6-7119
24498,5-0990
24499,6-7236
24500,4-7957
24501,7-3890
24502,4-2168
24503,2-7550
24504,7-5722
24505,1-8087
24506,6-8120
24507,4-7271
24508,1-2046
24509,8-5869
24510,1-0627
24511,3-6761
24512,8-5540
24513,7-7277
24514,6-3101
24515,2-6806
24516,4-3858
24517,5-5528
24518,6-4281
24519,2-9966
24520,7-0788
24521,4-2425
24522,4-8184
24523,2-3653
24524,8-1385
24525,2-3129
24526,7-2590
24527,8-9324
24528,3-9896
24529,3-8138
24530,2-2142
24531,4-2530
24532,4-8484
24533,8-3697
24534,7-5264
24535,5-5383
24536,3-4419
24537,7-1663
24538,2-0852
24539,3-7438
24540,6-0104
24541,2-2068
24542,4-6482
24543,6-4270
24544,1-4185
24545,2-0611
24546,6-0322
24547,2-7089
24548,7-1754
24549,1-5138
24550,2-3858
24551,5-6185
24552,2-3995
24553,2-9632
24554,3-3489
24555,7-5421
24556,4-5821
24557,4-4296
24558,8-4795
24559,8-2969
24560,1-5106
24561,4-6366
24562,5-0710
24563,8-5088
24564,1-8787
24565,1-2751
24566,6-8196
24567,4-8806
24568,8-6362
24569,6-2693
24570,1-5959
24571,7-2126
24572,7-0083
24573,4-8435
24574,8-7241
24575,7-7022
24576,3-8662
24577,4-0304
24578,8-1896
24579,5-0548
24580,5-2651
24581,2-3312
24582,2-4645
24583,5-6212
24584,3-3639
24585,5-0610
24586,5-6615
24587,4-5443
24588,2-7397
24589,2-1964
24590,4-2342
24591,5-9953
24592,8-6372
24593,1-9471
24594,5-1398
24595,1-9488
24596,6-3870
24597,7-2559
24598,1-1778
24599,2-1177
24600,6-3036
24601,1-4329
24602,5-8813
24603,6-8384
24604,5-7430
24605,7-1783
24606,5-9515
24607,6-5690
24608,4-0278
24609,4-4250
24610,6-3246
24611,8-5465
24612,1-5956
24613,7-1111
24614,6-7972
24615,8-9315
24616,5-2740
24617,1-5186
24618,8-7962
24619,2-7164
24620,2-1422
24621,6-3132
24622,4-1025
24623,7-3604
24624,5-0418
24625,8-4039
24626,6-7419
24627,2-4581
24628,8-6906
24629,4-4314
24630,6-1599
24631,2-2804
24632,4-3878
24633,7-4509
24634,3-3798
24635,7-2775
24636,7-4449
24637,7-4157
24638,4-4662
24639,2-4887
24640,1-5577
24641,6-2646
24642,1-3305
24643,8-8242
24644,2-0958
24645,6-4324
24646,2-2869
24647,5-5495
24648,7-4622
24649,1-7593
24650,8-7175
24651,3-0570
24652,5-2960
24653,4-9285
24654,8-7980
24655,7-2708
24656,1-8487
24657,6-7139
24658,6-0297
24659,8-7165
24660,6-6378
24661,2-8173
24662,5-3668
24663,3-6676
24664,1-9738
24665,8-7360
24666,1-6305
24667,4-9621
24668,7-2623
24669,7-8520
24670,2-4684
24671,8-0295
24672,1-3427
24673,6-6566
24674,3-7565
24675,8-4756
24676,8-0839
24677,3-5027
24678,2-9096
24679,7-0311
24680,5-2445
24681,5-1299
24682,2-9584
24683,4-2525
24684,5-1453
24685,4-6599
24686,2-0741
24687,3-0549
24688,8-4248
24689,1-6432
24690,4-8535
24691,3-7541
24692,1-4452
24693,3-6393
24694,1-5474
24695,4-7205
24696,8-0866
24697,6-9040
24698,3-2746
24699,6-9892
24700,1-1654
24701,4-2058
24702,6-2517
24703,1-6158
24704,4-6561
24705,7-3360
24706,6-4317
24707,3-5345
24708,7-7594
24709,7-1469
24710,8-1813
24711,6-7335
24712,5-5667
24713,7-3218
24714,8-1530
24715,6-4724
24716,5-6865
24717,2-4307
24718,7-7550
24719,7-2959
24720,2-4400
24721,5-4047
24722,7-1327
24723,1-5023
24724,3-5995
24725,6-8860
24726,2-1079
24727,1-8658
24728,5-6726
24729,8-5195
24730,6-1600
24731,7-5885
24732,4-3520
24733,7-4708
24734,6-8987
24735,6-5010
24736,4-4837
24737,6-8574
24738,3-4895
24739,3-8016
24740,3-9962
24741,5-9965
24742,1-2935
24743,6-8977
24744,6-2515
24745,8-8497
24746,3-7311
24747,7-0473
24748,2-7532
24749,1-0377
24750,2-8566
24751,8-0512
24752,6-6482
24753,8-4758
24754,5-8310
24755,8-6562
24756,2-4229
24757,2-2840
24758,5-7617
24759,3-6588
24760,1-5844
24761,1-3835
24762,4-9925
24763,5-4308
24764,3-7951
24765,1-7770
24766,8-9849
24767,5-5652
24768,3-1832
24769,5-5050
24770,3-5432
24771,4-6833
24772,3-8354
24773,3-0975
24774,8-8744
24775,3-4582
24776,2-8318
24777,4-8394
24778,1-7686
24779,6-1665
24780,4-3792
24781,7-4536
24782,7-8163
24783,3-9041
24784,2-8898
24785,1-0079
24786,4-2965
24787,5-2549
24788,4-1932
24789,1-9910
24790,2-9204
24791,4-0959
24792,2-9889
24793,1-5114
24794,5-3034
24795,3-6702
24796,7-6399
24797,4-3429
24798,3-0931
24799,4-4171
24800,5-0166
24801,5-0233
24802,6-9157
24803,2-2524
24804,7-2161
24805,3-0136
24806,7-3505
24807,4-8537
24808,4-3816
24809,6-9755
24810,4-9175
24811,5-2737
24812,3-3477
24813,7-3942
24814,4-5146
24815,5-4994
24816,3-4459
24817,5-6801
24818,5-3576
24819,4-2464
24820,1-2505
24821,5-8170
24822,4-2657
24823,1-1206
24824,3-2665
24825,7-0141
24826,2-8261
24827,5-8294
24828,7-5981
24829,4-7721
24830,6-6265
24831,5-0443
24832,4-9536
24833,6-9161
24834,6-7357
24835,6-1885
24836,8-2390
24837,3-1469
24838,6-1395
24839,5-0828
24840,6-5806
24841,8-4868
24842,7-4727
24843,4-2936
24844,1-4058
24845,1-1911
24846,3-6915
24847,3-3845
24848,3-7459
24849,8-0350
24850,7-0976
24851,8-6951
24852,8-7639
24853,6-8552
24854,5-7530
24855,3-7094
24856,8-1754
24857,7-7656
24858,6-3867
24859,3-9456
24860,3-4424
24861,1-4996
24862,1-3998
24863,4-2976
24864,2-1610
24865,6-6698
24866,3-7554
24867,1-4493
24868,7-1378
24869,4-0655
24870,8-2020
24871,4-2863
24872,7-9937
24873,3-5722
24874,1-5454
24875,4-6811
24876,4-5833
24877,1-9665
24878,5-6597
24879,1-6858
24880,6-0188
24881,4-2261
24882,3-7764
24883,1-5017
24884,8-7187
24885,5-8403
24886,1-5637
24887,3-4834
24888,6-3547
24889,4-8198
24890,3-4932
24891,2-0637
24892,3-9630
24893,8-2078
24894,7-4977
24895,3-6519
24896,7-0581
24897,1-7410
24898,1-1390
24899,2-3679
24900,4-7760
24901,2-2925
24902,4-4931
24903,4-5425
24904,6-5783
24905,6-4049
24906,3-8486
24907,3-9920
24908,8-7552
24909,7-1247
24910,7-4403
24911,3-7495
24912,4-6116
24913,7-5564
24914,7-3347
24915,5-5826
24916,8-1006
24917,3-6108
24918,3-6151
24919,7-4045
24920,8-5442
24921,3-7133
24922,6-3834
24923,5-2451
24924,1-3101
24925,3-6662
24926,3-2073
24927,4-6767
24928,6-5703
24929,5-5701
24930,8-7454
24931,1-3605
24932,5-8592
24933,5-3664
24934,3-4847
24935,4-9337
24936,8-4997
24937,2-9410
24938,2-7368
24939,7-8511
24940,3-2144
24941,8-9754
24942,4-9784
24943,5-7267
24944,3-9829
24945,3-9117
24946,1-3461
24947,3-6145
24948,6-8554
24949,8-7864
24950,1-8702
24951,4-8629
24952,2-1657
24953,4-0557
24954,3-2749
24955,2-3574
24956,3-4507
24957,2-8639
24958,8-2887
24959,4-3919
24960,2-4899
24961,7-6371
24962,4-1640
24963,5-8887
24964,1-0244
24965,5-1208
24966,2-5913
24967,7-8636
24968,1-2856
24969,3-1922
24970,6-4066
24971,5-0776
24972,2-9413
24973,8-4994
24974,1-8337
24975,2-0992
24976,7-7256
24977,8-9820
24978,2-5049
24979,2-2539
24980,6-9985
24981,2-6423
24982,4-8482
24983,2-9420
24984,1-4804
24985,3-1931
24986,8-9425
24987,6-8075
24988,2-9316
24989,1-2108
24990,5-7248
24991,3-2239
24992,4-6124
24993,1-3534
24994,8-3563
24995,4-6808
24996,5-0933
24997,2-8675
24998,2-7314
24999,1-4029
25000,8-5090
25001,5-4399
25002,7-3702
25003,7-8891
25004,7-6116
25005,3-5776
25006,2-9047
25007,2-5381
25008,5-6178
25009,4-7938
25010,4-4910
25011,1-5244
25012,4-6836
25013,7-1748
25014,6-3142
25015,8-4803
25016,8-9618
25017,4-0097
25018,1-7635
25019,4-6431
25020,6-9349
25021,7-4222
25022,1-2093
25023,1-4850
25024,5-6984
25025,1-3450
25026,6-2411
25027,2-7688
25028,3-7969
25029,1-4212
25030,4-0687
25031,5-9068
25032,8-0029
25033,3-4608
25034,5-7797
25035,3-4425
25036,3-6263
25037,8-7644
25038,3-8805
25039,7-2389
25040,5-1530
25041,1-9464
25042,7-0243
25043,6-6287
25044,5-5456
25045,7-9207
25046,2-2890
25047,2-6766
25048,2-1052
25049,7-0255
25050,5-8893
25051,7-2122
25052,4-2830
25053,6-8354
25054,2-1771
25055,6-4075
25056,6-8364
25057,7-9103
25058,7-8012
25059,7-9508
25060,4-7394
25061,7-4760
25062,7-0690
25063,5-4337
25064,7-8944
25065,5-3396
25066,7-5607
25067,4-3716
25068,4-5638
25069,5-6483
25070,7-4673
25071,8-8807
25072,8-7389
25073,1-3442
25074,8-5643
25075,6-6150
25076,1-4419
25077,4-0262
25078,1-4046
25079,2-1191
25080,5-3087
25081,4-1411
25082,8-5800
25083,3-0981
25084,2-7895
25085,8-1583
25086,1-5323
25087,4-0562
25088,4-8374
25089,5-8928
25090,2-1217
25091,1-1750
25092,1-9649
25093,6-6156
25094,7-8649
25095,6-9935
25096,5-1615
25097,8-4003
25098,7-1753
25099,3-2219
25100,2-7564
25101,4-4021
25102,7-2975
25103,3-3574
25104,3-3701
25105,6-3785
25106,2-6401
25107,1-1514
25108,6-2735
25109,3-2067
25110,5-4358
25111,7-6760
25112,5-9082
25113,5-2707
25114,8-5706
25115,1-6265
25116,5-1082
25117,5-7982
25118,4-2309
25119,1-1447
25120,1-9913
25121,3-5738
25122,7-0458
25123,8-9175
25124,2-5734
25125,4-2515
25126,1-2241
25127,4-2173
25128,1-3744
25129,6-8652
25130,3-8161
25131,8-2844
25132,8-3880
25133,7-5839
25134,5-3179
25135,7-2331
25136,5-0883
25137,6-8103
25138,7-1022
25139,5-3994
25140,6-4620
25141,3-8801
25142,7-8789
25143,1-7356
25144,3-8334
25145,7-0079
25146,1-8434
25147,8-7605
25148,5-6011
25149,6-4773
25150,5-9952
25151,7-6565
25152,2-0301
25153,7-8456
25154,1-8837
25155,4-7017
25156,1-6335
25157,7-9081
25158,7-1441
25159,1-0351
25160,6-0972
25161,3-2416
25162,3-4097
25163,4-0305
25164,8-3347
25165,6-4579
25166,7-6708
25167,7-4208
25168,7-5965
25169,7-7170
25170,5-7619
25171,5-3309
25172,3-5224
25173,3-5104
25174,1-4150
25175,8-0389
25176,1-3873
25177,4-6934
25178,8-4760
25179,7-0571
25180,6-8115
25181,8-6207
25182,6-2644
25183,5-3165
25184,4-8305
25185,5-6781
25186,3-3091
25187,7-3356
25188,1-1313
25189,3-5706
25190,5-6448
25191,8-0809
25192,3-9115
25193,6-9576
25194,6-7431
25195,3-8885
25196,3-7389
25197,3-1589
25198,1-2894
25199,2-2265
25200,4-3553
25201,5-4183
25202,6-4123
25203,2-3447
25204,1-7567
25205,1-1280
25206,6-4930
25207,7-4065
25208,1-1423
25209,2-1498
25210,8-9833
25211,1-1215
25212,1-0439
25213,8-9061
25214,8-4384
25215,6-2057
25216,5-3852
25217,1-7521
25218,6-4352
25219,4-4926
25220,1-4785
25221,8-0768
25222,6-3859
25223,1-4781
25224,6-8674
25225,6-5890
25226,7-0667
25227,6-3595
25228,1-6436
25229,5-5293
25230,6-0853
25231,7-1102
25232,7-4081
25233,6-5681
25234,1-9553
25235,8-4612
25236,7-2663
25237,1-5888
25238,3-9796
25239,5-4888
25240,5-3892
25241,6-5988
25242,8-2634
25243,1-2234
25244,3-3134
25245,2-9121
25246,2-8383
25247,7-1836
25248,4-7400
25249,6-2066
25250,7-2141
25251,1-4168
25252,3-6609
25253,4-5038
25254,6-9942
25255,6-7474
25256,5-7044
25257,3-3957
25258,3-6475
25259,8-9980
25260,1-1985
25261,4-7668
25262,2-9098
25263,5-3044
25264,6-5899
25265,8-1882
25266,6-6978
25267,7-7814
25268,1-0212
25269,4-2281
25270,1-2287
25271,6-9411
25272,1-6950
25273,7-9788
25274,6-9281
25275,6-2798
25276,4-5157
25277,7-9811
25278,2-0256
25279,8-4621
25280,3-4173
25281,4-7529
25282,4-7546
25283,7-6843
25284,8-4099
25285,7-8851
25286,7-1720
25287,7-6939
25288,2-9479
25289,8-8323
25290,3-4063
25291,5-3233
25292,4-8433
25293,1-3675
25294,2-5461
25295,3-8083
25296,4-0677
25297,5-4209
25298,8-3288
25299,2-8712
25300,5-9026
25301,4-1934
25302,4-4627
25303,7-0872
25304,7-9955
25305,1-0657
25306,4-4331
25307,1-4866
25308,3-5179
25309,1-2064
25310,8-2291
25311,1-3817
25312,2-1391
25313,7-5299
25314,3-1315
25315,1-5489
25316,5-3908
25317,4-5273
25318,8-3411
25319,5-5532
25320,4-8091
25321,4-6053
25322,2-4693
25323,6-1320
25324,8-9343
25325,5-7961
25326,4-8204
25327,7-7335
25328,6-6034
25329,3-1498
25330,4-9632
25331,3-9297
25332,4-0121
25333,8-1905
25334,6-7167
25335,7-3748
25336,8-7384
25337,5-6161
25338,8-5133
25339,1-0373
25340,6-7841
25341,8-2082
25342,8-7565
25343,2-6659
25344,5-4569
25345,3-9726
25346,7-8564
25347,5-4848
25348,3-5868
25349,6-9399
25350,7-2850
25351,4-1503
25352,4-4651
25353,6-9900
25354,2-2336
25355,1-3472
25356,7-6472
25357,3-9605
25358,3-6932
25359,4-8464
25360,7-9759
25361,4-0042
25362,5-2024
25363,1-9992
25364,1-5525
25365,7-4414
25366,3-2390
25367,2-2168
25368,5-7864
25369,4-6904
25370,8-5761
25371,7-8764
25372,1-5499
25373,6-9448
25374,6-4429
25375,7-9964
25376,1-2573
25377,5-6469
25378,2-6324
25379,8-3306
25380,7-1363
25381,2-6878
25382,7-1131
25383,8-3314
25384,3-8198
25385,1-9213
25386,5-6420
25387,7-3536
25388,2-4985
25389,6-6481
25390,8-5565
25391,2-8053
25392,3-9776
25393,6-7266
25394,5-7064
25395,8-0648
25396,5-8267
25397,3-7080
25398,8-9361
25399,1-9229
25400,5-2715
25401,4-6317
25402,7-9990
25403,8-6183
25404,1-5874
25405,2-8586
25406,6-9377
25407,6-7940
25408,4-0949
25409,2-1946
25410,8-3143
25411,8-5011
25412,5-5214
25413,1-9076
25414,6-9020
25415,5-6361
25416,7-9090
25417,3-5621
25418,8-1390
25419,3-1053
25420,3-1104
25421,2-0063
25422,3-2627
25423,6-1988
25424,6-7430
25425,1-4576
25426,1-2028
25427,4-7000
25428,3-9934
25429,3-1760
25430,2-4100
25431,4-6037
25432,8-7405
25433,8-0472
25434,6-6573
25435,4-0028
25436,1-9899
25437,8-5338
25438,1-1898
25439,4-9221
25440,3-9414
25441,4-4389
25442,1-8317
25443,8-5084
25444,1-1722
25445,8-7447
25446,1-8804
25447,7-0647
25448,1-2016
25449,1-6483
25450,5-8906
25451,4-0330
25452,7-2893
25453,6-9551
25454,4-0419
25455,1-4202
25456,2-8737
25457,8-6159
25458,7-4380
25459,6-7184
25460,1-8615
25461,3-7559
25462,3-9506
25463,3-6621
25464,8-8823
25465,8-9207
25466,6-9830
25467,5-1331
25468,3-9540
25469,5-7253
25470,8-2502
25471,3-7407
25472,1-9860
25473,8-5276
25474,1-3094
25475,2-9991
25476,1-9439
25477,3-6257
25478,2-2278
25479,7-0027
25480,6-8176
25481,6-2045
25482,3-3555
25483,3-7481
25484,5-7218
25485,8-0391
25486,4-5464
25487,7-7360
25488,1-9405
25489,3-1042
25490,7-9760
25491,1-0104
25492,3-0460
25493,8-8604
25494,5-4437
25495,3-4016
25496,1-1700
25497,8-9234
25498,4-6843
25499,6-4103
25500,2-0367
25501,1-7233
25502,4-8871
25503,8-6851
25504,2-8805
25505,6-3689
25506,6-9794
25507,7-5778
25508,7-4015
25509,7-9346
25510,4-6051
25511,3-2850
25512,1-9171
25513,5-8974
25514,4-4527
25515,4-0102
25516,7-9056
25517,8-1142
25518,1-7728
25519,8-6685
25520,7-6058
25521,5-8579
25522,8-0422
25523,2-1252
25524,7-1617
25525,3-9357
25526,2-8130
25527,8-8182
25528,1-8800
25529,8-4872
25530,7-9423
25531,6-3260
25532,2-2189
25533,2-6472
25534,8-1480
25535,2-6736
25536,4-9009
25537,2-9467
25538,2-9721
25539,3-8869
25540,4-8122
25541,1-6525
25542,6-8099
25543,7-6423
25544,4-6657
25545,6-3467
25546,5-8370
25547,3-5145
25548,6-1803
25549,6-8849
25550,8-3783
25551,2-6628
25552,6-9502
25553,6-8506
25554,6-6644
25555,8-1252
25556,8-7097
25557,3-0104
25558,3-3707
25559,2-6014
25560,6-5305
25561,1-2836
25562,2-3811
25563,2-7678
25564,6-7017
25565,6-2641
25566,1-4023
25567,2-9990
25568,6-0393
25569,3-9677
25570,1-8981
25571,1-8540
25572,8-5759
25573,1-4917
25574,4-3381
25575,1-6584
25576,7-4526
25577,2-2655
25578,6-6574
25579,7-9214
25580,4-2544
25581,8-0746
25582,7-3270
25583,2-9181
25584,7-2866
25585,1-8115
25586,5-7034
25587,6-2126
25588,8-4026
25589,1-6206
25590,5-9398
25591,2-4953
25592,3-4804
25593,5-6673
25594,2-3341
25595,5-4511
25596,5-8715
25597,4-8008
25598,1-8163
25599,3-3521
25600,3-5576
25601,6-0715
25602,5-5818
25603,1-3884
25604,2-8754
25605,5-2788
25606,8-6584
25607,8-2436
25608,5-3564
25609,3-0984
25610,3-0746
25611,6-6535
25612,6-0848
25613,4-6994
25614,2-4979
25615,4-6117
25616,2-3517
25617,7-9463
25618,5-2400
25619,2-4689
25620,4-8910
25621,6-3988
25622,2-8741
25623,5-6856
25624,3-4576
25625,1-7944
25626,1-8716
25627,8-5551
25628,2-5470
25629,6-2115
25630,8-7858
25631,1-5493
25632,8-4633
25633,4-3267
25634,2-6490
25635,4-5066
25636,4-0779
25637,4-5730
25638,6-3136
25639,1-8937
25640,8-0734
25641,4-6743
25642,4-6039
25643,5-6526
25644,7-6881
25645,4-7197
25646,3-5885
25647,4-0599
25648,2-9274
25649,3-6206
25650,8-7320
25651,3-8133
25652,7-3210
25653,5-2367
25654,6-8228
25655,7-7023
25656,3-0631
25657,4-3615
25658,4-4773
25659,8-7272
25660,1-3231
25661,2-7714
25662,3-4609
25663,8-7071
25664,5-9306
25665,5-3875
25666,2-1106
25667,5-4561
25668,8-1444
25669,8-9894
25670,3-7822
25671,6-3151
25672,3-8863
25673,6-9810
25674,3-5364
25675,4-8866
25676,5-7964
25677,5-9706
25678,5-4149
25679,2-2994
25680,3-9783
25681,1-7413
25682,5-4565
25683,2-8988
25684,1-8846
25685,5-1348
25686,7-8787
25687,5-7640
25688,2-9220
25689,5-5298
25690,5-7830
25691,4-1666
25692,1-8912
25693,5-3216
25694,2-4917
25695,6-0030
25696,1-3469
25697,5-8473
25698,1-3135
25699,7-5747
25700,3-4949
25701,2-8945
25702,5-5976
25703,5-2865
25704,6-6779
25705,7-0528
25706,8-1122
25707,1-5273
25708,8-4714
25709,6-2582
25710,6-9086
25711,5-5827
25712,2-0923
25713,3-3322
25714,4-2803
25715,4-1747
25716,8-8290
25717,1-7627
25718,1-3773
25719,8-1467
25720,2-3096
25721,2-5223
25722,5-3479
25723,1-2837
25724,2-8156
25725,4-7835
25726,3-3459
25727,4-1786
25728,5-7943
25729,5-5079
25730,8-7857
25731,3-4859
25732,7-7234
25733,5-3957
25734,3-3588
25735,3-9245
25736,6-9008
25737,8-1498
25738,2-6894
25739,8-0445
25740,8-4449
25741,1-3061
25742,3-6774
25743,6-4349
25744,5-5970
25745,7-7012
25746,8-7262
25747,5-9382
25748,5-2670
25749,5-7247
25750,8-8177
25751,4-4048
25752,4-9596
25753,4-6261
25754,8-8022
25755,2-0260
25756,8-8780
25757,5-6670
25758,5-5925
25759,7-8913
25760,7-1383
25761,6-9975
25762,7-5440
25763,5-6367
25764,6-5518
25765,3-3969
25766,1-8201
25767,8-4220
25768,2-2010
25769,8-0646
25770,2-2806
25771,7-3443
25772,4-5859
25773,3-9131
25774,8-0540
25775,5-1166
25776,5-6715
25777,8-0290
25778,7-6495
25779,6-8922
25780,7-7072
25781,4-5181
25782,1-5897
25783,4-3095
25784,4-3440
25785,2-5268
25786,5-1074
25787,6-8617
25788,7-9407
25789,8-2625
25790,1-8402
25791,1-6790
25792,7-2656
25793,6-8516
25794,8-6332
25795,2-4116
25796,3-8919
25797,4-5877
25798,6-9368
25799,4-2707
25800,7-6593
25801,5-5335
25802,5-4899
25803,3-5151
25804,8-7190
25805,8-2168
25806,3-5926
25807,8-4833
25808,3-4886
25809,5-2377
25810,7-0200
25811,8-7836
25812,8-7018
25813,1-2005
25814,3-5853
25815,5-3737
25816,3-7264
25817,7-2988
25818,6-6082
25819,1-3131
25820,1-1825
25821,8-6952
25822,4-0995
25823,6-0448
25824,6-0782
25825,5-1417
25826,3-2214
25827,5-5685
25828,6-8057
25829,7-6065
25830,8-6991
25831,4-9926
25832,5-4558
25833,3-8478
25834,1-6730
25835,3-2414
25836,6-7000
25837,5-4700
25838,1-9198
25839,5-3189
25840,7-0272
25841,6-7132
25842,5-5986
25843,2-8446
25844,1-9790
25845,3-7320
25846,3-7948
25847,6-5383
25848,6-3253
25849,4-5030
25850,5-9459
25851,7-6364
25852,5-1432
25853,6-6104
25854,2-9792
25855,4-6901
25856,8-4105
25857,1-8443
25858,3-3671
25859,8-8326
25860,6-4751
25861,2-7388
25862,5-5472
25863,6-7378
25864,4-0349
25865,5-0871
25866,6-1059
25867,5-0563
25868,6-0924
25869,6-3657
25870,8-7815
25871,4-3354
25872,1-3415
25873,1-5192
25874,2-8793
25875,6-0484
25876,5-9424
25877,8-6341
25878,6-7095
25879,8-8603
25880,5-4922
25881,4-7598
25882,3-5903
25883,2-0641
25884,3-9494
25885,1-5946
25886,2-2231
25887,7-6660
25888,6-9585
25889,1-4315
25890,4-6131
25891,3-4181
25892,1-6675
25893,7-5239
25894,8-2677
25895,1-4115
25896,8-4799
25897,1-5013
25898,1-8349
25899,5-5990
25900,6-8965
25901,3-2159
25902,4-5632
25903,5-0894
25904,6-9206
25905,2-9069
25906,7-8984
25907,1-5098
25908,5-6816
25909,2-0415
25910,8-7852
25911,8-9255
25912,6-0061
25913,4-7138
25914,6-6364
25915,7-7938
25916,6-4713
25917,2-9625
25918,5-5273
25919,2-7344
25920,8-3998
25921,1-2094
25922,4-0026
25923,5-8345
25924,1-0841
25925,5-2381
25926,3-2008
25927,2-7647
25928,6-0803
25929,8-3459
25930,3-9849
25931,7-2044
25932,7-6142
25933,8-2155
25934,7-5754
25935,6-9233
25936,4-7581
25937,3-8719
25938,3-8952
25939,4-1177
25940,1-4278
25941,5-1216
25942,8-5794
25943,3-9312
25944,6-4087
25945,7-8429
25946,3-1157
25947,1-8060
25948,7-5342
25949,5-5457
25950,3-9210
25951,4-0207
25952,1-3188
25953,7-5791
25954,8-8043
25955,4-8690
25956,8-3730
25957,3-9792
25958,8-2269
25959,4-2109
25960,5-6160
25961,2-5780
25962,2-0441
25963,6-6336
25964,6-1749
25965,1-9104
25966,4-9487
25967,1-6168
25968,3-2044
25969,3-6889
25970,1-6939
25971,4-9802
25972,7-0492
25973,1-9491
25974,2-8321
25975,5-5115
25976,1-6706
25977,8-6267
25978,7-0586
25979,7-9627
25980,8-3952
25981,8-9638
25982,5-7121
25983,6-4245
25984,6-1480
25985,7-0587
25986,3-5487
25987,8-5787
25988,4-1743
25989,2-1561
25990,8-6259
25991,8-1708
25992,3-7940
25993,5-2311
25994,7-5663
25995,7-9988
25996,3-1739
25997,1-2339
25998,6-8750
25999,6-7687
26000,3-6556
26001,5-4041
26002,2-2858
26003,3-2151
26004,6-4687
26005,1-7438
26006,5-0648
26007,7-3888
26008,2-0297
26009,8-2633
26010,5-8295
26011,8-1167
26012,8-1103
26013,3-7744
26014,3-7847
26015,2-2627
26016,7-1534
26017,3-7408
26018,2-7366
26019,7-6701
26020,8-0577
26021,4-2680
26022,4-8511
26023,4-2185
26024,1-2313
26025,7-3680
26026,2-6285
26027,4-6681
26028,8-0876
26029,4-9792
26030,6-6442
26031,5-6005
26032,6-1451
26033,3-0299
26034,2-1137
26035,8-5225
26036,4-0320
26037,4-6667
26038,8-8126
26039,5-4412
26040,2-3426
26041,8-4535
26042,2-3456
26043,4-6858
26044,2-9826
26045,7-3684
26046,3-3460
26047,4-1392
26048,2-8195
26049,7-4467
26050,4-6625
26051,5-3770
26052,2-2351
26053,1-5496
26054,8-5403
26055,6-0526
26056,6-0512
26057,3-3736
26058,1-9847
26059,5-4635
26060,8-9960
26061,8-6568
26062,4-3556
26063,4-4087
26064,1-5067
26065,8-3144
26066,7-9646
26067,6-7103
26068,8-1596
26069,6-5162
26070,4-4120
26071,2-4851
26072,7-0965
26073,5-5267
26074,3-1824
26075,2-1210
26076,2-3890
26077,4-0768
26078,4-0100
26079,7-7490
26080,4-2038
26081,5-5846
26082,7-3513
26083,4-9753
26084,2-2745
26085,8-4767
26086,8-6058
26087,1-9719
26088,2-2525
26089,7-6352
26090,1-1336
26091,6-9773
26092,7-5599
26093,4-9647
26094,6-9579
26095,8-4603
26096,7-4598
26097,6-9315
26098,3-3158
26099,8-1315
26100,8-3492
26101,5-3417
26102,5-3695
26103,3-7494
26104,3-1123
26105,6-9072
26106,1-5776
26107,8-8006
26108,2-6498
26109,7-1227
26110,2-9727
26111,3-9663
26112,8-6928
26113,2-4037
26114,2-9954
26115,6-8218
26116,3-9608
26117,2-4767
26118,3-9404
26119,6-4436
26120,8-0074
26121,4-2458
26122,2-6115
26123,4-4980
26124,3-3591
26125,5-8408
26126,8-4972
26127,3-2943
26128,1-2395
26129,5-4018
26130,6-4333
26131,8-3041
26132,6-7148
26133,3-8261
26134,8-4408
26135,8-1012
26136,3-6737
26137,1-3408
26138,6-1037
26139,3-5191
26140,5-5627
26141,1-7161
26142,4-8739
26143,4-5318
26144,1-0844
26145,3-3213
26146,5-6736
26147,8-4343
26148,5-1526
26149,3-7457
26150,8-1110
26151,5-1793
26152,1-8995
26153,6-9839
26154,5-3849
26155,3-6787
26156,3-5555
26157,3-4666
26158,7-8593
26159,2-5601
26160,1-3645
26161,4-4202
26162,4-8979
26163,8-6738
26164,3-3045
26165,8-0168
26166,5-7468
26167,6-0032
26168,8-3540
26169,3-3867
26170,7-8259
26171,7-2327
26172,5-0993
26173,2-3186
26174,7-7893
26175,8-2560
26176,5-1470
26177,6-3614
26178,6-2958
26179,5-2556
26180,3-4227
26181,2-9434
26182,2-7770
26183,7-9142
26184,5-5039
26185,1-9838
26186,3-8458
26187,5-6307
26188,8-2872
26189,8-1269
26190,5-9201
26191,3-2731
26192,7-6444
26193,4-8960
26194,2-7604
26195,6-7519
26196,1-2850
26197,5-2135
26198,8-4131
26199,5-9176
26200,4-7098
26201,8-6652
26202,2-5772
26203,5-7832
26204,5-2159
26205,1-7606
26206,8-4993
26207,3-8557
26208,5-7838
26209,5-9796
26210,6-0331
26211,4-9143
26212,6-3380
26213,8-9363
26214,7-2069
26215,6-0915
26216,5-9199
26217,3-3304
26218,2-8634
26219,8-3533
26220,6-7259
26221,7-1933
26222,4-4631
26223,2-0230
26224,3-3031
26225,1-7773
26226,4-1997
26227,4-6896
26228,7-1775
26229,3-2518
26230,1-5494
26231,2-1123
26232,7-5468
26233,8-7542
26234,6-1973
26235,3-0643
26236,7-9979
26237,7-5095
26238,4-3085
26239,6-8777
26240,8-0146
26241,7-4235
26242,2-7118
26243,8-7919
26244,6-2936
26245,2-5459
26246,8-6806
26247,7-8525
26248,5-4683
26249,8-8776
26250,3-4273
26251,7-9528
26252,1-7019
26253,6-4374
26254,6-8118
26255,5-5424
26256,2-6972
26257,5-6261
26258,6-5369
26259,4-2809
26260,6-1080
26261,4-8378
26262,4-6660
26263,6-2035
26264,7-1535
26265,3-9646
26266,7-1063
26267,6-0243
26268,2-1102
26269,4-7708
26270,2-7610
26271,1-7060
26272,5-2709
26273,1-3113
26274,2-5298
26275,8-6258
26276,6-2357
26277,7-6412
26278,2-6160
26279,4-5687
26280,8-7450
26281,8-6996
26282,1-6093
26283,6-0113
26284,8-2705
26285,5-2585
26286,4-8053
26287,3-1794
26288,5-7913
26289,5-0334
26290,5-2108
26291,1-8458
26292,8-7225
26293,2-4703
26294,4-5496
26295,7-4433
26296,3-1182
26297,4-2871
26298,3-5422
26299,6-7008
26300,1-7332
26301,8-1081
26302,1-4869
26303,2-3068
26304,5-7528
26305,5-7790
26306,3-0457
26307,7-4004
26308,3-9651
26309,2-0364
26310,1-1944
26311,1-2185
26312,5-4362
26313,2-7882
26314,5-8939
26315,5-2084
26316,8-6873
26317,8-0006
26318,4-9080
26319,8-4840
26320,4-5252
26321,4-6027
26322,4-3817
26323,6-6164
26324,3-9249
26325,1-0924
26326,6-4509
26327,4-1806
26328,8-6139
26329,3-1493
26330,3-0761
26331,1-5184
26332,7-7390
26333,8-1527
26334,2-0738
26335,1-9280
26336,8-5616
26337,4-6962
26338,6-0801
26339,4-3120
26340,7-9949
26341,4-7156
26342,1-1263
26343,3-6749
26344,2-6713
26345,5-2665
26346,1-3209
26347,2-0254
26348,7-7491
26349,5-9319
26350,5-1083
26351,5-6772
26352,4-8046
26353,7-0400
26354,6-6055
26355,8-7026
26356,3-5272
26357,1-6713
26358,7-0997
26359,3-9463
26360,2-6633
26361,8-4853
26362,3-9305
26363,5-4050
26364,5-6588
26365,6-5914
26366,2-3601
26367,4-6525
26368,2-7205
26369,3-6923
26370,2-2486
26371,6-0288
26372,2-4381
26373,2-1783
26374,1-4544
26375,4-6242
26376,7-9611
26377,5-3453
26378,6-0054
26379,2-9608
26380,6-7676
26381,3-9784
26382,8-2529
26383,3-4781
26384,4-8774
26385,5-6893
26386,6-0245
26387,7-0909
26388,4-0319
26389,7-1428
26390,5-4467
26391,8-3553
26392,4-8506
26393,8-7760
26394,3-7045
26395,3-7564
26396,7-7805
26397,3-1009
26398,6-4504
26399,4-4805
26400,5-7870
26401,5-7418
26402,7-6350
26403,2-5927
26404,2-2340
26405,5-4006
26406,2-9457
26407,8-3334
26408,7-0160
26409,7-2521
26410,3-8674
26411,1-0867
26412,5-8278
26413,6-2278
26414,7-7996
26415,6-1414
26416,7-7250
26417,8-0916
26418,7-3821
26419,4-3168
26420,2-2959
26421,1-4567
26422,5-5196
26423,3-6072
26424,4-7542
26425,5-3067
26426,5-9853
26427,2-4299
26428,2-9465
26429,6-4903
26430,1-7111
26431,2-7098
26432,6-9734
26433,7-5768
26434,3-5702
26435,2-4648
26436,2-3733
26437,7-2234
26438,5-5926
26439,8-8138
26440,8-5015
26441,2-4924
26442,3-1959
26443,6-7565
26444,1-6434
26445,2-8237
26446,6-7269
26447,3-0446
26448,8-9269
26449,6-1257
26450,3-2776
26451,5-1271
26452,4-5510
26453,5-2427
26454,5-4214
26455,4-3754
26456,8-8616
26457,2-8337
26458,5-3969
26459,5-9841
26460,6-0557
26461,7-1007
26462,7-5812
26463,7-8841
26464,5-7195
26465,5-3851
26466,6-5855
26467,5-1650
26468,3-9712
26469,8-8821
26470,1-6583
26471,8-1453
26472,5-5583
26473,8-8107
26474,5-8436
26475,8-7855
26476,3-5959
26477,8-1145
26478,5-3539
26479,7-2674
26480,6-7930
26481,2-5125
26482,1-7986
26483,4-5243
26484,6-5206
26485,2-8742
26486,4-2347
26487,1-9180
26488,6-7960
26489,7-9718
26490,1-4349
26491,3-4493
26492,8-9569
26493,8-6750
26494,3-8682
26495,5-4378
26496,2-0203
26497,8-8609
26498,5-5839
26499,6-5933
26500,3-2595
26501,4-6691
26502,8-5093
26503,1-9960
26504,3-7326
26505,3-8001
26506,1-3687
26507,2-1041
26508,4-9327
26509,1-0105
26510,1-5418
26511,5-8116
26512,1-1457
26513,1-4658
26514,8-4450
26515,8-7428
26516,8-7829
26517,2-4020
26518,4-7432
26519,6-7619
26520,2-9765
26521,2-4956
26522,7-1423
26523,7-3640
26524,2-3967
26525,7-3508
26526,1-6127
26527,4-7337
26528,1-9186
26529,2-0019
26530,6-0024
26531,5-6402
26532,6-0898
26533,2-2138
26534,2-2287
26535,6-4357
26536,8-7873
26537,3-9846
26538,4-9013
26539,8-4245
26540,8-6515
26541,2-1255
26542,2-1390
26543,6-9658
26544,2-2833
26545,7-6008
26546,4-7999
26547,2-5388
26548,6-1806
26549,8-0990
26550,4-4325
26551,5-8102
26552,5-6064
26553,6-6474
26554,3-2498
26555,5-3964
26556,8-4745
26557,6-7573
26558,8-0509
26559,6-5119
26560,6-2471
26561,7-8215
26562,8-2759
26563,4-0730
26564,7-7737
26565,1-3105
26566,1-2227
26567,3-1769
26568,6-9235
26569,7-7632
26570,7-7634
26571,3-7731
26572,2-8723
26573,2-9736
26574,4-1869
26575,3-8807
26576,8-0578
26577,7-1477
26578,5-3530
26579,3-0456
26580,5-2598
26581,3-1402
26582,8-5322
26583,5-9200
26584,5-6284
26585,3-3900
26586,3-1198
26587,3-0739
26588,6-6469
26589,8-2781
26590,8-0773
26591,8-4814
26592,3-4335
26593,1-4464
26594,8-2101
26595,5-7098
26596,2-7861
26597,3-1483
26598,2-0829
26599,5-8064
26600,4-0980
26601,6-3163
26602,6-2012
26603,2-0945
26604,2-3769
26605,4-5597
26606,8-4308
26607,4-5541
26608,8-9992
26609,7-4156
26610,7-5813
26611,5-6559
26612,1-9850
26613,7-8551
26614,7-6564
26615,2-7632
26616,3-5927
26617,2-9268
26618,5-5145
26619,1-8727
26620,4-5239
26621,4-2110
26622,5-7885
26623,7-2177
26624,2-7131
26625,7-8970
26626,2-1957
26627,6-3049
26628,3-6960
26629,2-9552
26630,2-1405
26631,6-9122
26632,8-3374
26633,7-0887
26634,2-8240
26635,5-7703
26636,7-7433
26637,8-9670
26638,7-3467
26639,5-9665
26640,1-6219
26641,8-4159
26642,4-5117
26643,5-3660
26644,2-5060
26645,1-2416
26646,4-1656
26647,3-3089
26648,3-9643
26649,3-5606
26650,6-3321
26651,2-0522
26652,2-1609
26653,6-5523
26654,1-9505
26655,8-8162
26656,3-5610
26657,2-8191
26658,5-3987
26659,1-7875
26660,1-8606
26661,7-6766
26662,6-9965
26663,7-7218
26664,5-2756
26665,6-5060
26666,5-4821
26667,4-3762
26668,3-8475
26669,3-9818
26670,2-9068
26671,1-9096
26672,1-7927
26673,3-4700
26674,8-8985
26675,2-5528
26676,8-1050
26677,4-9929
26678,5-3510
26679,5-1591
26680,8-0544
26681,4-9265
26682,3-3179
26683,2-7249
26684,2-4790
26685,5-9983
26686,2-8293
26687,8-1232
26688,6-8813
26689,6-0630
26690,6-7330
26691,5-0442
26692,4-3379
26693,4-2243
26694,5-8738
26695,3-6637
26696,5-7188
26697,6-9901
26698,4-6411
26699,3-3604
26700,5-5146
26701,6-0043
26702,2-1085
26703,8-3510
26704,2-5840
26705,4-4421
26706,8-1094
26707,8-2743
26708,4-5579
26709,8-7132
26710,1-6128
26711,1-2258
26712,2-7837
26713,1-1126
26714,3-1578
26715,5-2252
26716,6-5168
26717,7-9956
26718,3-3433
26719,5-5165
26720,5-3312
26721,1-4736
26722,7-1993
26723,8-1639
26724,3-9025
26725,4-7241
26726,8-4169
26727,7-7104
26728,4-8415
26729,2-3693
26730,7-9917
26731,4-6655
26732,2-5180
26733,2-9554
26734,6-0083
26735,2-1403
26736,8-2528
26737,8-8272
26738,3-2050
26739,6-3796
26740,4-2379
26741,3-4404
26742,8-6075
26743,6-2354
26744,8-9209
26745,5-8083
26746,8-9346
26747,3-6473
26748,5-3433
26749,5-4946
26750,1-3393
26751,7-8200
26752,7-4216
26753,3-2794
26754,5-1586
26755,8-5066
26756,6-6612
26757,5-1992
26758,4-7755
26759,3-2228
26760,5-4103
26761,5-1582
26762,7-3936
26763,5-4090
26764,1-0592
26765,3-8020
26766,1-3019
26767,2-2880
26768,4-8588
26769,7-0169
26770,1-3598
26771,1-8648
26772,1-5158
26773,3-8164
26774,7-9873
26775,1-8312
26776,1-4201
26777,1-9845
26778,3-2624
26779,2-6784
26780,6-6285
26781,1-8847
26782,4-4387
26783,5-7268
26784,2-2167
26785,7-7152
26786,5-4582
26787,2-8865
26788,5-7107
26789,6-0730
26790,5-3071
26791,7-5113
26792,6-8465
26793,8-3743
26794,2-1447
26795,1-3806
26796,1-4231
26797,5-8695
26798,8-7221
26799,5-0491
26800,1-5167
26801,6-3254
26802,4-5868
26803,1-7889
26804,3-9861
26805,3-9751
26806,7-8507
26807,4-0467
26808,2-7557
26809,4-9051
26810,1-4221
26811,4-1990
26812,1-2455
26813,6-4943
26814,4-2152
26815,6-1797
26816,4-4789
26817,5-9070
26818,5-5059
26819,8-5661
26820,2-7537
26821,8-7691
26822,1-4333
26823,5-4282
26824,1-8713
26825,6-7716
26826,2-2932
26827,6-3414
26828,4-1472
26829,4-7863
26830,1-6043
26831,5-0566
26832,7-2699
26833,4-8447
26834,6-4278
26835,4-0567
26836,5-0570
26837,8-9725
26838,7-0251
26839,8-2949
26840,6-1115
26841,6-3944
26842,4-3326
26843,3-0474
26844,7-4815
26845,8-6435
26846,7-1739
26847,7-0855
26848,8-9830
26849,2-8673
26850,5-6514
26851,4-2659
26852,7-4124
26853,8-1577
26854,7-5624
26855,8-1085
26856,1-7437
26857,7-5345
26858,3-5602
26859,5-2652
26860,5-5998
26861,8-5319
26862,6-8598
26863,3-3040
26864,8-6238
26865,4-8982
26866,4-9160
26867,6-5102
26868,8-6066
26869,5-0719
26870,5-3968
26871,4-2288
26872,8-9184
26873,3-1767
26874,2-9555
26875,6-6020
26876,1-1938
26877,3-5861
26878,4-6957
26879,4-4508
26880,6-2979
26881,5-7719
26882,2-0080
26883,1-1055
26884,2-0238
26885,6-9615
26886,7-0337
26887,7-5025
26888,8-5821
26889,3-0986
26890,4-1223
26891,7-4822
26892,7-8534
26893,2-4593
26894,7-5245
26895,3-7186
26896,5-6004
26897,4-4014
26898,4-3826
26899,3-3592
26900,4-6801
26901,8-1993
26902,4-7193
26903,1-6494
26904,8-0524
26905,4-7840
26906,2-4734
26907,2-0574
26908,6-2964
26909,3-5800
26910,2-6851
26911,8-8105
26912,6-1194
26913,7-5835
26914,1-3911
26915,6-2205
26916,5-1116
26917,7-9678
26918,6-2463
26919,3-9023
26920,2-0307
26921,8-4453
26922,1-9792
26923,2-3860
26924,2-6835
26925,7-6203
26926,8-7481
26927,5-7777
26928,8-9127
26929,4-0656
26930,1-5621
26931,7-6706
26932,6-9253
26933,4-2271
26934,5-0329
26935,5-4297
26936,5-1369
26937,8-1187
26938,1-4207
26939,7-6024
26940,1-5260
26941,8-8247
26942,8-3372
26943,5-4963
26944,7-1505
26945,8-1486
26946,3-2231
26947,7-6587
26948,6-5421
26949,2-0479
26950,5-6798
26951,4-6162
26952,3-6458
26953,8-6735
26954,1-0918
26955,8-6421
26956,8-5754
26957,7-9314
26958,1-9625
26959,7-0450
26960,7-5713
26961,5-0027
26962,5-3581
26963,4-4022
26964,5-1014
26965,8-8190
26966,7-4033
26967,7-0042
26968,4-4880
26969,2-6857
26970,7-7582
26971,6-3673
26972,1-0312
26973,1-4901
26974,6-5774
26975,8-5181
26976,6-2525
26977,6-7256
26978,4-0887
26979,4-1388
26980,3-7551
26981,8-5105
26982,7-7480
26983,3-3296
26984,1-6148
26985,8-8961
26986,5-8122
26987,5-6302
26988,4-6262
26989,8-0437
26990,7-6776
26991,1-9103
26992,6-5764
26993,7-3216
26994,8-4276
26995,8-3716
26996,3-5165
26997,7-0136
26998,4-7868
26999,8-7781
27000,5-4670
27001,3-5126
27002,3-4744
27003,5-5886
27004,4-0090
27005,1-3299
27006,1-8769
27007,8-5174
27008,6-2624
27009,8-4786
27010,8-4818
27011,5-7775
27012,7-1084
27013,7-3293
27014,4-9608
27015,3-3663
27016,5-9628
27017,7-9172
27018,6-4397
27019,6-3801
27020,6-3905
27021,2-1526
27022,3-8051
27023,2-8328
27024,8-7451
27025,3-8465
27026,2-9279
27027,8-8011
27028,1-1899
27029,4-5450
27030,7-0389
27031,6-8530
27032,1-3184
27033,1-3092
27034,5-5010
27035,1-3155
27036,3-7247
27037,8-2874
27038,4-7267
27039,4-9322
27040,4-5991
27041,3-3242
27042,7-2216
27043,7-3296
27044,1-4136
27045,4-1003
27046,4-0056
27047,2-5037
27048,6-6391
27049,5-6857
27050,7-5292
27051,6-1240
27052,3-9901
27053,7-8930
27054,3-5275
27055,6-8643
27056,5-7912
27057,6-5694
27058,2-1999
27059,7-4515
27060,6-9695
27061,1-3496
27062,5-3500
27063,4-6755
27064,7-8860
27065,1-8217
27066,8-0572
27067,6-0830
27068,6-0825
27069,4-8595
27070,7-3090
27071,8-0200
27072,1-7720
27073,8-7685
27074,8-4386
27075,1-1829
27076,6-1114
27077,5-6524
27078,5-3081
27079,6-3261
27080,8-3731
27081,4-4579
27082,5-5909
27083,5-7085
27084,4-9497
27085,4-0440
27086,2-8647
27087,6-0794
27088,1-1147
27089,2-3472
27090,1-0098
27091,7-3723
27092,7-4655
27093,6-7068
27094,6-0682
27095,8-7096
27096,2-2492
27097,5-7752
27098,4-9275
27099,7-6889
27100,8-4135
27101,3-2921
27102,7-9733
27103,6-2299
27104,3-5963
27105,4-1004
27106,4-5169
27107,1-9420
27108,5-4029
27109,6-7174
27110,1-8748
27111,6-8429
27112,6-5765
27113,7-0435
27114,1-0652
27115,6-8227
27116,3-3715
27117,3-6114
27118,5-6428
27119,1-9210
27120,2-0376
27121,3-8299
27122,3-7353
27123,5-9036
27124,2-0699
27125,1-4826
27126,2-7827
27127,6-1146
27128,3-7680
27129,1-5812
27130,4-8685
27131,3-3998
27132,5-5046
27133,5-9669
27134,6-1537
27135,4-0744
27136,4-6139
27137,3-9033
27138,3-2090
27139,4-4818
27140,3-7605
27141,1-6403
27142,5-2999
27143,1-9427
27144,5-1326
27145,2-4111
27146,4-7262
27147,3-1863
27148,3-0829
27149,1-8516
27150,4-4054
27151,6-2246
27152,2-4429
27153,8-4068
27154,8-8517
27155,5-0368
27156,3-9373
27157,1-8834
27158,2-3749
27159,7-0346
27160,6-0460
27161,2-6507
27162,1-0983
27163,1-7277
27164,7-2312
27165,1-3686
27166,5-5604
27167,6-0334
27168,8-8178
27169,2-7724
27170,8-4987
27171,4-0244
27172,4-2313
27173,2-4173
27174,8-4263
27175,2-2825
27176,6-8896
27177,8-0605
27178,8-2005
27179,5-3497
27180,7-2248
27181,6-2060
27182,3-6347
27183,7-8905
27184,3-9759
27185,8-7503
27186,8-6417
27187,6-9938
27188,4-3782
27189,7-6245
27190,1-5572
27191,4-6165
27192,8-0446
27193,3-0879
27194,3-5399
27195,4-7247
27196,1-0877
27197,8-8704
27198,2-9116
27199,4-4609
27200,1-8835
27201,1-7839
27202,1-7236
27203,1-1452
27204,4-0773
27205,1-5163
27206,4-2432
27207,1-7302
27208,5-1430
27209,3-4991
27210,5-1516
27211,1-8482
27212,2-1824
27213,3-0742
27214,2-6368
27215,8-0293
27216,4-1036
27217,4-3513
27218,2-1080
27219,1-7688
27220,5-1535
27221,7-6321
27222,7-4869
27223,3-1744
27224,1-8659
27225,7-3566
27226,8-3960
27227,7-5118
27228,6-6054
27229,1-4668
27230,5-3888
27231,2-6475
27232,2-1898
27233,4-3141
27234,7-9653
27235,8-2604
27236,3-1103
27237,8-2572
27238,6-3306
27239,3-8522
27240,3-1928
27241,8-3646
27242,7-8281
27243,7-7434
27244,5-5198
27245,6-2073
27246,1-7574
27247,5-8532
27248,7-6645
27249,2-8055
27250,6-2563
27251,7-0870
27252,7-0850
27253,7-2087
27254,5-6578
27255,5-6260
27256,8-8202
27257,7-6327
27258,4-4299
27259,7-7133
27260,6-1506
27261,2-1844
27262,1-4906
27263,5-0970
27264,3-0882
27265,6-9668
27266,5-1797
27267,5-7717
27268,6-8484
27269,4-9081
27270,3-9542
27271,5-6336
27272,2-1531
27273,6-8200
27274,2-5326
27275,8-4617
27276,3-3400
27277,6-9117
27278,2-7554
27279,5-5122
27280,5-0333
27281,6-5351
27282,3-6386
27283,4-3957
27284,2-5819
27285,5-8756
27286,5-0162
27287,7-7037
27288,1-3747
27289,8-0635
27290,2-0353
27291,3-4486
27292,8-4846
27293,5-4768
27294,4-0466
27295,6-5242
27296,4-4927
27297,6-4672
27298,5-5773
27299,4-5113
27300,1-9897
27301,2-1682
27302,6-5754
27303,1-5660
27304,1-0029
27305,6-8038
27306,2-2762
27307,7-3389
27308,8-5843
27309,7-1964
27310,8-9450
27311,7-4911
27312,8-6469
27313,4-7125
27314,7-0957
27315,3-9461
27316,2-8843
27317,1-0823
27318,6-6069
27319,2-4174
27320,1-4730
27321,2-8329
27322,2-2041
27323,7-2808
27324,7-1123
27325,6-3553
27326,4-5190
27327,3-1395
27328,4-0186
27329,8-7341
27330,1-5616
27331,5-5105
27332,2-6189
27333,5-4597
27334,4-3794
27335,7-4152
27336,1-6775
27337,6-6340
27338,2-1699
27339,4-5827
27340,6-2589
27341,4-0357
27342,2-9496
27343,2-5450
27344,6-2647
27345,4-6468
27346,6-3963
27347,2-9890
27348,6-3235
27349,1-7134
27350,8-5171
27351,6-5425
27352,8-4783
27353,6-7779
27354,4-6991
27355,3-4062
27356,3-7812
27357,6-5306
27358,4-1589
27359,7-0189
27360,2-9056
27361,2-1651
27362,6-0566
27363,3-8045
27364,2-2535
27365,8-1970
27366,8-3252
27367,2-6350
27368,7-5216
27369,2-9149
27370,3-3320
27371,8-7911
27372,6-5367
27373,6-2208
27374,6-2312
27375,8-6683
27376,2-7142
27377,1-9058
27378,8-2750
27379,4-8268
27380,6-8264
27381,6-5445
27382,5-2545
27383,7-9171
27384,3-9813
27385,4-4217
27386,4-0182
27387,6-5859
27388,8-4824
27389,4-4702
27390,6-9057
27391,7-0366
27392,5-4977
27393,7-0859
27394,5-1821
27395,5-0944
27396,5-5520
27397,7-2718
27398,3-1200
27399,5-4014
27400,3-6003
27401,5-0195
27402,2-0844
27403,3-8145
27404,4-0473
27405,6-0846
27406,8-2335
27407,1-6732
27408,7-3808
27409,2-4671
27410,8-2174
27411,4-4160
27412,2-7333
27413,4-6066
27414,8-6110
27415,2-9928
27416,2-0839
27417,1-3529
27418,5-8845
27419,8-7002
27420,8-8680
27421,6-2183
27422,2-1989
27423,8-4009
27424,3-0855
27425,1-3795
27426,4-6853
27427,1-3294
27428,8-9623
27429,8-6820
27430,7-6285
27431,2-7441
27432,3-9986
27433,7-8063
27434,7-3107
27435,7-9901
27436,2-0864
27437,1-6803
27438,1-9586
27439,5-3213
27440,8-6709
27441,2-1388
27442,4-5656
27443,7-4206
27444,4-1461
27445,6-8316
27446,7-3171
27447,1-9901
27448,6-7303
27449,1-0788
27450,1-2447
27451,7-4486
27452,2-6061
27453,3-1460
27454,3-6244
27455,2-3900
27456,3-5970
27457,3-1013
27458,3-4721
27459,7-6654
27460,2-6934
27461,6-0468
27462,8-6837
27463,2-3035
27464,2-6233
27465,6-7177
27466,6-7749
27467,4-9756
27468,4-9427
27469,1-4842
27470,3-5681
27471,8-5275
27472,6-6598
27473,8-0212
27474,5-0855
27475,4-7821
27476,4-5351
27477,7-5674
27478,8-3136
27479,2-9225
27480,6-7587
27481,1-0676
27482,3-8258
27483,1-1032
27484,8-7331
27485,3-6245
27486,7-4106
27487,1-7780
27488,4-6120
27489,6-6585
27490,5-3194
27491,1-4684
27492,7-1990
27493,1-9350
27494,6-5142
27495,2-5163
27496,2-3687
27497,4-6184
27498,6-6464
27499,2-5634
27500,5-0558
27501,7-4719
27502,8-8826
27503,6-3073
27504,7-9629
27505,3-3186
27506,2-2353
27507,4-6129
27508,8-2297
27509,3-3284
27510,6-6084
27511,6-6259
27512,6-6066
27513,6-6416
27514,4-3034
27515,4-3707
27516,7-1530
27517,8-5918
27518,3-0958
27519,4-6872
27520,8-3708
27521,8-1078
27522,1-5783
27523,3-3298
27524,8-1957
27525,4-5457
27526,1-0935
27527,7-5664
27528,3-8096
27529,2-4802
27530,1-1468
27531,8-9495
27532,6-8207
27533,1-2640
27534,7-9451
27535,2-7417
27536,4-4556
27537,5-1968
27538,1-5211
27539,8-2394
27540,5-4933
27541,4-2910
27542,5-0615
27543,3-4110
27544,6-7560
27545,2-3606
27546,7-0634
27547,3-0982
27548,8-2326
27549,1-7934
27550,7-6956
27551,6-6173
27552,8-0081
27553,6-9030
27554,2-9626
27555,2-7088
27556,4-8156
27557,7-1219
27558,1-0548
27559,4-8900
27560,3-9240
27561,7-2890
27562,2-0682
27563,5-5821
27564,6-6737
27565,2-6102
27566,4-0939
27567,8-6168
27568,6-8469
27569,3-5935
27570,6-1542
27571,8-7777
27572,6-5494
27573,4-9807
27574,4-5621
27575,5-5434
27576,1-1384
27577,2-6240
27578,1-8193
27579,2-4714
27580,8-1582
27581,4-0639
27582,5-0604
27583,2-3451
27584,8-2725
27585,7-9513
27586,6-7333
27587,1-3966
27588,3-9523
27589,4-3349
27590,8-6481
27591,4-7341
27592,4-0192
27593,6-9809
27594,1-9623
27595,1-0247
27596,2-0111
27597,1-5876
27598,1-2834
27599,5-0013
27600,5-2268
27601,4-5334
27602,6-8033
27603,7-0439
27604,6-0798
27605,5-4429
27606,6-3840
27607,1-2588
27608,3-2857
27609,5-0753
27610,2-3754
27611,5-7151
27612,5-0737
27613,8-5360
27614,5-6721
27615,2-4082
27616,6-7695
27617,4-5287
27618,1-9325
27619,3-6939
27620,6-1161
27621,3-1573
27622,8-6801
27623,8-3968
27624,4-4340
27625,3-3863
27626,2-6573
27627,4-7450
27628,6-8651
27629,1-7854
27630,8-3073
27631,7-2135
27632,5-7851
27633,5-9573
27634,8-9747
27635,4-7568
27636,3-6942
27637,2-2191
27638,2-9383
27639,8-5460
27640,4-6301
27641,3-2524
27642,1-6967
27643,5-0502
27644,4-1908
27645,3-1051
27646,3-0003
27647,3-3069
27648,6-3104
27649,7-4127
27650,3-8431
27651,6-2222
27652,8-9169
27653,6-9945
27654,4-2064
27655,5-8671
27656,2-8822
27657,8-8873
27658,8-8466
27659,3-8089
27660,2-5275
27661,8-5348
27662,8-3635
27663,3-7852
27664,5-9205
27665,4-4634
27666,1-5051
27667,4-2082
27668,2-5439
27669,7-5143
27670,3-4818
27671,6-9707
27672,2-0937
27673,1-1443
27674,5-3498
27675,3-5215
27676,7-2605
27677,8-9164
27678,2-4055
27679,2-9642
27680,2-0190
27681,5-0069
27682,2-2701
27683,7-1205
27684,5-2103
27685,7-3131
27686,4-1382
27687,6-9856
27688,6-7475
27689,3-4255
27690,5-3289
27691,5-0858
27692,6-6218
27693,1-4403
27694,2-1714
27695,3-0841
27696,4-8952
27697,6-2791
27698,8-2752
27699,2-1636
27700,7-4097
27701,8-8187
27702,6-4235
27703,6-8609
27704,7-3097
27705,8-9148
27706,2-7900
27707,1-0093
27708,4-3250
27709,8-6617
27710,5-5979
27711,3-5059
27712,5-5514
27713,6-8995
27714,1-9725
27715,2-3704
27716,7-0360
27717,3-4710
27718,1-9890
27719,5-1085
27720,5-3469
27721,8-8397
27722,2-0860
27723,6-1874
27724,6-8255
27725,5-8659
27726,7-6019
27727,2-2147
27728,5-6227
27729,6-5605
27730,1-3930
27731,8-1795
27732,5-5262
27733,5-5614
27734,1-3649
27735,6-2737
27736,8-0525
27737,7-1117
27738,2-5839
27739,2-4869
27740,7-8288
27741,6-2948
27742,6-1549
27743,4-5240
27744,6-2058
27745,3-1685
27746,1-7919
27747,7-8416
27748,2-3282
27749,7-8816
27750,7-3572
27751,3-8194
27752,3-6123
27753,6-1779
27754,7-6026
27755,7-5615
27756,4-7451
27757,2-5703
27758,2-5156
27759,6-3642
27760,6-4180
27761,5-9024
27762,2-7481
27763,7-0363
27764,3-3287
27765,6-5535
27766,4-2490
27767,4-3514
27768,4-7431
27769,6-4825
27770,5-6570
27771,3-5488
27772,7-3017
27773,6-3135
27774,8-2010
27775,2-7938
27776,7-5257
27777,7-4550
27778,6-8362
27779,2-3443
27780,5-8507
27781,4-9896
27782,5-5163
27783,1-7942
27784,8-5389
27785,7-8046
27786,7-3755
27787,7-4590
27788,3-2886
27789,1-4430
27790,7-7242
27791,3-8483
27792,2-8473
27793,2-5742
27794,4-6132
27795,2-6695
27796,2-2940
27797,4-7533
27798,8-9735
27799,8-7402
27800,2-7328
27801,6-1778
27802,5-4495
27803,6-7520
27804,7-7556
27805,7-7118
27806,5-4415
27807,8-9942
27808,7-2295
27809,6-1058
27810,7-5138
27811,2-0305
27812,5-7713
27813,7-9607
27814,3-6957
27815,1-7485
27816,7-0260
27817,5-4596
27818,8-4437
27819,1-6856
27820,5-5072
27821,3-6477
27822,3-6675
27823,2-0346
27824,5-7379
27825,7-7161
27826,4-7327
27827,1-5351
27828,5-5746
27829,7-0683
27830,5-1940
27831,8-3424
27832,5-5948
27833,7-0175
27834,7-9108
27835,8-1087
27836,4-4693
27837,6-1283
27838,6-7969
27839,6-1174
27840,8-5547
27841,8-7658
27842,1-2902
27843,3-4541
27844,7-9830
27845,6-3462
27846,3-8982
27847,1-6321
27848,7-7540
27849,3-4445
27850,7-7311
27851,4-2079
27852,2-2582
27853,2-1401
27854,7-7569
27855,2-4727
27856,5-7180
27857,3-6769
27858,5-6647
27859,8-2247
27860,4-5163
27861,6-0777
27862,3-5092
27863,7-4318
27864,1-3525
27865,8-4990
27866,2-1965
27867,3-3622
27868,8-3608
27869,2-8750
27870,6-5884
27871,4-5637
27872,4-2349
27873,7-0479
27874,3-8787
27875,5-2703
27876,6-2784
27877,4-7763
27878,2-3114
27879,6-8943
27880,1-4978
27881,5-5224
27882,3-2265
27883,4-9951
27884,5-5167
27885,1-1910
27886,2-6523
27887,8-2456
27888,6-8690
27889,3-9273
27890,5-8546
27891,2-4031
27892,5-1890
27893,6-7550
27894,8-3738
27895,7-6717
27896,5-8637
27897,3-5026
27898,7-0465
27899,6-4821
27900,8-7614
27901,3-7252
27902,6-6655
27903,8-5240
27904,8-3536
27905,6-3872
27906,8-9137
27907,8-8575
27908,2-3123
27909,1-3309
27910,5-5499
27911,2-2081
27912,8-5337
27913,2-5807
27914,7-3837
27915,6-7452
27916,2-1484
27917,1-3388
27918,7-2370
27919,3-1546
27920,4-6769
27921,6-9201
27922,6-4983
27923,8-3868
27924,3-2986
27925,1-3880
27926,5-6414
27927,2-4473
27928,8-1089
27929,1-3510
27930,8-1716
27931,4-0047
27932,7-7295
27933,7-9675
27934,5-9974
27935,3-4005
27936,2-0557
27937,1-0753
27938,4-5771
27939,5-0220
27940,4-6824
27941,8-3018
27942,8-4644
27943,5-2813
27944,5-5222
27945,2-1468
27946,3-9460
27947,2-8314
27948,6-6079
27949,2-0972
27950,6-4932
27951,7-8832
27952,2-2514
27953,8-9845
27954,4-7397
27955,6-1012
27956,4-3373
27957,1-3677
27958,6-6919
27959,1-5298
27960,3-1178
27961,4-8582
27962,2-7105
27963,7-6163
27964,2-2323
27965,6-3201
27966,2-3188
27967,1-0295
27968,7-5195
27969,8-0991
27970,4-0507
27971,3-7581
27972,4-4911
27973,4-9830
27974,6-5122
27975,4-6202
27976,6-7056
27977,4-9197
27978,7-2739
27979,4-4100
27980,4-9557
27981,5-5061
27982,5-8751
27983,5-1392
27984,7-3544
27985,8-9668
27986,1-9536
27987,8-4329
27988,2-7944
27989,7-1693
27990,4-2074
27991,2-0381
27992,7-3851
27993,8-0474
27994,2-8623
27995,8-8431
27996,1-6859
27997,2-5573
27998,5-9370
27999,8-8144
28000,4-0309
28001,7-3894
28002,2-5934
28003,3-3636
28004,3-2313
28005,1-6860
28006,5-1260
28007,3-3864
28008,5-8409
28009,3-3770
28010,4-3696
28011,2-5729
28012,2-8015
28013,1-9889
28014,1-4447
28015,3-9139
28016,7-2696
28017,6-4683
28018,5-8011
28019,4-0742
28020,5-3408
28021,7-5067
28022,7-2382
28023,3-7958
28024,6-4701
28025,5-7543
28026,6-4530
28027,2-4407
28028,5-7845
28029,5-2416
28030,1-5108
28031,7-1678
28032,8-9988
28033,4-8730
28034,7-5176
28035,1-9338
28036,3-2959
28037,1-4317
28038,1-1222
28039,8-7948
28040,4-3920
28041,3-3838
28042,6-2195
28043,2-6150
28044,5-9028
28045,3-0233
28046,7-2823
28047,7-2968
28048,2-1765
28049,1-1913
28050,1-9781
28051,2-6716
28052,6-1300
28053,8-2522
28054,3-7793
28055,4-9371
28056,8-6580
28057,3-2645
28058,3-8000
28059,3-2975
28060,7-8856
28061,8-1641
28062,5-0001
28063,6-1799
28064,8-6167
28065,6-6211
28066,3-2255
28067,7-4645
28068,8-2816
28069,3-9453
28070,8-7918
28071,8-4654
28072,7-7372
28073,2-9665
28074,6-1045
28075,5-7596
28076,7-0831
28077,7-9491
28078,8-0749
28079,4-7674
28080,3-7267
28081,2-6054
28082,3-2210
28083,2-2045
28084,2-9962
28085,2-8031
28086,3-5802
28087,5-6594
28088,6-7243
28089,6-2097
28090,8-4261
28091,3-8159
28092,5-2169
28093,8-1797
28094,3-3898
28095,2-5723
28096,1-8351
28097,8-9963
28098,3-9409
28099,4-3157
28100,4-3256
28101,2-5947
28102,8-6935
28103,5-8649
28104,2-1807
28105,6-7669
28106,8-6715
28107,5-7295
28108,1-0251
28109,4-2908
28110,4-3549
28111,2-7406
28112,3-5168
28113,5-8293
28114,1-5820
28115,1-9912
28116,8-2520
28117,8-8706
28118,3-9950
28119,7-7345
28120,5-8327
28121,8-0193
28122,7-8448
28123,4-1101
28124,6-0582
28125,6-0130
28126,5-2770
28127,4-5205
28128,7-5558
28129,7-5597
28130,4-1678
28131,8-5023
28132,8-6708
28133,5-5185
28134,7-9598
28135,8-7037
28136,7-6191
28137,3-6376
28138,4-3983
28139,7-9553
28140,7-0333
28141,2-6885
28142,6-2996
28143,1-6490
28144,5-7902
28145,1-2090
28146,4-3623
28147,1-2893
28148,6-4737
28149,2-4574
28150,8-2252
28151,2-9561
28152,2-1313
28153,6-2772
28154,4-9919
28155,4-9471
28156,1-0860
28157,8-0061
28158,5-0451
28159,5-7900
28160,8-8472
28161,8-5695
28162,2-4681
28163,5-2337
28164,7-8742
28165,6-8834
28166,1-6091
28167,8-7057
28168,4-6190
28169,8-5711
28170,8-7252
28171,3-9196
28172,6-5659
28173,1-6299
28174,8-0337
28175,4-0150
28176,2-3598
28177,1-8025
28178,5-2317
28179,3-2934
28180,8-7623
28181,3-4414
28182,6-0660
28183,5-0923
28184,4-5078
28185,6-2783
28186,4-6731
28187,4-5617
28188,4-2032
28189,4-8061
28190,5-7973
28191,3-6205
28192,7-3564
28193,2-7618
28194,7-7027
28195,8-1351
28196,5-3554
28197,4-3469
28198,3-3139
28199,7-5429
28200,4-8193
28201,5-9992
28202,6-6422
28203,2-2876
28204,8-2739
28205,8-0461
28206,1-0874
28207,5-5206
28208,6-7796
28209,2-5478
28210,7-6965
28211,6-4036
28212,3-3834
28213,4-1679
28214,7-7676
28215,4-2148
28216,7-3939
28217,3-4179
28218,8-7050
28219,1-4923
28220,3-9737
28221,3-2544
28222,6-8383
28223,2-3310
28224,1-8117
28225,1-8561
28226,7-7329
28227,2-2057
28228,2-8243
28229,2-5092
28230,6-4594
28231,8-2139
28232,4-3367
28233,6-0942
28234,5-6662
28235,7-3386
28236,6-1521
28237,8-0132
28238,7-9066
28239,3-6549
28240,8-9275
28241,2-1094
28242,4-0390
28243,5-0230
28244,5-8616
28245,5-4227
28246,5-1449
28247,4-9270
28248,6-0268
28249,6-3604
28250,2-3507
28251,2-7646
28252,1-0060
28253,2-9277
28254,5-0709
28255,6-9927
28256,6-3753
28257,4-4499
28258,2-2224
28259,3-9966
28260,5-7934
28261,4-5075
28262,1-8751
28263,1-1317
28264,5-7557
28265,1-7219
28266,3-8259
28267,7-7815
28268,2-7235
28269,7-2009
28270,3-5278
28271,2-0541
28272,4-3571
28273,6-5624
28274,4-6985
28275,3-7980
28276,4-4086
28277,6-2087
28278,6-3917
28279,8-2237
28280,8-3051
28281,4-1850
28282,3-3308
28283,1-0057
28284,3-4853
28285,3-0625
28286,2-0529
28287,1-0125
28288,4-3493
28289,8-8868
28290,7-7473
28291,7-9690
28292,3-6264
28293,3-5305
28294,7-6108
28295,4-9485
28296,5-6189
28297,2-5708
28298,3-3518
28299,7-3964
28300,4-6700
28301,3-1914
28302,3-0468
28303,7-9471
28304,6-1402
28305,5-3250
28306,6-7670
28307,4-3366
28308,2-1550
28309,1-0186
28310,1-4635
28311,8-8549
28312,6-8096
28313,2-6996
28314,1-1436
28315,2-9016
28316,7-4408
28317,6-3969
28318,5-1804
28319,5-7588
28320,6-0650
28321,4-6098
28322,8-1768
28323,8-3432
28324,2-7432
28325,8-9077
28326,2-9606
28327,1-1152
28328,4-2480
28329,1-6109
28330,8-2191
28331,4-8727
28332,4-0784
28333,2-6759
28334,4-5685
28335,1-6526
28336,4-5380
28337,4-1099
28338,6-2911
28339,5-1192
28340,4-2043
28341,5-7134
28342,6-2175
28343,1-7173
28344,7-1323
28345,7-5553
28346,3-2402
28347,7-4662
28348,3-3425
28349,6-1990
28350,1-0118
28351,8-2270
28352,2-0087
28353,4-0528
28354,5-3895
28355,6-5370
28356,6-5482
28357,6-9783
28358,3-2217
28359,1-7202
28360,1-8046
28361,6-3240
28362,2-1197
28363,1-7021
28364,7-0491
28365,7-6721
28366,8-8620
28367,6-2759
28368,7-5251
28369,3-7499
28370,4-9734
28371,2-3854
28372,2-9350
28373,3-5291
28374,6-7885
28375,6-6976
28376,8-2286
28377,5-5197
28378,8-4299
28379,4-1663
28380,8-3237
28381,3-9487
28382,2-3846
28383,3-4646
28384,6-2914
28385,6-2917
28386,5-0771
28387,8-5176
28388,7-5189
28389,2-0935
28390,5-8282
28391,6-0844
28392,3-5414
28393,3-5563
28394,1-1073
28395,8-5693
28396,6-1439
28397,2-2062
28398,2-3251
28399,7-3292
28400,6-7919
28401,7-9713
28402,5-0223
28403,7-7413
28404,7-6100
28405,1-9597
28406,8-5269
28407,1-9476
28408,3-1973
28409,1-7555
28410,5-1040
28411,1-5080
28412,7-3462
28413,5-1896
28414,2-1532
28415,2-3904
28416,2-3226
28417,5-9367
28418,3-0401
28419,2-5492
28420,8-5511
28421,5-2881
28422,8-3843
28423,6-9664
28424,6-3158
28425,7-6511
28426,1-5400
28427,5-9303
28428,7-7618
28429,5-8840
28430,4-6298
28431,3-3141
28432,6-1098
28433,4-0625
28434,1-1065
28435,1-0971
28436,2-5283
28437,1-5535
28438,4-6798
28439,6-5879
28440,1-3688
28441,7-8611
28442,8-4348
28443,4-2931
28444,8-2257
28445,3-8318
28446,7-0154
28447,5-5231
28448,2-0858
28449,4-0825
28450,8-7233
28451,6-3768
28452,8-1617
28453,5-4883
28454,1-3211
28455,5-0079
28456,3-2146
28457,6-2707
28458,2-8893
28459,2-9775
28460,7-8254
28461,6-7133
28462,5-7773
28463,2-1026
28464,2-3949
28465,8-9155
28466,7-7106
28467,7-6134
28468,5-1435
28469,4-4635
28470,4-2592
28471,7-4002
28472,3-2387
28473,7-7317
28474,2-2759
28475,8-1677
28476,6-5596
28477,5-0620
28478,3-9341
28479,6-2361
28480,4-4140
28481,8-1133
28482,2-8989
28483,2-9176
28484,6-5052
28485,2-6065
28486,1-1042
28487,6-3092
28488,7-1674
28489,4-7289
28490,3-8574
28491,2-1801
28492,5-4010
28493,6-1483
28494,3-6445
28495,7-8575
28496,8-4150
28497,6-5820
28498,2-9088
28499,6-5414
28500,7-5866
28501,5-5575
28502,8-0767
28503,8-4432
28504,2-5878
28505,6-3883
28506,1-6266
28507,5-4184
28508,4-9558
28509,3-2582
28510,4-1412
28511,8-1456
28512,4-9218
28513,5-2538
28514,1-3148
28515,6-7595
28516,1-8045
28517,3-8173
28518,6-6719
28519,1-9367
28520,1-8840
28521,3-8980
28522,7-4786
28523,2-4961
28524,3-1202
28525,5-0482
28526,8-5892
28527,5-0372
28528,6-3011
28529,1-5168
28530,7-3562
28531,5-3818
28532,5-2191
28533,6-2601
28534,5-9777
28535,8-5101
28536,7-6559
28537,3-2583
28538,3-1613
28539,6-3433
28540,4-1037
28541,2-4596
28542,7-7906
28543,1-1617
28544,2-0810
28545,8-8703
28546,1-7295
28547,3-0870
28548,5-2406
28549,8-2689
28550,6-7436
28551,6-6114
28552,1-1972
28553,4-3232
28554,6-1704
28555,3-9107
28556,2-1865
28557,1-2518
28558,3-1915
28559,4-0434
28560,4-7141
28561,5-7400
28562,6-1656
28563,7-2998
28564,5-2047
28565,6-5257
28566,2-8292
28567,5-1428
28568,7-3146
28569,7-4649
28570,7-6030
28571,6-0519
28572,4-1283
28573,3-5917
28574,7-5506
28575,8-7544
28576,1-4993
28577,7-0281
28578,2-3827
28579,2-4122
28580,4-0267
28581,3-5807
28582,4-0932
28583,5-3080
28584,6-7537
28585,3-6278
28586,4-9479
28587,2-2031
28588,4-2335
28589,1-7552
28590,1-5004
28591,8-2065
28592,7-7157
28593,8-3465
28594,2-7560
28595,3-1888
28596,5-0750
28597,5-9616
28598,8-4776
28599,6-6742
28600,4-0155
28601,2-5183
28602,7-5194
28603,8-5841
28604,4-2249
28605,8-8765
28606,2-0057
28607,2-0536
28608,3-1541
28609,3-9738
28610,5-0280
28611,6-2231
28612,6-5170
28613,6-5693
28614,2-6188
28615,6-4868
28616,1-2769
28617,6-3878
28618,1-9872
28619,7-0002
28620,8-4545
28621,4-0588
28622,4-9573
28623,1-6159
28624,4-8254
28625,3-9907
28626,5-1484
28627,5-5213
28628,6-1248
28629,8-3150
28630,3-3156
28631,1-1364
28632,2-0814
28633,5-2789
28634,7-3751
28635,4-1912
28636,1-6936
28637,7-8357
28638,6-2003
28639,6-0199
28640,4-5440
28641,2-0534
28642,7-1370
28643,7-1245
28644,3-1110
28645,2-8073
28646,3-5426
28647,4-5951
28648,7-4483
28649,6-3515
28650,1-0375
28651,2-0770
28652,6-5646
28653,7-3206
28654,4-7773
28655,4-0535
28656,5-0274
28657,3-5703
28658,6-1351
28659,8-0863
28660,3-3624
28661,4-8096
28662,1-7856
28663,4-0143
28664,3-5817
28665,7-8850
28666,4-9702
28667,8-4632
28668,7-0417
28669,6-5488
28670,4-1203
28671,1-0432
28672,5-5861
28673,5-6463
28674,3-1151
28675,3-7544
28676,3-5451
28677,3-6907
28678,4-4796
28679,8-8259
28680,5-9134
28681,5-2152
28682,4-8219
28683,4-4400
28684,7-2685
28685,7-0433
28686,8-9932
28687,3-5979
28688,4-6615
28689,6-8583
28690,4-2723
28691,2-2532
28692,2-1716
28693,3-6710
28694,6-8534
28695,7-9848
28696,5-8375
28697,8-8480
28698,4-0915
28699,8-7345
28700,4-0078
28701,7-7002
28702,7-8773
28703,3-8386
28704,5-1275
28705,6-8415
28706,3-4353
28707,8-0084
28708,2-3272
28709,6-1102
28710,4-3684
28711,7-2050
28712,1-2657
28713,4-3523
28714,5-3599
28715,6-6025
28716,2-2713
28717,7-9841
28718,7-8001
28719,8-4695
28720,7-3420
28721,1-3219
28722,7-8628
28723,7-9693
28724,3-7787
28725,6-2698
28726,8-7803
28727,5-2178
28728,8-2222
28729,2-7343
28730,3-1791
28731,4-2306
28732,7-9608
28733,2-0975
28734,1-1897
28735,2-7427
28736,1-0121
28737,8-9505
28738,4-6795
28739,7-7985
28740,2-1614
28741,3-6656
28742,5-9095
28743,4-7958
28744,8-3037
28745,1-6821
28746,5-7812
28747,7-8796
28748,1-9233
28749,6-0907
28750,3-4833
28751,6-6762
28752,2-2642
28753,1-0273
28754,4-0777
28755,5-3847
28756,5-9717
28757,6-4477
28758,5-8723
28759,1-4776
28760,4-3648
28761,4-2468
28762,5-5074
28763,4-4309
28764,7-4986
28765,6-0605
28766,1-8360
28767,2-9540
28768,5-0525
28769,1-1989
28770,5-8181
28771,1-2070
28772,3-0785
28773,6-3510
28774,5-2374
28775,8-7399
28776,3-3855
28777,5-0292
28778,6-3775
28779,7-2451
28780,6-5511
28781,7-8230
28782,6-7048
28783,4-5411
28784,7-5249
28785,7-2355
28786,6-4384
28787,8-3813
28788,5-9177
28789,5-3490
28790,6-3751
28791,7-1186
28792,1-1324
28793,7-8035
28794,2-6903
28795,3-3485
28796,2-9237
28797,8-8781
28798,7-1336
28799,6-7861
28800,7-7945
28801,3-3458
28802,3-4953
28803,7-2286
28804,5-5158
28805,1-9658
28806,5-5211
28807,3-8058
28808,1-8215
28809,2-5400
28810,6-3745
28811,1-2511
28812,4-9444
28813,6-9758
28814,6-1336
28815,8-6612
28816,5-9395
28817,3-3349
28818,7-9270
28819,2-0434
28820,5-1533
28821,2-8808
28822,3-8576
28823,8-9386
28824,6-5643
28825,4-0351
28826,4-2623
28827,2-5584
28828,4-6205
28829,5-0656
28830,6-5069
28831,2-7064
28832,4-8170
28833,2-8839
28834,5-4167
28835,8-7572
28836,2-8124
28837,7-8505
28838,2-9783
28839,3-8883
28840,3-9577
28841,7-0379
28842,4-3667
28843,8-2375
28844,6-9183
28845,3-3751
28846,7-0710
28847,2-3255
28848,6-2049
28849,3-6850
28850,8-9445
28851,4-2144
28852,1-1601
28853,7-8934
28854,2-6886
28855,2-9304
28856,4-9370
28857,6-6546
28858,8-1541
28859,5-3495
28860,7-0437
28861,6-8471
28862,4-6533
28863,1-9107
28864,1-7554
28865,3-9831
28866,2-8838
28867,5-2850
28868,1-6103
28869,6-1960
28870,6-0667
28871,2-3509
28872,7-1594
28873,6-3365
28874,3-5185
28875,3-3342
28876,8-7689
28877,5-9236
28878,2-8010
28879,6-8412
28880,7-9183
28881,5-8761
28882,3-7387
28883,3-3100
28884,3-7649
28885,2-3101
28886,7-8268
28887,1-2625
28888,1-6189
28889,4-6909
28890,4-6291
28891,8-3367
28892,4-7587
28893,7-1873
28894,7-5428
28895,3-7470
28896,7-9144
28897,2-4413
28898,4-3599
28899,2-4288
28900,1-5125
28901,6-1630
28902,8-0508
28903,7-0975
28904,8-6471
28905,2-8776
28906,3-7472
28907,8-0751
28908,1-3851
28909,3-6961
28910,2-2190
28911,2-9028
28912,1-1697
28913,7-4328
28914,3-9073
28915,2-3556
28916,6-7332
28917,6-9286
28918,8-3229
28919,7-3179
28920,1-2063
28921,3-0245
28922,5-8697
28923,7-0514
28924,2-8430
28925,5-5334
28926,8-7832
28927,6-0150
28928,7-4806
28929,8-2267
28930,1-2353
28931,2-8371
28932,6-5738
28933,7-7687
28934,8-1117
28935,6-3448
28936,2-9159
28937,8-8331
28938,5-2339
28939,2-1266
28940,1-8053
28941,7-1741
28942,6-6051
28943,2-4871
28944,5-4116
28945,5-7079
28946,2-2487
28947,7-2402
28948,5-2075
28949,1-0963
28950,6-2225
28951,6-7014
28952,8-4325
28953,7-0783
28954,7-5896
28955,2-8551
28956,7-4843
28957,8-7664
28958,3-7869
28959,3-9954
28960,6-9181
28961,2-6266
28962,1-3214
28963,8-9587
28964,7-6204
28965,6-4086
28966,3-6788
28967,4-0536
28968,4-8560
28969,5-1592
28970,4-7782
28971,2-1979
28972,2-2093
28973,8-2245
28974,4-6368
28975,7-5271
28976,2-9888
28977,7-4582
28978,1-9486
28979,6-8747
28980,4-6178
28981,7-2450
28982,4-5486
28983,6-1653
28984,7-5753
28985,4-3443
28986,1-5442
28987,8-1804
28988,4-6487
28989,7-9897
28990,6-3526
28991,8-7183
28992,3-1542
28993,5-1772
28994,2-2673
28995,7-1537
28996,1-6208
28997,6-5368
28998,7-9371
28999,6-5781
29000,5-3616
29001,7-1179
29002,8-0570
29003,7-8425
29004,2-9742
29005,4-9527
29006,7-8488
29007,1-0110
29008,1-2174
29009,8-6754
29010,3-7710
29011,1-8776
29012,7-9870
29013,5-2877
29014,3-7570
29015,5-4142
29016,2-3385
29017,3-7875
29018,7-2289
29019,3-7331
29020,4-9610
29021,7-3715
29022,1-9695
29023,5-3422
29024,1-9168
29025,5-3016
29026,2-1572
29027,8-9922
29028,8-3963
29029,4-9005
29030,7-4165
29031,1-3064
29032,7-4886
29033,2-3765
29034,1-7978
29035,6-1681
29036,4-3322
29037,8-0448
29038,7-3747
29039,1-0667
29040,7-6514
29041,3-5355
29042,3-7734
29043,2-9968
29044,5-9407
29045,4-2166
29046,5-9963
29047,6-8433
29048,6-2933
29049,4-0962
29050,1-4533
29051,3-8278
29052,2-3215
29053,7-6846
29054,3-7603
29055,7-7058
29056,2-6457
29057,2-3714
29058,6-8953
29059,1-7629
29060,8-8800
29061,7-7831
29062,7-1402
29063,5-8750
29064,2-9648
29065,6-9548
29066,1-2858
29067,4-4428
29068,1-2316
29069,1-4573
29070,8-5791
29071,6-5866
29072,3-2712
29073,8-1944
29074,5-8733
29075,2-5100
29076,8-3327
29077,5-2356
29078,6-2304
29079,7-0932
29080,5-9155
29081,8-0495
29082,8-2149
29083,5-0631
29084,6-6128
29085,6-0029
29086,8-4575
29087,4-1983
29088,5-8819
29089,4-1954
29090,6-0805
29091,5-1512
29092,8-2862
29093,3-1932
29094,3-4140
29095,8-6351
29096,6-2560
29097,7-2740
29098,2-5424
29099,1-8005
29100,3-8473
29101,6-1714
29102,3-7158
29103,5-3460
29104,1-1870
29105,3-1412
29106,5-0319
29107,6-1706
29108,2-3086
29109,8-2733
29110,1-4815
29111,5-8057
29112,2-7806
29113,4-4164
29114,1-8852
29115,8-8108
29116,5-2577
29117,3-2676
29118,1-0509
29119,1-7731
29120,6-4676
29121,2-8694
29122,2-6236
29123,1-2515
29124,1-1837
29125,8-7949
29126,2-8765
29127,4-9151
29128,7-9256
29129,3-7281
29130,6-3577
29131,1-0039
29132,5-1499
29133,1-7672
29134,8-4303
29135,3-1553
29136,2-3299
29137,1-4478
29138,7-5261
29139,7-6415
29140,2-6355
29141,2-9508
29142,8-3127
29143,5-3339
29144,7-1747
29145,1-8704
29146,3-4935
29147,8-4291
29148,5-9084
29149,8-0585
29150,7-9635
29151,8-7197
29152,7-8371
29153,2-6145
29154,4-6838
29155,8-2642
29156,8-4553
29157,5-8990
29158,6-0570
29159,8-5425
29160,1-2423
29161,8-5840
29162,4-0781
29163,5-5288
29164,2-5713
29165,1-6678
29166,4-8412
29167,1-3497
29168,8-7573
29169,1-1345
29170,1-4042
29171,8-2192
29172,3-3494
29173,2-5630
29174,1-1054
29175,4-6321
29176,8-6112
29177,6-4830
29178,7-4774
29179,1-6146
29180,3-6317
29181,7-9640
29182,2-5715
29183,4-9126
29184,4-3178
29185,8-4177
29186,3-4914
29187,7-7526
29188,8-1109
29189,5-0430
29190,5-8882
29191,8-1743
29192,8-2066
29193,7-6460
29194,8-0799
29195,2-4630
29196,1-2390
29197,1-2309
29198,6-6049
29199,1-7147
29200,2-7389
29201,3-6218
29202,5-0670
29203,3-3082
29204,8-1379
29205,7-6235
29206,5-1286
29207,4-6011
29208,5-7676
29209,5-9875
29210,6-1474
29211,7-1928
29212,1-4126
29213,4-3879
29214,4-7069
29215,5-6148
29216,3-1619
29217,2-9114
29218,7-7351
29219,6-5945
29220,5-6090
29221,6-6475
29222,8-3325
29223,5-4539
29224,6-2473
29225,6-3236
29226,7-2329
29227,7-6980
29228,4-9010
29229,4-5714
29230,5-8091
29231,2-8886
29232,4-1213
29233,8-9327
29234,1-1840
29235,1-7286
29236,2-1927
29237,6-1694
29238,2-1945
29239,6-9271
29240,3-1056
29241,7-0898
29242,2-6875
29243,2-3697
29244,6-9999
29245,6-6818
29246,7-4435
29247,1-3948
29248,2-0789
29249,1-3161
29250,3-0612
29251,5-3078
29252,4-4369
29253,1-8631
29254,8-8098
29255,2-5760
29256,2-6922
29257,4-3396
29258,3-2481
29259,8-0808
29260,7-2609
29261,6-4328
29262,1-4001
29263,4-1638
29264,7-4349
29265,7-2103
29266,4-8444
29267,3-9676
29268,4-0565
29269,5-6943
29270,7-1029
29271,8-8277
29272,1-5803
29273,3-9941
29274,1-5922
29275,8-6223
29276,7-3151
29277,7-3718
29278,5-9750
29279,1-9463
29280,1-5425
29281,1-1777
29282,2-7258
29283,8-0314
29284,5-9017
29285,8-8280
29286,6-0405
29287,4-3280
29288,1-3765
29289,6-4640
29290,4-9031
29291,5-5111
29292,8-2561
29293,8-6177
29294,8-3170
29295,8-8671
29296,5-4932
29297,1-7192
29298,1-9208
29299,5-0218
29300,2-1759
29301,5-1356
29302,3-1893
29303,6-2778
29304,1-6664
29305,7-4761
29306,3-0282
29307,5-8154
29308,4-1837
29309,6-2913
29310,3-9382
29311,4-4343
29312,8-8482
29313,3-3357
29314,4-0921
29315,1-7477
29316,2-9752
29317,1-7093
29318,1-1630
29319,2-8269
29320,3-4174
29321,4-8693
29322,4-0321
29323,1-4517
29324,6-1783
29325,8-7186
29326,5-9276
29327,7-1406
29328,2-0193
29329,6-1856
29330,3-0964
29331,5-9608
29332,1-9490
29333,8-7322
29334,8-9305
29335,7-6192
29336,3-4497
29337,5-3143
29338,8-3135
29339,5-8417
29340,6-3640
29341,3-5891
29342,2-9788
29343,3-4618
29344,6-8294
29345,7-3315
29346,8-2537
29347,8-1886
29348,5-2343
29349,2-4729
29350,7-9928
29351,2-9762
29352,3-0392
29353,7-6036
29354,8-1976
29355,5-4708
29356,5-4264
29357,1-2977
29358,2-0139
29359,7-1242
29360,1-4682
29361,1-2083
29362,4-8038
29363,5-8142
29364,3-9219
29365,1-1415
29366,2-3784
29367,2-5792
29368,4-7817
29369,4-0082
29370,1-2448
29371,1-2429
29372,7-0188
29373,7-8991
29374,7-2496
29375,4-7861
29376,4-2465
29377,6-5235
29378,6-9085
29379,2-1607
29380,4-8151
29381,6-4190
29382,4-0789
29383,1-7580
29384,5-2871
29385,8-4982
29386,4-2250
29387,4-9981
29388,5-4186
29389,2-7384
29390,6-1977
29391,6-5893
29392,1-3245
29393,3-7366
29394,7-6107
29395,7-0119
29396,1-1773
29397,7-0580
29398,7-3754
29399,8-5571
29400,1-4601
29401,1-7211
29402,4-3271
29403,7-8567
29404,7-7842
29405,8-9615
29406,5-7308
29407,5-1923
29408,5-3775
29409,6-0001
29410,4-4106
29411,2-5609
29412,6-8936
29413,1-2890
29414,4-5600
29415,2-4568
29416,1-8869
29417,3-9836
29418,7-2678
29419,7-3282
29420,1-9871
29421,8-9500
29422,4-0746
29423,7-7146
29424,7-8207
29425,3-0201
29426,5-4767
29427,8-6301
29428,3-3140
29429,5-8201
29430,3-4697
29431,3-2054
29432,5-2683
29433,2-9709
29434,4-9879
29435,8-8798
29436,3-1102
29437,7-2645
29438,7-5500
29439,6-4089
29440,5-9171
29441,1-3223
29442,2-0360
29443,3-1722
29444,5-0349
29445,2-7006
29446,2-0621
29447,5-8768
29448,8-1244
29449,6-1852
29450,1-2358
29451,3-7909
29452,4-6373
29453,4-2954
29454,1-0566
29455,5-8411
29456,6-7586
29457,2-8162
29458,1-3202
29459,6-3309
29460,7-7977
29461,6-1695
29462,4-0201
29463,2-5219
29464,1-8604
29465,7-6267
29466,7-7376
29467,4-9579
29468,3-9865
29469,2-5402
29470,2-7573
29471,2-8273
29472,3-2529
29473,7-8214
29474,1-1109
29475,4-3482
29476,3-9572
29477,8-5991
29478,7-8807
29479,1-6194
29480,4-2584
29481,3-3748
29482,3-5336
29483,4-7962
29484,2-1205
29485,6-1051
29486,1-8061
29487,7-2193
29488,8-3799
29489,6-1961
29490,7-8253
29491,6-2881
29492,8-5783
29493,4-8020
29494,5-5874
29495,5-0009
29496,1-8103
29497,2-7117
29498,7-2388
29499,5-9522
29500,8-6649
29501,4-3991
29502,1-2983
29503,4-3985
29504,5-6575
29505,3-4488
29506,7-7668
29507,5-4584
29508,6-1825
29509,5-1073
29510,2-0390
29511,7-5755
29512,4-1889
29513,3-7139
29514,5-5687
29515,1-9705
29516,6-2280
29517,2-4184
29518,7-9143
29519,3-3914
29520,7-1727
29521,5-9827
29522,5-8252
29523,3-5051
29524,6-8812
29525,6-6013
29526,8-6610
29527,1-6238
29528,2-8385
29529,2-2037
29530,8-9396
29531,1-5216
29532,4-7584
29533,4-5133
29534,4-7214
29535,3-4870
29536,8-1227
29537,7-5765
29538,1-3824
29539,6-4635
29540,2-8353
29541,8-0606
29542,6-9765
29543,6-7231
29544,6-2610
29545,2-0001
29546,6-2062
29547,4-5155
29548,1-2994
29549,7-5941
29550,7-0546
29551,8-6235
29552,7-1877
29553,6-1892
29554,6-3161
29555,4-9855
29556,8-0624
29557,1-3809
29558,8-7862
29559,8-2548
29560,8-0675
29561,2-6296
29562,2-3301
29563,8-2916
29564,7-1606
29565,7-2947
29566,1-8952
29567,3-2880
29568,7-0099
29569,7-8874
29570,6-7780
29571,4-2170
29572,3-4241
29573,1-4243
29574,2-8262
29575,5-7835
29576,2-1503
29577,7-6340
29578,5-9598
29579,3-7735
29580,6-2264
29581,4-0876
29582,2-0612
29583,4-6112
29584,8-2264
29585,6-8425
29586,3-3761
29587,1-6745
29588,1-1219
29589,6-5233
29590,6-5594
29591,1-7101
29592,4-4537
29593,6-3943
29594,3-0240
29595,7-9219
29596,2-9442
29597,3-5630
29598,3-0672
29599,5-4016
29600,5-3978
29601,8-9464
29602,6-2725
29603,8-8889
29604,4-4652
29605,1-4962
29606,1-8705
29607,5-1175
29608,5-9298
29609,4-5402
29610,4-1918
29611,5-8589
29612,8-3479
29613,7-5156
29614,5-7317
29615,1-8646
29616,1-8732
29617,3-3300
29618,3-0180
29619,6-2071
29620,6-6635
29621,2-7508
29622,7-8033
29623,7-5611
29624,8-5264
29625,6-6139
29626,2-3810
29627,7-8155
29628,8-6702
29629,6-2252
29630,1-0647
29631,4-0308
29632,3-3330
29633,2-7373
29634,6-0876
29635,6-8148
29636,4-0664
29637,1-8588
29638,1-3584
29639,4-1083
29640,4-3889
29641,6-4271
29642,2-6781
29643,2-9939
29644,4-1571
29645,3-3309
29646,3-1561
29647,1-0843
29648,6-0107
29649,6-3628
29650,3-4985
29651,5-7413
29652,1-5056
29653,1-0893
29654,1-5718
29655,5-4182
29656,2-7577
29657,5-6640
29658,8-0313
29659,7-9867
29660,6-0643
29661,5-1003
29662,6-3948
29663,4-0907
29664,4-1192
29665,5-2275
29666,5-5201
29667,4-1706
29668,8-4470
29669,4-8947
29670,2-9739
29671,2-4083
29672,4-9193
29673,6-8773
29674,5-6290
29675,3-6803
29676,2-2235
29677,3-6747
29678,4-6726
29679,6-8948
29680,3-4600
29681,3-6193
29682,6-8667
29683,3-0955
29684,5-0159
29685,6-7225
29686,8-2314
29687,8-1017
29688,8-5718
29689,6-4832
29690,5-7779
29691,7-6086
29692,8-0365
29693,3-5161
29694,8-4956
29695,4-8592
29696,1-6108
29697,5-8008
29698,7-5298
29699,6-5946
29700,1-8972
29701,8-4038
29702,1-5975
29703,1-0002
29704,3-9834
29705,7-4785
29706,7-1412
29707,6-5296
29708,1-6991
29709,1-8244
29710,7-3114
29711,4-4479
29712,7-1341
29713,5-6354
29714,2-0825
29715,6-6155
29716,3-1850
29717,8-1044
29718,8-5353
29719,2-0249
29720,4-5048
29721,7-7306
29722,2-9637
29723,3-1290
29724,8-3754
29725,1-7084
29726,3-0438
29727,1-0675
29728,5-7582
29729,1-3367
29730,6-0222
29731,4-2220
29732,2-1663
29733,5-0125
29734,5-5278
29735,1-2880
29736,8-5043
29737,7-5235
29738,4-7075
29739,4-0735
29740,7-1879
29741,5-1305
29742,3-8439
29743,8-3377
29744,6-8639
29745,6-5254
29746,6-5515
29747,6-3621
29748,1-1401
29749,2-4245
29750,7-4871
29751,5-2634
29752,4-3522
29753,1-3976
29754,3-9662
29755,5-0396
29756,2-0397
29757,7-2469
29758,4-7857
29759,5-3481
29760,1-5413
29761,5-1454
29762,2-1602
29763,3-5005
29764,3-4392
29765,5-2371
29766,8-6604
29767,4-2102
29768,1-3561
29769,2-0799
29770,6-4371
29771,4-5269
29772,5-3601
29773,5-0510
29774,1-0859
29775,7-5820
29776,3-0973
29777,8-6274
29778,4-6006
29779,2-4740
29780,5-6998
29781,4-4632
29782,7-1756
29783,5-2174
29784,2-2904
29785,1-0901
29786,4-5580
29787,7-7021
29788,1-1210
29789,5-6802
29790,5-5401
29791,5-9287
29792,2-6503
29793,3-8680
29794,5-0455
29795,2-2914
29796,5-1548
29797,7-4038
29798,5-7735
29799,6-6227
29800,7-8360
29801,1-2217
29802,3-4729
29803,6-6627
29804,5-2825
29805,1-2333
29806,4-2624
29807,2-3315
29808,3-7412
29809,5-3906
29810,8-7604
29811,4-2273
29812,2-5263
29813,7-4827
29814,8-9244
29815,5-8125
29816,1-5795
29817,5-6121
29818,8-6922
29819,3-0787
29820,8-4196
29821,4-9254
29822,4-8237
29823,4-5284
29824,2-9559
29825,1-6834
29826,3-5642
29827,2-7979
29828,8-9189
29829,3-7567
29830,8-1760
29831,3-2685
29832,4-0920
29833,4-3395
29834,4-1058
29835,4-4025
29836,5-6669
29837,1-1224
29838,8-5053
29839,5-4536
29840,6-6705
29841,2-1768
29842,1-1368
29843,8-8353
29844,5-3930
29845,4-7665
29846,5-2355
29847,4-8810
29848,3-6844
29849,1-0543
29850,6-2935
29851,6-8848
29852,4-0358
29853,4-6339
29854,2-9452
29855,1-6563
29856,4-5392
29857,2-5506
29858,4-3057
29859,6-7498
29860,4-4629
29861,4-0061
29862,2-4847
29863,1-3183
29864,7-4451
29865,1-2519
29866,8-0284
29867,5-3304
29868,1-9459
29869,5-1093
29870,1-5386
29871,7-4965
29872,4-4891
29873,2-8878
29874,7-8030
29875,5-4711
29876,5-5218
29877,5-0328
29878,4-5102
29879,2-3488
29880,2-0406
29881,5-6555
29882,1-4817
29883,5-4487
29884,8-7956
29885,6-4765
29886,7-0891
29887,2-6515
29888,5-5440
29889,3-5329
29890,4-2255
29891,4-1904
29892,1-3890
29893,8-0785
29894,6-6965
29895,4-6637
29896,3-8227
29897,8-6081
29898,3-3709
29899,3-3177
29900,5-5706
29901,1-4894
29902,2-8222
29903,3-9611
29904,7-2881
29905,7-3899
29906,4-7140
29907,6-6639
29908,8-8173
29909,3-8182
29910,8-9521
29911,2-0576
29912,4-8905
29913,5-6931
29914,6-7778
29915,2-6105
29916,8-8433
29917,8-5620
29918,3-9924
29919,3-3806
29920,5-5548
29921,5-4774
29922,4-1745
29923,5-7600
29924,2-9273
29925,5-1362
29926,8-1963
29927,4-5324
29928,1-7050
29929,1-3982
29930,4-6453
29931,8-9848
29932,3-6832
29933,1-7620
29934,3-5886
29935,2-2296
29936,5-2819
29937,1-8788
29938,8-5406
29939,2-4562
29940,4-0105
29941,1-4018
29942,3-1992
29943,4-2987
29944,8-9675
29945,5-7380
29946,5-8767
29947,1-9645
29948,3-7359
29949,5-1248
29950,1-5995
29951,3-6595
29952,2-6092
29953,7-5892
29954,2-0773
29955,3-2381
29956,1-4236
29957,5-9411
29958,3-8463
29959,1-6301
29960,2-0010
29961,7-5720
29962,5-6701
29963,2-0209
29964,2-0089
29965,1-5375
29966,1-0754
29967,3-2829
29968,1-1769
29969,1-3041
29970,5-2472
29971,7-1311
29972,7-9914
29973,1-6624
29974,8-8735
29975,4-2377
29976,5-9973
29977,2-1007
29978,7-7781
29979,1-7515
29980,4-6860
29981,2-5704
29982,3-2632
29983,7-0340
29984,4-8512
29985,5-7420
29986,5-8476
29987,6-9676
29988,4-1128
29989,1-2281
29990,8-0678
29991,5-8018
29992,6-6220
29993,5-3706
29994,3-2887
29995,5-0543
29996,4-5876
29997,5-3786
29998,7-8813
29999,2-2746
30000,2-1247
30001,8-9217
30002,5-3725
30003,2-4323
30004,1-9036
30005,7-5523
30006,3-1041
30007,4-2076
30008,3-8047
30009,6-8370
30010,3-2370
30011,7-3247
30012,3-4951
30013,3-2242
30014,6-7065
30015,5-3551
30016,7-4011
30017,4-8233
30018,3-8558
30019,5-2636
30020,4-9731
30021,3-1522
30022,7-2969
30023,5-0178
30024,8-8592
30025,1-3718
30026,1-3892
30027,2-2070
30028,6-7079
30029,3-5002
30030,5-1488
30031,6-8019
30032,5-8927
30033,7-4253
30034,2-3782
30035,1-4743
30036,4-5220
30037,6-9977
30038,8-1539
30039,3-6350
30040,6-6200
30041,3-6449
30042,3-7826
30043,2-6452
30044,4-0217
30045,1-5774
30046,2-0760
30047,2-2834
30048,7-2191
30049,6-8964
30050,1-1854
30051,6-3269
30052,4-4417
30053,3-2463
30054,6-4022
30055,3-4377
30056,5-9775
30057,4-8695
30058,3-9092
30059,8-5757
30060,8-2280
30061,6-8687
30062,6-5205
30063,3-5150
30064,7-1901
30065,1-7860
30066,5-8428
30067,4-9465
30068,1-7584
30069,5-4923
30070,2-6749
30071,1-5623
30072,5-3632
30073,4-4449
30074,2-5940
30075,5-6993
30076,1-8700
30077,2-6647
30078,8-0994
30079,3-1154
30080,2-9089
30081,8-2585
30082,3-4554
30083,3-8346
30084,7-3653
30085,5-6145
30086,2-9490
30087,8-0721
30088,3-9021
30089,4-5170
30090,7-4482
30091,6-4829
30092,1-9242
30093,2-5126
30094,5-7335
30095,4-7108
30096,6-0596
30097,7-5186
30098,2-9355
30099,7-0324
30100,2-4975
30101,5-2802
30102,3-7429
30103,6-2731
30104,4-2491
30105,5-0424
30106,1-7573
30107,4-8963
30108,8-2368
30109,6-7085
30110,4-7823
30111,8-8597
30112,5-1967
30113,7-5220
30114,4-9401
30115,5-5921
30116,4-5836
30117,2-9836
30118,1-9810
30119,1-4848
30120,4-6555
30121,4-2551
30122,1-6232
30123,1-1689
30124,5-4486
30125,4-8429
30126,8-9223
30127,6-4508
30128,2-4783
30129,7-8161
30130,3-3605
30131,1-3065
30132,3-9840
30133,4-5948
30134,8-8365
30135,3-2931
30136,1-5563
30137,5-5134
30138,3-3576
30139,7-1061
30140,6-1836
30141,1-4374
30142,2-4739
30143,3-3758
30144,4-2398
30145,1-2546
30146,4-0071
30147,7-9890
30148,4-1715
30149,8-4613
30150,2-7331
30151,5-2025
30152,5-1904
30153,6-0997
30154,2-9002
30155,5-7251
30156,1-5417
30157,2-0052
30158,8-0782
30159,7-7648
30160,2-1754
30161,4-7083
30162,5-7102
30163,3-7420
30164,2-2936
30165,6-1921
30166,7-9272
30167,1-4434
30168,7-7750
30169,6-3983
30170,3-8256
30171,7-3041
30172,5-6791
30173,2-0625
30174,7-2229
30175,6-5125
30176,7-5316
30177,2-0645
30178,4-1878
30179,7-0659
30180,1-0269
30181,3-4940
30182,7-0974
30183,1-7210
30184,4-4352
30185,8-9565
30186,5-7700
30187,2-5137
30188,2-7660
30189,2-9483
30190,7-1997
30191,3-7788
30192,6-8095
30193,6-3359
30194,5-3680
30195,7-1769
30196,5-5203
30197,6-5136
30198,7-6333
30199,6-6953
30200,1-8430
30201,2-7863
30202,4-4826
30203,3-1987
30204,8-0039
30205,3-4592
30206,3-1581
30207,3-3783
30208,2-0312
30209,3-5865
30210,8-6916
30211,6-3563
30212,2-3495
30213,6-8676
30214,7-6595
30215,2-5597
30216,7-5015
30217,7-9931
30218,1-6193
30219,3-6833
30220,5-8340
30221,1-7328
30222,4-4774
30223,7-0024
30224,4-1759
30225,5-8438
30226,4-6932
30227,5-5047
30228,5-8966
30229,1-4824
30230,8-7835
30231,2-5795
30232,1-5957
30233,1-6173
30234,4-5487
30235,8-6134
30236,3-7560
30237,7-8940
30238,3-7777
30239,2-9262
30240,4-7135
30241,1-5073
30242,1-9185
30243,3-6639
30244,1-3192
30245,4-5777
30246,7-1451
30247,2-1958
30248,2-7892
30249,6-0775
30250,1-3679
30251,7-8367
30252,7-4974
30253,3-3291
30254,1-6210
30255,8-5839
30256,4-5142
30257,6-8566
30258,2-5578
30259,8-0946
30260,6-3000
30261,6-7058
30262,7-3163
30263,1-6718
30264,1-3612
30265,5-6103
30266,4-4345
30267,8-5694
30268,5-5774
30269,5-3154
30270,4-0843
30271,8-1082
30272,5-4862
30273,6-5030
30274,4-6341
30275,1-4246
30276,2-8858
30277,4-5020
30278,5-6198
30279,2-9245
30280,4-9233
30281,7-9231
30282,1-5643
30283,8-3961
30284,8-1014
30285,2-1033
30286,4-9291
30287,1-6414
30288,5-4317
30289,3-3148
30290,5-6637
30291,5-0051
30292,1-5650
30293,2-3634
30294,7-7840
30295,3-8606
30296,8-4592
30297,1-0933
30298,1-6667
30299,5-7763
30300,4-3820
30301,8-6015
30302,3-3774
30303,8-2644
30304,4-0916
30305,8-6152
30306,5-3718
30307,1-6899
30308,8-8406
30309,3-5793
30310,2-7690
30311,7-4256
30312,4-9025
30313,6-4936
30314,5-5497
30315,3-2515
30316,1-3745
30317,2-9840
30318,4-9034
30319,2-7464
30320,8-3676
30321,2-2505
30322,7-8566
30323,6-9987
30324,5-7803
30325,3-0900
30326,5-7421
30327,3-7988
30328,1-9854
30329,2-6381
30330,2-4405
30331,6-7596
30332,3-0447
30333,6-8257
30334,2-5771
30335,3-7146
30336,2-8338
30337,7-7424
30338,5-2899
30339,8-6488
30340,5-4780
30341,2-5162
30342,1-9318
30343,8-5536
30344,3-6790
30345,8-5485
30346,6-4445
30347,4-2829
30348,5-0364
30349,8-3584
30350,3-9822
30351,8-4123
30352,1-0801
30353,8-0009
30354,3-5679
30355,4-8243
30356,1-0346
30357,6-2553
30358,5-7556
30359,1-0896
30360,8-8698
30361,3-0442
30362,2-1689
30363,6-7859
30364,1-6368
30365,6-1857
30366,3-6051
30367,4-4939
30368,4-7155
30369,5-8726
30370,2-8613
30371,6-4763
30372,5-8020
30373,6-1503
30374,8-6641
30375,1-8407
30376,2-3093
30377,7-0990
30378,3-3354
30379,2-3264
30380,6-0286
30381,6-8796
30382,1-5846
30383,2-4278
30384,4-5668
30385,1-0311
30386,6-5572
30387,6-8673
30388,4-2099
30389,3-0773
30390,2-1107
30391,5-5981
30392,4-8021
30393,6-9659
30394,6-9272
30395,7-4458
30396,2-4759
30397,6-3782
30398,8-7137
30399,8-1942
30400,6-0140
30401,7-3268
30402,4-7724
30403,1-4616
30404,3-1599
30405,6-8212
30406,3-3703
30407,8-7788
30408,7-0904
30409,5-1304
30410,1-2917
30411,3-2013
30412,1-7157
30413,7-4608
30414,4-0212
30415,8-3418
30416,8-3594
30417,8-7181
30418,4-1398
30419,2-3161
30420,2-4370
30421,4-9318
30422,1-3971
30423,3-1716
30424,2-5079
30425,2-8050
30426,5-2759
30427,8-3953
30428,8-5898
30429,6-0690
30430,1-4549
30431,2-8361
30432,8-7015
30433,8-0559
30434,5-7126
30435,2-9431
30436,1-9393
30437,8-2421
30438,7-3666
30439,1-1718
30440,6-6589
30441,1-4190
30442,1-3285
30443,4-6856
30444,6-0418
30445,4-9299
30446,6-3816
30447,6-9570
30448,3-2161
30449,2-3879
30450,7-9047
30451,7-6746
30452,3-2647
30453,5-7792
30454,1-6327
30455,1-5465
30456,8-8226
30457,8-7230
30458,6-4248
30459,7-5427
30460,5-3947
30461,3-9071
30462,2-9924
30463,4-2699
30464,6-0316
30465,5-0115
30466,1-8022
30467,4-4568
30468,6-7425
30469,5-7263
30470,8-6532
30471,2-1566
30472,4-7693
30473,1-9247
30474,2-0946
30475,5-8485
30476,8-3315
30477,6-0240
30478,6-9101
30479,2-5359
30480,1-9149
30481,6-1132
30482,4-7447
30483,5-5603
30484,3-3229
30485,5-4772
30486,1-8627
30487,2-9294
30488,1-9791
30489,2-7300
30490,8-7493
30491,7-8827
30492,1-4719
30493,1-0643
30494,4-7924
30495,7-8561
30496,3-4435
30497,7-7427
30498,4-0620
30499,7-9989
30500,3-8362
30501,1-1016
30502,3-0173
30503,5-7321
30504,5-3625
30505,8-6053
30506,1-1970
30507,3-7819
30508,6-9026
30509,5-7650
30510,8-1209
30511,1-0252
30512,6-1028
30513,6-0127
30514,8-0915
30515,2-5669
30516,2-3062
30517,5-4376
30518,6-5597
30519,7-7113
30520,5-8177
30521,2-2413
30522,7-8150
30523,8-5417
30524,5-8022
30525,8-0538
30526,3-3078
30527,6-5161
30528,5-8910
30529,5-3640
30530,1-9533
30531,5-9248
30532,5-9971
30533,4-1684
30534,7-0538
30535,3-9672
30536,3-8538
30537,2-8036
30538,4-5394
30539,3-8568
30540,1-8121
30541,8-4703
30542,3-4695
30543,2-5130
30544,1-2623
30545,4-8034
30546,3-6941
30547,4-9556
30548,5-8230
30549,4-1801
30550,6-3876
30551,7-5198
30552,4-5198
30553,3-2935
30554,3-2918
30555,7-6385
30556,1-3483
30557,3-2505
30558,2-5919
30559,1-3055
30560,7-7453
30561,7-4048
30562,5-3494
30563,3-2972
30564,6-0675
30565,7-1667
30566,7-7418
30567,7-2646
30568,5-8784
30569,5-6756
30570,8-9850
30571,8-7601
30572,2-8086
30573,6-8825
30574,1-8742
30575,1-2361
30576,7-8956
30577,2-5805
30578,8-3117
30579,4-6271
30580,1-2293
30581,2-2886
30582,2-3898
30583,7-0485
30584,1-7819
30585,5-0955
30586,7-7363
30587,6-6783
30588,4-4765
30589,8-5235
30590,1-4802
30591,2-9852
30592,3-7975
30593,1-1658
30594,2-4099
30595,7-4009
30596,1-3855
30597,6-1179
30598,5-4038
30599,6-4099
30600,2-2618
30601,7-0118
30602,8-1516
30603,6-1236
30604,2-6813
30605,7-2432
30606,1-6372
30607,1-0852
30608,8-8870
30609,1-1902
30610,5-6036
30611,6-9577
30612,5-1457
30613,5-3596
30614,3-4018
30615,5-8115
30616,1-6104
30617,7-7652
30618,1-5469
30619,4-6320
30620,8-1881
30621,2-9093
30622,6-3037
30623,5-0495
30624,6-3347
30625,4-4066
30626,6-2480
30627,6-8145
30628,2-7850
30629,7-4281
30630,2-7871
30631,8-8615
30632,2-0514
30633,3-7608
30634,1-6511
30635,2-6046
30636,2-0830
30637,6-1382
30638,6-7628
30639,6-9740
30640,6-4583
30641,1-0392
30642,7-6263
30643,2-0610
30644,3-4406
30645,3-3973
30646,2-0191
30647,4-7990
30648,2-5961
30649,4-9869
30650,5-5989
30651,3-3190
30652,5-9430
30653,1-6963
30654,3-4921
30655,6-8397
30656,6-0047
30657,6-3894
30658,2-4511
30659,2-7242
30660,5-9260
30661,2-2290
30662,7-2274
30663,3-3603
30664,4-6167
30665,2-9535
30666,2-6663
30667,2-6199
30668,6-2138
30669,7-8695
30670,4-2190
30671,7-6935
30672,3-0660
30673,3-3365
30674,4-1183
30675,6-7730
30676,5-0437
30677,5-5587
30678,2-6034
30679,1-9381
30680,8-8779
30681,5-1953
30682,6-5704
30683,7-5617
30684,5-6901
30685,2-4445
30686,2-9734
30687,2-8166
30688,4-4890
30689,6-9034
30690,1-8679
30691,8-6904
30692,4-3333
30693,2-8320
30694,1-9692
30695,3-5384
30696,4-5405
30697,4-9060
30698,2-1621
30699,3-7893
30700,8-1657
30701,7-2950
30702,8-5886
30703,8-8378
30704,7-1938
30705,1-2924
30706,3-4811
30707,4-7688
30708,3-3064
30709,2-4709
30710,5-3951
30711,7-5376
30712,1-0855
30713,1-0535
30714,3-0817
30715,4-9177
30716,3-0365
30717,3-6171
30718,1-0137
30719,4-2599
30720,7-3795
30721,2-9905
30722,5-0419
30723,1-7984
30724,7-0841
30725,2-2436
30726,2-2606
30727,1-9494
30728,1-6041
30729,8-8624
30730,3-6054
30731,5-9085
30732,7-8955
30733,4-0317
30734,5-1854
30735,4-9886
30736,6-6099
30737,6-5361
30738,3-6758
30739,6-3659
30740,5-9110
30741,1-6780
30742,6-4898
30743,4-7023
30744,4-7407
30745,4-8400
30746,2-2435
30747,7-0193
30748,7-9248
30749,1-0982
30750,2-3368
30751,7-9877
30752,2-3869
30753,1-7885
30754,3-7818
30755,3-1169
30756,5-1973
30757,1-9516
30758,2-4101
30759,2-1616
30760,3-1188
30761,2-4200
30762,7-8228
30763,4-3861
30764,1-4610
30765,1-4538
30766,7-4757
30767,7-5882
30768,2-5759
30769,6-1209
30770,1-2433
30771,7-9666
30772,4-2958
30773,3-0911
30774,5-0257
30775,7-1700
30776,1-3344
30777,8-0649
30778,4-4688
30779,7-7425
30780,3-6539
30781,2-8993
30782,7-0705
30783,2-1499
30784,3-7278
30785,5-8955
30786,4-1149
30787,6-8727
30788,8-3641
30789,3-6207
30790,1-0992
30791,3-6952
30792,8-4058
30793,5-8348
30794,4-5717
30795,7-8798
30796,6-6437
30797,7-1697
30798,4-1373
30799,5-8032
30800,6-7517
30801,6-3668
30802,5-5465
30803,5-6651
30804,3-4979
30805,8-0236
30806,4-5575
30807,7-1626
30808,1-2951
30809,4-3115
30810,3-1014
30811,6-3317
30812,1-8613
30813,3-5796
30814,6-5695
30815,3-5387
30816,8-0278
30817,3-2266
30818,7-9479
30819,1-9974
30820,2-4328
30821,1-2765
30822,6-5321
30823,6-6263
30824,4-1317
30825,2-8163
30826,4-2227
30827,7-6123
30828,3-0921
30829,4-1238
30830,4-9154
30831,7-2293
30832,8-5603
30833,1-7194
30834,4-4121
30835,5-0386
30836,1-3057
30837,5-0573
30838,8-3057
30839,7-9813
30840,7-2500
30841,1-4762
30842,3-6079
30843,5-0038
30844,6-6515
30845,8-4071
30846,5-3361
30847,5-8641
30848,1-3928
30849,3-3224
30850,1-8313
30851,4-7563
30852,6-9705
30853,8-9054
30854,1-7791
30855,1-2037
30856,6-5097
30857,2-2790
30858,8-3114
30859,8-2040
30860,4-4279
30861,3-4413
30862,8-9657
30863,6-7105
30864,7-7599
30865,2-9163
30866,6-0019
30867,1-0380
30868,8-0101
30869,8-3557
30870,4-9129
30871,5-9284
30872,3-9191
30873,7-5031
30874,7-4142
30875,6-2272
30876,8-4879
30877,5-9438
30878,7-0114
30879,6-7144
30880,7-4017
30881,1-3560
30882,5-7093
30883,7-9631
30884,5-1877
30885,3-8791
30886,7-4441
30887,7-3322
30888,7-9518
30889,1-1801
30890,6-7412
30891,4-3161
30892,6-7640
30893,4-7122
30894,3-4518
30895,4-7492
30896,5-7802
30897,8-3698
30898,1-5931
30899,7-5139
30900,1-4722
30901,1-8241
30902,2-7178
30903,1-2130
30904,2-8294
30905,2-7669
30906,3-5094
30907,3-4786
30908,8-9906
30909,6-8767
30910,7-0440
30911,8-0274
30912,4-2353
30913,5-5363
30914,6-2682
30915,5-7754
30916,6-8249
30917,1-2542
30918,7-4090
30919,6-1003
30920,3-8512
30921,2-8103
30922,8-1471
30923,1-0827
30924,8-1026
30925,1-5156
30926,5-0496
30927,6-5245
30928,8-1671
30929,2-3795
30930,2-3388
30931,2-0163
30932,4-0399
30933,2-8117
30934,2-2312
30935,8-3456
30936,3-2928
30937,7-3256
30938,8-6237
30939,7-0306
30940,3-9586
30941,5-5791
30942,3-3180
30943,3-2307
30944,1-1755
30945,4-3970
30946,7-3916
30947,8-5248
30948,6-6530
30949,6-6091
30950,2-3376
30951,7-9980
30952,1-5566
30953,6-7057
30954,6-0967
30955,6-5371
30956,2-2392
30957,3-2132
30958,3-6798
30959,1-9884
30960,4-4587
30961,8-5674
30962,4-8007
30963,5-1477
30964,5-7387
30965,7-9368
30966,3-4239
30967,2-5702
30968,7-2549
30969,3-2454
30970,2-5929
30971,2-2725
30972,4-8022
30973,2-5410
30974,1-3403
30975,8-7192
30976,8-5407
30977,8-7346
30978,1-8722
30979,1-5289
30980,2-0252
30981,3-4774
30982,3-1565
30983,4-2430
30984,2-3080
30985,4-2179
30986,7-3804
30987,3-3635
30988,5-5176
30989,1-9558
30990,1-3696
30991,1-4325
30992,2-6626
30993,7-7755
30994,4-5489
30995,5-5396
30996,8-7831
30997,2-0624
30998,5-9837
30999,6-4682
31000,2-1497
31001,2-8630
31002,5-1161
31003,1-2561
31004,3-7525
31005,2-7650
31006,7-9555
31007,3-8964
31008,5-0270
31009,1-0422
31010,6-2736
31011,5-2002
31012,7-0462
31013,3-4634
31014,8-1551
31015,1-2206
31016,3-1526
31017,1-3578
31018,8-4995
31019,6-7549
31020,7-9551
31021,5-8379
31022,7-5637
31023,2-0510
31024,5-4556
31025,8-4952
31026,6-9623
31027,7-9523
31028,1-0639
31029,6-8205
31030,7-2292
31031,4-4484
31032,8-2819
31033,1-3727
31034,1-8044
31035,3-7103
31036,7-1150
31037,3-3632
31038,3-2817
31039,3-6166
31040,6-1957
31041,6-1927
31042,4-8775
31043,4-8332
31044,5-1524
31045,6-5158
31046,7-1991
31047,2-2570
31048,4-0532
31049,5-4270
31050,4-6334
31051,8-1897
31052,6-6940
31053,1-3955
31054,8-7217
31055,7-2075
31056,5-8297
31057,4-2158
31058,6-7760
31059,4-6990
31060,2-0707
31061,4-8279
31062,4-4868
31063,4-2375
31064,3-3810
31065,8-3852
31066,8-6843
31067,6-9327
31068,2-3445
31069,6-9635
31070,8-0801
31071,4-8965
31072,7-1118
31073,4-9840
31074,7-1082
31075,7-2728
31076,1-2712
31077,2-2558
31078,4-0120
31079,2-5317
31080,2-7874
31081,7-7523
31082,4-7993
31083,2-5972
31084,5-4925
31085,6-3687
31086,3-0615
31087,2-5035
31088,1-3511
31089,8-7326
31090,2-8579
31091,4-5953
31092,6-7709
31093,3-0861
31094,6-6728
31095,5-7585
31096,6-4463
31097,3-4420
31098,3-8803
31099,8-6474
31100,3-5353
31101,2-9604
31102,5-0690
31103,8-6729
31104,3-7919
31105,7-7168
31106,8-8582
31107,8-7945
31108,4-6720
31109,3-3768
31110,1-9265
31111,6-5878
31112,3-8352
31113,8-7762
31114,4-9576
31115,4-6633
31116,6-4921
31117,2-6583
31118,6-4156
31119,6-8564
31120,4-6509
31121,8-2806
31122,1-3127
31123,8-2455
31124,3-9335
31125,5-8258
31126,1-0343
31127,2-3555
31128,2-2430
31129,7-6699
31130,1-9613
31131,7-8111
31132,2-6166
31133,8-0198
31134,2-5912
31135,8-4435
31136,6-2029
31137,7-2847
31138,7-0451
31139,7-6737
31140,4-1851
31141,2-3011
31142,4-6938
31143,2-6639
31144,5-3916
31145,5-1091
31146,3-2041
31147,2-6787
31148,2-9995
31149,1-3621
31150,6-1532
31151,8-3804
31152,6-0053
31153,3-0927
31154,4-6747
31155,5-5885
31156,1-8426
31157,7-5535
31158,5-4763
31159,4-1523
31160,6-5397
31161,6-2851
31162,6-2353
31163,1-8665
31164,3-2977
31165,3-8381
31166,3-9166
31167,7-7070
31168,7-7545
31169,2-4888
31170,1-3869
31171,1-5596
31172,6-9923
31173,3-1698
31174,4-0666
31175,1-3062
31176,2-9715
31177,2-0448
31178,6-4886
31179,3-9254
31180,8-7239
31181,8-0024
31182,5-8140
31183,5-7907
31184,6-9280
31185,2-2299
31186,4-5306
31187,1-1438
31188,2-1477
31189,1-9564
31190,7-7441
31191,7-2727
31192,4-1530
31193,2-7854
31194,5-6523
31195,5-5808
31196,8-9264
31197,6-4942
31198,4-1870
31199,7-0374
31200,5-4234
31201,7-1158
31202,1-6502
31203,5-1868
31204,7-6885
31205,7-7555
31206,2-6830
31207,6-4480
31208,2-9502
31209,2-3637
31210,7-7743
31211,8-3739
31212,1-2474
31213,1-8253
31214,2-7465
31215,3-6203
31216,5-6739
31217,3-9158
31218,2-9194
31219,3-0211
31220,8-6509
31221,5-7000
31222,1-5030
31223,3-7492
31224,6-5384
31225,4-0103
31226,8-7146
31227,1-2485
31228,6-0565
31229,8-0978
31230,8-4981
31231,8-9049
31232,5-2726
31233,5-7949
31234,3-6006
31235,4-8035
31236,8-9383
31237,6-4149
31238,6-2067
31239,8-8890
31240,7-4179
31241,7-9833
31242,8-3934
31243,1-9102
31244,5-9483
31245,4-4035
31246,4-1596
31247,5-3499
31248,7-6126
31249,8-6462
31250,8-8657
31251,6-4538
31252,8-8416
31253,5-8355
31254,1-7753
31255,2-5241
31256,1-3729
31257,6-7905
31258,8-5315
31259,6-7656
31260,3-7212
31261,3-3908
31262,1-8796
31263,3-2071
31264,3-5826
31265,8-4087
31266,4-1860
31267,4-0608
31268,3-6061
31269,5-7245
31270,5-3454
31271,5-5194
31272,8-0699
31273,2-5520
31274,3-9097
31275,4-5463
31276,1-0328
31277,3-7610
31278,8-8804
31279,5-0114
31280,5-0049
31281,7-8387
31282,8-5946
31283,7-9466
31284,8-2678
31285,6-7855
31286,4-2960
31287,5-9739
31288,2-2320
31289,6-8833
31290,4-5969
31291,2-5568
31292,8-8802
31293,2-1623
31294,3-7442
31295,6-3223
31296,2-7453
31297,3-6459
31298,4-2868
31299,4-8320
31300,1-5645
31301,5-0746
31302,4-3247
31303,4-3960
31304,5-9067
31305,6-9876
31306,8-4945
31307,3-1163
31308,2-2160
31309,3-6480
31310,1-2779
31311,1-7364
31312,2-0467
31313,8-0153
31314,4-9663
31315,4-3293
31316,1-0915
31317,6-5525
31318,4-0043
31319,8-3935
31320,4-6782
31321,3-0524
31322,5-1735
31323,7-9849
31324,5-9350
31325,2-4045
31326,3-0577
31327,2-1493
31328,2-9412
31329,5-7675
31330,4-0643
31331,2-9892
31332,7-3652
31333,6-6544
31334,8-9006
31335,7-6651
31336,5-6065
31337,4-4642
31338,5-8493
31339,1-2790
31340,7-0523
31341,6-4364
31342,3-3169
31343,3-1955
31344,2-7342
31345,6-3708
31346,1-6628
31347,7-4836
31348,1-7833
31349,5-0701
31350,3-4230
31351,7-9427
31352,4-8068
31353,1-4011
31354,4-7442
31355,6-3264
31356,7-2040
31357,4-1953
31358,8-0349
31359,7-7057
31360,6-0299
31361,4-6943
31362,3-4001
31363,6-2282
31364,5-3403
31365,1-9766
31366,8-0044
31367,1-9434
31368,6-3822
31369,7-5034
31370,3-0519
31371,1-5869
31372,5-1317
31373,4-0613
31374,4-1318
31375,3-8165
31376,8-8403
31377,7-4413
31378,5-0273
31379,4-6494
31380,2-4578
31381,5-8891
31382,8-5524
31383,1-5321
31384,5-5933
31385,8-2698
31386,5-4572
31387,5-4372
31388,8-8398
31389,6-5081
31390,7-3213
31391,1-3997
31392,8-5632
31393,5-0459
31394,4-4169
31395,7-7696
31396,3-3301
31397,1-8197
31398,8-9243
31399,8-0159
31400,1-8979
31401,5-0416
31402,5-6842
31403,1-9583
31404,4-5064
31405,5-6950
31406,4-6745
31407,2-9063
31408,8-4306
31409,5-8095
31410,7-0651
31411,2-5006
31412,3-7131
31413,5-5227
31414,2-4927
31415,8-7501
31416,7-0323
31417,8-5060
31418,6-7447
31419,6-4947
31420,2-8772
31421,2-5124
31422,8-8536
31423,2-3267
31424,4-2457
31425,8-1554
31426,1-2624
31427,3-6947
31428,6-8760
31429,1-0133
31430,8-0289
31431,3-2362
31432,2-0827
31433,7-6730
31434,8-1372
31435,4-9099
31436,1-0178
31437,1-8999
31438,4-2811
31439,7-3362
31440,4-7358
31441,4-2331
31442,8-1526
31443,3-6321
31444,4-8143
31445,6-6878
31446,5-5304
31447,4-4386
31448,3-8973
31449,4-2277
31450,2-8241
31451,7-0147
31452,1-9988
31453,5-6909
31454,4-9521
31455,7-0718
31456,6-4340
31457,3-0593
31458,2-8505
31459,2-9259
31460,3-4060
31461,3-8429
31462,3-4575
31463,2-4148
31464,7-0418
31465,5-0387
31466,7-3002
31467,1-9158
31468,4-1631
31469,2-6750
31470,3-0698
31471,4-9286
31472,3-4851
31473,2-4754
31474,2-5403
31475,3-2871
31476,3-2598
31477,5-7453
31478,5-5014
31479,3-8363
31480,6-5797
31481,8-7800
31482,2-3265
31483,7-6819
31484,5-3614
31485,5-7478
31486,4-7784
31487,3-6921
31488,5-5794
31489,8-6577
31490,4-4998
31491,8-3323
31492,6-6996
31493,6-1329
31494,4-3004
31495,7-7244
31496,2-6456
31497,1-9292
31498,8-5401
31499,2-1835
31500,8-1614
31501,7-7631
31502,4-2187
31503,4-3812
31504,5-7493
31505,4-0004
31506,6-5433
31507,6-1816
31508,3-5172
31509,4-4732
31510,1-7281
31511,1-4465
31512,7-0716
31513,3-6969
31514,5-1127
31515,2-1140
31516,7-7889
31517,3-2432
31518,6-6897
31519,1-8684
31520,2-3184
31521,8-9905
31522,2-3712
31523,6-8868
31524,7-0750
31525,2-8087
31526,3-9326
31527,8-8333
31528,7-9638
31529,6-2477
31530,1-4697
31531,7-9730
31532,6-4025
31533,4-0038
31534,8-7385
31535,7-6674
31536,3-1697
31537,5-8775
31538,4-0266
31539,2-0542
31540,5-4891
31541,6-4014
31542,1-1603
31543,5-1583
31544,3-1968
31545,3-9723
31546,7-8640
31547,5-8092
31548,7-7821
31549,5-2097
31550,6-7193
31551,4-8873
31552,2-3954
31553,6-0913
31554,3-7354
31555,4-2527
31556,1-9815
31557,8-6706
31558,6-8443
31559,4-6348
31560,2-9712
31561,2-5007
31562,5-4967
31563,5-8824
31564,4-2942
31565,3-0333
31566,4-0727
31567,2-2292
31568,8-6244
31569,6-7732
31570,8-5492
31571,1-9735
31572,6-4072
31573,5-9112
31574,5-1241
31575,7-7287
31576,4-0242
31577,8-3745
31578,2-6627
31579,6-7545
31580,8-2848
31581,7-9488
31582,1-3487
31583,2-4293
31584,6-5428
31585,3-3181
31586,3-6419
31587,8-6212
31588,4-5499
31589,4-2570
31590,1-5012
31591,4-1520
31592,3-4430
31593,3-6753
31594,6-9037
31595,5-6155
31596,1-5558
31597,6-3756
31598,5-4766
31599,2-5722
31600,3-8353
31601,6-9142
31602,8-1618
31603,5-9883
31604,4-7536
31605,4-9749
31606,8-1191
31607,3-1895
31608,3-9703
31609,7-0382
31610,8-7928
31611,5-8584
31612,7-3121
31613,5-1006
31614,1-9156
31615,2-4302
31616,5-7250
31617,5-7860
31618,6-1795
31619,2-3020
31620,2-3918
31621,4-4675
31622,6-0121
31623,8-8451
31624,6-7170
31625,4-3335
31626,8-9082
31627,4-1309
31628,1-5705
31629,2-4129
31630,2-2512
31631,1-4028
31632,7-0640
31633,7-2104
31634,4-1629
31635,8-2735
31636,6-5037
31637,6-6152
31638,5-3175
31639,4-5232
31640,2-3862
31641,6-4385
31642,2-9247
31643,1-0081
31644,1-6122
31645,2-9761
31646,4-7449
31647,4-4612
31648,7-4768
31649,4-9533
31650,6-1652
31651,5-6889
31652,6-9729
31653,3-6214
31654,5-9183
31655,2-3065
31656,7-5493
31657,3-0187
31658,2-1520
31659,8-9545
31660,5-9814
31661,7-5569
31662,6-2550
31663,2-1475
31664,1-1584
31665,7-5706
31666,2-2014
31667,2-6170
31668,5-3159
31669,4-2363
31670,3-5907
31671,2-4369
31672,7-4819
31673,6-8223
31674,3-7703
31675,8-4262
31676,2-7867
31677,7-1239
31678,3-4252
31679,8-9182
31680,7-4316
31681,1-2045
31682,1-4275
31683,4-2301
31684,4-6279
31685,2-0635
31686,6-7220
31687,5-9015
31688,2-4967
31689,3-4221
31690,8-6049
31691,6-0632
31692,1-1323
31693,4-6571
31694,3-7968
31695,6-7909
31696,2-2939
31697,8-6404
31698,2-7971
31699,3-2411
31700,2-3257
31701,1-7831
31702,5-3177
31703,5-4787
31704,2-4074
31705,2-8172
31706,7-3458
31707,5-8729
31708,7-8261
31709,4-0293
31710,4-2383
31711,2-0333
31712,8-2873
31713,7-9005
31714,8-1465
31715,7-9585
31716,6-3328
31717,1-5346
31718,5-0266
31719,2-8301
31720,3-0032
31721,1-0290
31722,3-9284
31723,3-3481
31724,4-4723
31725,7-2715
31726,3-0336
31727,2-2277
31728,6-0843
31729,1-8228
31730,4-2345
31731,2-3386
31732,3-5888
31733,8-9242
31734,2-7319
31735,4-9615
31736,5-5920
31737,3-1062
31738,4-4088
31739,3-9771
31740,8-6861
31741,7-0653
31742,2-8302
31743,5-1916
31744,1-8867
31745,2-6333
31746,5-4146
31747,8-9480
31748,3-6863
31749,4-8675
31750,1-7442
31751,6-4908
31752,2-4225
31753,1-1063
31754,8-3481
31755,2-0285
31756,6-5557
31757,1-3752
31758,5-8324
31759,3-4586
31760,4-5852
31761,3-4725
31762,8-7039
31763,2-1695
31764,5-9615
31765,5-4195
31766,1-6226
31767,5-1151
31768,2-8828
31769,3-0949
31770,7-1465
31771,3-5388
31772,2-0656
31773,3-8986
31774,2-6852
31775,3-9693
31776,4-3219
31777,5-2092
31778,6-6158
31779,3-4909
31780,7-2712
31781,2-0634
31782,6-6323
31783,7-1452
31784,2-0012
31785,8-5017
31786,4-4059
31787,7-8411
31788,5-7651
31789,8-4874
31790,5-0348
31791,6-5111
31792,6-7297
31793,3-0663
31794,8-6155
31795,8-4282
31796,4-7600
31797,6-0935
31798,1-6160
31799,4-6281
31800,6-7180
31801,8-3763
31802,7-9858
31803,3-7506
31804,5-5094
31805,7-1804
31806,6-6980
31807,5-9322
31808,1-2643
31809,8-4004
31810,5-6057
31811,3-1078
31812,8-7770
31813,3-0481
31814,5-8886
31815,4-1457
31816,8-5459
31817,4-1694
31818,4-3633
31819,2-5563
31820,5-2610
31821,7-9606
31822,7-0937
31823,7-0386
31824,5-5733
31825,4-0176
31826,1-9721
31827,2-6436
31828,2-0824
31829,3-8223
31830,1-0168
31831,1-7909
31832,5-6184
31833,2-5065
31834,3-7799
31835,5-9677
31836,4-0062
31837,8-4059
31838,8-9066
31839,4-9325
31840,6-4677
31841,1-5176
31842,1-6999
31843,3-2375
31844,5-4235
31845,1-9343
31846,4-3166
31847,1-3130
31848,6-7985
31849,5-2380
31850,1-7502
31851,3-3312
31852,4-6393
31853,2-7255
31854,4-8047
31855,7-2244
31856,7-4691
31857,7-0542
31858,1-3049
31859,2-4672
31860,1-3535
31861,2-2641
31862,6-3364
31863,4-1061
31864,1-7086
31865,8-3107
31866,1-5161
31867,6-2968
31868,7-3112
31869,3-1896
31870,6-9386
31871,5-0747
31872,8-2214
31873,8-1884
31874,8-7005
31875,2-3607
31876,3-6612
31877,6-1772
31878,7-9344
31879,4-1751
31880,8-9455
31881,6-5756
31882,4-3394
31883,1-1824
31884,3-4982
31885,3-3739
31886,3-0044
31887,4-5762
31888,8-3126
31889,4-5125
31890,1-2109
31891,2-3237
31892,5-0267
31893,2-3320
31894,5-1147
31895,5-2046
31896,3-2156
31897,2-9812
31898,3-5999
31899,2-8719
31900,1-5628
31901,6-0579
31902,3-7838
31903,5-4099
31904,5-3315
31905,3-5446
31906,6-8434
31907,2-5411
31908,4-8977
31909,4-8620
31910,4-5092
31911,8-0347
31912,1-3269
31913,5-2752
31914,2-9169
31915,3-3399
31916,1-9276
31917,3-8551
31918,6-5293
31919,6-3234
31920,3-9083
31921,3-4066
31922,3-1486
31923,5-4756
31924,1-2385
31925,7-5302
31926,7-7464
31927,2-6790
31928,5-7154
31929,3-3664
31930,6-6228
31931,4-5942
31932,5-1118
31933,8-5372
31934,3-4873
31935,4-8529
31936,3-6794
31937,1-9979
31938,2-4232
31939,5-0768
31940,4-8612
31941,3-7314
31942,6-8633
31943,2-8980
31944,8-2228
31945,6-4091
31946,3-9988
31947,3-0689
31948,3-8268
31949,2-8016
31950,1-9006
31951,5-2579
31952,1-5432
31953,6-2699
31954,2-2567
31955,6-4033
31956,7-5717
31957,6-1339
31958,7-7952
31959,8-5815
31960,4-8359
31961,1-6912
31962,1-8549
31963,8-3631
31964,7-4989
31965,2-8290
31966,5-8827
31967,6-6024
31968,1-6236
31969,6-0727
31970,5-8431
31971,1-3943
31972,2-7308
31973,8-7519
31974,4-9491
31975,3-9735
31976,5-9126
31977,6-7816
31978,7-8306
31979,7-9572
31980,8-2397
31981,8-5838
31982,8-5239
31983,6-2812
31984,1-6744
31985,5-8816
31986,2-2990
31987,6-8236
31988,2-2271
31989,8-0921
31990,2-4268
31991,3-3281
31992,8-8101
31993,4-8049
31994,3-1125
31995,7-6406
31996,2-3118
31997,1-8940
31998,8-0091
31999,6-8958
32000,7-0253
32001,3-0095
32002,2-0218
32003,6-0598
32004,8-2532
32005,3-4840
32006,3-1971
32007,5-1550
32008,6-9487
32009,6-2322
32010,7-1770
32011,2-0969
32012,2-5061
32013,1-3039
32014,4-4390
32015,2-9609
32016,5-3252
32017,6-7510
32018,2-1219
32019,7-0725
32020,2-9683
32021,3-5398
32022,4-7923
32023,1-8161
32024,4-2315
32025,6-1298
32026,6-0480
32027,7-5278
32028,7-5890
32029,3-0531
32030,4-8570
32031,2-5348
32032,5-8912
32033,3-1620
32034,2-3578
32035,3-5113
32036,8-7413
32037,6-0202
32038,2-1757
32039,6-3131
32040,1-4116
32041,3-0534
32042,2-0884
32043,6-3631
32044,4-9825
32045,3-8535
32046,1-1774
32047,2-0173
32048,7-1108
32049,6-4819
32050,4-5974
32051,4-4071
32052,8-7363
32053,5-6157
32054,7-1705
32055,3-9554
32056,3-9602
32057,5-0063
32058,7-8622
32059,2-2389
32060,5-8244
32061,5-1543
32062,2-9469
32063,5-4077
32064,8-1468
32065,8-9903
32066,7-1653
32067,7-0617
32068,5-6799
32069,3-2046
32070,2-5422
32071,7-1940
32072,4-2390
32073,7-0023
32074,5-5951
32075,3-8615
32076,4-0318
32077,7-7542
32078,8-4404
32079,3-8077
32080,4-9470
32081,2-7150
32082,7-4046
32083,8-3684
32084,4-0836
32085,5-1850
32086,5-0357
32087,6-9232
32088,1-7206
32089,4-7658
32090,5-4471
32091,6-5059
32092,4-8202
32093,3-8820
32094,4-5990
32095,6-1631
32096,3-1228
32097,5-9935
32098,4-3212
32099,8-4207
32100,4-2163
32101,2-1662
32102,7-2981
32103,1-5903
32104,5-8911
32105,1-6686
32106,3-7059
32107,1-4007
32108,8-7746
32109,7-2896
32110,8-9996
32111,4-7301
32112,5-8852
32113,3-8014
32114,5-3541
32115,4-0239
32116,5-5058
32117,7-6690
32118,7-8651
32119,2-9824
32120,4-8927
32121,2-1186
32122,7-3769
32123,1-8071
32124,7-6947
32125,8-7802
32126,3-0644
32127,3-1025
32128,2-0389
32129,5-8513
32130,3-0226
32131,4-8050
32132,1-6294
32133,7-5921
32134,3-0191
32135,6-7064
32136,1-5297
32137,6-5009
32138,4-0969
32139,5-1444
32140,3-6717
32141,8-8269
32142,5-9993
32143,6-6751
32144,3-9617
32145,4-7741
32146,3-6063
32147,5-3932
32148,6-8593
32149,1-5581
32150,5-8367
32151,8-4031
32152,6-8460
32153,6-7136
32154,3-7328
32155,1-4079
32156,7-2426
32157,6-0382
32158,5-4751
32159,5-2412
32160,5-4281
32161,7-2661
32162,2-9558
32163,7-2247
32164,7-2190
32165,4-6187
32166,1-6596
32167,2-8981
32168,2-5640
32169,7-8572
32170,5-3955
32171,3-5350
32172,1-1327
32173,3-5717
32174,2-0918
32175,5-7244
32176,8-0073
32177,4-7567
32178,4-4141
32179,6-9064
32180,4-4287
32181,2-0105
32182,4-1445
32183,8-4172
32184,4-3743
32185,5-3804
32186,4-3854
32187,1-6252
32188,4-7495
32189,6-7648
32190,5-5969
32191,7-1650
32192,4-4889
32193,1-6518
32194,6-5955
32195,5-6867
32196,6-4478
32197,6-8748
32198,4-8513
32199,8-0079
32200,1-5229
32201,1-1446
32202,7-9985
32203,1-5889
32204,2-9272
32205,5-0770
32206,5-0394
32207,8-0201
32208,5-5843
32209,7-9907
32210,2-4175
32211,2-2753
32212,6-7754
32213,1-9429
32214,5-2429
32215,1-8164
32216,3-2137
32217,3-4713
32218,2-9823
32219,3-6558
32220,8-8393
32221,6-8470
32222,3-9046
32223,2-5204
32224,5-3223
32225,3-7549
32226,3-5367
32227,6-8701
32228,1-2230
32229,3-3688
32230,1-3531
32231,8-4877
32232,6-7273
32233,2-3777
32234,4-5164
32235,5-1727
32236,4-7900
32237,5-4081
32238,4-1496
32239,8-9916
32240,6-4137
32241,8-6920
32242,1-7151
32243,6-4039
32244,5-3587
32245,8-6214
32246,1-5991
32247,7-8835
32248,4-3024
32249,8-8436
32250,3-4580
32251,2-5865
32252,1-0747
32253,7-1310
32254,2-8116
32255,3-2691
32256,3-4990
32257,1-0176
32258,6-6557
32259,5-8246
32260,1-6338
32261,5-3878
32262,4-6238
32263,4-4227
32264,7-4505
32265,6-1088
32266,4-9382
32267,8-2587
32268,1-6848
32269,2-2766
32270,2-8387
32271,6-3819
32272,7-8097
32273,5-8984
32274,3-6423
32275,5-1889
32276,1-2106
32277,3-4906
32278,2-6740
32279,2-3612
32280,5-6503
32281,1-9222
32282,8-0360
32283,7-9953
32284,2-5975
32285,1-6570
32286,1-6048
32287,2-4861
32288,8-0503
32289,6-4079
32290,7-8282
32291,6-0502
32292,8-2403
32293,1-8042
32294,7-3274
32295,3-4887
32296,6-5033
32297,4-8869
32298,1-2471
32299,4-3871
32300,3-4821
32301,6-2552
32302,3-1172
32303,2-3112
32304,5-7288
32305,7-5489
32306,8-7470
32307,1-1479
32308,1-1626
32309,1-9409
32310,7-2113
32311,7-5340
32312,3-8957
32313,2-5622
32314,5-5778
32315,5-9878
32316,8-6277
32317,4-1952
32318,7-9068
32319,3-1430
32320,6-9482
32321,7-7969
32322,3-9499
32323,4-6522
32324,5-4224
32325,6-2895
32326,3-1548
32327,8-5552
32328,8-1192
32329,5-8986
32330,6-4859
32331,1-5570
32332,8-9059
32333,6-7182
32334,2-0647
32335,3-4139
32336,8-3368
32337,4-4781
32338,8-7173
32339,8-5784
32340,1-2528
32341,2-4421
32342,5-4307
32343,2-5272
32344,1-6772
32345,1-9544
32346,2-9007
32347,5-0633
32348,2-5454
32349,1-9281
32350,2-9580
32351,4-3255
32352,3-2658
32353,5-6101
32354,2-7141
32355,6-0079
32356,3-8481
32357,6-6682
32358,2-6219
32359,2-8297
32360,2-6218
32361,6-5238
32362,3-0633
32363,6-0688
32364,3-4529
32365,4-3560
32366,8-3596
32367,1-1776
32368,8-1350
32369,3-2180
32370,7-2012
32371,3-7380
32372,3-5122
32373,6-6892
32374,6-2877
32375,6-9013
32376,6-6754
32377,2-5356
32378,8-8668
32379,7-8800
32380,8-6733
32381,7-5474
32382,4-4462
32383,3-1746
32384,7-8081
32385,4-0099
32386,1-5625
32387,7-0279
32388,7-0643
32389,1-3543
32390,6-0269
32391,2-2930
32392,2-4026
32393,1-1538
32394,2-0401
32395,5-0950
32396,7-4415
32397,6-0773
32398,7-3110
32399,1-9336
32400,7-4905
32401,2-3102
32402,5-7265
32403,4-4388
32404,8-4399
32405,8-6997
32406,3-8188
32407,4-4768
32408,2-4435
32409,5-9673
32410,3-7455
32411,3-3174
32412,3-0371
32413,3-9078
32414,6-6223
32415,4-8748
32416,2-9461
32417,6-8850
32418,3-6911
32419,6-0137
32420,2-6952
32421,8-7466
32422,8-2849
32423,7-2281
32424,4-4595
32425,5-8900
32426,3-8653
32427,8-5957
32428,2-5621
32429,3-0923
32430,4-8037
32431,7-1735
32432,6-8474
32433,7-0621
32434,8-3941
32435,8-7527
32436,4-3843
32437,2-9463
32438,5-2854
32439,8-0301
32440,3-7557
32441,7-1000
32442,3-7956
32443,1-3080
32444,3-3327
32445,7-7068
32446,4-8865
32447,4-1725
32448,5-7090
32449,5-1785
32450,7-9181
32451,1-3283
32452,8-8913
32453,1-5267
32454,3-9231
32455,7-1330
32456,6-6811
32457,4-3390
32458,1-3566
32459,5-9334
32460,3-3067
32461,2-8327
32462,1-2613
32463,7-4021
32464,3-4907
32465,8-1709
32466,2-5141
32467,7-1913
32468,4-6647
32469,4-1474
32470,7-5932
32471,7-5650
32472,1-9840
32473,3-7926
32474,3-3693
32475,1-0804
32476,2-4668
32477,7-5433
32478,1-1173
32479,7-3539
32480,4-9733
32481,1-4341
32482,3-6228
32483,7-1178
32484,8-9069
32485,5-6010
32486,6-3912
32487,6-8523
32488,6-6304
32489,6-0370
32490,6-6815
32491,3-8417
32492,3-6164
32493,8-3520
32494,5-5626
32495,5-4450
32496,3-8758
32497,6-8615
32498,3-7480
32499,8-4922
32500,1-5501
32501,2-6734
32502,3-1755
32503,3-5177
32504,4-2571
32505,4-4238
32506,3-1302
32507,4-1597
32508,6-2931
32509,3-3004
32510,4-7652
32511,7-9189
32512,7-1470
32513,2-4095
32514,3-5313
32515,5-6196
32516,1-6783
32517,1-2533
32518,5-6451
32519,7-3044
32520,6-7267
32521,2-2786
32522,1-7107
32523,6-3441
32524,2-7340
32525,2-5895
32526,8-4335
32527,1-8142
32528,1-7709
32529,7-1074
32530,3-6409
32531,1-0476
32532,2-4199
32533,2-4281
32534,7-6954
32535,1-8706
32536,4-0258
32537,1-9978
32538,1-4940
32539,5-1287
32540,5-5665
32541,2-4469
32542,7-2315
32543,8-9115
32544,4-9059
32545,2-2882
32546,8-2517
32547,2-0104
32548,3-5250
32549,2-8022
32550,5-6130
32551,3-8147
32552,4-7891
32553,2-0671
32554,1-8762
32555,3-7595
32556,2-9409
32557,2-0792
32558,2-9458
32559,7-2856
32560,7-2670
32561,8-6438
32562,5-6267
32563,6-6623
32564,6-4244
32565,3-8224
32566,3-3557
32567,1-7013
32568,8-4710
32569,2-6041
32570,1-6038
32571,4-3001
32572,7-0704
32573,8-5232
32574,1-5969
32575,3-5074
32576,7-1565
32577,3-7712
32578,3-6964
32579,2-3248
32580,1-1121
32581,5-5369
32582,7-6883
32583,4-5694
32584,3-1177
32585,2-7754
32586,4-2641
32587,7-2001
32588,6-0494
32589,8-5491
32590,1-2245
32591,3-5442
32592,1-7104
32593,6-2318
32594,8-7098
32595,3-1566
32596,7-5966
32597,2-7585
32598,1-6542
32599,6-3941
32600,6-9708
32601,3-8347
32602,2-0591
32603,3-0732
32604,7-1053
32605,2-5320
32606,4-4542
32607,6-9121
32608,7-1364
32609,5-5082
32610,3-2413
32611,8-2880
32612,4-8578
32613,5-4646
32614,1-8070
32615,3-7991
32616,3-3647
32617,7-0405
32618,8-9651
32619,6-8915
32620,2-9019
32621,5-0696
32622,6-4193
32623,6-2113
32624,7-3507
32625,7-6852
32626,4-5758
32627,8-5874
32628,5-0703
32629,5-4975
32630,1-1391
32631,8-7073
32632,1-2221
32633,1-7784
32634,2-3547
32635,6-3217
32636,7-7745
32637,1-3197
32638,5-6761
32639,7-7747
32640,8-7941
32641,4-7539
32642,2-7722
32643,5-7364
32644,6-0856
32645,6-9456
32646,5-7053
32647,5-3215
32648,3-5899
32649,2-9745
32650,2-6201
32651,5-5156
32652,6-1256
32653,8-5164
32654,7-3534
32655,1-1802
32656,5-0078
32657,2-7401
32658,1-8856
32659,8-8361
32660,2-8074
32661,5-4909
32662,1-0784
32663,1-8467
32664,2-7988
32665,7-8352
32666,1-4727
32667,7-0502
32668,6-7812
32669,7-5117
32670,6-9770
32671,4-0051
32672,1-8934
32673,7-7575
32674,5-0141
32675,8-6700
32676,6-0662
32677,6-5752
32678,8-3554
32679,6-9415
32680,4-9212
32681,1-5270
32682,4-9090
32683,1-7241
32684,3-5010
32685,3-3152
32686,4-5695
32687,3-8368
32688,5-3056
32689,2-8533
32690,2-0283
32691,6-2676
32692,2-3126
32693,7-7281
32694,5-3387
32695,1-9139
32696,3-6734
32697,2-7028
32698,5-2407
32699,7-6703
32700,4-4571
32701,2-8763
32702,6-1638
32703,5-9264
32704,8-1532
32705,3-6959
32706,1-2267
32707,3-2674
32708,7-1214
32709,4-8463
32710,3-8798
32711,1-3886
32712,4-2673
32713,6-3262
32714,8-6180
32715,3-8892
32716,4-9625
32717,4-1701
32718,7-4539
32719,3-3173
32720,8-9406
32721,7-9996
32722,8-1150
32723,3-5142
32724,8-1288
32725,6-6948
32726,8-0853
32727,8-5713
32728,7-6894
32729,3-6766
32730,1-4181
32731,7-0276
32732,5-6607
32733,4-3406
32734,7-7612
32735,5-5629
32736,1-2971
32737,5-4929
32738,2-5484
32739,4-3931
32740,7-7412
32741,2-7295
32742,8-0741
32743,4-0717
32744,6-7577
32745,2-8415
32746,5-2267
32747,1-7957
32748,5-5537
32749,3-5932
32750,5-7793
32751,8-0054
32752,3-0611
32753,7-9273
32754,2-0689
32755,3-9030
32756,5-8195
32757,8-5351
32758,7-8932
32759,8-8193
32760,5-0206
32761,6-5561
32762,7-4635
32763,4-7878
32764,6-0175
32765,1-5274
32766,4-5333
32767,1-0059
32768,1-8920
32769,6-7072
32770,3-9313
32771,2-8440
32772,2-6306
32773,3-0872
32774,8-2942
32775,1-2757
32776,3-5736
32777,2-5518
32778,6-4174
32779,6-3403
32780,3-3313
32781,1-5488
32782,7-0078
32783,3-2079
32784,5-1878
32785,7-6639
32786,6-5452
32787,4-4336
32788,4-3786
32789,1-2175
32790,4-2536
32791,8-4660
32792,1-2620
32793,6-5635
32794,8-5056
32795,5-3009
32796,5-1708
32797,7-8579
32798,3-4903
32799,7-9878
32800,3-0015
32801,8-7690
32802,7-2546
32803,7-4925
32804,2-2621
32805,5-2484
32806,5-6547
32807,4-9304
32808,8-4193
32809,4-5682
32810,2-0638
32811,6-6999
32812,3-1675
32813,1-4692
32814,6-7949
32815,5-3665
32816,8-7174
32817,4-2200
32818,8-1368
32819,7-3950
32820,8-9297
32821,6-3362
32822,4-8189
32823,6-9650
32824,4-8246
32825,6-3731
32826,3-7758
32827,1-6975
32828,1-6050
32829,2-8184
32830,8-8625
32831,2-7247
32832,8-5268
32833,2-0563
32834,2-4712
32835,8-7226
32836,2-9697
32837,2-9062
32838,5-2660
32839,1-3439
32840,2-9707
32841,3-5829
32842,8-6814
32843,8-9133
32844,6-8044
32845,2-5721
32846,2-6023
32847,5-8582
32848,1-3174
32849,3-8737
32850,1-3246
32851,2-3665
32852,4-8388
32853,2-4575
32854,4-3732
32855,7-2596
32856,6-3706
32857,4-6993
32858,4-2245
32859,5-7371
32860,6-3612
32861,6-1923
32862,5-8702
32863,7-5819
32864,8-0886
32865,5-7173
32866,3-4477
32867,1-8214
32868,5-1784
32869,7-2372
32870,5-3424
32871,2-7645
32872,3-1878
32873,1-6815
32874,7-6202
32875,4-9822
32876,7-1447
32877,7-7579
32878,5-0017
32879,6-8704
32880,1-0419
32881,4-5803
32882,7-4096
32883,1-1428
32884,6-4300
32885,2-7179
32886,6-8769
32887,4-9439
32888,7-3943
32889,7-8374
32890,7-6981
32891,8-5872
32892,7-7265
32893,4-2843
32894,3-9709
32895,3-5266
32896,2-1011
32897,3-0721
32898,2-2607
32899,1-9966
32900,2-9885
32901,6-5845
32902,3-9908
32903,7-2459
32904,5-6531
32905,1-9249
32906,3-2985
32907,1-5034
32908,6-0008
32909,4-6060
32910,1-8731
32911,6-1769
32912,3-5609
32913,3-4489
32914,5-4841
32915,2-6451
32916,2-2298
32917,1-4880
32918,6-8184
32919,8-9240
32920,1-0043
32921,8-1501
32922,3-4287
32923,7-9898
32924,1-1477
32925,7-5064
32926,3-7971
32927,7-4499
32928,1-5694
32929,1-4582
32930,4-4599
32931,2-5212
32932,8-0420
32933,6-1346
32934,4-5185
32935,1-6880
32936,3-5814
32937,2-1451
32938,2-9057
32939,4-7003
32940,3-8876
32941,6-6960
32942,3-9020
32943,4-6684
32944,5-5899
32945,5-4159
32946,6-8724
32947,3-7530
32948,4-9841
32949,1-8097
32950,7-8396
32951,5-4262
32952,7-4418
32953,2-2203
32954,7-6719
32955,5-3880
32956,5-5811
32957,4-3532
32958,4-6001
32959,1-0220
32960,4-5645
32961,6-1241
32962,1-5926
32963,1-6444
32964,7-1231
32965,4-2895
32966,1-0654
32967,2-1434
32968,7-6428
32969,2-0177
32970,4-6508
32971,6-2867
32972,2-5368
32973,5-7595
32974,8-5138
32975,8-7740
32976,5-8005
32977,5-8224
32978,2-8209
32979,5-7579
32980,3-0573
32981,2-6924
32982,3-6672
32983,6-2359
32984,4-9387
32985,4-5902
32986,6-6030
32987,8-8639
32988,5-5817
32989,2-8335
32990,2-4029
32991,7-4597
32992,1-7576
32993,1-2719
32994,4-2963
32995,2-6488
32996,7-2565
32997,3-7954
32998,3-5000
32999,2-1430
33000,4-2645
33001,2-9136
33002,5-9504
33003,2-4998
33004,8-3259
33005,7-9297
33006,3-4686
33007,5-2034
33008,7-8509
33009,6-6678
33010,5-5480
33011,1-5095
33012,8-6178
33013,1-8356
33014,3-4442
33015,4-9651
33016,3-0331
33017,5-4250
33018,5-0365
33019,7-1367
33020,6-4654
33021,1-2499
33022,2-2968
33023,7-5570
33024,5-5901
33025,7-9525
33026,7-1051
33027,7-9563
33028,6-5938
33029,2-1480
33030,4-9156
33031,4-5790
33032,8-8293
33033,1-6095
33034,1-4165
33035,8-4634
33036,8-2627
33037,1-6175
33038,6-6834
33039,5-9094
33040,1-5380
33041,1-6551
33042,4-1108
33043,2-3351
33044,8-6506
33045,2-4926
33046,7-5295
33047,5-7278
33048,8-5618
33049,6-7967
33050,7-3398
33051,7-1040
33052,8-0332
33053,3-4360
33054,7-1152
33055,1-3995
33056,2-9024
33057,5-2786
33058,7-5612
33059,5-3788
33060,6-7938
33061,4-2399
33062,8-2576
33063,4-5740
33064,2-8987
33065,2-2134
33066,3-0496
33067,3-6763
33068,7-9866
33069,3-3829
33070,7-6517
33071,5-2594
33072,5-1183
33073,5-3752
33074,3-3175
33075,5-2672
33076,4-0291
33077,5-5370
33078,4-0265
33079,2-7535
33080,3-8649
33081,4-5016
33082,8-5554
33083,6-0355
33084,7-5153
33085,7-4833
33086,4-5203
33087,8-4410
33088,2-5452
33089,1-4805
33090,3-6877
33091,4-5906
33092,8-3379
33093,1-4560
33094,7-0095
33095,7-7710
33096,3-7022
33097,7-3760
33098,7-9588
33099,2-5255
33100,8-6972
33101,3-3869
33102,6-6606
33103,4-3139
33104,8-2356
33105,8-7708
33106,1-9349
33107,8-1041
33108,6-4320
33109,4-8016
33110,4-1167
33111,6-6885
33112,7-6271
33113,1-5475
33114,1-1450
33115,7-6621
33116,2-0597
33117,5-4669
33118,1-1150
33119,3-0295
33120,3-1278
33121,1-4071
33122,3-7739
33123,7-2906
33124,4-1556
33125,8-8520
33126,4-6141
33127,5-8727
33128,5-3124
33129,7-7497
33130,2-1369
33131,6-4288
33132,5-0075
33133,3-3556
33134,5-5813
33135,7-1686
33136,7-9185
33137,2-5133
33138,5-3516
33139,6-7642
33140,1-8186
33141,6-5541
33142,4-5627
33143,7-3364
33144,3-7831
33145,2-3032
33146,6-0051
33147,7-1977
33148,2-1421
33149,3-8837
33150,6-0256
33151,7-7761
33152,8-1159
33153,7-8117
33154,4-4165
33155,4-5391
33156,7-8452
33157,3-6683
33158,1-8358
33159,7-8266
33160,8-5008
33161,3-5326
33162,7-6396
33163,1-4681
33164,6-6277
33165,6-9239
33166,2-6975
33167,3-0552
33168,4-5693
33169,2-9365
33170,4-1070
33171,1-0560
33172,3-2773
33173,2-5714
33174,7-0007
33175,5-6553
33176,2-5485
33177,5-0962
33178,2-6708
33179,7-8825
33180,3-9247
33181,1-6343
33182,3-9657
33183,3-2420
33184,4-3331
33185,7-6967
33186,7-0115
33187,2-0756
33188,1-2490
33189,7-4466
33190,3-6330
33191,4-6692
33192,1-1394
33193,1-7419
33194,1-8694
33195,1-8155
33196,7-4670
33197,6-8306
33198,3-7088
33199,4-7588
33200,4-0837
33201,7-1975
33202,1-8987
33203,8-4996
33204,2-1045
33205,7-5999
33206,4-3472
33207,6-6023
33208,7-6912
33209,6-2123
33210,8-6544
33211,5-5305
33212,6-2756
33213,7-4630
33214,2-5542
33215,8-5785
33216,6-6691
33217,8-1144
33218,3-9356
33219,8-5897
33220,8-9785
33221,5-3914
33222,6-1626
33223,1-2713
33224,1-8909
33225,6-9744
33226,3-6909
33227,1-9090
33228,2-2434
33229,7-7885
33230,7-4199
33231,6-1945
33232,3-3370
33233,4-3583
33234,7-6617
33235,2-9175
33236,4-2403
33237,2-1418
33238,5-0434
33239,4-8953
33240,8-5233
33241,7-4331
33242,3-2630
33243,8-6364
33244,4-0456
33245,2-3626
33246,8-9542
33247,5-7073
33248,3-7231
33249,8-6478
33250,2-3057
33251,7-8307
33252,1-0151
33253,6-8023
33254,8-2736
33255,6-0363
33256,6-7349
33257,4-0654
33258,1-5514
33259,3-8570
33260,1-2882
33261,4-4787
33262,8-8925
33263,5-7402
33264,8-4130
33265,1-4810
33266,7-5085
33267,4-8942
33268,1-6753
33269,3-9953
33270,8-3421
33271,1-0711
33272,5-8932
33273,2-9516
33274,8-9266
33275,8-8346
33276,2-2900
33277,4-9029
33278,5-4713
33279,8-5496
33280,8-4793
33281,8-4462
33282,7-0866
33283,4-5222
33284,8-0881
33285,1-7842
33286,2-1509
33287,4-5369
33288,7-5365
33289,4-9289
33290,6-6204
33291,7-2099
33292,1-1402
33293,2-2483
33294,7-4476
33295,5-2592
33296,6-5133
33297,8-1052
33298,7-3161
33299,8-1004
33300,6-0894
33301,7-6963
33302,7-8702
33303,6-2023
33304,6-5817
33305,1-9226
33306,1-1470
33307,1-0737
33308,4-5366
33309,4-6721
33310,5-3743
33311,7-9958
33312,2-8732
33313,2-4673
33314,4-4558
33315,5-3008
33316,4-3918
33317,3-9214
33318,5-4660
33319,8-7448
33320,6-9898
33321,1-7456
33322,8-1113
33323,7-4531
33324,5-1201
33325,3-4913
33326,7-1129
33327,8-6836
33328,8-6366
33329,4-6480
33330,1-3977
33331,8-7663
33332,4-0259
33333,4-6072
33334,7-9855
33335,1-1890
33336,6-2897
33337,2-5589
33338,1-9402
33339,7-2827
33340,5-3567
33341,7-5482
33342,7-1597
33343,8-7469
33344,8-4171
33345,5-9071
33346,8-5481
33347,7-0476
33348,4-7194
33349,1-4432
33350,5-8728
33351,3-9755
33352,4-1919
33353,2-7789
33354,3-6735
33355,4-1142
33356,3-6380
33357,2-9884
33358,6-4788
33359,8-2157
33360,6-0338
33361,7-4204
33362,7-3668
33363,6-5998
33364,8-2159
33365,8-8546
33366,5-5753
33367,7-8814
33368,7-5656
33369,2-8956
33370,5-4196
33371,4-1831
33372,2-6808
33373,5-0454
33374,7-7678
33375,6-0518
33376,1-0727
33377,7-3558
33378,4-2945
33379,8-8044
33380,2-4751
33381,5-0848
33382,5-5048
33383,7-4178
33384,5-7406
33385,8-0483
33386,8-6953
33387,2-4833
33388,3-1763
33389,6-8582
33390,6-9526
33391,1-5296
33392,7-4500
33393,8-8145
33394,7-8746
33395,3-6023
33396,4-4177
33397,5-3744
33398,2-1874
33399,5-0873
33400,4-3749
33401,6-1541
33402,3-8832
33403,2-5245
33404,5-4154
33405,4-8262
33406,2-9935
33407,1-6514
33408,4-9349
33409,8-7772
33410,1-8569
33411,4-9773
33412,2-3206
33413,3-6653
33414,4-5156
33415,2-6260
33416,1-1453
33417,4-6257
33418,5-6000
33419,3-6802
33420,6-6814
33421,1-3281
33422,2-0780
33423,8-9546
33424,4-3624
33425,4-9606
33426,2-2256
33427,7-0811
33428,2-1665
33429,5-3657
33430,8-0819
33431,5-1063
33432,6-9511
33433,6-4667
33434,1-9267
33435,2-1172
33436,8-8447
33437,1-2144
33438,1-0117
33439,2-3051
33440,7-1662
33441,1-6827
33442,8-5505
33443,4-3327
33444,3-4358
33445,4-8027
33446,4-8980
33447,7-7192
33448,7-7706
33449,3-7240
33450,1-2754
33451,6-2637
33452,7-5743
33453,5-2695
33454,8-9976
33455,3-9931
33456,8-9997
33457,8-0233
33458,5-1459
33459,6-3066
33460,1-7272
33461,2-5301
33462,4-2961
33463,3-0318
33464,2-5181
33465,7-2640
33466,2-4944
33467,7-5166
33468,4-7705
33469,5-9977
33470,1-3600
33471,8-1919
33472,5-3615
33473,2-1442
33474,4-6182
33475,5-7521
33476,7-6150
33477,3-2905
33478,2-7736
33479,4-4465
33480,4-5818
33481,4-3530
33482,1-5564
33483,1-2704
33484,1-7409
33485,6-6471
33486,6-1668
33487,2-9064
33488,1-5449
33489,4-0091
33490,6-7951
33491,4-8830
33492,7-1305
33493,7-2021
33494,5-1019
33495,6-5614
33496,5-9194
33497,3-5447
33498,7-3129
33499,4-2337
33500,1-9837
33501,4-0605
33502,8-1033
33503,1-2264
33504,4-4397
33505,4-1456
33506,8-0997
33507,8-1043
33508,6-4275
33509,6-9952
33510,4-8248
33511,7-9554
33512,5-6980
33513,6-1544
33514,5-2214
33515,6-2178
33516,7-2534
33517,5-9343
33518,6-9878
33519,7-8286
33520,7-6256
33521,7-3935
33522,3-6748
33523,8-9369
33524,3-5644
33525,2-1967
33526,2-0607
33527,7-7083
33528,7-0353
33529,3-1854
33530,5-7690
33531,5-3270
33532,2-1781
33533,8-4629
33534,8-4121
33535,3-6704
33536,3-5453
33537,5-2903
33538,2-6036
33539,3-7421
33540,8-9650
33541,5-8667
33542,2-3435
33543,2-8060
33544,8-4873
33545,3-9274
33546,4-0324
33547,2-4301
33548,4-5781
33549,3-3890
33550,7-6103
33551,5-1042
33552,5-7998
33553,3-5351
33554,5-1144
33555,5-9460
33556,2-3194
33557,1-9331
33558,2-2211
33559,5-1485
33560,3-7901
33561,7-0113
33562,5-8051
33563,3-3502
33564,8-5052
33565,7-0101
33566,2-7058
33567,6-7948
33568,6-0039
33569,1-2997
33570,1-1526
33571,2-9108
33572,1-7342
33573,2-7696
33574,2-4842
33575,8-8141
33576,8-7739
33577,3-8533
33578,1-0520
33579,5-4623
33580,4-3403
33581,5-2463
33582,4-6243
33583,1-8439
33584,1-6290
33585,7-4274
33586,2-1298
33587,2-5116
33588,5-3440
33589,3-2720
33590,4-4495
33591,3-6700
33592,1-4230
33593,5-8286
33594,5-3144
33595,6-1104
33596,1-1410
33597,8-5740
33598,5-6095
33599,2-3311
33600,3-9961
33601,6-3023
33602,4-3243
33603,8-2758
33604,5-0617
33605,4-4507
33606,6-4560
33607,7-7819
33608,5-1812
33609,5-2787
33610,6-5529
33611,4-4252
33612,3-9868
33613,4-6277
33614,3-8955
33615,6-1725
33616,8-1689
33617,7-6493
33618,1-2737
33619,4-9797
33620,8-3588
33621,7-8029
33622,1-9759
33623,3-1331
33624,5-9365
33625,3-0650
33626,8-2719
33627,8-2166
33628,3-6507
33629,2-7914
33630,7-0008
33631,4-8736
33632,7-2820
33633,4-6572
33634,5-4141
33635,8-5934
33636,7-5636
33637,8-6383
33638,7-9778
33639,7-3917
33640,4-3978
33641,1-7548
33642,4-1593
33643,1-3802
33644,7-2690
33645,4-1916
33646,2-4683
33647,4-1397
33648,6-7192
33649,7-0449
33650,7-5622
33651,7-1455
33652,6-4060
33653,8-1264
33654,3-3054
33655,8-4551
33656,7-2880
33657,6-0253
33658,5-9548
33659,6-3907
33660,4-7170
33661,8-9656
33662,2-2881
33663,6-0241
33664,4-0981
33665,6-8361
33666,4-3468
33667,6-7920
33668,5-7815
33669,5-8535
33670,4-4009
33671,7-1638
33672,6-3407
33673,3-9276
33674,8-7649
33675,6-2458
33676,3-7836
33677,3-8491
33678,3-6929
33679,4-6099
33680,7-1721
33681,5-5292
33682,7-0938
33683,7-1902
33684,6-5310
33685,5-8138
33686,4-1688
33687,5-2687
33688,5-8351
33689,8-5214
33690,6-8611
33691,6-2224
33692,4-7182
33693,4-6819
33694,5-1672
33695,6-0141
33696,2-0967
33697,4-8366
33698,2-6007
33699,5-8043
33700,1-7137
33701,6-8414
33702,4-0315
33703,2-3337
33704,4-1956
33705,4-6273
33706,5-2086
33707,2-9168
33708,3-4368
33709,7-0170
33710,5-7972
33711,6-7911
33712,2-6920
33713,6-4970
33714,6-3567
33715,1-9294
33716,2-1764
33717,1-7624
33718,4-4525
33719,5-5242
33720,3-0525
33721,1-1251
33722,1-4905
33723,1-6072
33724,1-8866
33725,1-5228
33726,7-5104
33727,6-7175
33728,6-3072
33729,6-5347
33730,1-8671
33731,4-1212
33732,7-7059
33733,4-1031
33734,1-9268
33735,6-4586
33736,8-2095
33737,4-1125
33738,7-5508
33739,1-6883
33740,4-7894
33741,5-6073
33742,6-4406
33743,7-1627
33744,1-8274
33745,1-9175
33746,7-7486
33747,4-5726
33748,3-6610
33749,8-0152
33750,1-9432
33751,2-5011
33752,6-9401
33753,3-6625
33754,7-1632
33755,8-5477
33756,3-3233
33757,8-8907
33758,2-3289
33759,6-3654
33760,3-9531
33761,5-0265
33762,5-2812
33763,3-3491
33764,2-4017
33765,1-4641
33766,1-1783
33767,7-6443
33768,4-2971
33769,8-1469
33770,8-9356
33771,8-0720
33772,5-7494
33773,6-0637
33774,2-4233
33775,5-7211
33776,2-7257
33777,7-5655
33778,7-0421
33779,7-7316
33780,2-0954
33781,1-5653
33782,7-9787
33783,5-8539
33784,8-6370
33785,8-8552
33786,1-0993
33787,5-5110
33788,8-8854
33789,1-0641
33790,7-6375
33791,7-3947
33792,7-1699
33793,1-3280
33794,1-7951
33795,2-2856
33796,7-5281
33797,7-8544
33798,1-8196
33799,1-1891
33800,7-9864
33801,4-2630
33802,4-9911
33803,2-0995
33804,3-2315
33805,8-0954
33806,7-0799
33807,7-2683
33808,4-2823
33809,1-1947
33810,4-3720
33811,8-7687
33812,2-3581
33813,1-8913
33814,8-1412
33815,8-0548
33816,5-0557
33817,7-3185
33818,1-7054
33819,4-1389
33820,2-1813
33821,7-8731
33822,5-0576
33823,7-7395
33824,1-4391
33825,8-2205
33826,1-7730
33827,3-0688
33828,8-1901
33829,4-5944
33830,6-7533
33831,7-4993
33832,4-4689
33833,4-2947
33834,5-3811
33835,1-4587
33836,2-8182
33837,6-7422
33838,2-4792
33839,4-4879
33840,2-4279
33841,2-0336
33842,3-9631
33843,1-3133
33844,3-9808
33845,1-8719
33846,2-4033
33847,3-3854
33848,6-8244
33849,4-2089
33850,6-4717
33851,1-3227
33852,5-5745
33853,5-4930
33854,8-1865
33855,8-9697
33856,4-2617
33857,7-9119
33858,3-8920
33859,7-6393
33860,4-0053
33861,4-4684
33862,5-9780
33863,1-0319
33864,7-6282
33865,2-8607
33866,8-8809
33867,7-7584
33868,7-6858
33869,6-1464
33870,7-3726
33871,5-9776
33872,6-1479
33873,6-4884
33874,1-7823
33875,5-7618
33876,5-7082
33877,5-3586
33878,6-7701
33879,7-6880
33880,3-0274
33881,4-4596
33882,8-3224
33883,2-1133
33884,4-4214
33885,6-7737
33886,5-1971
33887,2-4542
33888,1-4498
33889,4-6650
33890,2-2046
33891,4-9277
33892,4-0741
33893,4-3642
33894,7-6594
33895,1-1964
33896,3-9365
33897,6-8193
33898,7-9815
33899,4-8215
33900,2-4512
33901,5-3253
33902,5-1103
33903,7-1893
33904,7-1608
33905,5-7306
33906,5-8086
33907,7-3565
33908,1-3635
33909,2-3379
33910,3-3222
33911,4-3014
33912,6-2232
33913,6-0837
33914,3-5369
33915,3-2453
33916,3-2316
33917,4-3766
33918,2-0500
33919,2-1426
33920,5-5713
33921,6-8650
33922,8-9253
33923,3-4984
33924,7-4006
33925,8-1715
33926,7-2849
33927,7-4944
33928,7-0063
33929,1-3926
33930,4-0041
33931,3-7292
33932,5-9696
33933,1-1125
33934,7-6531
33935,7-7987
33936,1-4483
33937,3-9793
33938,6-5396
33939,5-5051
33940,4-5759
33941,7-8910
33942,8-4359
33943,7-2212
33944,1-2225
33945,6-9727
33946,6-7690
33947,4-5527
33948,7-2891
33949,7-2554
33950,6-3399
33951,2-7947
33952,1-0967
33953,1-3484
33954,3-2403
33955,5-5914
33956,4-8308
33957,7-4935
33958,4-3881
33959,5-4383
33960,2-9930
33961,8-6457
33962,1-8827
33963,1-8501
33964,4-4722
33965,3-5231
33966,4-4841
33967,2-3552
33968,8-9929
33969,4-6032
33970,1-1681
33971,6-4462
33972,7-8987
33973,5-2300
33974,4-0593
33975,4-7057
33976,8-3760
33977,3-8341
33978,7-5306
33979,7-7459
33980,8-1663
33981,2-8701
33982,7-9856
33983,7-5070
33984,5-2773
33985,1-7921
33986,2-0362
33987,3-4103
33988,3-6661
33989,8-5507
33990,8-5818
33991,4-4650
33992,7-5924
33993,5-1223
33994,8-5788
33995,5-3068
33996,7-3951
33997,3-8484
33998,2-6973
33999,2-2620
34000,4-8398
34001,3-9804
34002,7-9854
34003,8-9575
34004,6-0329
34005,1-7176
34006,7-8661
34007,2-0718
34008,6-9700
34009,7-2101
34010,5-3389
34011,6-7257
34012,3-6836
34013,1-2888
34014,5-8648
34015,2-1707
34016,5-6258
34017,6-3128
34018,4-8817
34019,6-4413
34020,7-2777
34021,1-9069
34022,1-3233
34023,3-1233
34024,4-5851
34025,3-3163
34026,5-2328
34027,8-9423
34028,4-9039
34029,8-9956
34030,7-3056
34031,1-4412
34032,2-0948
34033,1-8110
34034,5-8602
34035,8-6831
34036,4-3339
34037,5-8419
34038,8-4199
34039,7-1017
34040,1-2263
34041,2-0384
34042,1-4214
34043,7-8981
34044,2-8667
34045,1-5715
34046,6-2120
34047,4-7953
34048,6-0129
34049,6-3098
34050,5-7847
34051,1-5239
34052,1-5635
34053,3-1115
34054,8-7936
34055,3-9454
34056,2-7757
34057,7-6127
34058,7-3601
34059,4-0395
34060,3-0024
34061,1-4052
34062,6-3189
34063,5-2409
34064,8-2884
34065,1-5642
34066,2-4050
34067,8-2796
34068,3-6971
34069,3-0275
34070,8-3686
34071,4-3299
34072,3-1600
34073,2-1495
34074,3-3404
34075,5-7623
34076,3-6663
34077,7-9613
34078,7-0597
34079,7-9065
34080,6-2632
34081,3-4535
34082,1-2557
34083,6-6369
34084,1-0035
34085,6-5862
34086,6-2020
34087,3-9104
34088,4-1490
34089,5-3478
34090,3-4490
34091,1-0689
34092,7-9777
34093,4-1911
34094,1-5191
34095,2-4775
34096,6-8525
34097,6-3017
34098,3-6307
34099,1-3354
34100,3-3490
34101,7-5134
34102,5-8484
34103,5-1714
34104,7-0766
34105,4-1984
34106,5-3279
34107,3-9870
34108,3-3596
34109,5-3557
34110,3-1833
34111,6-9951
34112,4-5003
34113,7-3991
34114,6-9644
34115,7-8866
34116,6-6963
34117,6-1998
34118,4-5268
34119,8-6161
34120,7-5630
34121,4-2765
34122,3-4536
34123,8-2104
34124,5-8618
34125,8-9114
34126,3-7467
34127,2-3069
34128,3-7746
34129,8-0901
34130,8-8422
34131,6-7153
34132,2-4669
34133,6-9097
34134,2-5811
34135,3-7692
34136,1-3009
34137,2-0913
34138,7-2633
34139,5-2984
34140,5-7791
34141,3-8088
34142,8-9762
34143,3-2188
34144,5-8134
34145,7-8435
34146,2-6897
34147,4-9032
34148,4-4095
34149,4-9771
34150,1-2019
34151,7-5063
34152,2-3343
34153,7-2423
34154,7-9500
34155,6-3340
34156,6-0089
34157,2-2322
34158,7-9825
34159,7-4707
34160,7-1075
34161,5-5482
34162,8-7254
34163,5-2424
34164,5-0605
34165,7-8414
34166,2-4108
34167,4-1528
34168,3-8637
34169,2-4327
34170,3-6842
34171,5-6411
34172,8-7709
34173,2-0040
34174,1-3885
34175,8-3819
34176,2-4235
34177,3-9470
34178,2-9429
34179,2-3339
34180,3-2546
34181,8-4887
34182,2-9633
34183,7-9899
34184,6-8547
34185,2-0073
34186,8-9438
34187,4-8611
34188,3-6487
34189,2-5235
34190,2-8109
34191,7-1820
34192,3-1571
34193,4-4410
34194,2-4692
34195,5-0562
34196,4-1393
34197,5-4518
34198,4-9335
34199,3-1336
34200,5-4567
34201,5-6459
34202,5-2708
34203,1-7068
34204,1-4791
34205,3-8901
34206,4-7936
34207,1-8505
34208,4-7753
34209,8-3755
34210,8-3593
34211,2-3473
34212,4-0555
34213,3-5280
34214,1-1349
34215,5-2262
34216,3-0598
34217,2-6167
34218,2-5328
34219,7-5871
34220,2-0117
34221,5-3322
34222,8-3257
34223,4-5430
34224,7-6156
34225,4-1206
34226,6-2819
34227,4-6956
34228,5-9033
34229,4-6170
34230,1-2153
34231,3-8833
34232,7-4725
34233,2-5028
34234,7-7902
34235,3-7224
34236,3-6954
34237,2-3007
34238,8-5901
34239,1-6898
34240,7-7065
34241,7-5356
34242,1-4220
34243,4-8080
34244,7-4779
34245,4-1424
34246,2-2649
34247,8-4886
34248,2-2054
34249,4-0284
34250,7-7616
34251,6-9838
34252,4-6665
34253,1-4629
34254,2-9217
34255,4-0909
34256,7-8121
34257,1-3379
34258,3-7950
34259,3-9937
34260,6-8302
34261,1-4578
34262,2-4631
34263,4-1377
34264,3-4012
34265,2-3737
34266,3-4819
34267,2-4027
34268,7-7774
34269,8-4910
34270,5-7828
34271,1-3162
34272,8-4871
34273,4-5053
34274,1-4777
34275,6-1750
34276,2-6538
34277,3-8172
34278,7-3484
34279,5-3901
34280,2-7166
34281,8-0631
34282,7-6872
34283,6-0959
34284,5-2352
34285,2-7919
34286,3-2176
34287,1-0851
34288,2-1518
34289,2-7268
34290,3-7884
34291,8-0023
34292,6-8920
34293,7-4504
34294,3-4997
34295,8-5884
34296,5-1274
34297,2-8699
34298,3-6312
34299,4-7008
34300,5-8175
34301,8-2708
34302,2-8377
34303,7-7862
34304,1-8709
34305,4-2831
34306,2-0251
34307,3-0228
34308,5-0909
34309,2-4084
34310,7-9173
34311,5-1955
34312,3-3373
34313,4-4976
34314,4-9052
34315,2-3103
34316,7-8818
34317,3-0824
34318,1-6201
34319,1-4809
34320,7-1093
34321,6-9274
34322,4-6636
34323,8-7309
34324,8-4838
34325,8-8788
34326,3-1938
34327,1-0202
34328,4-8179
34329,4-7818
34330,5-5009
34331,8-7020
34332,6-8042
34333,8-5522
34334,2-6833
34335,4-0604
34336,8-0943
34337,2-1810
34338,1-6742
34339,1-8411
34340,2-4687
34341,7-0434
34342,4-1277
34343,3-7226
34344,5-8173
34345,7-9398
34346,5-8129
34347,2-0180
34348,3-6535
34349,3-2435
34350,4-4266
34351,2-9085
34352,1-7757
34353,5-9627
34354,8-3161
34355,3-3470
34356,4-6333
34357,4-3342
34358,1-1488
34359,7-7744
34360,8-5835
34361,2-6435
34362,6-3704
34363,3-3646
34364,2-3512
34365,6-6300
34366,6-3094
34367,5-3777
34368,1-6637
34369,6-0333
34370,4-4008
34371,5-9184
34372,2-2809
34373,6-2170
34374,3-4108
34375,5-4737
34376,3-8392
34377,7-9393
34378,6-1450
34379,3-3017
34380,6-4926
34381,5-3377
34382,7-1392
34383,5-2265
34384,8-2706
34385,6-2211
34386,1-6979
34387,8-9098
34388,3-7674
34389,2-1170
34390,3-4963
34391,2-2482
34392,6-9323
34393,1-5105
34394,4-6404
34395,7-0945
34396,7-4781
34397,5-8285
34398,4-8295
34399,4-9043
34400,3-2528
34401,4-1077
34402,4-2156
34403,2-1938
34404,2-5026
34405,3-5121
34406,7-5618
34407,2-5709
34408,8-0870
34409,3-8861
34410,3-2174
34411,5-0019
34412,5-4918
34413,8-2090
34414,3-9328
34415,6-3390
34416,8-8498
34417,8-5364
34418,5-3590
34419,6-3671
34420,1-9622
34421,7-1174
34422,2-0227
34423,4-7952
34424,5-8897
34425,2-5706
34426,7-4036
34427,6-0421
34428,2-2169
34429,8-3776
34430,5-0361
34431,2-0798
34432,8-7008
34433,4-6249
34434,2-0531
34435,4-1892
34436,3-0584
34437,2-7412
34438,6-9353
34439,4-1368
34440,7-9102
34441,3-8125
34442,7-6571
34443,3-0078
34444,2-6892
34445,3-3644
34446,1-5378
34447,6-4663
34448,2-8112
34449,6-8802
34450,1-4468
34451,7-2168
34452,5-6664
34453,2-5166
34454,8-7514
34455,3-3303
34456,7-4716
34457,1-9550
34458,8-8863
34459,7-2328
34460,5-4476
34461,2-0997
34462,2-9209
34463,5-1368
34464,6-7803
34465,2-3944
34466,7-4351
34467,4-5331
34468,5-1163
34469,1-7851
34470,6-2489
34471,2-6474
34472,8-2402
34473,6-7934
34474,6-5636
34475,3-5436
34476,3-1855
34477,6-8876
34478,3-8248
34479,1-4240
34480,7-2962
34481,2-7362
34482,1-7378
34483,3-3479
34484,5-6908
34485,7-6604
34486,3-2168
34487,2-1872
34488,7-8975
34489,1-2982
34490,6-8358
34491,7-6907
34492,6-4283
34493,2-3888
34494,6-9724
34495,6-2559
34496,4-1791
34497,2-6798
34498,7-8875
34499,8-2401
34500,7-7400
34501,3-4741
34502,5-0906
34503,1-7657
34504,7-5708
34505,3-8623
34506,8-9208
34507,1-6561
34508,3-8216
34509,1-8362
34510,5-1614
34511,1-0678
34512,6-7159
34513,2-3950
34514,7-2518
34515,5-9043
34516,5-1100
34517,4-5666
34518,3-2787
34519,3-9149
34520,2-2839
34521,8-6917
34522,7-7443
34523,7-9729
34524,5-3591
34525,2-1071
34526,2-7568
34527,1-3524
34528,2-7387
34529,1-0510
34530,3-5552
34531,1-5019
34532,3-1899
34533,5-7041
34534,5-7239
34535,6-4999
34536,3-7307
34537,2-6638
34538,1-0712
34539,6-7818
34540,4-4785
34541,8-9731
34542,2-8611
34543,2-3815
34544,5-0519
34545,5-7264
34546,3-8646
34547,1-3152
34548,6-5983
34549,1-9358
34550,7-4450
34551,2-6971
34552,5-6457
34553,5-0595
34554,7-3330
34555,3-1111
34556,5-3674
34557,7-0849
34558,2-7083
34559,5-1787
34560,8-2094
34561,4-7628
34562,5-6896
34563,8-5655
34564,7-9383
34565,2-2480
34566,6-9079
34567,7-0530
34568,4-2569
34569,3-0090
34570,6-8570
34571,6-4192
34572,5-7526
34573,6-8762
34574,8-6949
34575,3-8423
34576,1-2823
34577,2-7974
34578,7-9981
34579,1-1097
34580,6-5443
34581,3-0815
34582,3-5696
34583,3-7228
34584,6-7312
34585,5-2603
34586,3-3705
34587,3-7286
34588,1-0609
34589,7-7134
34590,5-4433
34591,2-0035
34592,8-0891
34593,1-4479
34594,2-9919
34595,1-5966
34596,7-7779
34597,6-5259
34598,4-2256
34599,8-2524
34600,2-7920
34601,2-0813
34602,5-9819
34603,7-5263
34604,8-9780
34605,4-6110
34606,7-3685
34607,8-1845
34608,4-2920
34609,6-7309
34610,2-7810
34611,4-1333
34612,3-2245
34613,8-5629
34614,3-4083
34615,4-9760
34616,6-7538
34617,4-2539
34618,5-1563
34619,6-3280
34620,8-4912
34621,4-1252
34622,2-9055
34623,4-7092
34624,8-9530
34625,8-2329
34626,1-4234
34627,3-8025
34628,4-7010
34629,3-2517
34630,6-3570
34631,1-9239
34632,3-7802
34633,4-0301
34634,2-8422
34635,3-9492
34636,2-9040
34637,1-2115
34638,6-5189
34639,6-3064
34640,6-8098
34641,3-8913
34642,6-8464
34643,2-8426
34644,2-5112
34645,1-0433
34646,4-6086
34647,6-6805
34648,1-0389
34649,8-5012
34650,6-7317
34651,6-8901
34652,7-6347
34653,1-5277
34654,2-8717
34655,6-6305
34656,1-7406
34657,8-8225
34658,7-9164
34659,4-8201
34660,2-8189
34661,5-2077
34662,3-2758
34663,8-7660
34664,4-8639
34665,4-3984
34666,7-5766
34667,5-6170
34668,2-4372
34669,8-1334
34670,2-1226
34671,5-9210
34672,7-6813
34673,8-6073
34674,2-4049
34675,6-7543
34676,1-2807
34677,3-5178
34678,3-2879
34679,3-1127
34680,4-0904
34681,6-7466
34682,7-9014
34683,5-5382
34684,7-0249
34685,7-0781
34686,6-3279
34687,5-0751
34688,4-9033
34689,8-3381
34690,8-2496
34691,8-2710
34692,8-2487
34693,1-7883
34694,6-3232
34695,4-4069
34696,3-6097
34697,4-9185
34698,8-5842
34699,2-7338
34700,3-2068
34701,7-3065
34702,2-1407
34703,4-1288
34704,5-1482
34705,4-9152
34706,1-8893
34707,8-2370
34708,7-6416
34709,8-5104
34710,4-8430
34711,5-7969
34712,1-9474
34713,3-1802
34714,6-5857
34715,2-3365
34716,2-8046
34717,1-5894
34718,3-6272
34719,7-7988
34720,4-9810
34721,7-8451
34722,1-3673
34723,6-9074
34724,1-3689
34725,5-1092
34726,6-9243
34727,8-3805
34728,7-2362
34729,1-1676
34730,4-8331
34731,2-2633
34732,8-7585
34733,4-3997
34734,6-2807
34735,2-2387
34736,5-3696
34737,6-1364
34738,7-6345
34739,4-6927
34740,4-5208
34741,8-2262
34742,6-0508
34743,1-1009
34744,4-9970
34745,1-1118
34746,8-1495
34747,8-1585
34748,1-7955
34749,2-3115
34750,5-2817
34751,4-4245
34752,8-9011
34753,5-0378
34754,8-2581
34755,6-9317
34756,5-5073
34757,4-0859
34758,1-6645
34759,8-2414
34760,2-2094
34761,2-5797
34762,8-3102
34763,5-4770
34764,4-9490
34765,6-6476
34766,5-0363
34767,7-6403
34768,7-6434
34769,8-6755
34770,4-6445
34771,2-3313
34772,8-2160
34773,3-0765
34774,1-3900
34775,7-8864
34776,4-8266
34777,4-3581
34778,3-4547
34779,2-2326
34780,4-1541
34781,3-3776
34782,3-6994
34783,8-4576
34784,2-1281
34785,2-9160
34786,1-1445
34787,1-7289
34788,1-3684
34789,7-3660
34790,2-0914
34791,4-4187
34792,4-8469
34793,7-6946
34794,3-2618
34795,7-9647
34796,8-7488
34797,4-1988
34798,8-1275
34799,3-2612
34800,7-7078
34801,7-2887
34802,4-3809
34803,7-1015
34804,7-1032
34805,6-8973
34806,5-6873
34807,6-4938
34808,2-3972
34809,3-6422
34810,6-3382
34811,1-1382
34812,1-3967
34813,5-7272
34814,3-6793
34815,1-2003
34816,8-3345
34817,7-8779
34818,6-8832
34819,8-4742
34820,1-8587
34821,2-8470
34822,4-1783
34823,6-5757
34824,8-0985
34825,6-7230
34826,8-8500
34827,1-7401
34828,5-0594
34829,1-7729
34830,5-1160
34831,7-7607
34832,4-0063
34833,5-8251
34834,1-5847
34835,7-6018
34836,6-0437
34837,6-3942
34838,8-6948
34839,6-4626
34840,7-8013
34841,1-1205
34842,3-0623
34843,6-2168
34844,4-5699
34845,5-5042
34846,4-4206
34847,4-0167
34848,5-5819
34849,3-6069
34850,4-7803
34851,7-7588
34852,1-4365
34853,3-9543
34854,2-5549
34855,4-7519
34856,2-4868
34857,7-9720
34858,7-0483
34859,3-8975
34860,2-0617
34861,7-3425
34862,6-2702
34863,4-4364
34864,1-0547
34865,2-2404
34866,4-1909
34867,6-8986
34868,7-7451
34869,8-1762
34870,3-8516
34871,2-3203
34872,3-7021
34873,7-2527
34874,5-2360
34875,6-4764
34876,4-7552
34877,1-8576
34878,2-0904
34879,7-0992
34880,3-6703
34881,8-9712
34882,6-4776
34883,3-3238
34884,4-3442
34885,2-3528
34886,1-9230
34887,5-9508
34888,3-0315
34889,1-7307
34890,8-3006
34891,2-3025
34892,6-7358
34893,3-0302
34894,8-6062
34895,6-4761
34896,5-0375
34897,4-7626
34898,8-9211
34899,3-6035
34900,3-7064
34901,2-0075
34902,2-6516
34903,8-8696
34904,8-1217
34905,5-9635
34906,6-8493
34907,5-7024
34908,5-5283
34909,4-6982
34910,3-0181
34911,8-7224
34912,4-8692
34913,4-0172
34914,5-0942
34915,1-1501
34916,7-5061
34917,4-9535
34918,5-3172
34919,3-0693
34920,3-1897
34921,4-4139
34922,4-0873
34923,7-8960
34924,7-4575
34925,8-7321
34926,8-5579
34927,2-6257
34928,4-8625
34929,7-7524
34930,2-4651
34931,2-5778
34932,1-8151
34933,7-6534
34934,1-8910
34935,1-8903
34936,4-5213
34937,5-3703
34938,4-0448
34939,5-6398
34940,4-0311
34941,1-7036
34942,4-2047
34943,4-9114
34944,2-7137
34945,2-9327
34946,3-8753
34947,4-2600
34948,5-9612
34949,2-6077
34950,4-9405
34951,6-6419
34952,3-5943
34953,7-5291
34954,8-6919
34955,4-5091
34956,2-8310
34957,1-5420
34958,8-1016
34959,4-0477
34960,3-0321
34961,2-3099
34962,2-7463
34963,1-2604
34964,6-2482
34965,3-4051
34966,2-6125
34967,4-9875
34968,4-5856
34969,6-6967
34970,2-1921
34971,1-8760
34972,2-6293
34973,1-3705
34974,6-9284
34975,1-5930
34976,7-0226
34977,4-0362
34978,4-8838
34979,6-9494
34980,3-8065
34981,2-3170
34982,5-1581
34983,2-1863
34984,2-4058
34985,4-5633
34986,1-7044
34987,8-9135
34988,1-0871
34989,7-0484
34990,7-5388
34991,2-8627
34992,8-0302
34993,8-0871
34994,5-1387
34995,5-3646
34996,6-1835
34997,3-2226
34998,6-4247
34999,4-5926
35000,2-1537
35001,7-7742
35002,5-9368
35003,7-5684
35004,4-5675
35005,1-6868
35006,8-4998
35007,8-8211
35008,5-2655
35009,2-5021
35010,5-0568
35011,8-1736
35012,8-7013
35013,2-0709
35014,5-9547
35015,4-4002
35016,2-2175
35017,2-5671
35018,7-8049
35019,4-4103
35020,8-7774
35021,7-8251
35022,5-6626
35023,5-6240
35024,4-2290
35025,5-8808
35026,2-7539
35027,7-2307
35028,1-9501
35029,5-6933
35030,4-5603
35031,5-6586
35032,7-7565
35033,6-5776
35034,1-5377
35035,2-8650
35036,2-9958
35037,1-6873
35038,8-1365
35039,2-3660
35040,8-3084
35041,5-4516
35042,1-4422
35043,6-7435
35044,2-4412
35045,4-4538
35046,5-5622
35047,1-8153
35048,8-8439
35049,3-7368
35050,2-1239
35051,4-8012
35052,2-0623
35053,1-0356
35054,7-9558
35055,8-1719
35056,7-5912
35057,6-6626
35058,4-4012
35059,8-6570
35060,5-0588
35061,7-7324
35062,3-3516
35063,8-7631
35064,3-0998
35065,8-7401
35066,7-0732
35067,1-4318
35068,1-6809
35069,6-4069
35070,2-5108
35071,5-7899
35072,8-5699
35073,5-7168
35074,2-5950
35075,3-8886
35076,2-4424
35077,1-3814
35078,1-6506
35079,3-0000
35080,4-8144
35081,1-5214
35082,1-1346
35083,5-9686
35084,5-9072
35085,7-7867
35086,3-8427
35087,2-2997
35088,8-7350
35089,5-6934
35090,6-0608
35091,1-3095
35092,3-0869
35093,2-1815
35094,6-3984
35095,2-8910
35096,8-1914
35097,6-5474
35098,8-3598
35099,4-0373
35100,7-1658
35101,1-3165
35102,5-0121
35103,7-8463
35104,4-2236
35105,4-0989
35106,6-8401
35107,6-7536
35108,7-2279
35109,5-5301
35110,1-5178
35111,4-1210
35112,6-8482
35113,5-1554
35114,8-2494
35115,2-2657
35116,7-0065
35117,7-8589
35118,5-1067
35119,7-8605
35120,8-6240
35121,8-7602
35122,6-3207
35123,8-2176
35124,7-8961
35125,3-0555
35126,3-4265
35127,4-9918
35128,4-2721
35129,4-8263
35130,5-1264
35131,7-9063
35132,1-9812
35133,1-1771
35134,8-2607
35135,1-3579
35136,5-8571
35137,1-1053
35138,4-9026
35139,2-8281
35140,7-4745
35141,4-6183
35142,2-4606
35143,8-1035
35144,3-3392
35145,3-6196
35146,5-8985
35147,6-6409
35148,8-6282
35149,5-1833
35150,5-6230
35151,2-4306
35152,3-7899
35153,8-3235
35154,6-9981
35155,5-5797
35156,2-4557
35157,5-1142
35158,1-0472
35159,7-8319
35160,2-5828
35161,5-2389
35162,6-9011
35163,3-1124
35164,3-4787
35165,3-2601
35166,5-8386
35167,4-9217
35168,4-1861
35169,1-7670
35170,3-8834
35171,2-7303
35172,3-9458
35173,3-7031
35174,1-7649
35175,2-0250
35176,2-6680
35177,7-1008
35178,4-8066
35179,4-0999
35180,4-2602
35181,3-4467
35182,8-9524
35183,8-3328
35184,6-7750
35185,4-8772
35186,7-6478
35187,7-1623
35188,6-9522
35189,8-0019
35190,2-7858
35191,2-0739
35192,5-5264
35193,2-9445
35194,1-7454
35195,8-0121
35196,5-5903
35197,1-3652
35198,6-6236
35199,1-4475
35200,8-4312
35201,6-8548
35202,2-9249
35203,4-8968
35204,8-0800
35205,4-6894
35206,7-0043
35207,2-3006
35208,7-8409
35209,6-1370
35210,8-9116
35211,5-3001
35212,8-4884
35213,8-4928
35214,1-6892
35215,8-2485
35216,4-2984
35217,4-0162
35218,2-2611
35219,6-0927
35220,5-1107
35221,2-3090
35222,1-1872
35223,7-6153
35224,5-1895
35225,6-9054
35226,1-3460
35227,5-4894
35228,3-5012
35229,2-8233
35230,3-4125
35231,4-4195
35232,1-9870
35233,4-4403
35234,7-8794
35235,4-5612
35236,7-8978
35237,8-1382
35238,2-6157
35239,8-5686
35240,2-4451
35241,4-8614
35242,5-9678
35243,7-9134
35244,7-3535
35245,3-3237
35246,2-5580
35247,7-1557
35248,5-6466
35249,5-9907
35250,6-9077
35251,6-7627
35252,8-2098
35253,4-2408
35254,1-9141
35255,8-6546
35256,5-3197
35257,3-1946
35258,7-5159
35259,2-4367
35260,8-2140
35261,7-0011
35262,3-5043
35263,5-9106
35264,2-8246
35265,8-9919
35266,4-1421
35267,5-7664
35268,7-1243
35269,1-5992
35270,6-8885
35271,1-5828
35272,1-3314
35273,8-4739
35274,1-5132
35275,2-8807
35276,2-9195
35277,2-5462
35278,8-3042
35279,8-8822
35280,7-7110
35281,4-0669
35282,3-8726
35283,2-1517
35284,3-7069
35285,8-0129
35286,8-7841
35287,2-0123
35288,2-5362
35289,3-3441
35290,6-5654
35291,7-2821
35292,8-8038
35293,4-7973
35294,3-9553
35295,6-6629
35296,4-5773
35297,4-4986
35298,4-6535
35299,1-3315
35300,8-1086
35301,5-5415
35302,3-2499
35303,8-1676
35304,8-5000
35305,2-2560
35306,6-0011
35307,4-3038
35308,1-7090
35309,8-5593
35310,4-9307
35311,5-0119
35312,8-3187
35313,2-4677
35314,5-5269
35315,1-5702
35316,7-8015
35317,3-9989
35318,2-3654
35319,7-7440
35320,8-6810
35321,7-3729
35322,8-8833
35323,6-3495
35324,3-0184
35325,1-4444
35326,8-2571
35327,4-1009
35328,4-7264
35329,8-5261
35330,5-3870
35331,8-6211
35332,3-3653
35333,8-7892
35334,5-8556
35335,5-2012
35336,5-0232
35337,1-7270
35338,8-5167
35339,5-0899
35340,3-0600
35341,2-3511
35342,5-9297
35343,4-0036
35344,7-8872
35345,7-5329
35346,6-1444
35347,2-2822
35348,5-7398
35349,6-3939
35350,2-1048
35351,5-7584
35352,1-2298
35353,2-2610
35354,1-5657
35355,7-7488
35356,4-8245
35357,2-2847
35358,2-2316
35359,7-1604
35360,3-5285
35361,6-0534
35362,4-9834
35363,7-4888
35364,2-7097
35365,7-7695
35366,8-1951
35367,4-5416
35368,2-2663
35369,4-3760
35370,5-9922
35371,6-7488
35372,4-9494
35373,7-0426
35374,5-5682
35375,7-9444
35376,7-3326
35377,8-4812
35378,5-2375
35379,4-9891
35380,6-9441
35381,5-8424
35382,3-1116
35383,5-7783
35384,6-3999
35385,1-4471
35386,2-1555
35387,6-2564
35388,5-4136
35389,8-2261
35390,2-3414
35391,3-4291
35392,4-1971
35393,3-3135
35394,1-8975
35395,2-4155
35396,7-0540
35397,7-2882
35398,8-0534
35399,3-7550
35400,4-2724
35401,1-4000
35402,1-6233
35403,3-9319
35404,8-5707
35405,2-9222
35406,2-2159
35407,3-0853
35408,5-3717
35409,7-8504
35410,3-6288
35411,2-9592
35412,4-2201
35413,8-8816
35414,7-3889
35415,1-8276
35416,1-7559
35417,6-3002
35418,7-0029
35419,5-6833
35420,3-9595
35421,4-3555
35422,8-8158
35423,5-6895
35424,1-2317
35425,6-4782
35426,5-1497
35427,6-6216
35428,3-1934
35429,7-9594
35430,4-7452
35431,2-8192
35432,1-8494
35433,3-3057
35434,1-5698
35435,1-0552
35436,2-5029
35437,7-9294
35438,3-1386
35439,2-6192
35440,8-7104
35441,5-8169
35442,1-8054
35443,5-3746
35444,1-6179
35445,7-2828
35446,2-8834
35447,6-5089
35448,5-7602
35449,3-0922
35450,5-2104
35451,5-4545
35452,1-5215
35453,4-9630
35454,4-0500
35455,8-6427
35456,8-5205
35457,3-1655
35458,4-1708
35459,6-6766
35460,6-7608
35461,6-7811
35462,1-2261
35463,4-4031
35464,8-2201
35465,5-0099
35466,7-1097
35467,2-7087
35468,6-8539
35469,3-9174
35470,1-6934
35471,3-0965
35472,7-4453
35473,5-6473
35474,3-2320
35475,7-8721
35476,3-0905
35477,3-0171
35478,1-1214
35479,5-7888
35480,1-9859
35481,1-4131
35482,6-2983
35483,5-2794
35484,3-1517
35485,1-6897
35486,4-3757
35487,2-7061
35488,7-5649
35489,4-1807
35490,2-8684
35491,8-2798
35492,3-5130
35493,5-9634
35494,2-3479
35495,6-1484
35496,3-0231
35497,4-7387
35498,5-5126
35499,5-8099
35500,6-6887
35501,3-1387
35502,2-8706
35503,8-5715
35504,5-7140
35505,7-2749
35506,1-1120
35507,2-8751
35508,4-7307
35509,7-6398
35510,2-3189
35511,3-0239
35512,1-0016
35513,6-7472
35514,3-0847
35515,7-2591
35516,7-4064
35517,3-3772
35518,1-9818
35519,2-4428
35520,6-2317
35521,8-0553
35522,6-5728
35523,2-8869
35524,6-0636
35525,4-0292
35526,8-3566
35527,1-1292
35528,8-8029
35529,7-5910
35530,1-4142
35531,2-0300
35532,2-8356
35533,4-4983
35534,5-1238
35535,7-6923
35536,5-0665
35537,1-4133
35538,3-4476
35539,6-6872
35540,5-1773
35541,2-4231
35542,7-6221
35543,4-9228
35544,2-1487
35545,1-6835
35546,3-5100
35547,4-8443
35548,2-7855
35549,7-8453
35550,8-9053
35551,8-3273
35552,1-6098
35553,4-3208
35554,1-6034
35555,7-1497
35556,4-7509
35557,6-6947
35558,6-2315
35559,1-3526
35560,2-2229
35561,4-5536
35562,8-0732
35563,1-7862
35564,1-0925
35565,5-9329
35566,2-7831
35567,2-7981
35568,1-5548
35569,2-5600
35570,8-6029
35571,4-2892
35572,3-7239
35573,6-0353
35574,8-9825
35575,8-6783
35576,5-3152
35577,6-2466
35578,7-6566
35579,6-5677
35580,5-2814
35581,4-1877
35582,5-0221
35583,6-5840
35584,8-7338
35585,7-8528
35586,1-4385
35587,1-6276
35588,5-9440
35589,5-8027
35590,3-1862
35591,7-3607
35592,6-6983
35593,7-3325
35594,1-3840
35595,7-1545
35596,2-8483
35597,2-9738
35598,5-5340
35599,1-5849
35600,5-6674
35601,4-4070
35602,6-4233
35603,5-9274
35604,6-3525
35605,3-2994
35606,6-1517
35607,4-9537
35608,3-6336
35609,7-4427
35610,2-4857
35611,2-5647
35612,4-6387
35613,1-5672
35614,2-2695
35615,1-3663
35616,4-2184
35617,5-3637
35618,1-5867
35619,5-3560
35620,7-6859
35621,5-2184
35622,2-0083
35623,3-8879
35624,5-5420
35625,6-3716
35626,7-0745
35627,4-0383
35628,1-2275
35629,5-4092
35630,5-9142
35631,4-9084
35632,2-2984
35633,1-8673
35634,1-2473
35635,1-8991
35636,7-9097
35637,6-6803
35638,2-9684
35639,5-8456
35640,6-7285
35641,3-1433
35642,2-1057
35643,7-6468
35644,2-7158
35645,6-6198
35646,7-9448
35647,8-5409
35648,7-0481
35649,7-2403
35650,1-4257
35651,8-7494
35652,5-0377
35653,8-7775
35654,6-7241
35655,6-9135
35656,1-9596
35657,2-9593
35658,6-0617
35659,5-7975
35660,1-7815
35661,6-3319
35662,3-7238
35663,3-2428
35664,2-5631
35665,2-5802
35666,3-3311
35667,5-3443
35668,6-7264
35669,5-7484
35670,6-2860
35671,5-3812
35672,3-5579
35673,2-1263
35674,4-1248
35675,8-4433
35676,4-5609
35677,6-6946
35678,5-6075
35679,8-9314
35680,3-2258
35681,7-8846
35682,7-6812
35683,2-4565
35684,5-2255
35685,4-5209
35686,1-3658
35687,7-5286
35688,8-1705
35689,8-0818
35690,7-7506
35691,4-3205
35692,4-0870
35693,6-2668
35694,2-0452
35695,1-9254
35696,7-4823
35697,2-1014
35698,7-2940
35699,3-4764
35700,2-6443
35701,5-1134
35702,6-7561
35703,8-5606
35704,6-1053
35705,4-0665
35706,8-8314
35707,5-3359
35708,5-1076
35709,2-2489
35710,6-4094
35711,2-4237
35712,1-5655
35713,5-3167
35714,1-8962
35715,5-9650
35716,8-9851
35717,5-5063
35718,3-2509
35719,1-7361
35720,7-2365
35721,8-0149
35722,5-0671
35723,7-0080
35724,5-6150
35725,4-7880
35726,4-8086
35727,4-6742
35728,6-2364
35729,4-8261
35730,2-6173
35731,2-2067
35732,5-4858
35733,4-3805
35734,4-4085
35735,4-5950
35736,5-8233
35737,6-5454
35738,1-8491
35739,1-1607
35740,6-6997
35741,6-6646
35742,3-3967
35743,4-3914
35744,4-7895
35745,6-8827
35746,4-8608
35747,6-9300
35748,3-2088
35749,2-4377
35750,6-3065
35751,2-2109
35752,1-8246
35753,3-5030
35754,6-9693
35755,1-3864
35756,8-9080
35757,7-0735
35758,5-2668
35759,4-4519
35760,6-1774
35761,1-7031
35762,8-4421
35763,4-0000
35764,4-2543
35765,1-6341
35766,4-1331
35767,3-3637
35768,7-2556
35769,8-1437
35770,7-6113
35771,1-1787
35772,7-1797
35773,3-6333
35774,5-1112
35775,2-2477
35776,6-2919
35777,2-9389
35778,7-2907
35779,4-2686
35780,4-0871
35781,3-1050
35782,8-7699
35783,1-3114
35784,4-1965
35785,5-2650
35786,3-2191
35787,8-3166
35788,2-9899
35789,8-0190
35790,8-4461
35791,8-2665
35792,7-7621
35793,1-9284
35794,5-9643
35795,3-7050
35796,7-1645
35797,1-1565
35798,7-9809
35799,4-2996
35800,5-9053
35801,8-7395
35802,4-0204
35803,7-6769
35804,6-0792
35805,8-1977
35806,6-6246
35807,2-1995
35808,7-4941
35809,1-9317
35810,3-2130
35811,7-0206
35812,6-4572
35813,4-7073
35814,2-2608
35815,2-6731
35816,5-1765
35817,5-7384
35818,6-8105
35819,8-1178
35820,8-6333
35821,4-6817
35822,2-7136
35823,2-8859
35824,6-2545
35825,5-4430
35826,3-9434
35827,7-0041
35828,7-0297
35829,4-5718
35830,5-6158
35831,1-1753
35832,5-2958
35833,4-7115
35834,5-0969
35835,5-1342
35836,4-4413
35837,4-8742
35838,6-5490
35839,6-3886
35840,7-9925
35841,7-3494
35842,3-8206
35843,4-8737
35844,3-8776
35845,7-2803
35846,6-8216
35847,1-5394
35848,4-4318
35849,3-6405
35850,1-4952
35851,6-9495
35852,5-8957
35853,5-4363
35854,1-1393
35855,5-4220
35856,4-7237
35857,7-5492
35858,3-9183
35859,4-0450
35860,5-7488
35861,8-2672
35862,8-4822
35863,1-2585
35864,5-6474
35865,5-4032
35866,6-2969
35867,7-3165
35868,7-6335
35869,7-5645
35870,6-1796
35871,8-1297
35872,3-9918
35873,5-8073
35874,6-2444
35875,7-4732
35876,6-2488
35877,3-4366
35878,6-0871
35879,3-4254
35880,3-6810
35881,8-3267
35882,8-3196
35883,4-6583
35884,7-9274
35885,5-2168
35886,3-4234
35887,4-2001
35888,8-0203
35889,5-1556
35890,5-5699
35891,3-4455
35892,3-8760
35893,7-3893
35894,4-2420
35895,8-8950
35896,8-5146
35897,4-1006
35898,1-3235
35899,1-9068
35900,7-2781
35901,3-6575
35902,6-6201
35903,7-1952
35904,8-6200
35905,1-3229
35906,5-2800
35907,6-7878
35908,5-4326
35909,8-6464
35910,8-6686
35911,5-7574
35912,6-9259
35913,1-6450
35914,1-0355
35915,6-5664
35916,1-5445
35917,8-1092
35918,5-2694
35919,3-1839
35920,7-1448
35921,2-2208
35922,6-5789
35923,1-8281
35924,6-0069
35925,2-7910
35926,8-3877
35927,8-0765
35928,4-6206
35929,4-8899
35930,4-9820
35931,2-1941
35932,1-4878
35933,1-7658
35934,6-5778
35935,4-9982
35936,3-2426
35937,3-6876
35938,2-2328
35939,8-6146
35940,7-7156
35941,1-4153
35942,5-3475
35943,3-1061
35944,6-1798
35945,8-6010
35946,1-7282
35947,6-1400
35948,8-0857
35949,4-2807
35950,5-6435
35951,7-7562
35952,6-7219
35953,2-3395
35954,3-5505
35955,5-8478
35956,7-2379
35957,7-8447
35958,6-9310
35959,5-5691
35960,8-7637
35961,3-7308
35962,3-6194
35963,4-0225
35964,1-0403
35965,3-0873
35966,7-6927
35967,7-7782
35968,5-5546
35969,1-6694
35970,2-8196
35971,1-3481
35972,8-4223
35973,3-4055
35974,6-8874
35975,6-8268
35976,1-9716
35977,6-4162
35978,6-9983
35979,3-6895
35980,3-1269
35981,1-4489
35982,5-1775
35983,1-6585
35984,6-7012
35985,8-1308
35986,8-7392
35987,6-9606
35988,7-8398
35989,6-6578
35990,8-5673
35991,5-5170
35992,1-4787
35993,8-9105
35994,2-2019
35995,1-0478
35996,8-0855
35997,7-6033
35998,8-4821
35999,2-7228
36000,3-5255
36001,2-6210
36002,8-6016
36003,1-9751
36004,8-4679
36005,4-9442
36006,1-2699
36007,2-4626
36008,6-4061
36009,4-1062
36010,4-6629
36011,6-2717
36012,1-7870
36013,3-0276
36014,8-1352
36015,2-0833
36016,4-7526
36017,5-8427
36018,5-1925
36019,4-4427
36020,3-0513
36021,1-2242
36022,2-1259
36023,3-8771
36024,5-0919
36025,8-9118
36026,7-1122
36027,7-7062
36028,3-2096
36029,5-5354
36030,4-7173
36031,6-2356
36032,5-8214
36033,3-2698
36034,6-9104
36035,1-2750
36036,3-9391
36037,2-8937
36038,2-9583
36039,7-5171
36040,8-6925
36041,4-1163
36042,7-9853
36043,1-5754
36044,6-2868
36045,6-9739
36046,2-5253
36047,4-8227
36048,8-9188
36049,1-3643
36050,4-6479
36051,2-6245
36052,5-6573
36053,5-1483
36054,2-8132
36055,1-9319
36056,3-6831
36057,5-9766
36058,1-2349
36059,1-4107
36060,4-2472
36061,7-5609
36062,4-0401
36063,7-4461
36064,8-9514
36065,6-3292
36066,6-2976
36067,1-9303
36068,7-6510
36069,3-4650
36070,1-9073
36071,1-7174
36072,3-5413
36073,4-0055
36074,1-1613
36075,3-3463
36076,7-1382
36077,6-1859
36078,4-1035
36079,8-7917
36080,1-5237
36081,3-0952
36082,7-1574
36083,3-5771
36084,1-9851
36085,6-7434
36086,1-7967
36087,2-1565
36088,4-9570
36089,3-4373
36090,6-9690
36091,7-1211
36092,2-7113
36093,3-0417
36094,1-0268
36095,1-8542
36096,4-1444
36097,2-3119
36098,3-4075
36099,6-2627
36100,1-3475
36101,4-9943
36102,8-6248
36103,4-8569
36104,2-0378
36105,8-0759
36106,8-7718
36107,4-9744
36108,1-2670
36109,2-4217
36110,3-3475
36111,5-9574
36112,3-9074
36113,7-0812
36114,6-2241
36115,6-0220
36116,7-5704
36117,8-1314
36118,7-7786
36119,3-8120
36120,3-9002
36121,3-6455
36122,4-9388
36123,1-6603
36124,4-9203
36125,6-8522
36126,7-5383
36127,6-9582
36128,3-5539
36129,1-0400
36130,7-9578
36131,1-4943
36132,2-6446
36133,8-5596
36134,6-4505
36135,5-8341
36136,3-0523
36137,8-0583
36138,2-9105
36139,4-8527
36140,8-3713
36141,2-7594
36142,6-6877
36143,8-1169
36144,1-5234
36145,5-3781
36146,5-6104
36147,6-2418
36148,3-6082
36149,3-0647
36150,7-3403
36151,7-1049
36152,2-3747
36153,8-2138
36154,8-7844
36155,6-0824
36156,7-5652
36157,4-5153
36158,5-0559
36159,6-4899
36160,6-4487
36161,5-2875
36162,8-0078
36163,8-9276
36164,3-7939
36165,5-3810
36166,8-8953
36167,4-2873
36168,7-1863
36169,2-7825
36170,3-2888
36171,3-6141
36172,6-6272
36173,4-5126
36174,6-3726
36175,2-7312
36176,8-8938
36177,3-5524
36178,6-1811
36179,8-7530
36180,5-3623
36181,5-4190
36182,2-6492
36183,4-2951
36184,4-5566
36185,6-0723
36186,8-0493
36187,8-9311
36188,3-2726
36189,1-4760
36190,1-7949
36191,2-2018
36192,3-8549
36193,3-2554
36194,5-9468
36195,3-6920
36196,4-6194
36197,7-7808
36198,2-9660
36199,8-3034
36200,5-6792
36201,1-7871
36202,7-8990
36203,4-2324
36204,3-8273
36205,6-4856
36206,3-8351
36207,5-3751
36208,6-7120
36209,5-3710
36210,7-6409
36211,3-0300
36212,2-5801
36213,3-7335
36214,3-9418
36215,4-7662
36216,6-0403
36217,8-3397
36218,6-8481
36219,3-5433
36220,3-4615
36221,2-5667
36222,8-2998
36223,7-7984
36224,5-1514
36225,2-1005
36226,1-8069
36227,6-9394
36228,7-7128
36229,8-6569
36230,4-4192
36231,6-4762
36232,2-9053
36233,2-8546
36234,8-4469
36235,8-2366
36236,1-2685
36237,3-4258
36238,3-5344
36239,4-2423
36240,2-0199
36241,4-7353
36242,6-4489
36243,4-3226
36244,2-5654
36245,1-9004
36246,4-2385
36247,4-1250
36248,3-3812
36249,5-0135
36250,5-0911
36251,6-6739
36252,6-8694
36253,8-6347
36254,7-7659
36255,4-0817
36256,3-6716
36257,3-4542
36258,2-8934
36259,4-5800
36260,4-6595
36261,5-7971
36262,5-3401
36263,5-9662
36264,4-5214
36265,2-0151
36266,1-9627
36267,2-4427
36268,1-5319
36269,6-4482
36270,5-7727
36271,3-4017
36272,7-7323
36273,2-9264
36274,2-3542
36275,2-0525
36276,4-8637
36277,2-8622
36278,6-9726
36279,6-5672
36280,2-6970
36281,6-8520
36282,6-1634
36283,8-3969
36284,4-4676
36285,6-9144
36286,5-8498
36287,5-9748
36288,8-0213
36289,1-3945
36290,4-2225
36291,4-6159
36292,5-0277
36293,8-0719
36294,2-2929
36295,4-6446
36296,5-3448
36297,5-3097
36298,2-1930
36299,4-7471
36300,2-6449
36301,8-8678
36302,7-6247
36303,4-0039
36304,8-3437
36305,3-8457
36306,5-3050
36307,3-6529
36308,4-6350
36309,2-3656
36310,6-0261
36311,7-5479
36312,1-2608
36313,8-3859
36314,2-6896
36315,3-0419
36316,1-6489
36317,4-7654
36318,3-3435
36319,6-7731
36320,1-2170
36321,4-5961
36322,5-4769
36323,1-6319
36324,1-7465
36325,4-5056
36326,5-8753
36327,4-1624
36328,4-9800
36329,6-7783
36330,6-7290
36331,2-3906
36332,6-3607
36333,1-0285
36334,3-2055
36335,1-8733
36336,1-4734
36337,6-0389
36338,8-2417
36339,3-8438
36340,3-4967
36341,2-4877
36342,3-0687
36343,6-9309
36344,3-1011
36345,6-1889
36346,1-7850
36347,5-2056
36348,1-6498
36349,1-5299
36350,8-2579
36351,7-2867
36352,7-5071
36353,4-9978
36354,6-9656
36355,4-3987
36356,2-5429
36357,4-1939
36358,2-3492
36359,2-3230
36360,3-6199
36361,4-4184
36362,1-3239
36363,2-7687
36364,5-0875
36365,2-4166
36366,2-6123
36367,2-4849
36368,5-4760
36369,3-8071
36370,4-3609
36371,6-1175
36372,1-5090
36373,3-4920
36374,5-8869
36375,3-7113
36376,7-8299
36377,5-4707
36378,2-1598
36379,5-4845
36380,4-0435
36381,2-3304
36382,8-7381
36383,7-9545
36384,7-8993
36385,6-1550
36386,7-7422
36387,5-5760
36388,6-6053
36389,5-5092
36390,4-1560
36391,1-2989
36392,4-2784
36393,2-6298
36394,5-2142
36395,8-7043
36396,5-9899
36397,5-0646
36398,6-9169
36399,8-7440
36400,3-8691
36401,2-5846
36402,7-8099
36403,6-5785
36404,1-2615
36405,2-8286
36406,1-3234
36407,7-2684
36408,7-2344
36409,6-1091
36410,2-2807
36411,2-2032
36412,1-6911
36413,3-9720
36414,3-0907
36415,5-9531
36416,4-0749
36417,7-8894
36418,8-4698
36419,4-3019
36420,5-0320
36421,5-8550
36422,8-0951
36423,2-1524
36424,8-5310
36425,7-3152
36426,8-4615
36427,3-2218
36428,3-7682
36429,3-7205
36430,1-8480
36431,6-1106
36432,7-7222
36433,5-8847
36434,6-6599
36435,5-5429
36436,6-9603
36437,4-3401
36438,6-8790
36439,3-4162
36440,3-8732
36441,6-3531
36442,3-1861
36443,7-1332
36444,3-4395
36445,4-4991
36446,8-1706
36447,6-9004
36448,2-5405
36449,2-7211
36450,2-8354
36451,7-2600
36452,2-0747
36453,4-1263
36454,1-7992
36455,8-3983
36456,6-0361
36457,6-3035
36458,7-5413
36459,5-2954
36460,4-4398
36461,4-7775
36462,7-4471
36463,2-7285
36464,4-3068
36465,3-2729
36466,4-9231
36467,3-9489
36468,5-0490
36469,6-3596
36470,1-4386
36471,8-3344
36472,8-7522
36473,7-6677
36474,3-3413
36475,2-5321
36476,1-8262
36477,2-8736
36478,4-9515
36479,5-1498
36480,7-4865
36481,5-8320
36482,5-0427
36483,5-3692
36484,6-3335
36485,4-2744
36486,1-8973
36487,2-9504
36488,4-1353
36489,7-0860
36490,1-3075
36491,1-6634
36492,2-4628
36493,6-0310
36494,8-4630
36495,7-2717
36496,4-8028
36497,4-1067
36498,7-7714
36499,1-0910
36500,3-0439
36501,3-4102
36502,6-9137
36503,2-6159
36504,1-0646
36505,4-7204
36506,1-8066
36507,1-9403
36508,5-6324
36509,2-1622
36510,3-6250
36511,1-1398
36512,1-6582
36513,4-7937
36514,6-6607
36515,8-8443
36516,2-4422
36517,5-0331
36518,7-7961
36519,4-1958
36520,3-3422
36521,3-8391
36522,4-5131
36523,3-4960
36524,1-5404
36525,5-2633
36526,7-5418
36527,6-5289
36528,6-5287
36529,3-8799
36530,2-9536
36531,7-5532
36532,5-4781
36533,4-2763
36534,2-2100
36535,6-1642
36536,6-0358
36537,8-6093
36538,3-3305
36539,7-4698
36540,8-6149
36541,4-0087
36542,8-7645
36543,7-6603
36544,6-2151
36545,4-7086
36546,3-8505
36547,1-8643
36548,1-3008
36549,7-2182
36550,7-9397
36551,2-3481
36552,7-4915
36553,5-1061
36554,2-2616
36555,4-5403
36556,2-6527
36557,3-3007
36558,3-5434
36559,7-8348
36560,2-8714
36561,1-8047
36562,3-6149
36563,1-3564
36564,7-5771
36565,3-2442
36566,5-3937
36567,3-6175
36568,2-3701
36569,1-9708
36570,5-2780
36571,6-3773
36572,4-1529
36573,6-3846
36574,2-2352
36575,1-8515
36576,2-9513
36577,5-7221
36578,7-0800
36579,8-8505
36580,3-0587
36581,4-1226
36582,6-5640
36583,4-0580
36584,8-0706
36585,8-1735
36586,1-2521
36587,8-1231
36588,5-7955
36589,3-9637
36590,1-1099
36591,8-8510
36592,8-2271
36593,2-9419
36594,3-7433
36595,3-2427
36596,7-3287
36597,7-5868
36598,6-9521
36599,5-7992
36600,8-9317
36601,4-0737
36602,8-8859
36603,4-3873
36604,1-8536
36605,3-5079
36606,6-3266
36607,1-8504
36608,1-8386
36609,6-5473
36610,5-9641
36611,1-4873
36612,2-1606
36613,7-8744
36614,8-4516
36615,7-7337
36616,1-8472
36617,5-8551
36618,2-2184
36619,4-2374
36620,8-5625
36621,6-7704
36622,1-6288
36623,4-2105
36624,5-8609
36625,8-7939
36626,3-8759
36627,5-7232
36628,8-0252
36629,5-1463
36630,6-1908
36631,5-9151
36632,1-5481
36633,4-1522
36634,3-3954
36635,4-8338
36636,3-8786
36637,2-4043
36638,2-8175
36639,1-7309
36640,6-5050
36641,3-9086
36642,8-4280
36643,3-5304
36644,2-4219
36645,4-2322
36646,2-1678
36647,2-0848
36648,2-9523
36649,4-1068
36650,5-4526
36651,3-6950
36652,1-5983
36653,6-2806
36654,8-4217
36655,2-3823
36656,8-7850
36657,1-1512
36658,8-6411
36659,6-5712
36660,3-1221
36661,8-6727
36662,3-6904
36663,1-9965
36664,2-4247
36665,7-9238
36666,6-4965
36667,1-1377
36668,1-7508
36669,3-4826
36670,2-9539
36671,7-4292
36672,8-6361
36673,8-0156
36674,7-2812
36675,3-6853
36676,6-3746
36677,8-7377
36678,4-3718
36679,5-9253
36680,5-5490
36681,4-6146
36682,5-5446
36683,7-9329
36684,7-3109
36685,3-8264
36686,7-4896
36687,5-9166
36688,2-2104
36689,4-9294
36690,6-5499
36691,6-8301
36692,2-6566
36693,8-9550
36694,8-2669
36695,3-1206
36696,7-0018
36697,7-6110
36698,1-7740
36699,4-1772
36700,1-9941
36701,8-8298
36702,6-2134
36703,5-3094
36704,6-5026
36705,5-2028
36706,6-7847
36707,3-0052
36708,1-4277
36709,8-6767
36710,4-9937
36711,2-2156
36712,4-4883
36713,3-9925
36714,3-6270
36715,8-1658
36716,2-8840
36717,6-2755
36718,4-7843
36719,1-5497
36720,5-2347
36721,1-5205
36722,1-8120
36723,3-2021
36724,1-5357
36725,7-9823
36726,2-1562
36727,6-3227
36728,8-5381
36729,5-5764
36730,6-9210
36731,3-2925
36732,8-7090
36733,3-4191
36734,5-1181
36735,2-1576
36736,3-2659
36737,5-0820
36738,2-5005
36739,6-8828
36740,7-9059
36741,2-7383
36742,8-4089
36743,5-3697
36744,8-3757
36745,4-4281
36746,3-3094
36747,7-2070
36748,2-0838
36749,6-2880
36750,2-1780
36751,2-9460
36752,4-4235
36753,7-7593
36754,5-1310
36755,6-9926
36756,4-7317
36757,1-1094
36758,4-0133
36759,1-7540
36760,1-0942
36761,8-7964
36762,2-3355
36763,8-0316
36764,1-3963
36765,4-0080
36766,6-0505
36767,8-6890
36768,6-5852
36769,8-6572
36770,1-7487
36771,3-1671
36772,3-3072
36773,5-8597
36774,8-6499
36775,4-5073
36776,2-9698
36777,5-8504
36778,6-7289
36779,5-5836
36780,7-5676
36781,4-4015
36782,5-6815
36783,1-2592
36784,8-7387
36785,6-5223
36786,7-0590
36787,1-4215
36788,2-6317
36789,1-5318
36790,4-9703
36791,8-0240
36792,5-0940
36793,2-9658
36794,3-0704
36795,6-2320
36796,6-8527
36797,3-9839
36798,5-0521
36799,4-5824
36800,7-5458
36801,8-1525
36802,3-5925
36803,7-5773
36804,2-3735
36805,4-5223
36806,1-0329
36807,6-6424
36808,2-7835
36809,5-0194
36810,4-6852
36811,7-3813
36812,2-9617
36813,4-6659
36814,6-8252
36815,5-2884
36816,1-3423
36817,8-7051
36818,7-0999
36819,5-5020
36820,3-8412
36821,5-4332
36822,5-9019
36823,1-2470
36824,1-1069
36825,6-5981
36826,3-8301
36827,8-8516
36828,3-9910
36829,2-8879
36830,7-7409
36831,2-1599
36832,2-9358
36833,5-7865
36834,1-1832
36835,8-6173
36836,7-6016
36837,3-0045
36838,1-8968
36839,3-2063
36840,7-9332
36841,8-4769
36842,7-5373
36843,3-0953
36844,7-6757
36845,3-8124
36846,5-3528
36847,1-8123
36848,1-5520
36849,2-7559
36850,7-9420
36851,4-7610
36852,8-8082
36853,7-3732
36854,3-0518
36855,6-8587
36856,1-4559
36857,3-6343
36858,1-1878
36859,3-6526
36860,1-6966
36861,4-7578
36862,7-1390
36863,1-1544
36864,3-0759
36865,2-9505
36866,6-6630
36867,8-5057
36868,5-6059
36869,7-7600
36870,7-3073
36871,8-6957
36872,4-2175
36873,8-3707
36874,4-5087
36875,2-7192
36876,2-9600
36877,1-2953
36878,3-8831
36879,3-9975
36880,7-5801
36881,8-3835
36882,8-9221
36883,8-7311
36884,2-4263
36885,5-1716
36886,8-8996
36887,6-0590
36888,5-9880
36889,6-1057
36890,5-0467
36891,1-5478
36892,3-8287
36893,2-0120
36894,2-1429
36895,1-1817
36896,3-4079
36897,3-1835
36898,1-2829
36899,8-4989
36900,8-8169
36901,7-3184
36902,2-5339
36903,4-2485
36904,5-0685
36905,5-7036
36906,8-3839
36907,6-1718
36908,1-0429
36909,5-1009
36910,4-6880
36911,7-9275
36912,8-7929
36913,6-8391
36914,5-4072
36915,3-2314
36916,2-9357
36917,2-5914
36918,7-5300
36919,1-0888
36920,2-5560
36921,1-0724
36922,7-6906
36923,7-2573
36924,8-9009
36925,5-6684
36926,2-3480
36927,7-9023
36928,5-2493
36929,7-6713
36930,4-3911
36931,4-8715
36932,7-1354
36933,2-0983
36934,8-5878
36935,8-3075
36936,5-5783
36937,4-4771
36938,1-9051
36939,7-3277
36940,3-2186
36941,1-7651
36942,5-2426
36943,6-6898
36944,2-6863
36945,2-0984
36946,6-7208
36947,6-1999
36948,8-8017
36949,7-4245
36950,5-5071
36951,2-2967
36952,8-8579
36953,4-6289
36954,5-5436
36955,7-1706
36956,2-7248
36957,3-1711
36958,3-9691
36959,2-7068
36960,1-4712
36961,5-5157
36962,4-4332
36963,6-6134
36964,1-6920
36965,2-9322
36966,5-6952
36967,8-0609
36968,2-9135
36969,5-0698
36970,7-5477
36971,5-0133
36972,5-1437
36973,2-0383
36974,3-8638
36975,2-9187
36976,7-3855
36977,2-4863
36978,4-4804
36979,2-4642
36980,8-0670
36981,4-6588
36982,7-3220
36983,1-6657
36984,1-1539
36985,4-8848
36986,8-3164
36987,4-2334
36988,2-3199
36989,3-1906
36990,4-9255
36991,8-6748
36992,2-5376
36993,6-1284
36994,2-4685
36995,4-9460
36996,5-0077
36997,4-3495
36998,7-8791
36999,7-6992
37000,8-6724
37001,7-0918
37002,4-3882
37003,2-2267
37004,6-5775
37005,3-7752
37006,2-7698
37007,7-7193
37008,2-6868
37009,5-9621
37010,5-7709
37011,2-7085
37012,2-3592
37013,3-7779
37014,5-5147
37015,2-6864
37016,6-1243
37017,7-9559
37018,1-5934
37019,1-2274
37020,1-0774
37021,5-5543
37022,4-4256
37023,7-5843
37024,5-0235
37025,1-8901
37026,1-4316
37027,4-4695
37028,7-7117
37029,4-7064
37030,4-4500
37031,8-3263
37032,3-7614
37033,5-1678
37034,8-3786
37035,3-1937
37036,5-3729
37037,1-5651
37038,8-7785
37039,1-5104
37040,8-1080
37041,6-4327
37042,4-7911
37043,6-7432
37044,6-1698
37045,7-7619
37046,2-0649
37047,2-7284
37048,2-1794
37049,2-8556
37050,7-1107
37051,8-5363
37052,7-1918
37053,3-3704
37054,6-4522
37055,1-5141
37056,2-1931
37057,8-9703
37058,5-5678
37059,8-9677
37060,1-1873
37061,3-6313
37062,8-6250
37063,6-5138
37064,3-8783
37065,3-4863
37066,7-3264
37067,6-4242
37068,1-5175
37069,4-0635
37070,1-0568
37071,8-9291
37072,4-3425
37073,7-7071
37074,1-5676
37075,7-6246
37076,5-9050
37077,6-9421
37078,5-7072
37079,3-5455
37080,6-7942
37081,5-6287
37082,8-8417
37083,8-5862
37084,2-5427
37085,4-4432
37086,6-7433
37087,3-1753
37088,2-3613
37089,2-9821
37090,6-1242
37091,5-2836
37092,1-0709
37093,6-5386
37094,4-1215
37095,4-2008
37096,2-8460
37097,5-2805
37098,1-5746
37099,5-2503
37100,4-2802
37101,7-1320
37102,7-8618
37103,7-9289
37104,1-9315
37105,3-1261
37106,7-5496
37107,5-1124
37108,5-5078
37109,6-7176
37110,1-7639
37111,2-8883
37112,3-6912
37113,1-7430
37114,5-1411
37115,2-7707
37116,3-2374
37117,3-5437
37118,4-4930
37119,3-0814
37120,5-3511
37121,1-8591
37122,8-8673
37123,8-5778
37124,1-4531
37125,1-9663
37126,3-2036
37127,4-6510
37128,7-9615
37129,8-6926
37130,3-3348
37131,6-7411
37132,8-5741
37133,1-2548
37134,3-4828
37135,6-7764
37136,1-8651
37137,3-8040
37138,8-6230
37139,2-6683
37140,2-9334
37141,7-7399
37142,6-0343
37143,4-5493
37144,2-3851
37145,5-5558
37146,2-3979
37147,8-2779
37148,4-7647
37149,3-5340
37150,4-9559
37151,2-4338
37152,6-8054
37153,2-9556
37154,2-3055
37155,6-2769
37156,5-7760
37157,5-2181
37158,6-3517
37159,2-3108
37160,3-8937
37161,8-8551
37162,4-9118
37163,2-7619
37164,2-8114
37165,7-7662
37166,1-3588
37167,1-9216
37168,1-3037
37169,1-1081
37170,7-2651
37171,6-2065
37172,4-2619
37173,4-2974
37174,3-2345
37175,1-6918
37176,5-4247
37177,8-1594
37178,5-9682
37179,2-5165
37180,1-4825
37181,2-9299
37182,8-4445
37183,4-9827
37184,8-7630
37185,6-2027
37186,6-7282
37187,2-4437
37188,7-8554
37189,4-9348
37190,5-4477
37191,5-9558
37192,1-8379
37193,6-1137
37194,2-7460
37195,1-5560
37196,8-4225
37197,4-6739
37198,5-7083
37199,5-5955
37200,5-0627
37201,3-0148
37202,7-9301
37203,3-4689
37204,6-4404
37205,6-2898
37206,6-1614
37207,2-2498
37208,1-7989
37209,4-8897
37210,7-4943
37211,7-6291
37212,6-8314
37213,4-8517
37214,4-5984
37215,2-1424
37216,4-6467
37217,4-6937
37218,2-8148
37219,1-3740
37220,5-5303
37221,5-9397
37222,8-5131
37223,3-8064
37224,2-8585
37225,7-0949
37226,3-5241
37227,3-7051
37228,1-5062
37229,1-8330
37230,1-1507
37231,7-3339
37232,2-3104
37233,1-8242
37234,3-6643
37235,8-2216
37236,5-1502
37237,6-6249
37238,1-1077
37239,7-5283
37240,3-8862
37241,2-1213
37242,2-5161
37243,6-6824
37244,5-2635
37245,8-5742
37246,5-6441
37247,7-4660
37248,6-8736
37249,7-2364
37250,3-2730
37251,2-2178
37252,6-6981
37253,3-0566
37254,3-7216
37255,1-3919
37256,5-6253
37257,4-2682
37258,4-6758
37259,4-1998
37260,3-2280
37261,4-2199
37262,6-4714
37263,4-8229
37264,7-3082
37265,3-4830
37266,5-5944
37267,8-4999
37268,6-9812
37269,5-6195
37270,5-5279
37271,7-3145
37272,7-0352
37273,6-3707
37274,1-7916
37275,7-6337
37276,8-5508
37277,1-6459
37278,1-7902
37279,5-9666
37280,3-2568
37281,2-8896
37282,7-6668
37283,8-4307
37284,1-0384
37285,4-9158
37286,4-6644
37287,7-0614
37288,4-7020
37289,4-3281
37290,2-7957
37291,7-9310
37292,4-8084
37293,2-9075
37294,6-1454
37295,2-3816
37296,6-7205
37297,4-3137
37298,3-2858
37299,3-1773
37300,2-0457
37301,1-2987
37302,4-4960
37303,5-5533
37304,4-5386
37305,3-9006
37306,1-1466
37307,2-6509
37308,3-4484
37309,4-8888
37310,8-3380
37311,6-5213
37312,7-4229
37313,7-4955
37314,4-4665
37315,3-1118
37316,1-5107
37317,8-0370
37318,6-0217
37319,5-7542
37320,2-8929
37321,1-9908
37322,5-1629
37323,6-2424
37324,4-4264
37325,4-7651
37326,6-3931
37327,6-6397
37328,8-8504
37329,4-1703
37330,6-5720
37331,3-7510
37332,5-4387
37333,4-2735
37334,3-6220
37335,4-6477
37336,6-6776
37337,3-2240
37338,2-9041
37339,3-8528
37340,1-4487
37341,3-4146
37342,7-7359
37343,8-5177
37344,2-1089
37345,8-1355
37346,4-6546
37347,3-5249
37348,4-0469
37349,7-5919
37350,3-1904
37351,4-2392
37352,5-2605
37353,7-9714
37354,8-3642
37355,3-4197
37356,7-2368
37357,1-9802
37358,8-0708
37359,6-1996
37360,8-7598
37361,7-6686
37362,7-0660
37363,4-4208
37364,4-8138
37365,5-4520
37366,4-2663
37367,7-9085
37368,5-1713
37369,4-0903
37370,1-3942
37371,3-6859
37372,2-7020
37373,8-7353
37374,4-8909
37375,3-6018
37376,5-5805
37377,7-3906
37378,4-1299
37379,2-5644
37380,2-6555
37381,2-9589
37382,7-1636
37383,2-1596
37384,7-7063
37385,4-6866
37386,4-4528
37387,2-3410
37388,7-4831
37389,7-7485
37390,5-8991
37391,2-3936
37392,8-5150
37393,8-1725
37394,7-6172
37395,1-1763
37396,4-2615
37397,8-9220
37398,1-6216
37399,2-5793
37400,6-7547
37401,5-6041
37402,4-0797
37403,1-9091
37404,1-9514
37405,6-4905
37406,7-2666
37407,2-8582
37408,1-3776
37409,8-4448
37410,4-3025
37411,7-8208
37412,2-4820
37413,1-0437
37414,8-3720
37415,3-6860
37416,4-1467
37417,2-7662
37418,4-0827
37419,5-8395
37420,5-3998
37421,7-8971
37422,3-9644
37423,6-8332
37424,1-5899
37425,7-1207
37426,4-1732
37427,6-1486
37428,6-0158
37429,1-4839
37430,3-7291
37431,2-3756
37432,6-8635
37433,4-3165
37434,1-1196
37435,7-1773
37436,5-0359
37437,5-0547
37438,5-4342
37439,7-1220
37440,2-6412
37441,4-9882
37442,8-3183
37443,6-7373
37444,7-9546
37445,4-7143
37446,1-5597
37447,4-5766
37448,2-4873
37449,5-2807
37450,3-3611
37451,5-3128
37452,8-2150
37453,6-5340
37454,7-5902
37455,8-4232
37456,7-7881
37457,4-2905
37458,5-1059
37459,8-2350
37460,6-8669
37461,2-1304
37462,5-8670
37463,6-5631
37464,6-6003
37465,8-8512
37466,1-5815
37467,6-0867
37468,1-6743
37469,6-5270
37470,2-6349
37471,5-7657
37472,2-3734
37473,8-0050
37474,8-3142
37475,6-4241
37476,3-4904
37477,7-2741
37478,8-9366
37479,2-4388
37480,4-9683
37481,6-4881
37482,5-5542
37483,7-3500
37484,4-2463
37485,4-2329
37486,8-3562
37487,3-4310
37488,2-3135
37489,8-6863
37490,5-0037
37491,7-7590
37492,8-9547
37493,8-1333
37494,4-4733
37495,8-0607
37496,2-2888
37497,6-3709
37498,8-8801
37499,8-3712
37500,4-4654
37501,3-3899
37502,5-9672
37503,2-3224
37504,1-1084
37505,1-5526
37506,1-5830
37507,5-3170
37508,3-9863
37509,1-9619
37510,3-1399
37511,3-9206
37512,1-3602
37513,6-7826
37514,4-3708
37515,5-4690
37516,1-6814
37517,2-1397
37518,6-5701
37519,1-5762
37520,1-0410
37521,3-3248
37522,4-1517
37523,4-7790
37524,3-7444
37525,1-1850
37526,2-1825
37527,6-5402
37528,7-9838
37529,1-9787
37530,6-0940
37531,6-4784
37532,4-6370
37533,6-3326
37534,2-4397
37535,2-3867
37536,7-4734
37537,2-6135
37538,4-7534
37539,4-4263
37540,7-5936
37541,6-8792
37542,1-3389
37543,2-3706
37544,7-8898
37545,5-9358
37546,2-4442
37547,2-8787
37548,8-3732
37549,5-2705
37550,2-3630
37551,5-9960
37552,6-5377
37553,1-5166
37554,1-0218
37555,5-8373
37556,4-6204
37557,3-0270
37558,2-9961
37559,8-0504
37560,8-6527
37561,7-3797
37562,8-2565
37563,2-8842
37564,5-8211
37565,8-1246
37566,8-4260
37567,5-5632
37568,7-4884
37569,3-0357
37570,6-0680
37571,4-0170
37572,3-8923
37573,1-3991
37574,5-6992
37575,7-7362
37576,3-3623
37577,2-9328
37578,8-8534
37579,4-5660
37580,5-3369
37581,6-8134
37582,7-1812
37583,5-4233
37584,6-6408
37585,2-3422
37586,8-6318
37587,1-2011
37588,8-6698
37589,3-4106
37590,4-9290
37591,3-3209
37592,4-3023
37593,2-8790
37594,3-7917
37595,4-3947
37596,1-6640
37597,5-2236
37598,6-7115
37599,4-6312
37600,6-9717
37601,6-6392
37602,3-4800
37603,4-5418
37604,1-8223
37605,1-5950
37606,6-3881
37607,8-2945
37608,7-1813
37609,3-3472
37610,2-9703
37611,1-4999
37612,4-8371
37613,5-4465
37614,2-2273
37615,8-2907
37616,6-8133
37617,1-4490
37618,4-2040
37619,3-6974
37620,3-4245
37621,2-5666
37622,6-2700
37623,8-8963
37624,8-7661
37625,1-3536
37626,7-8879
37627,4-9769
37628,5-5043
37629,5-0449
37630,7-7275
37631,1-5134
37632,5-1852
37633,2-3518
37634,6-6734
37635,5-9400
37636,5-9528
37637,2-2816
37638,6-7300
37639,5-8865
37640,7-3124
37641,4-6521
37642,6-6658
37643,7-7090
37644,4-0782
37645,7-7183
37646,2-7638
37647,1-8236
37648,7-2320
37649,6-0911
37650,5-8593
37651,5-3257
37652,5-2866
37653,1-2484
37654,1-1830
37655,6-2074
37656,1-6927
37657,6-9391
37658,1-9043
37659,8-4540
37660,2-0459
37661,4-4183
37662,7-6071
37663,4-3574
37664,2-0229
37665,4-4964
37666,1-5910
37667,6-6074
37668,2-3871
37669,8-1098
37670,1-8413
37671,4-2899
37672,7-7208
37673,2-1350
37674,7-2203
37675,3-2851
37676,1-1986
37677,4-3276
37678,6-9217
37679,3-4214
37680,3-0655
37681,5-3300
37682,7-4512
37683,3-9999
37684,2-7942
37685,4-4624
37686,7-5681
37687,3-1276
37688,4-8242
37689,1-2350
37690,3-5840
37691,7-3384
37692,5-1722
37693,7-6601
37694,2-2396
37695,5-5822
37696,1-6111
37697,8-3894
37698,6-4662
37699,8-5231
37700,6-8405
37701,7-5366
37702,8-9979
37703,3-3975
37704,7-9363
37705,4-3952
37706,7-3971
37707,5-7038
37708,5-8189
37709,6-9891
37710,5-2893
37711,8-4664
37712,8-0424
37713,6-4165
37714,2-6730
37715,6-8605
37716,7-3285
37717,1-9093
37718,3-4790
37719,4-9245
37720,4-7059
37721,6-1166
37722,1-1987
37723,1-3502
37724,4-1171
37725,3-8005
37726,8-3984
37727,4-9631
37728,8-5581
37729,8-5837
37730,7-3633
37731,1-5256
37732,3-1165
37733,4-7518
37734,7-9832
37735,4-4812
37736,4-3818
37737,8-3092
37738,6-8859
37739,6-8560
37740,1-8450
37741,6-2219
37742,7-0256
37743,2-3459
37744,3-3204
37745,7-2915
37746,3-6626
37747,7-5568
37748,5-7332
37749,4-5724
37750,5-1173
37751,8-6719
37752,7-0880
37753,2-1808
37754,5-8468
37755,5-1856
37756,2-4056
37757,3-9810
37758,1-0619
37759,5-6328
37760,2-8169
37761,6-8430
37762,5-0118
37763,7-3435
37764,1-0842
37765,2-6684
37766,7-3749
37767,5-7059
37768,4-0329
37769,2-5949
37770,8-8937
37771,2-1600
37772,3-9367
37773,7-4040
37774,8-3004
37775,1-2041
37776,8-1429
37777,6-2742
37778,6-9867
37779,1-8116
37780,3-1069
37781,4-6016
37782,5-8283
37783,7-2112
37784,6-9103
37785,2-2248
37786,1-0006
37787,4-7506
37788,1-1590
37789,6-7926
37790,7-8264
37791,6-5822
37792,4-8814
37793,8-1237
37794,1-7466
37795,3-0426
37796,7-6305
37797,8-4115
37798,6-5887
37799,6-1164
37800,8-8857
37801,4-6646
37802,2-4341
37803,3-0597
37804,2-5341
37805,7-4528
37806,1-5040
37807,8-9977
37808,2-4015
37809,4-9691
37810,7-6115
37811,4-0796
37812,4-0683
37813,5-9906
37814,4-8969
37815,7-6377
37816,8-2527
37817,1-6850
37818,4-5582
37819,1-6725
37820,8-2895
37821,8-5519
37822,6-3909
37823,2-9605
37824,7-5670
37825,6-8262
37826,6-6264
37827,3-4814
37828,6-6707
37829,3-9061
37830,7-8690
37831,6-3355
37832,3-2415
37833,4-3344
37834,7-9137
37835,7-3856
37836,3-0541
37837,7-1979
37838,1-2597
37839,8-4316
37840,7-7455
37841,3-9403
37842,6-7444
37843,5-2916
37844,8-4937
37845,4-9973
37846,5-4039
37847,7-2438
37848,3-4080
37849,6-3583
37850,7-9295
37851,4-8686
37852,5-3728
37853,2-7870
37854,4-7472
37855,4-6126
37856,6-0378
37857,1-0732
37858,5-7818
37859,6-6871
37860,4-0602
37861,6-3741
37862,7-8130
37863,3-3515
37864,2-6313
37865,3-2042
37866,5-4958
37867,3-2100
37868,7-0605
37869,5-7394
37870,5-1261
37871,4-4418
37872,6-7062
37873,2-3614
37874,2-2121
37875,3-7367
37876,8-0358
37877,8-2069
37878,2-3974
37879,1-2030
37880,2-8188
37881,5-9048
37882,2-0041
37883,6-5006
37884,5-9009
37885,1-0775
37886,2-2507
37887,4-4109
37888,7-9156
37889,4-8127
37890,1-7423
37891,5-5525
37892,7-0088
37893,3-9238
37894,5-8936
37895,5-3297
37896,2-4117
37897,2-6462
37898,6-2428
37899,1-6369
37900,4-2566
37901,1-3833
37902,5-9041
37903,6-1458
37904,4-0771
37905,1-5092
37906,1-0056
37907,8-0043
37908,4-9262
37909,7-5974
37910,6-3966
37911,2-4938
37912,5-7162
37913,1-9900
37914,7-2985
37915,5-2896
37916,4-3660
37917,6-9998
37918,8-4708
37919,4-7346
37920,3-4785
37921,1-5801
37922,6-1618
37923,1-9126
37924,4-2519
37925,7-8040
37926,7-7098
37927,7-5744
37928,2-8428
37929,8-8481
37930,3-5082
37931,5-1010
37932,1-1378
37933,6-6572
37934,4-0701
37935,1-3126
37936,6-2402
37937,5-3631
37938,7-1018
37939,8-1499
37940,4-2879
37941,6-5556
37942,8-9393
37943,6-9492
37944,8-3523
37945,7-9932
37946,5-3536
37947,2-7666
37948,2-8733
37949,3-9337
37950,2-7826
37951,3-6756
37952,7-2909
37953,1-6165
37954,3-0101
37955,8-1850
37956,7-7368
37957,7-3909
37958,1-4689
37959,1-7818
37960,1-4175
37961,3-9556
37962,1-3361
37963,1-0964
37964,6-5803
37965,6-1469
37966,1-5792
37967,1-9576
37968,5-2907
37969,2-7289
37970,8-3030
37971,1-6270
37972,2-3277
37973,7-0145
37974,1-6049
37975,4-5880
37976,7-1981
37977,8-1776
37978,5-5300
37979,4-0568
37980,4-0732
37981,5-2974
37982,8-2928
37983,5-2883
37984,8-5584
37985,5-4218
37986,8-7957
37987,6-1016
37988,4-0842
37989,8-0764
37990,4-1383
37991,6-8636
37992,4-4758
37993,4-2622
37994,4-5829
37995,3-3911
37996,8-0621
37997,5-3420
37998,8-9790
37999,5-6631
38000,5-9160
38001,2-9521
38002,4-2986
38003,6-9643
38004,6-1116
38005,8-5809
38006,8-2890
38007,6-2640
38008,7-5582
38009,4-5828
38010,6-3996
38011,7-3919
38012,4-4739
38013,8-0272
38014,2-0896
38015,8-7313
38016,6-7530
38017,2-7711
38018,1-7778
38019,2-6948
38020,8-2521
38021,8-3722
38022,6-0178
38023,5-7916
38024,1-0617
38025,8-7798
38026,1-8224
38027,2-0240
38028,8-4904
38029,8-9063
38030,1-0280
38031,4-1017
38032,2-0343
38033,3-7182
38034,7-2347
38035,5-1115
38036,5-9490
38037,7-2628
38038,8-5744
38039,7-6786
38040,1-1864
38041,8-8383
38042,2-2008
38043,5-3135
38044,4-6344
38045,2-0338
38046,5-8599
38047,3-6982
38048,4-5234
38049,4-3448
38050,8-6656
38051,3-5182
38052,5-9683
38053,2-6363
38054,7-9789
38055,2-2756
38056,6-0971
38057,1-8594
38058,5-0553
38059,8-8454
38060,6-5997
38061,4-4756
38062,5-1884
38063,4-5338
38064,8-0842
38065,7-3021
38066,4-6181
38067,1-5280
38068,3-1231
38069,5-8558
38070,2-7252
38071,5-1511
38072,2-7965
38073,8-5612
38074,8-3179
38075,6-7274
38076,5-1841
38077,1-5917
38078,3-3501
38079,7-2644
38080,6-0619
38081,1-9503
38082,8-4685
38083,7-9822
38084,6-1700
38085,4-9739
38086,7-6082
38087,7-4991
38088,1-1295
38089,3-3051
38090,8-8309
38091,5-2950
38092,6-2828
38093,5-7382
38094,7-1387
38095,4-2438
38096,8-9038
38097,3-6995
38098,3-0966
38099,2-8680
38100,6-7482
38101,6-6510
38102,2-0197
38103,1-3674
38104,8-5939
38105,5-9423
38106,6-9613
38107,2-4456
38108,6-5016
38109,7-3488
38110,1-1201
38111,7-1794
38112,3-2585
38113,5-4650
38114,7-7571
38115,7-9695
38116,6-0006
38117,1-2307
38118,7-7848
38119,3-4861
38120,1-1095
38121,1-5406
38122,4-7388
38123,3-5083
38124,6-1891
38125,2-1482
38126,6-3719
38127,3-2825
38128,6-4723
38129,7-4762
38130,3-5281
38131,4-9939
38132,6-4326
38133,5-2860
38134,4-1547
38135,4-9674
38136,6-7050
38137,4-7725
38138,1-0051
38139,4-6762
38140,6-7376
38141,1-8265
38142,5-1651
38143,1-9858
38144,1-4239
38145,6-0951
38146,2-8431
38147,5-6362
38148,6-1442
38149,4-4809
38150,5-5910
38151,4-0011
38152,3-9338
38153,1-4450
38154,3-4673
38155,6-8053
38156,8-5444
38157,2-9456
38158,8-4430
38159,7-8152
38160,8-5548
38161,8-4985
38162,4-6314
38163,1-2946
38164,1-3396
38165,8-4848
38166,8-8423
38167,8-8580
38168,4-4067
38169,3-9914
38170,6-5471
38171,4-0200
38172,2-6228
38173,8-0352
38174,5-7758
38175,3-8611
38176,1-2135
38177,5-1316
38178,2-6263
38179,2-3259
38180,6-9677
38181,8-1946
38182,4-6964
38183,7-3324
38184,5-7166
38185,7-6515
38186,7-9512
38187,3-9578
38188,2-8871
38189,7-0714
38190,1-4324
38191,4-7596
38192,5-3538
38193,8-9896
38194,6-9719
38195,5-1943
38196,6-9186
38197,1-3441
38198,8-3485
38199,6-1525
38200,4-5361
38201,1-4832
38202,3-7498
38203,4-7436
38204,5-1823
38205,7-8136
38206,2-3140
38207,3-1503
38208,1-3923
38209,8-2974
38210,8-9158
38211,5-9426
38212,2-9074
38213,7-5471
38214,4-6502
38215,1-2938
38216,8-5303
38217,3-8723
38218,6-3855
38219,4-4382
38220,7-5991
38221,2-5969
38222,2-2335
38223,7-8445
38224,8-3291
38225,4-0248
38226,6-3798
38227,6-6798
38228,8-0368
38229,1-0793
38230,4-2983
38231,6-4028
38232,7-5438
38233,5-2186
38234,1-4410
38235,5-6389
38236,4-5528
38237,1-7926
38238,1-6964
38239,3-6919
38240,7-6643
38241,4-8999
38242,6-7502
38243,2-8507
38244,5-7378
38245,6-7800
38246,6-6356
38247,6-1282
38248,2-1666
38249,8-2620
38250,6-6313
38251,2-6592
38252,5-2851
38253,5-3882
38254,8-0598
38255,2-5264
38256,8-1966
38257,3-6377
38258,5-2682
38259,5-2323
38260,1-5875
38261,6-2015
38262,4-8455
38263,7-5325
38264,5-2161
38265,5-7156
38266,7-6855
38267,7-8167
38268,1-6469
38269,3-9232
38270,6-3879
38271,2-2883
38272,5-8859
38273,1-4938
38274,5-0655
38275,1-6481
38276,4-5218
38277,2-8039
38278,3-4153
38279,5-9475
38280,7-0559
38281,3-7305
38282,8-8292
38283,8-4618
38284,7-0218
38285,6-5174
38286,8-8753
38287,2-9624
38288,8-3100
38289,4-8954
38290,7-9800
38291,5-3742
38292,8-9526
38293,2-8773
38294,4-5404
38295,5-4375
38296,5-1669
38297,8-6126
38298,8-3017
38299,4-7768
38300,1-9928
38301,2-7781
38302,4-9531
38303,5-1064
38304,1-1480
38305,4-6613
38306,4-0430
38307,8-7434
38308,5-3327
38309,4-4692
38310,1-6087
38311,3-3629
38312,1-5422
38313,2-0655
38314,4-5678
38315,7-5103
38316,3-8196
38317,1-9321
38318,2-7047
38319,6-2274
38320,8-5672
38321,5-3118
38322,3-5816
38323,8-6707
38324,5-1265
38325,8-9689
38326,2-8891
38327,2-8862
38328,2-4296
38329,7-5691
38330,3-7172
38331,7-5385
38332,3-1266
38333,6-5350
38334,3-7720
38335,3-3920
38336,1-1333
38337,7-2693
38338,1-1686
38339,5-9934
38340,3-1218
38341,7-5060
38342,2-7708
38343,6-5649
38344,4-6642
38345,2-5534
38346,2-3283
38347,6-8557
38348,5-1946
38349,3-2952
38350,8-8102
38351,2-7467
38352,4-2572
38353,6-0595
38354,8-7905
38355,4-8287
38356,8-0610
38357,5-8221
38358,6-7682
38359,2-1224
38360,6-8840
38361,6-8540
38362,2-0885
38363,3-6814
38364,6-3415
38365,3-0807
38366,8-0519
38367,2-8121
38368,1-6695
38369,2-3602
38370,1-8779
38371,6-4541
38372,8-3339
38373,3-1677
38374,4-9367
38375,5-6789
38376,1-3050
38377,6-7781
38378,3-5958
38379,8-1636
38380,2-3696
38381,8-6410
38382,4-0073
38383,2-2680
38384,3-3544
38385,2-1135
38386,5-4284
38387,7-0754
38388,5-1909
38389,3-6162
38390,1-8890
38391,7-0856
38392,4-1136
38393,8-6508
38394,6-9296
38395,2-4905
38396,3-8500
38397,3-5827
38398,4-6797
38399,8-0711
38400,4-0764
38401,6-9499
38402,6-9112
38403,2-9929
38404,8-5932
38405,4-5747
38406,1-9969
38407,2-6983
38408,3-8932
38409,3-5876
38410,6-1734
38411,3-6945
38412,3-2235
38413,7-1101
38414,4-0052
38415,3-3733
38416,3-5036
38417,5-7898
38418,8-1140
38419,7-0090
38420,7-4570
38421,2-4401
38422,4-1346
38423,2-3172
38424,8-9588
38425,6-2659
38426,5-6621
38427,2-3030
38428,1-4119
38429,5-4644
38430,5-3789
38431,8-4002
38432,4-6564
38433,3-5695
38434,3-9332
38435,4-3742
38436,8-7064
38437,2-8602
38438,6-3460
38439,2-4529
38440,8-5735
38441,1-8520
38442,4-4797
38443,5-8190
38444,5-1017
38445,1-3010
38446,2-5145
38447,6-8021
38448,8-3188
38449,3-6182
38450,6-6064
38451,8-8587
38452,7-9623
38453,1-7099
38454,5-4150
38455,7-8132
38456,8-4600
38457,6-4625
38458,6-3452
38459,3-9692
38460,6-3150
38461,5-1505
38462,5-5274
38463,3-0162
38464,7-4587
38465,5-4602
38466,1-0569
38467,1-8634
38468,6-1192
38469,1-9283
38470,3-5506
38471,1-2250
38472,4-1961
38473,2-4970
38474,5-0721
38475,6-6184
38476,2-9994
38477,6-4769
38478,6-5208
38479,4-1498
38480,8-4363
38481,6-9722
38482,5-8548
38483,3-9345
38484,1-8366
38485,3-9704
38486,2-7345
38487,5-4750
38488,5-8499
38489,3-7562
38490,4-5604
38491,2-2373
38492,5-1913
38493,6-1434
38494,1-7546
38495,2-5764
38496,3-4116
38497,4-1363
38498,4-2998
38499,1-0211
38500,1-4925
38501,1-3111
38502,4-8832
38503,5-5641
38504,5-8206
38505,3-4852
38506,1-2289
38507,6-7078
38508,1-0342
38509,5-8665
38510,2-5447
38511,1-9780
38512,8-5032
38513,4-1005
38514,6-8186
38515,1-8394
38516,6-9736
38517,4-0389
38518,2-8933
38519,2-3454
38520,1-7123
38521,5-1099
38522,3-2192
38523,6-3758
38524,6-5121
38525,7-8246
38526,5-5000
38527,1-7078
38528,8-0143
38529,2-4464
38530,2-3710
38531,8-8347
38532,8-4253
38533,8-6945
38534,1-6195
38535,6-9152
38536,4-9018
38537,6-0416
38538,2-8197
38539,3-3277
38540,2-4824
38541,5-0684
38542,7-5592
38543,5-0987
38544,4-6826
38545,2-2878
38546,8-5001
38547,3-2001
38548,5-7540
38549,5-5121
38550,1-7721
38551,2-0128
38552,8-2490
38553,4-3638
38554,3-2445
38555,2-4665
38556,2-8135
38557,8-3218
38558,8-2993
38559,3-4067
38560,6-8172
38561,1-4006
38562,7-9529
38563,1-2702
38564,1-9580
38565,3-9716
38566,3-4491
38567,2-5378
38568,7-0330
38569,6-2665
38570,5-0518
38571,7-8162
38572,3-2679
38573,3-7529
38574,3-1236
38575,6-8439
38576,1-9246
38577,2-0009
38578,1-1046
38579,1-7051
38580,6-1981
38581,7-9284
38582,8-5570
38583,2-7035
38584,5-0095
38585,3-5108
38586,2-9722
38587,3-1909
38588,4-2887
38589,6-8546
38590,4-5349
38591,7-4759
38592,3-2844
38593,7-8639
38594,1-8448
38595,2-0909
38596,4-4981
38597,6-1756
38598,6-0348
38599,3-9292
38600,5-2146
38601,7-3338
38602,5-4981
38603,2-1627
38604,6-2148
38605,8-3818
38606,8-1489
38607,3-2179
38608,4-0342
38609,6-4955
38610,4-9657
38611,8-4208
38612,6-4759
38613,5-7823
38614,1-6090
38615,6-5003
38616,4-7971
38617,4-1454
38618,4-6399
38619,4-6954
38620,4-8744
38621,3-1927
38622,8-4011
38623,8-3909
38624,3-0320
38625,3-1776
38626,2-2867
38627,1-2129
38628,2-3303
38629,2-8707
38630,6-5140
38631,8-2651
38632,7-9763
38633,5-5538
38634,5-4065
38635,4-0595
38636,8-7307
38637,2-3423
38638,8-4693
38639,5-8378
38640,8-3260
38641,4-3876
38642,8-7991
38643,6-3352
38644,2-9336
38645,3-8472
38646,1-3574
38647,5-3792
38648,7-3750
38649,2-4815
38650,7-8754
38651,6-4461
38652,4-1216
38653,6-9691
38654,7-2747
38655,2-3558
38656,4-1539
38657,3-4640
38658,4-0983
38659,8-8150
38660,2-2186
38661,5-7778
38662,1-3482
38663,4-1590
38664,7-8473
38665,2-7723
38666,5-1683
38667,7-3824
38668,7-3064
38669,5-0085
38670,7-3625
38671,1-1670
38672,2-2325
38673,5-4696
38674,5-0410
38675,3-6724
38676,2-9385
38677,2-3982
38678,8-2137
38679,4-2469
38680,5-6887
38681,1-3346
38682,8-7048
38683,6-3740
38684,6-6040
38685,5-2945
38686,4-4358
38687,4-5954
38688,6-7923
38689,2-7475
38690,7-7980
38691,7-3923
38692,5-3457
38693,6-0564
38694,4-9501
38695,2-8471
38696,3-2502
38697,1-3603
38698,8-6581
38699,2-2152
38700,4-2739
38701,7-6194
38702,7-9874
38703,6-6757
38704,8-9025
38705,1-5195
38706,8-7755
38707,8-8274
38708,2-2370
38709,3-6021
38710,6-6301
38711,2-0931
38712,8-7568
38713,1-4421
38714,8-1195
38715,4-8930
38716,7-7654
38717,7-4085
38718,1-4861
38719,1-7810
38720,3-9481
38721,7-9645
38722,4-0972
38723,5-3247
38724,2-5379
38725,8-6426
38726,1-0345
38727,7-1527
38728,3-4352
38729,8-6695
38730,6-0254
38731,1-0108
38732,5-5439
38733,6-0438
38734,8-3284
38735,7-3134
38736,1-4225
38737,5-8664
38738,8-7327
38739,1-3913
38740,6-5248
38741,4-9971
38742,8-0421
38743,8-2396
38744,3-1961
38745,6-6172
38746,4-7209
38747,2-8423
38748,8-1849
38749,1-0690
38750,6-8187
38751,2-5624
38752,8-3283
38753,1-9248
38754,1-9874
38755,1-0532
38756,2-5010
38757,2-8442
38758,8-4081
38759,7-3252
38760,4-2815
38761,7-9576
38762,5-8909
38763,8-0250
38764,1-6331
38765,4-6908
38766,3-4376
38767,2-3647
38768,1-4377
38769,8-9910
38770,5-1300
38771,8-7554
38772,1-3965
38773,7-7328
38774,3-8708
38775,4-4615
38776,8-3217
38777,8-2724
38778,8-1451
38779,4-8010
38780,3-8331
38781,3-4642
38782,5-3794
38783,3-7040
38784,5-6151
38785,6-0193
38786,7-4357
38787,4-2352
38788,6-0135
38789,1-6132
38790,2-5392
38791,1-9967
38792,7-1259
38793,1-7700
38794,1-3957
38795,8-0117
38796,3-1632
38797,4-9481
38798,8-9371
38799,7-6199
38800,3-5541
38801,3-7920
38802,4-1198
38803,4-5815
38804,2-2937
38805,3-1615
38806,2-7050
38807,4-1559
38808,1-6407
38809,3-6705
38810,8-8380
38811,7-0847
38812,3-1242
38813,1-1266
38814,7-7077
38815,5-3629
38816,1-0649
38817,2-0732
38818,1-3400
38819,7-0815
38820,6-0086
38821,8-0155
38822,1-4435
38823,3-0827
38824,1-6475
38825,1-9773
38826,7-6304
38827,4-2849
38828,7-7026
38829,3-1098
38830,7-3510
38831,3-3499
38832,2-5154
38833,4-6299
38834,3-5517
38835,1-4357
38836,8-1148
38837,1-2554
38838,1-0203
38839,6-4643
38840,3-8921
38841,6-4501
38842,1-3918
38843,1-3714
38844,4-2911
38845,6-4173
38846,3-9762
38847,6-7001
38848,1-9164
38849,3-7157
38850,7-7640
38851,5-5205
38852,3-3513
38853,7-7421
38854,7-8417
38855,8-4330
38856,4-2568
38857,4-7906
38858,4-1756
38859,2-4942
38860,2-2818
38861,3-9392
38862,3-5711
38863,2-0453
38864,1-2738
38865,8-7694
38866,3-0470
38867,5-6579
38868,1-3857
38869,3-5755
38870,3-5693
38871,3-6561
38872,3-7878
38873,3-5624
38874,1-1592
38875,6-5012
38876,6-8266
38877,2-2585
38878,5-8638
38879,2-9547
38880,8-2956
38881,6-4596
38882,6-0529
38883,1-0103
38884,7-0863
38885,6-9358
38886,5-2516
38887,2-0181
38888,5-4273
38889,6-9510
38890,3-6011
38891,1-7349
38892,4-4186
38893,7-1301
38894,1-4971
38895,7-8062
38896,7-7385
38897,2-0952
38898,1-7227
38899,7-7712
38900,8-0364
38901,7-4997
38902,3-8154
38903,6-4041
38904,6-1224
38905,2-7030
38906,7-4398
38907,3-5674
38908,7-9096
38909,5-1233
38910,7-4139
38911,7-8840
38912,8-7180
38913,5-8452
38914,5-2136
38915,3-6843
38916,8-4761
38917,8-3375
38918,3-6524
38919,8-3857
38920,7-1722
38921,1-2726
38922,8-9824
38923,8-9257
38924,3-6563
38925,4-4685
38926,5-4546
38927,5-0239
38928,1-2040
38929,8-4154
38930,2-0279
38931,1-7553
38932,5-1813
38933,4-4175
38934,1-7492
38935,8-7842
38936,4-3923
38937,6-8438
38938,5-4782
38939,1-4106
38940,7-8112
38941,7-9046
38942,8-6664
38943,2-7715
38944,4-0336
38945,1-4718
38946,8-9646
38947,8-8629
38948,5-4228
38949,3-6866
38950,4-2455
38951,8-5973
38952,8-8749
38953,2-1221
38954,5-4316
38955,7-3529
38956,1-8967
38957,2-5939
38958,1-7586
38959,4-4515
38960,3-0794
38961,2-0237
38962,3-0695
38963,6-9715
38964,8-6823
38965,7-3756
38966,3-5532
38967,4-4644
38968,7-6937
38969,2-0815
38970,5-7734
38971,6-6036
38972,7-9844
38973,8-1493
38974,3-5890
38975,7-7213
38976,7-9010
38977,2-1386
38978,1-6946
38979,6-1374
38980,5-9453
38981,4-7123
38982,4-5137
38983,4-2756
38984,4-8771
38985,1-9541
38986,2-3878
38987,1-7493
38988,8-0735
38989,7-5916
38990,6-9337
38991,7-6334
38992,3-5445
38993,3-4969
38994,8-0267
38995,8-7164
38996,6-1107
38997,3-9769
38998,2-9155
38999,8-9871
39000,5-7051
39001,5-3264
39002,1-2118
39003,5-8517
39004,2-2726
39005,5-2550
39006,3-3530
39007,7-2550
39008,7-3692
39009,6-9550
39010,5-8969
39011,2-6655
39012,7-6952
39013,6-2965
39014,5-8474
39015,1-1493
39016,7-3926
39017,2-3522
39018,3-4164
39019,6-8720
39020,2-2176
39021,2-6367
39022,2-5333
39023,1-1405
39024,3-2083
39025,6-5592
39026,7-6104
39027,6-4989
39028,4-6893
39029,1-4966
39030,6-3447
39031,7-5847
39032,1-5654
39033,3-0307
39034,7-8437
39035,8-7719
39036,1-8055
39037,4-6329
39038,5-7023
39039,5-6723
39040,3-9956
39041,8-0690
39042,2-5991
39043,1-6470
39044,8-5290
39045,2-4292
39046,7-7163
39047,3-6736
39048,7-0125
39049,4-9654
39050,1-2844
39051,1-3944
39052,8-6609
39053,4-4895
39054,2-0880
39055,8-1861
39056,8-4008
39057,2-7022
39058,8-2193
39059,6-0425
39060,6-5554
39061,1-4123
39062,5-3934
39063,3-5967
39064,8-7391
39065,6-6526
39066,2-2721
39067,8-7720
39068,5-8366
39069,1-2864
39070,6-8612
39071,6-0760
39072,8-7047
39073,5-0564
39074,5-6465
39075,8-9186
39076,8-8025
39077,5-7904
39078,1-6546
39079,6-9781
39080,6-2922
39081,1-4395
39082,5-4028
39083,5-9933
39084,3-2692
39085,3-3803
39086,7-9013
39087,7-6425
39088,6-8008
39089,4-1144
39090,7-1052
39091,6-4550
39092,3-2599
39093,1-0321
39094,1-1609
39095,4-6276
39096,5-8858
39097,6-7954
39098,6-7673
39099,5-5027
39100,7-5512
39101,4-4501
39102,6-2188
39103,1-5393
39104,2-8445
39105,7-5575
39106,3-9538
39107,7-8140
39108,7-8115
39109,7-5726
39110,4-0908
39111,2-3651
39112,3-9185
39113,2-0143
39114,7-4527
39115,1-1627
39116,8-0672
39117,5-7510
39118,7-5734
39119,1-2469
39120,6-9205
39121,6-6439
39122,3-7766
39123,8-4950
39124,2-5605
39125,8-6543
39126,3-4626
39127,5-9167
39128,4-7918
39129,7-5068
39130,7-4930
39131,7-4883
39132,8-5055
39133,4-1896
39134,8-1310
39135,1-7859
39136,6-7678
39137,8-6144
39138,7-4720
39139,3-2623
39140,6-8319
39141,5-3210
39142,6-3482
39143,7-2638
39144,3-5472
39145,8-2584
39146,2-4586
39147,3-5750
39148,4-9587
39149,5-8818
39150,2-2309
39151,3-1322
39152,1-6787
39153,6-4678
39154,5-4360
39155,1-4413
39156,5-0098
39157,2-1084
39158,2-7149
39159,8-5449
39160,8-4101
39161,3-2394
39162,2-1039
39163,3-9742
39164,6-7662
39165,4-9145
39166,4-7988
39167,2-9515
39168,4-4424
39169,3-8018
39170,2-9372
39171,4-1231
39172,1-5677
39173,5-6846
39174,1-8939
39175,1-2671
39176,5-1012
39177,5-0314
39178,2-6058
39179,4-4233
39180,3-0243
39181,8-4901
39182,3-0770
39183,1-4995
39184,2-5415
39185,6-6205
39186,5-6216
39187,4-7684
39188,6-2827
39189,2-6431
39190,4-9473
39191,1-2377
39192,1-1572
39193,1-6163
39194,7-2091
39195,2-5649
39196,1-2419
39197,4-5924
39198,4-8004
39199,4-4216
39200,3-5759
39201,3-6483
39202,6-4941
39203,7-1394
39204,3-3432
39205,3-5020
39206,3-1804
39207,1-0324
39208,6-7683
39209,7-7309
39210,7-2652
39211,4-6661
39212,7-3461
39213,1-6913
39214,4-5171
39215,3-5372
39216,3-4074
39217,8-4288
39218,4-4669
39219,2-6029
39220,4-6125
39221,7-6474
39222,2-7737
39223,4-3030
39224,6-7137
39225,4-5019
39226,7-0816
39227,3-8840
39228,2-6814
39229,4-1175
39230,4-2679
39231,4-1273
39232,5-8870
39233,1-1481
39234,8-1250
39235,6-6002
39236,2-8068
39237,2-8564
39238,5-4025
39239,4-1376
39240,4-3990
39241,6-1763
39242,3-5934
39243,8-4568
39244,8-6465
39245,8-2826
39246,7-7228
39247,2-6959
39248,6-0793
39249,2-6726
39250,8-3258
39251,8-1284
39252,1-1509
39253,7-5852
39254,7-6680
39255,5-8988
39256,6-9167
39257,8-3606
39258,2-7033
39259,8-4809
39260,3-7144
39261,7-6136
39262,5-6296
39263,4-3473
39264,8-7764
39265,2-0220
39266,6-3701
39267,6-3363
39268,6-8863
39269,3-1010
39270,6-0813
39271,3-5119
39272,5-8952
39273,5-9966
39274,2-3718
39275,1-5212
39276,2-1604
39277,3-7583
39278,5-1898
39279,8-5374
39280,4-8488
39281,8-8489
39282,8-3826
39283,5-5712
39284,3-8033
39285,2-1676
39286,8-4861
39287,5-0601
39288,5-4892
39289,8-3958
39290,6-5039
39291,5-2487
39292,5-0189
39293,7-1620
39294,8-2449
39295,6-5051
39296,8-4797
39297,4-6214
39298,5-3207
39299,1-2216
39300,5-7546
39301,3-4510
39302,1-5987
39303,4-5513
39304,5-4722
39305,7-3722
39306,6-8600
39307,3-0026
39308,8-9501
39309,2-0170
39310,4-4793
39311,4-5104
39312,4-9359
39313,5-2467
39314,6-4995
39315,7-0204
39316,8-3014
39317,6-6331
39318,8-8999
39319,6-5389
39320,2-3935
39321,4-2748
39322,3-0028
39323,7-9807
39324,8-1417
39325,6-8662
39326,6-5283
39327,3-5791
39328,8-3230
39329,1-1262
39330,5-7208
39331,8-7034
39332,8-3088
39333,2-3892
39334,6-2533
39335,8-7787
39336,3-5781
39337,2-0204
39338,8-3181
39339,5-2272
39340,3-6332
39341,1-6172
39342,5-8132
39343,1-2824
39344,8-6480
39345,8-6489
39346,8-1704
39347,6-1301
39348,8-1404
39349,1-3862
39350,5-0461
39351,2-6108
39352,7-7998
39353,3-7039
39354,1-2802
39355,6-3149
39356,3-4163
39357,6-1524
39358,5-8421
39359,4-1021
39360,8-4155
39361,8-1984
39362,3-2954
39363,4-5497
39364,7-3239
39365,7-9952
39366,6-1551
39367,4-4952
39368,7-9926
39369,8-2696
39370,8-0702
39371,7-2324
39372,3-6792
39373,2-6588
39374,4-3093
39375,5-3310
39376,7-8765
39377,2-9377
39378,4-2304
39379,4-7465
39380,4-7525
39381,6-7097
39382,5-0163
39383,1-5608
39384,5-8783
39385,2-1943
39386,6-0407
39387,1-2306
39388,2-9960
39389,6-2771
39390,6-9920
39391,3-9782
39392,4-8951
39393,2-3344
39394,4-8059
39395,7-5955
39396,2-4203
39397,5-2612
39398,8-6645
39399,2-5574
39400,6-0145
39401,7-0719
39402,8-6086
39403,8-4186
39404,4-9644
39405,8-2973
39406,4-9798
39407,5-2211
39408,1-9987
39409,3-5904
39410,4-5605
39411,6-3670
39412,5-0281
39413,5-5960
39414,3-7174
39415,6-1966
39416,4-3989
39417,5-2063
39418,8-0967
39419,8-6265
39420,5-2453
39421,2-0253
39422,5-3028
39423,7-5106
39424,2-8288
39425,6-2490
39426,4-5864
39427,4-0612
39428,1-1729
39429,7-7190
39430,4-7256
39431,4-1661
39432,2-6070
39433,6-2988
39434,8-9829
39435,3-7801
39436,5-6624
39437,2-7311
39438,6-7497
39439,2-9916
39440,2-0076
39441,4-4416
39442,6-6856
39443,4-1243
39444,6-2666
39445,1-5060
39446,3-5617
39447,2-3604
39448,8-8171
39449,7-5037
39450,5-8623
39451,5-0032
39452,4-1592
39453,1-2009
39454,8-6602
39455,1-5737
39456,1-8743
39457,1-8026
39458,7-2005
39459,4-2956
39460,7-4188
39461,3-6797
39462,6-5747
39463,3-6755
39464,2-7742
39465,8-1544
39466,5-1000
39467,6-0057
39468,2-7127
39469,6-1744
39470,4-7689
39471,2-1453
39472,5-6335
39473,8-8777
39474,3-7690
39475,1-7723
39476,7-5296
39477,5-8946
39478,8-6959
39479,5-1479
39480,8-9151
39481,8-2989
39482,3-2099
39483,3-0449
39484,5-9919
39485,1-6756
39486,1-7035
39487,7-1668
39488,5-9785
39489,4-8015
39490,3-8581
39491,2-4823
39492,5-1848
39493,7-0197
39494,1-9823
39495,3-4078
39496,6-3043
39497,4-1936
39498,2-2343
39499,3-7537
39500,8-6812
39501,6-8318
39502,5-4166
39503,4-0673
39504,4-1010
39505,5-8333
39506,1-6581
39507,5-4842
39508,7-6949
39509,4-3671
39510,1-4633
39511,2-1785
39512,3-8809
39513,7-8515
39514,7-2007
39515,1-2427
39516,8-6913
39517,4-5945
39518,5-8621
39519,6-4059
39520,1-9082
39521,1-2426
39522,1-4289
39523,1-8391
39524,2-0823
39525,1-4251
39526,8-2554
39527,8-2631
39528,5-1281
39529,5-2166
39530,7-7810
39531,4-2286
39532,1-3217
39533,1-2583
39534,2-1829
39535,1-9129
39536,1-4705
39537,6-0568
39538,8-7419
39539,6-5141
39540,2-7584
39541,2-1302
39542,8-3211
39543,6-5657
39544,6-1413
39545,4-5809
39546,1-8304
39547,3-3335
39548,8-7253
39549,1-5390
39550,4-6174
39551,8-1448
39552,7-0050
39553,2-3336
39554,4-5606
39555,1-3278
39556,7-1255
39557,6-6924
39558,7-8038
39559,7-0854
39560,5-9772
39561,7-1584
39562,2-0101
39563,8-2437
39564,5-4631
39565,2-0966
39566,4-4480
39567,4-9577
39568,2-6500
39569,8-7508
39570,6-2733
39571,1-2567
39572,3-9438
39573,3-2735
39574,2-3662
39575,4-4419
39576,3-0244
39577,7-3450
39578,6-9360
39579,6-8696
39580,4-4158
39581,7-4870
39582,3-9040
39583,6-0759
39584,1-8943
39585,2-4801
39586,4-3273
39587,2-8499
39588,3-3146
39589,3-5592
39590,7-5762
39591,3-6635
39592,6-4803
39593,1-1966
39594,5-5049
39595,3-1951
39596,1-9733
39597,6-4554
39598,5-8193
39599,4-5909
39600,8-5158
39601,1-3941
39602,5-9854
39603,4-6672
39604,4-8718
39605,5-5529
39606,6-3899
39607,1-2544
39608,3-5290
39609,2-4447
39610,7-2620
39611,5-6181
39612,7-2102
39613,1-3596
39614,8-6563
39615,7-3139
39616,3-3683
39617,4-6911
39618,3-2181
39619,5-8272
39620,5-5714
39621,8-7879
39622,4-8500
39623,3-1707
39624,2-9798
39625,8-4967
39626,8-9352
39627,1-4280
39628,4-6574
39629,4-7322
39630,3-0842
39631,6-2780
39632,1-1752
39633,3-3606
39634,3-6943
39635,4-0686
39636,2-7157
39637,6-9547
39638,8-7940
39639,8-3024
39640,2-7951
39641,5-1692
39642,4-1189
39643,4-4611
39644,8-0920
39645,2-4423
39646,6-0804
39647,3-8453
39648,8-3526
39649,7-8857
39650,7-7795
39651,6-8483
39652,6-6780
39653,8-4860
39654,8-8885
39655,3-9825
39656,3-1923
39657,1-1695
39658,8-0843
39659,2-3793
39660,6-6105
39661,1-8019
39662,8-0449
39663,8-8539
39664,2-3334
39665,6-2838
39666,3-8514
39667,7-4324
39668,4-7595
39669,5-0912
39670,8-7655
39671,6-0237
39672,1-9339
39673,3-6118
39674,5-1617
39675,3-5211
39676,5-1931
39677,4-3460
39678,8-7019
39679,1-5539
39680,1-9535
39681,2-0857
39682,1-8747
39683,2-3372
39684,5-8688
39685,7-0789
39686,1-7961
39687,5-9553
39688,2-4165
39689,7-2330
39690,4-1746
39691,8-2661
39692,2-0032
39693,5-4860
39694,5-5336
39695,6-7915
39696,4-3542
39697,3-3249
39698,7-7673
39699,7-1821
39700,1-4146
39701,6-5486
39702,5-8331
39703,3-7511
39704,6-0396
39705,7-6987
39706,3-4754
39707,6-0699
39708,7-6419
39709,8-4346
39710,6-9680
39711,4-2647
39712,2-1081
39713,1-5438
39714,3-7604
39715,7-6120
39716,7-8393
39717,8-8521
39718,3-9474
39719,2-8372
39720,5-0294
39721,3-2853
39722,8-3005
39723,8-9707
39724,4-3869
39725,5-6390
39726,7-8964
39727,7-6050
39728,8-8850
39729,1-0258
39730,7-0763
39731,8-3316
39732,5-6213
39733,4-4775
39734,4-9668
39735,8-9357
39736,7-3611
39737,4-0644
39738,8-8745
39739,7-4243
39740,8-9617
39741,1-3916
39742,8-7017
39743,7-5578
39744,6-8203
39745,2-3403
39746,5-2671
39747,1-9342
39748,1-1738
39749,7-2979
39750,5-9816
39751,1-3014
39752,1-5041
39753,4-6408
39754,5-2345
39755,8-6373
39756,4-4967
39757,2-1330
39758,6-9684
39759,4-6033
39760,1-8128
39761,1-7517
39762,3-4559
39763,7-9160
39764,6-6822
39765,7-1180
39766,1-0650
39767,5-8841
39768,5-8880
39769,7-9366
39770,3-8604
39771,7-8312
39772,7-3669
39773,6-2349
39774,8-0199
39775,6-6377
39776,2-9807
39777,6-1738
39778,6-2773
39779,7-1375
39780,6-4820
39781,5-0488
39782,2-6378
39783,5-0666
39784,4-9469
39785,7-4906
39786,1-1458
39787,5-5400
39788,2-9006
39789,5-0818
39790,3-5665
39791,4-4242
39792,3-4993
39793,7-0168
39794,2-4616
39795,6-3635
39796,8-7302
39797,8-9496
39798,8-9633
39799,3-1419
39800,2-3497
39801,1-7212
39802,3-8385
39803,2-6652
39804,5-7203
39805,4-2222
39806,1-4051
39807,2-6561
39808,7-9213
39809,8-1932
39810,5-1549
39811,4-8087
39812,7-0702
39813,4-8577
39814,4-4258
39815,6-0943
39816,7-4224
39817,7-2921
39818,7-2810
39819,3-0485
39820,6-1376
39821,2-9151
39822,7-1185
39823,6-5730
39824,3-2677
39825,7-1054
39826,1-7744
39827,3-2782
39828,5-9470
39829,2-0755
39830,1-0666
39831,6-7650
39832,2-8605
39833,7-4876
39834,1-7800
39835,5-5453
39836,6-3666
39837,3-6830
39838,7-2068
39839,5-3344
39840,5-1495
39841,6-7388
39842,7-5544
39843,8-9285
39844,8-8174
39845,2-5395
39846,2-0513
39847,2-6557
39848,5-7035
39849,3-9655
39850,8-7652
39851,8-2043
39852,6-5908
39853,1-7215
39854,3-2078
39855,4-9323
39856,8-7727
39857,5-7529
39858,8-3486
39859,5-1324
39860,7-3801
39861,2-3440
39862,6-1118
39863,7-5855
39864,1-9718
39865,3-5338
39866,3-8822
39867,2-6860
39868,6-5493
39869,8-4957
39870,3-6608
39871,8-4112
39872,5-7798
39873,3-2662
39874,7-0544
39875,5-2700
39876,8-2465
39877,8-0471
39878,2-8517
39879,1-1781
39880,4-5872
39881,7-4867
39882,8-7159
39883,3-5439
39884,7-4114
39885,1-0062
39886,8-7908
39887,2-5418
39888,1-9607
39889,6-3637
39890,1-0326
39891,3-9744
39892,6-2853
39893,1-7626
39894,1-9140
39895,6-9953
39896,5-3076
39897,3-1808
39898,1-9299
39899,7-9223
39900,6-2108
39901,2-3778
39902,2-7578
39903,1-9340
39904,4-8995
39905,1-7446
39906,5-0028
39907,2-6156
39908,1-8109
39909,7-9573
39910,8-1569
39911,1-7633
39912,2-4524
39913,6-3865
39914,4-3740
39915,3-6983
39916,8-4780
39917,1-6339
39918,5-9376
39919,2-2778
39920,4-0967
39921,8-8618
39922,4-2289
39923,6-8775
39924,2-8077
39925,4-4567
39926,8-6099
39927,8-7820
39928,4-3237
39929,1-5683
39930,4-3518
39931,7-0553
39932,5-3872
39933,2-4592
39934,1-0947
39935,7-9345
39936,7-0566
39937,7-3861
39938,4-6751
39939,6-8420
39940,5-3011
39941,3-2353
39942,4-1314
39943,8-9904
39944,1-4630
39945,2-8995
39946,2-2730
39947,3-1126
39948,2-9507
39949,7-9728
39950,6-7706
39951,6-4653
39952,5-8336
39953,7-0557
39954,2-2638
39955,6-9354
39956,5-0731
39957,3-5482
39958,5-9713
39959,6-3237
39960,3-0868
39961,5-4249
39962,6-2629
39963,7-2326
39964,4-5620
39965,1-0684
39966,6-0932
39967,3-6396
39968,8-7523
39969,8-1388
39970,6-1207
39971,2-8503
39972,1-0287
39973,1-7588
39974,4-4953
39975,5-2874
39976,4-4333
39977,2-9124
39978,2-3615
39979,3-3363
39980,8-6460
39981,2-6549
39982,4-4083
39983,5-8276
39984,7-5411
39985,7-9544
39986,1-9777
39987,7-5954
39988,7-1672
39989,3-1413
39990,4-0366
39991,8-9602
39992,1-2792
39993,3-1296
39994,5-7004
39995,2-4189
39996,6-9212
39997,7-6550
39998,5-9178
39999,5-0256
40000,4-0712
40001,4-9244
40002,2-4000
40003,4-6492
40004,4-2812
40005,2-2599
40006,8-3547
40007,1-7647
40008,4-7935
40009,4-3890
40010,7-2067
40011,3-3334
40012,3-9300
40013,8-9093
40014,3-5805
40015,7-9681
40016,6-8880
40017,1-7126
40018,5-9790
40019,4-5746
40020,4-1628
40021,5-1340
40022,4-6423
40023,1-6846
40024,4-2696
40025,1-4343
40026,7-6344
40027,4-1242
40028,1-1714
40029,2-2541
40030,3-3116
40031,3-5226
40032,3-1652
40033,7-3667
40034,4-6558
40035,7-0637
40036,8-7207
40037,1-7764
40038,8-9058
40039,8-0004
40040,4-1279
40041,3-8048
40042,2-6330
40043,3-7399
40044,1-4687
40045,5-6825
40046,6-4493
40047,8-9290
40048,2-5012
40049,4-2404
40050,8-1698
40051,6-5680
40052,5-9832
40053,6-8457
40054,8-3916
40055,8-3769
40056,4-3073
40057,8-9473
40058,5-4679
40059,3-7126
40060,6-3888
40061,3-3293
40062,4-7700
40063,2-5956
40064,5-4436
40065,1-5054
40066,6-0663
40067,8-8184
40068,4-7644
40069,1-6806
40070,8-0173
40071,8-0576
40072,6-1943
40073,2-8285
40074,1-2149
40075,1-1079
40076,1-7803
40077,5-1478
40078,8-7161
40079,1-1973
40080,2-5366
40081,4-9273
40082,7-7937
40083,4-5625
40084,2-4656
40085,4-6020
40086,7-1838
40087,4-4065
40088,4-6345
40089,1-2800
40090,3-6657
40091,7-4077
40092,8-8200
40093,1-8824
40094,3-3994
40095,8-0781
40096,7-3928
40097,3-8350
40098,5-4603
40099,3-0740
40100,4-0947
40101,7-5667
40102,3-1094
40103,2-2301
40104,3-5149
40105,1-3370
40106,1-1366
40107,7-4051
40108,8-0753
40109,6-6942
40110,6-6540
40111,3-5192
40112,5-2123
40113,2-7829
40114,6-6876
40115,5-9812
40116,2-2494
40117,3-0784
40118,6-0979
40119,7-2415
40120,6-4187
40121,8-1172
40122,5-9715
40123,4-5972
40124,3-2377
40125,7-4642
40126,2-4501
40127,8-7077
40128,6-1097
40129,7-6582
40130,8-2539
40131,1-8238
40132,8-2754
40133,7-1357
40134,4-2133
40135,7-4366
40136,6-8005
40137,3-3124
40138,1-0999
40139,1-2691
40140,8-6807
40141,4-8657
40142,2-0743
40143,6-1355
40144,6-3127
40145,1-6398
40146,7-9353
40147,4-6400
40148,1-7617
40149,7-1818
40150,6-3162
40151,1-5468
40152,6-6337
40153,1-5603
40154,2-8690
40155,6-6730
40156,6-7127
40157,4-8324
40158,8-3501
40159,1-0961
40160,8-4534
40161,3-8137
40162,4-1174
40163,6-7234
40164,6-5750
40165,1-5369
40166,2-0306
40167,1-2312
40168,7-2043
40169,8-5974
40170,5-3563
40171,6-9194
40172,3-8343
40173,4-0006
40174,4-8272
40175,1-9297
40176,6-2893
40177,7-3763
40178,6-9326
40179,3-7060
40180,6-7260
40181,3-3344
40182,3-7736
40183,6-2748
40184,1-7698
40185,4-2191
40186,1-5444
40187,6-0191
40188,7-6302
40189,3-1539
40190,3-8773
40191,6-6255
40192,1-5721
40193,3-2323
40194,1-1730
40195,7-1789
40196,8-1872
40197,1-7457
40198,5-2930
40199,8-9909
40200,2-0887
40201,5-9779
40202,3-1642
40203,6-2379
40204,7-8137
40205,1-2688
40206,1-9569
40207,4-5983
40208,1-0412
40209,2-6916
40210,6-9790
40211,4-5226
40212,4-3458
40213,2-1817
40214,6-5055
40215,6-2187
40216,6-8782
40217,5-9646
40218,4-3072
40219,4-0914
40220,6-8231
40221,1-8137
40222,6-9625
40223,3-4415
40224,1-9947
40225,2-9128
40226,3-5357
40227,1-5649
40228,4-0815
40229,6-8524
40230,6-3987
40231,4-7967
40232,3-2569
40233,8-4666
40234,6-8799
40235,4-0104
40236,5-9656
40237,6-8341
40238,8-4085
40239,5-8862
40240,8-3241
40241,8-9340
40242,2-2999
40243,5-7883
40244,6-6281
40245,4-7032
40246,6-3603
40247,4-6499
40248,1-6029
40249,7-9147
40250,5-4706
40251,6-9190
40252,6-7594
40253,2-3391
40254,6-6063
40255,2-9367
40256,4-4760
40257,7-0994
40258,1-4620
40259,7-8279
40260,4-7548
40261,2-5152
40262,4-2503
40263,3-6067
40264,2-3211
40265,7-1388
40266,3-4612
40267,6-6563
40268,3-0408
40269,8-6668
40270,5-1698
40271,6-8841
40272,1-7798
40273,5-8724
40274,1-4462
40275,1-2568
40276,7-9379
40277,8-0515
40278,2-4161
40279,7-7322
40280,8-6298
40281,6-2180
40282,6-2048
40283,7-6028
40284,2-4159
40285,2-7541
40286,6-4893
40287,3-7137
40288,2-1182
40289,6-6859
40290,6-6492
40291,8-1832
40292,5-9060
40293,6-7022
40294,3-2744
40295,8-6449
40296,6-3523
40297,3-2234
40298,8-3169
40299,1-5142
40300,6-7698
40301,2-4343
40302,6-0458
40303,8-4521
40304,3-8702
40305,4-4275
40306,6-9834
40307,1-5122
40308,3-3410
40309,8-1099
40310,8-1773
40311,5-5019
40312,3-5229
40313,7-0513
40314,7-7929
40315,2-2838
40316,7-3336
40317,2-8125
40318,6-9138
40319,1-6587
40320,4-9346
40321,1-2723
40322,3-8785
40323,8-9543
40324,1-8655
40325,8-0935
40326,8-6847
40327,7-2151
40328,5-5871
40329,5-9969
40330,2-9423
40331,4-1864
40332,5-1710
40333,5-0341
40334,3-1096
40335,5-4125
40336,5-1378
40337,4-1551
40338,2-3521
40339,4-1773
40340,6-5688
40341,4-8336
40342,1-7184
40343,3-4503
40344,1-9768
40345,8-2197
40346,6-3837
40347,2-2027
40348,5-8662
40349,4-6563
40350,1-5306
40351,3-7944
40352,2-2399
40353,5-5594
40354,8-9821
40355,1-0832
40356,7-8382
40357,4-7065
40358,1-7059
40359,2-3001
40360,2-2140
40361,1-0001
40362,7-9036
40363,6-4125
40364,5-2793
40365,6-5999
40366,1-5189
40367,3-6258
40368,3-2555
40369,5-9163
40370,6-3584
40371,2-2547
40372,3-1942
40373,7-9437
40374,7-9803
40375,8-6118
40376,1-0276
40377,7-2616
40378,3-4069
40379,3-6239
40380,4-7295
40381,3-3602
40382,5-4828
40383,2-5098
40384,7-2431
40385,7-1253
40386,5-5417
40387,8-7724
40388,2-9876
40389,7-0283
40390,3-5123
40391,2-4670
40392,7-8634
40393,6-2686
40394,7-1883
40395,3-8337
40396,5-3802
40397,7-4729
40398,2-0700
40399,8-2879
40400,3-2765
40401,7-4169
40402,4-3317
40403,8-1808
40404,4-6452
40405,3-0585
40406,3-2929
40407,6-0852
40408,1-1091
40409,7-6577
40410,6-6966
40411,2-0800
40412,7-1236
40413,2-1270
40414,3-0039
40415,8-8342
40416,4-1903
40417,2-2275
40418,3-2938
40419,4-5768
40420,8-9862
40421,5-5232
40422,7-5042
40423,3-8485
40424,2-2254
40425,4-9878
40426,5-0826
40427,4-1160
40428,3-6930
40429,4-3846
40430,8-9185
40431,7-9151
40432,6-2249
40433,1-0881
40434,5-6966
40435,3-6071
40436,3-8990
40437,7-4094
40438,5-8674
40439,5-9318
40440,4-2567
40441,2-3457
40442,7-1201
40443,6-0954
40444,6-3171
40445,5-1353
40446,5-5700
40447,6-6315
40448,3-5535
40449,4-4506
40450,5-0801
40451,7-2456
40452,3-0338
40453,6-3960
40454,4-7042
40455,8-9709
40456,1-1963
40457,3-2672
40458,5-0523
40459,1-0758
40460,8-1337
40461,7-2273
40462,4-1446
40463,2-9842
40464,4-1507
40465,1-8874
40466,7-2878
40467,5-2969
40468,1-1253
40469,5-2164
40470,5-7377
40471,1-3456
40472,2-1811
40473,2-0876
40474,8-8388
40475,7-2555
40476,5-2209
40477,8-6120
40478,4-7997
40479,7-4164
40480,6-3827
40481,5-6312
40482,8-1660
40483,2-5195
40484,2-3322
40485,6-8209
40486,8-5259
40487,4-8553
40488,6-1265
40489,4-6634
40490,7-2918
40491,2-3861
40492,4-0138
40493,6-1530
40494,1-1234
40495,3-2802
40496,6-1177
40497,7-1755
40498,5-0920
40499,5-4778
40500,3-9054
40501,7-0877
40502,5-6497
40503,8-8569
40504,4-8154
40505,3-8243
40506,5-0412
40507,3-6096
40508,2-7571
40509,7-7085
40510,2-0998
40511,4-8328
40512,4-6410
40513,6-0087
40514,5-1786
40515,7-4765
40516,8-4319
40517,3-1518
40518,1-1339
40519,1-4572
40520,2-7909
40521,4-7945
40522,6-4127
40523,2-8939
40524,3-2947
40525,2-2324
40526,7-5039
40527,1-5757
40528,3-0374
40529,7-4682
40530,7-7791
40531,1-3157
40532,1-1641
40533,4-3655
40534,5-3120
40535,6-2147
40536,6-3219
40537,7-6909
40538,7-5100
40539,2-4604
40540,5-8097
40541,6-8339
40542,5-0708
40543,3-4195
40544,2-1360
40545,4-9640
40546,2-7803
40547,8-8716
40548,4-0094
40549,6-7745
40550,2-0078
40551,6-6129
40552,4-0076
40553,4-2460
40554,5-7685
40555,5-5408
40556,8-7693
40557,1-4363
40558,8-3897
40559,6-3677
40560,4-2524
40561,3-9095
40562,5-7957
40563,7-5424
40564,4-6228
40565,8-2130
40566,4-3888
40567,3-9658
40568,8-3089
40569,3-8266
40570,3-5550
40571,4-1883
40572,6-2997
40573,8-9345
40574,2-7151
40575,7-6862
40576,6-6697
40577,5-5559
40578,3-9904
40579,6-2930
40580,7-2580
40581,2-3150
40582,5-8330
40583,6-1729
40584,5-6866
40585,3-9278
40586,6-8152
40587,6-9045
40588,7-1729
40589,1-2587
40590,8-6329
40591,5-7333
40592,2-6089
40593,7-6218
40594,3-7803
40595,4-0332
40596,1-7565
40597,7-3248
40598,5-6921
40599,5-3963
40600,6-6926
40601,6-4630
40602,4-6971
40603,8-8813
40604,4-6042
40605,4-6756
40606,3-5331
40607,1-9134
40608,4-5474
40609,1-2276
40610,5-5656
40611,3-2366
40612,6-5827
40613,5-4928
40614,2-8821
40615,6-8911
40616,3-1696
40617,4-5316
40618,6-8932
40619,3-0085
40620,7-5729
40621,1-0720
40622,2-5718
40623,2-0187
40624,2-2898
40625,2-6154
40626,6-9017
40627,3-9638
40628,3-6494
40629,1-5994
40630,3-2669
40631,2-3009
40632,5-8010
40633,3-8715
40634,6-7718
40635,3-1417
40636,4-9354
40637,4-5520
40638,7-1914
40639,7-3267
40640,6-4605
40641,3-8617
40642,8-9263
40643,6-5363
40644,3-7269
40645,4-2728
40646,6-7571
40647,3-8231
40648,3-3586
40649,6-9372
40650,1-4390
40651,4-2339
40652,6-8509
40653,7-5990
40654,2-1256
40655,7-8331
40656,2-4352
40657,6-0738
40658,5-9088
40659,2-2283
40660,6-7629
40661,6-2034
40662,7-5396
40663,1-0138
40664,8-8591
40665,1-4686
40666,2-5140
40667,8-5422
40668,4-6884
40669,8-0273
40670,8-6797
40671,6-6480
40672,4-7752
40673,2-0294
40674,7-2829
40675,1-4584
40676,6-7015
40677,3-3681
40678,5-8039
40679,8-2186
40680,5-2712
40681,5-6076
40682,1-5399
40683,1-0845
40684,3-8490
40685,3-0977
40686,6-8993
40687,3-5591
40688,2-9208
40689,3-3722
40690,1-1020
40691,4-9738
40692,2-8524
40693,7-3502
40694,3-7096
40695,2-6085
40696,6-5496
40697,3-4361
40698,5-4577
40699,6-1445
40700,3-6936
40701,8-9868
40702,6-3112
40703,8-7452
40704,8-2632
40705,5-7999
40706,5-9881
40707,3-2014
40708,4-1419
40709,4-0059
40710,2-7720
40711,1-7341
40712,7-3661
40713,5-4990
40714,8-7476
40715,7-5401
40716,5-5509
40717,7-2225
40718,6-7160
40719,7-4436
40720,3-3642
40721,5-1768
40722,4-8631
40723,4-0218
40724,7-9517
40725,2-4962
40726,1-8821
40727,1-8208
40728,3-6039
40729,3-4401
40730,2-3505
40731,5-3899
40732,1-0489
40733,1-8416
40734,5-9804
40735,3-5976
40736,1-5395
40737,4-3236
40738,7-2630
40739,4-6504
40740,4-8001
40741,5-4974
40742,2-3746
40743,8-3555
40744,6-2520
40745,4-7874
40746,4-3855
40747,7-4874
40748,8-0779
40749,7-6437
40750,4-1664
40751,6-6113
40752,1-2698
40753,3-2709
40754,8-4673
40755,7-2925
40756,1-0972
40757,1-6035
40758,4-0364
40759,4-7941
40760,6-4019
40761,4-1478
40762,3-8452
40763,4-3940
40764,2-9039
40765,7-9868
40766,2-7369
40767,1-7405
40768,1-8072
40769,2-8506
40770,1-3107
40771,2-1984
40772,1-9712
40773,7-4730
40774,5-2980
40775,4-5976
40776,6-8473
40777,4-1104
40778,4-9837
40779,4-4851
40780,2-0331
40781,8-2292
40782,6-3873
40783,8-9984
40784,2-2666
40785,3-6664
40786,5-3574
40787,4-1863
40788,1-0007
40789,3-5901
40790,3-5673
40791,5-6323
40792,2-2970
40793,3-9388
40794,1-8720
40795,5-4022
40796,1-4423
40797,3-9911
40798,3-1534
40799,7-5842
40800,1-1886
40801,6-2810
40802,7-3860
40803,1-1013
40804,4-9635
40805,7-6060
40806,4-9284
40807,7-7220
40808,4-9400
40809,6-7562
40810,1-2023
40811,7-0662
40812,7-7137
40813,3-4802
40814,6-0186
40815,4-1086
40816,3-8072
40817,5-1060
40818,2-6308
40819,6-8488
40820,1-7424
40821,3-8978
40822,3-0503
40823,4-2506
40824,3-8239
40825,4-7079
40826,8-9895
40827,2-2166
40828,2-4541
40829,4-6759
40830,8-6600
40831,3-8655
40832,3-2317
40833,3-3788
40834,3-4880
40835,4-5659
40836,6-9156
40837,1-5500
40838,1-0032
40839,2-5132
40840,2-9661
40841,4-1673
40842,2-2281
40843,8-3082
40844,4-5080
40845,3-4595
40846,1-9011
40847,3-8460
40848,4-5166
40849,4-7275
40850,7-0205
40851,7-4112
40852,3-5553
40853,4-1229
40854,6-4391
40855,8-3300
40856,7-5072
40857,7-7686
40858,1-5336
40859,3-7978
40860,4-1657
40861,6-9425
40862,4-2257
40863,6-5802
40864,1-9983
40865,3-9821
40866,6-1492
40867,3-2893
40868,8-7257
40869,4-2729
40870,7-8079
40871,8-3518
40872,7-5187
40873,7-1161
40874,1-4648
40875,7-0094
40876,2-8534
40877,5-8774
40878,3-2889
40879,7-5608
40880,3-6585
40881,5-4538
40882,7-4519
40883,1-9521
40884,6-6166
40885,7-2512
40886,5-1945
40887,6-2220
40888,4-0696
40889,7-5044
40890,8-7103
40891,2-8045
40892,6-3425
40893,2-4579
40894,4-6536
40895,7-1973
40896,1-3796
40897,8-5951
40898,1-7667
40899,2-4553
40900,1-5839
40901,1-8032
40902,2-7372
40903,7-5128
40904,8-7358
40905,8-1595
40906,6-5209
40907,4-1463
40908,5-6128
40909,8-3850
40910,5-9139
40911,8-2951
40912,8-1194
40913,8-3667
40914,4-2312
40915,4-4225
40916,5-4109
40917,4-9986
40918,2-5307
40919,3-3126
40920,4-4730
40921,4-4163
40922,6-4779
40923,4-3559
40924,8-2830
40925,1-2162
40926,8-4891
40927,6-0388
40928,1-4911
40929,5-6114
40930,7-9442
40931,7-9534
40932,7-0495
40933,5-2200
40934,5-6257
40935,8-9463
40936,2-0767
40937,7-7864
40938,8-9736
40939,2-8982
40940,4-9315
40941,6-8202
40942,6-1273
40943,6-7439
40944,2-7875
40945,8-2670
40946,3-7277
40947,7-6806
40948,2-5191
40949,8-4719
40950,7-6758
40951,4-1469
40952,4-6448
40953,1-9193
40954,3-5509
40955,4-8794
40956,2-6962
40957,4-7770
40958,3-6305
40959,5-6110
40960,1-3491
40961,4-8325
40962,5-7112
40963,5-6239
40964,3-3157
40965,3-3032
40966,7-6569
40967,5-0397
40968,7-7268
40969,5-0089
40970,7-3103
40971,3-6295
40972,1-6374
40973,7-8410
40974,3-7179
40975,3-8585
40976,5-6045
40977,7-1588
40978,3-1189
40979,3-5017
40980,7-4817
40981,1-8314
40982,3-0849
40983,1-6257
40984,8-4942
40985,1-4506
40986,2-2837
40987,2-1225
40988,7-4480
40989,2-6893
40990,4-6384
40991,1-3193
40992,8-1692
40993,2-8691
40994,3-0247
40995,3-7574
40996,7-3291
40997,3-4806
40998,6-5600
40999,4-3043
41000,1-2605
41001,3-4299
41002,7-8496
41003,3-7451
41004,8-2208
41005,6-5719
41006,8-7793
41007,4-0810
41008,7-6886
41009,6-1288
41010,7-9086
41011,3-9190
41012,7-4218
41013,7-0412
41014,5-9255
41015,1-3020
41016,1-1508
41017,3-6208
41018,6-1924
41019,6-0111
41020,6-7418
41021,8-7963
41022,8-1934
41023,4-0013
41024,5-8960
41025,6-2460
41026,5-1810
41027,1-3422
41028,6-3587
41029,3-4766
41030,2-9616
41031,1-0018
41032,3-9058
41033,3-9582
41034,6-3156
41035,8-2151
41036,5-1220
41037,1-2541
41038,7-5133
41039,5-3531
41040,5-8315
41041,4-6362
41042,2-2672
41043,2-8311
41044,4-2284
41045,2-1747
41046,2-2460
41047,8-8774
41048,2-4610
41049,7-7349
41050,8-9746
41051,3-6806
41052,7-0721
41053,8-3256
41054,8-0142
41055,8-9062
41056,5-8087
41057,4-4653
41058,7-3440
41059,5-5711
41060,8-4051
41061,1-1894
41062,4-1191
41063,1-5074
41064,5-7137
41065,3-4551
41066,6-9392
41067,3-2700
41068,1-1119
41069,1-6068
41070,3-1745
41071,7-1802
41072,4-4317
41073,1-0768
41074,1-0702
41075,8-5607
41076,6-1675
41077,1-8603
41078,3-2194
41079,3-0547
41080,2-9694
41081,8-2777
41082,5-6480
41083,1-9922
41084,6-7018
41085,8-9085
41086,1-1340
41087,4-1497
41088,2-2871
41089,6-6258
41090,6-7652
41091,3-2483
41092,5-5154
41093,6-8822
41094,4-8844
41095,6-9384
41096,1-0659
41097,5-1494
41098,5-3320
41099,6-0027
41100,7-8570
41101,4-7516
41102,2-7793
41103,7-3222
41104,1-5379
41105,4-4666
41106,3-7781
41107,6-0228
41108,2-0661
41109,7-1494
41110,5-4855
41111,2-1021
41112,1-4916
41113,5-7433
41114,6-7518
41115,8-6363
41116,6-7075
41117,5-4674
41118,2-9132
41119,3-5573
41120,5-1980
41121,2-8758
41122,7-8514
41123,4-4185
41124,8-7369
41125,4-5007
41126,7-8873
41127,3-0718
41128,8-8097
41129,4-9916
41130,7-6829
41131,4-0879
41132,4-3661
41133,1-5636
41134,6-0543
41135,4-4295
41136,5-5814
41137,8-2515
41138,2-8824
41139,6-5801
41140,4-9353
41141,8-3340
41142,1-3189
41143,3-2493
41144,5-9158
41145,2-2416
41146,5-1370
41147,2-6646
41148,3-5994
41149,4-0519
41150,6-5943
41151,2-0410
41152,3-2976
41153,6-1623
41154,7-7388
41155,4-3421
41156,5-5906
41157,8-0014
41158,4-7137
41159,5-0743
41160,4-9980
41161,1-2981
41162,7-2765
41163,4-6626
41164,7-4623
41165,3-8403
41166,6-1074
41167,7-1843
41168,4-7012
41169,7-5942
41170,5-9341
41171,4-2832
41172,7-0112
41173,2-7229
41174,1-3129
41175,3-7902
41176,3-2626
41177,4-6875
41178,3-2603
41179,3-5321
41180,4-4968
41181,4-7121
41182,1-3428
41183,6-4915
41184,6-6135
41185,6-9340
41186,4-9899
41187,2-6287
41188,6-8798
41189,2-3525
41190,8-7286
41191,8-2407
41192,7-9462
41193,5-3757
41194,1-9258
41195,3-4215
41196,3-8622
41197,3-7640
41198,3-4042
41199,3-2545
41200,5-2010
41201,4-6100
41202,8-4798
41203,1-4269
41204,6-3713
41205,7-9740
41206,1-6060
41207,5-9754
41208,6-4870
41209,4-2921
41210,6-8295
41211,6-7442
41212,2-7845
41213,4-6618
41214,8-1955
41215,8-0128
41216,1-6161
41217,7-3060
41218,2-9414
41219,7-7796
41220,1-0640
41221,4-0706
41222,3-6922
41223,5-8435
41224,5-2330
41225,1-6394
41226,4-8974
41227,4-6118
41228,2-1240
41229,8-3358
41230,3-6834
41231,8-3071
41232,1-5246
41233,6-5217
41234,8-2821
41235,2-5726
41236,7-2169
41237,1-2397
41238,6-5353
41239,7-8260
41240,8-7555
41241,5-4999
41242,3-7636
41243,6-1511
41244,7-6035
41245,8-6487
41246,2-0460
41247,8-7056
41248,2-1443
41249,1-9461
41250,1-9341
41251,2-0785
41252,8-4566
41253,4-1879
41254,3-1662
41255,8-8023
41256,1-0145
41257,5-2566
41258,2-7325
41259,8-9541
41260,1-5509
41261,7-2857
41262,1-5858
41263,1-8649
41264,5-5775
41265,1-1075
41266,6-2768
41267,7-8969
41268,4-0581
41269,7-0803
41270,6-2674
41271,1-0696
41272,4-2253
41273,6-1975
41274,1-4496
41275,6-2362
41276,1-3589
41277,8-9558
41278,5-7169
41279,7-9668
41280,4-8522
41281,7-6860
41282,7-8210
41283,7-8278
41284,8-1383
41285,4-2977
41286,7-0635
41287,3-4708
41288,2-4042
41289,4-1476
41290,6-3513
41291,8-2475
41292,6-3518
41293,5-6159
41294,5-1572
41295,7-1419
41296,7-5412
41297,2-9305
41298,6-0763
41299,8-2749
41300,2-2917
41301,6-6662
41302,3-2521
41303,6-5978
41304,4-8549
41305,6-4077
41306,6-7467
41307,7-5513
41308,8-2445
41309,8-4778
41310,3-7629
41311,4-8764
41312,1-2816
41313,6-4753
41314,4-5505
41315,7-8020
41316,7-8053
41317,6-7644
41318,7-8980
41319,2-0765
41320,1-0780
41321,4-9087
41322,4-8326
41323,5-4871
41324,1-9395
41325,3-9654
41326,3-0886
41327,4-8124
41328,2-6644
41329,4-4919
41330,2-3254
41331,7-0817
41332,5-8006
41333,5-9884
41334,8-9937
41335,4-1065
41336,3-8977
41337,4-2278
41338,2-7955
41339,6-0770
41340,3-6397
41341,4-5162
41342,3-4334
41343,7-4372
41344,7-5505
41345,2-4983
41346,3-5276
41347,1-1260
41348,4-4539
41349,8-2031
41350,5-6309
41351,2-8456
41352,7-9757
41353,7-9170
41354,7-0364
41355,8-9544
41356,1-7783
41357,7-1884
41358,4-6828
41359,6-2721
41360,6-9857
41361,1-7994
41362,1-7294
41363,4-2733
41364,7-6873
41365,3-3523
41366,3-6012
41367,5-0867
41368,6-6398
41369,1-7237
41370,5-6828
41371,8-5086
41372,2-8061
41373,1-9906
41374,5-3446
41375,1-7436
41376,3-6804
41377,4-8788
41378,7-5620
41379,7-9781
41380,6-7681
41381,6-7809
41382,6-4510
41383,3-1367
41384,4-4909
41385,6-1775
41386,7-5391
41387,4-1847
41388,4-6143
41389,2-8230
41390,4-4122
41391,3-2922
41392,6-4711
41393,3-0093
41394,2-9711
41395,3-7208
41396,5-2697
41397,3-2172
41398,3-5490
41399,7-3618
41400,5-3020
41401,5-4311
41402,6-3809
41403,7-8730
41404,6-6234
41405,4-7254
41406,3-6993
41407,4-5987
41408,7-5013
41409,4-6084
41410,7-4513
41411,8-5863
41412,1-6361
41413,1-9894
41414,8-7531
41415,7-4308
41416,1-0458
41417,2-2679
41418,6-2426
41419,5-2340
41420,7-0596
41421,1-2932
41422,1-5150
41423,8-0339
41424,5-0193
41425,8-7084
41426,7-0302
41427,6-5503
41428,8-4486
41429,3-9277
41430,3-9272
41431,5-3582
41432,1-4583
41433,1-7425
41434,3-1225
41435,7-4035
41436,8-7838
41437,2-1952
41438,5-0542
41439,7-5397
41440,7-1643
41441,7-4347
41442,4-6865
41443,7-5644
41444,3-3585
41445,3-8367
41446,2-8600
41447,1-1409
41448,2-8399
41449,6-0078
41450,1-2403
41451,3-7237
41452,2-2910
41453,1-8038
41454,7-3051
41455,1-6197
41456,2-0164
41457,7-8657
41458,5-0614
41459,8-5048
41460,2-8550
41461,6-6140
41462,8-4331
41463,1-3816
41464,6-0395
41465,1-1138
41466,8-7586
41467,4-8212
41468,3-6224
41469,8-3286
41470,7-8552
41471,1-7915
41472,5-0225
41473,6-4953
41474,5-6117
41475,1-0034
41476,8-7771
41477,4-7756
41478,7-6773
41479,4-5565
41480,1-3725
41481,5-7669
41482,5-6382
41483,4-7622
41484,3-3104
41485,4-5182
41486,7-3202
41487,7-1923
41488,5-5311
41489,5-7050
41490,2-6356
41491,1-1798
41492,1-8441
41493,5-8764
41494,1-7724
41495,1-3230
41496,3-6355
41497,8-9517
41498,4-8031
41499,2-0427
41500,8-2877
41501,3-7360
41502,8-0521
41503,8-1792
41504,2-9720
41505,7-0130
41506,4-4597
41507,4-1859
41508,1-6492
41509,8-7828
41510,2-4946
41511,7-3470
41512,8-7583
41513,2-2069
41514,4-4280
41515,2-5063
41516,1-0995
41517,2-8610
41518,2-1512
41519,8-7722
41520,7-2631
41521,6-3749
41522,5-6182
41523,3-4021
41524,8-1367
41525,2-7297
41526,7-8947
41527,2-8104
41528,2-7839
41529,6-6121
41530,5-4685
41531,7-2957
41532,2-0293
41533,4-3355
41534,1-3749
41535,3-7076
41536,5-2512
41537,2-2517
41538,3-7156
41539,8-8862
41540,2-0396
41541,7-3560
41542,5-6330
41543,7-0760
41544,1-8640
41545,5-7254
41546,2-0835
41547,5-6572
41548,8-7865
41549,4-3303
41550,6-1590
41551,3-7304
41552,1-5749
41553,8-3423
41554,3-7929
41555,1-2466
41556,2-8389
41557,3-7435
41558,3-1005
41559,6-4798
41560,7-6486
41561,6-2392
41562,5-7301
41563,2-8028
41564,6-1367
41565,6-8074
41566,5-1258
41567,5-5610
41568,7-4568
41569,6-2869
41570,1-9744
41571,2-1348
41572,4-5129
41573,5-9633
41574,1-7600
41575,1-7163
41576,6-1579
41577,5-3314
41578,7-6675
41579,8-1226
41580,8-9912
41581,7-3318
41582,3-7200
41583,5-1780
41584,3-2941
41585,1-6113
41586,1-7239
41587,4-2804
41588,3-2984
41589,1-5126
41590,2-0350
41591,5-9120
41592,5-7088
41593,6-1761
41594,5-6245
41595,4-4144
41596,8-9795
41597,2-3559
41598,7-2058
41599,5-9463
41600,3-5063
41601,1-5914
41602,6-4386
41603,5-1004
41604,2-5332
41605,1-1517
41606,3-1535
41607,6-5607
41608,4-8576
41609,2-1603
41610,8-6115
41611,1-8543
41612,2-9235
41613,1-7683
41614,3-1106
41615,1-1745
41616,3-4939
41617,4-9102
41618,6-7713
41619,3-3542
41620,4-1462
41621,8-7766
41622,8-3483
41623,5-8646
41624,8-8318
41625,7-0630
41626,1-6652
41627,8-7301
41628,3-6901
41629,5-8718
41630,7-5287
41631,5-9272
41632,5-4219
41633,7-4301
41634,3-6062
41635,3-3871
41636,8-4163
41637,4-3870
41638,8-2854
41639,6-5571
41640,3-7644
41641,8-2760
41642,4-8226
41643,4-5819
41644,8-7916
41645,3-0082
41646,3-5024
41647,4-5049
41648,6-1570
41649,6-5953
41650,5-7409
41651,7-8527
41652,1-6202
41653,3-0342
41654,1-2321
41655,1-5352
41656,8-2889
41657,1-2523
41658,6-4261
41659,1-1433
41660,7-8071
41661,7-6714
41662,5-2458
41663,1-4766
41664,5-7849
41665,8-0157
41666,7-6929
41667,4-1691
41668,6-8282
41669,1-4926
41670,1-2980
41671,5-0435
41672,8-4362
41673,7-0810
41674,6-9792
41675,7-0515
41676,6-3053
41677,8-1814
41678,2-7206
41679,1-3808
41680,5-9310
41681,2-5755
41682,1-3779
41683,1-3784
41684,4-3669
41685,8-3750
41686,6-1441
41687,2-5608
41688,4-6778
41689,1-3870
41690,8-2592
41691,3-6201
41692,8-6704
41693,7-0556
41694,1-5117
41695,7-2924
41696,8-0415
41697,5-5800
41698,3-7250
41699,6-7776
41700,1-6054
41701,6-5669
41702,3-6352
41703,1-5201
41704,1-4672
41705,4-1013
41706,1-2801
41707,8-9901
41708,8-5766
41709,7-2854
41710,6-6048
41711,8-1156
41712,2-0090
41713,2-2862
41714,3-4443
41715,7-9430
41716,6-3096
41717,2-5334
41718,4-9737
41719,2-1736
41720,3-9982
41721,7-7334
41722,7-8362
41723,3-0370
41724,7-8821
41725,2-5081
41726,4-5195
41727,5-7683
41728,8-5949
41729,8-4366
41730,4-2779
41731,6-6931
41732,4-7849
41733,4-6392
41734,6-1565
41735,5-0554
41736,5-5322
41737,3-8543
41738,5-9690
41739,8-4185
41740,8-7169
41741,2-4061
41742,5-0599
41743,6-7088
41744,8-4658
41745,5-1965
41746,5-6638
41747,4-0350
41748,4-6611
41749,8-4090
41750,5-2126
41751,4-1491
41752,4-9500
41753,7-5577
41754,2-7434
41755,4-0487
41756,8-0373
41757,6-9102
41758,5-9315
41759,1-0834
41760,4-7795
41761,6-2875
41762,2-4627
41763,2-9244
41764,5-3126
41765,6-1951
41766,3-3113
41767,2-2754
41768,1-5044
41769,2-9901
41770,5-8070
41771,4-6917
41772,5-5113
41773,7-4345
41774,5-0088
41775,5-1623
41776,8-6368
41777,8-4236
41778,5-5319
41779,8-2800
41780,1-7646
41781,8-1695
41782,5-9671
41783,1-0830
41784,2-0943
41785,3-9797
41786,8-5279
41787,2-8870
41788,7-1651
41789,8-3249
41790,3-1063
41791,7-2035
41792,2-8143
41793,1-4081
41794,7-3506
41795,3-2270
41796,6-5387
41797,6-2363
41798,8-8469
41799,6-5047
41800,2-7777
41801,7-3053
41802,1-9893
41803,3-3191
41804,6-3699
41805,5-8002
41806,3-7333
41807,8-6819
41808,5-8696
41809,1-8860
41810,3-6801
41811,7-1586
41812,5-5566
41813,6-2133
41814,1-9203
41815,1-2962
41816,3-0385
41817,8-4561
41818,6-7166
41819,8-9953
41820,5-1844
41821,6-6412
41822,4-3524
41823,8-2982
41824,1-6456
41825,8-8399
41826,8-1550
41827,7-3327
41828,6-8857
41829,4-9049
41830,7-8573
41831,7-3584
41832,3-9832
41833,6-1655
41834,4-4657
41835,5-4570
41836,8-0499
41837,8-6090
41838,5-3584
41839,7-6405
41840,2-2470
41841,3-4211
41842,1-7112
41843,1-4626
41844,6-6847
41845,4-7367
41846,4-0945
41847,1-6517
41848,7-2561
41849,1-3891
41850,1-4819
41851,1-8753
41852,1-2302
41853,7-7680
41854,2-4310
41855,1-7460
41856,1-9513
41857,8-1318
41858,4-5748
41859,3-5061
41860,2-6545
41861,1-6499
41862,4-5814
41863,6-4264
41864,6-1925
41865,3-3232
41866,5-7167
41867,2-6723
41868,5-8588
41869,8-2795
41870,4-9616
41871,7-6642
41872,3-5157
41873,6-5570
41874,8-1632
41875,7-8365
41876,3-2705
41877,6-6703
41878,5-5815
41879,2-2561
41880,5-4131
41881,1-8806
41882,7-1989
41883,1-8826
41884,6-4827
41885,6-4675
41886,2-6138
41887,1-0348
41888,2-6432
41889,4-6903
41890,6-5917
41891,3-7700
41892,5-6879
41893,3-3282
41894,5-3776
41895,5-8094
41896,2-8837
41897,1-2140
41898,6-3477
41899,5-6180
41900,1-7463
41901,6-9918
41902,3-8768
41903,7-6360
41904,6-1751
41905,4-3066
41906,6-0293
41907,2-9619
41908,8-8659
41909,7-0861
41910,8-4651
41911,4-2710
41912,7-4160
41913,4-8518
41914,2-2397
41915,4-0922
41916,7-9604
41917,2-0515
41918,4-9311
41919,6-4206
41920,6-3342
41921,8-3429
41922,6-5584
41923,7-0372
41924,6-3305
41925,1-8880
41926,6-9849
41927,8-1701
41928,1-5070
41929,3-0160
41930,4-6784
41931,3-9843
41932,2-6619
41933,3-7854
41934,8-7370
41935,1-9577
41936,5-8914
41937,2-3895
41938,2-1427
41939,2-5310
41940,5-7536
41941,5-7205
41942,8-2727
41943,2-7750
41944,1-9797
41945,2-5543
41946,1-9117
41947,5-7967
41948,2-5498
41949,2-8204
41950,2-9091
41951,3-8275
41952,3-4354
41953,1-3199
41954,5-7252
41955,1-4402
41956,6-4144
41957,4-4829
41958,2-3439
41959,7-0122
41960,3-9193
41961,8-0026
41962,2-4745
41963,6-6360
41964,4-6376
41965,2-5231
41966,5-4733
41967,3-7396
41968,1-6861
41969,4-6886
41970,3-9700
41971,7-9783
41972,4-6741
41973,3-9027
41974,5-5246
41975,5-5102
41976,8-9765
41977,1-3730
41978,3-1479
41979,3-0149
41980,8-9205
41981,5-2093
41982,5-6917
41983,7-2757
41984,1-0215
41985,2-0516
41986,1-7765
41987,2-7899
41988,7-8653
41989,6-8910
41990,1-4674
41991,8-0833
41992,4-5504
41993,8-9940
41994,8-0403
41995,5-6292
41996,4-8410
41997,2-9863
41998,5-3000
41999,8-0498
42000,7-1003
42001,7-3733
42002,2-3750
42003,8-6821
42004,8-2792
42005,4-3028
42006,2-6844
42007,2-6283
42008,7-3526
42009,1-6839
42010,1-2795
42011,8-3384
42012,8-5849
42013,3-4881
42014,2-4269
42015,3-5322
42016,4-1338
42017,3-1801
42018,2-3773
42019,1-6532
42020,3-7416
42021,5-8466
42022,6-3244
42023,2-6389
42024,7-0867
42025,8-1549
42026,7-1508
42027,3-9593
42028,2-8228
42029,7-8431
42030,6-4347
42031,4-1034
42032,6-2182
42033,5-0881
42034,2-9004
42035,3-1730
42036,5-6603
42037,5-2230
42038,5-4813
42039,3-7490
42040,5-7578
42041,3-1373
42042,1-7912
42043,3-5339
42044,2-0097
42045,5-5580
42046,1-9035
42047,7-3348
42048,1-5083
42049,3-8038
42050,7-6465
42051,1-7313
42052,3-3851
42053,3-1170
42054,8-4364
42055,4-7513
42056,5-3142
42057,2-6727
42058,7-0156
42059,6-4448
42060,4-2805
42061,5-3922
42062,5-6188
42063,7-5086
42064,8-3506
42065,5-5053
42066,3-7648
42067,1-2772
42068,7-4189
42069,6-0982
42070,5-5471
42071,7-7628
42072,7-0833
42073,7-8776
42074,8-3417
42075,2-6396
42076,5-9356
42077,7-2128
42078,8-8979
42079,2-6100
42080,8-7067
42081,2-8177
42082,5-7310
42083,3-0572
42084,7-1027
42085,5-1011
42086,3-5240
42087,2-6589
42088,6-2172
42089,8-8638
42090,7-4629
42091,6-4850
42092,6-3338
42093,7-9775
42094,6-5741
42095,2-0330
42096,1-7114
42097,8-4606
42098,8-5271
42099,5-3036
42100,7-4110
42101,1-2562
42102,6-4767
42103,8-9435
42104,2-2704
42105,3-8464
42106,6-3458
42107,1-3667
42108,3-6502
42109,6-9227
42110,6-8229
42111,3-2064
42112,4-1116
42113,3-0702
42114,5-3889
42115,1-2759
42116,8-2714
42117,2-1257
42118,3-6007
42119,5-9005
42120,7-8942
42121,7-3775
42122,5-9697
42123,1-0150
42124,8-4179
42125,8-3735
42126,2-7523
42127,5-4318
42128,5-0474
42129,6-5960
42130,3-2355
42131,6-2332
42132,5-6928
42133,2-0533
42134,2-4004
42135,8-0239
42136,4-2859
42137,6-9376
42138,2-9033
42139,6-5522
42140,6-2794
42141,8-1377
42142,1-5873
42143,8-9509
42144,5-2957
42145,4-4788
42146,8-2289
42147,2-9364
42148,2-0337
42149,6-0187
42150,1-5316
42151,1-3550
42152,8-8737
42153,1-6178
42154,3-3030
42155,7-3717
42156,7-1854
42157,2-4809
42158,8-0379
42159,6-5171
42160,8-0318
42161,4-4554
42162,3-4312
42163,3-1416
42164,8-1477
42165,8-1644
42166,3-2182
42167,1-4118
42168,1-2212
42169,1-5856
42170,5-2762
42171,3-5112
42172,2-3834
42173,7-5405
42174,4-7822
42175,7-6483
42176,7-7415
42177,5-4333
42178,8-1941
42179,4-3268
42180,3-0768
42181,1-7198
42182,2-6910
42183,4-6017
42184,6-2084
42185,5-0679
42186,4-0352
42187,3-3944
42188,2-5230
42189,7-2615
42190,2-2086
42191,4-4709
42192,7-1289
42193,6-1419
42194,1-8326
42195,3-9493
42196,6-7734
42197,2-2965
42198,5-7327
42199,1-9172
42200,6-2925
42201,8-0893
42202,3-6430
42203,5-1433
42204,3-6951
42205,7-2731
42206,1-2812
42207,6-8015
42208,2-5566
42209,7-0741
42210,5-0951
42211,6-3409
42212,5-1487
42213,3-1180
42214,1-6816
42215,7-0070
42216,2-3956
42217,5-8962
42218,5-3466
42219,2-6597
42220,5-7161
42221,4-6089
42222,5-6498
42223,8-3008
42224,3-7242
42225,4-1379
42226,7-5343
42227,5-4735
42228,4-9419
42229,1-5760
42230,8-6712
42231,1-6028
42232,6-1984
42233,6-1119
42234,7-0164
42235,8-2287
42236,3-2812
42237,3-1259
42238,4-9178
42239,5-3432
42240,3-5261
42241,2-4364
42242,7-7194
42243,3-0347
42244,3-5427
42245,8-1590
42246,2-5894
42247,2-8013
42248,2-1359
42249,3-1191
42250,1-7067
42251,4-4806
42252,6-3794
42253,2-3442
42254,4-2219
42255,3-1021
42256,5-9596
42257,2-8635
42258,2-2313
42259,1-2167
42260,4-8257
42261,6-8589
42262,6-7599
42263,8-1391
42264,7-6625
42265,5-6663
42266,7-9089
42267,7-9128
42268,4-3383
42269,7-3871
42270,2-3565
42271,8-7510
42272,8-4571
42273,8-2840
42274,1-2815
42275,8-8391
42276,6-0347
42277,5-2640
42278,6-1493
42279,6-1804
42280,2-1394
42281,1-5307
42282,5-2332
42283,8-6409
42284,1-2300
42285,1-4741
42286,8-3336
42287,3-3951
42288,8-4899
42289,5-0212
42290,2-8398
42291,2-7507
42292,8-6842
42293,4-3156
42294,7-1153
42295,5-1472
42296,2-7288
42297,6-8085
42298,7-3169
42299,8-4699
42300,6-6381
42301,1-4062
42302,5-3204
42303,7-9279
42304,8-5789
42305,8-3570
42306,2-2553
42307,4-0691
42308,5-1111
42309,4-5065
42310,7-5022
42311,1-2068
42312,1-6738
42313,8-8123
42314,8-9970
42315,7-3190
42316,1-0497
42317,7-0144
42318,4-6096
42319,7-5065
42320,8-4213
42321,7-2119
42322,4-6207
42323,5-2873
42324,8-3582
42325,4-6340
42326,6-1471
42327,5-1080
42328,2-1966
42329,8-8132
42330,3-1262
42331,8-6742
42332,7-9689
42333,5-3434
42334,2-7538
42335,3-3307
42336,1-7690
42337,2-6815
42338,8-9915
42339,7-8334
42340,6-7641
42341,4-2995
42342,2-9330
42343,1-7940
42344,7-5863
42345,2-6408
42346,3-2890
42347,2-5225
42348,2-6430
42349,1-2247
42350,1-2830
42351,8-9596
42352,1-3909
42353,4-4454
42354,6-7089
42355,7-9492
42356,1-7971
42357,5-0507
42358,2-9799
42359,1-4291
42360,4-5034
42361,8-9476
42362,3-3609
42363,7-3886
42364,5-5907
42365,2-4548
42366,4-4621
42367,8-4451
42368,5-5017
42369,2-9112
42370,4-2270
42371,1-3839
42372,5-4807
42373,5-8422
42374,2-7407
42375,6-8388
42376,8-1020
42377,6-2845
42378,6-9646
42379,3-0904
42380,7-3752
42381,6-5963
42382,8-5553
42383,2-1535
42384,4-0154
42385,3-4751
42386,3-1335
42387,1-7193
42388,3-6198
42389,3-3176
42390,8-8787
42391,7-1980
42392,8-1023
42393,6-1902
42394,4-6200
42395,8-0917
42396,3-3843
42397,8-2766
42398,3-2727
42399,3-7265
42400,2-9751
42401,2-0195
42402,5-5710
42403,1-1974
42404,2-2853
42405,8-0216
42406,3-2148
42407,6-4831
42408,3-0067
42409,6-4916
42410,5-4552
42411,6-1110
42412,8-5143
42413,8-2533
42414,7-5782
42415,1-8237
42416,6-7299
42417,3-2697
42418,2-0068
42419,7-5169
42420,6-7046
42421,2-7032
42422,7-3876
42423,6-2010
42424,3-1889
42425,8-1537
42426,2-1746
42427,8-8806
42428,7-0158
42429,3-6104
42430,6-7837
42431,7-0970
42432,4-4566
42433,6-4276
42434,6-4484
42435,4-6680
42436,3-7321
42437,2-8254
42438,1-6229
42439,3-1735
42440,1-6786
42441,2-6305
42442,8-1335
42443,7-9106
42444,5-0640
42445,2-2674
42446,3-4212
42447,5-8423
42448,8-8542
42449,5-3157
42450,5-8828
42451,6-1501
42452,2-4919
42453,6-4138
42454,5-1278
42455,8-0253
42456,1-6520
42457,5-7487
42458,7-9912
42459,1-2817
42460,4-7200
42461,3-8359
42462,6-7070
42463,3-4959
42464,8-5797
42465,3-7931
42466,6-0174
42467,3-1611
42468,7-2801
42469,6-2041
42470,3-5294
42471,5-7935
42472,7-1059
42473,8-6154
42474,4-5054
42475,6-4225
42476,6-6109
42477,4-0418
42478,2-5393
42479,4-3509
42480,7-7529
42481,3-5054
42482,6-0693
42483,2-7233
42484,2-8409
42485,1-0305
42486,3-7345
42487,5-2098
42488,1-1741
42489,2-5854
42490,5-5358
42491,1-7303
42492,8-8590
42493,6-9728
42494,3-0499
42495,8-3599
42496,1-2058
42497,2-5678
42498,3-3048
42499,4-7448
42500,7-5258
42501,4-9122
42502,1-8444
42503,6-6430
42504,3-3075
42505,3-4971
42506,3-2040
42507,7-6663
42508,4-3089
42509,8-4041
42510,2-5758
42511,1-7209
42512,7-1384
42513,4-4881
42514,5-2922
42515,5-1993
42516,1-2721
42517,8-8667
42518,1-8715
42519,4-3964
42520,3-2215
42521,2-4150
42522,1-1281
42523,2-9906
42524,4-4979
42525,6-0669
42526,3-8314
42527,4-9046
42528,2-7106
42529,3-6286
42530,6-9583
42531,5-2599
42532,8-2376
42533,8-2925
42534,8-3477
42535,4-4646
42536,7-7733
42537,6-4212
42538,2-5274
42539,3-5356
42540,5-1242
42541,1-2609
42542,3-6183
42543,3-1693
42544,7-8501
42545,5-4054
42546,8-5397
42547,4-3462
42548,4-2015
42549,5-2222
42550,1-8329
42551,3-3018
42552,6-1823
42553,1-8771
42554,6-5318
42555,6-0547
42556,8-0668
42557,8-0599
42558,5-2614
42559,3-6269
42560,1-4034
42561,2-6705
42562,1-8479
42563,5-1075
42564,6-6609
42565,4-6559
42566,6-2944
42567,1-2913
42568,1-1806
42569,1-5787
42570,3-8150
42571,1-5882
42572,3-1358
42573,8-8496
42574,7-3055
42575,6-3370
42576,7-0736
42577,1-8092
42578,4-9998
42579,4-4958
42580,5-5259
42581,4-7722
42582,1-5972
42583,6-5627
42584,5-8176
42585,4-6914
42586,1-9025
42587,5-2243
42588,2-4963
42589,1-7038
42590,6-3852
42591,6-3714
42592,4-3739
42593,7-4962
42594,1-2069
42595,8-2122
42596,3-3522
42597,8-8846
42598,7-0695
42599,1-9075
42600,4-3938
42601,7-3483
42602,2-5836
42603,2-4590
42604,1-0248
42605,1-9240
42606,2-7003
42607,6-5446
42608,2-4883
42609,7-9244
42610,3-1597
42611,7-1324
42612,4-6748
42613,6-7814
42614,4-6173
42615,1-3512
42616,5-5191
42617,5-4947
42618,2-1294
42619,5-6913
42620,7-8689
42621,7-9115
42622,2-2670
42623,5-6891
42624,7-0646
42625,1-3089
42626,3-2089
42627,1-0816
42628,2-5350
42629,3-3339
42630,8-8462
42631,3-5638
42632,2-6338
42633,7-7992
42634,5-6939
42635,3-1633
42636,1-1269
42637,1-8739
42638,4-4748
42639,5-4501
42640,6-0886
42641,5-5309
42642,1-0882
42643,5-6241
42644,1-0469
42645,8-0992
42646,6-1820
42647,8-5314
42648,8-1313
42649,1-1983
42650,1-5335
42651,4-2380
42652,7-6135
42653,2-3582
42654,2-0504
42655,8-4655
42656,2-3153
42657,5-9575
42658,4-9200
42659,8-5585
42660,3-2087
42661,2-5340
42662,5-6877
42663,7-9888
42664,5-9405
42665,3-9239
42666,2-3169
42667,4-0925
42668,7-4241
42669,5-2639
42670,7-1464
42671,6-2705
42672,1-6644
42673,1-1608
42674,3-0517
42675,3-9580
42676,5-5088
42677,2-8813
42678,8-5958
42679,8-1019
42680,8-4001
42681,3-2534
42682,6-4479
42683,6-1594
42684,6-8177
42685,4-7019
42686,3-9927
42687,5-2192
42688,1-8817
42689,8-8988
42690,3-0507
42691,2-4197
42692,2-5581
42693,3-1584
42694,6-3566
42695,1-6026
42696,5-1528
42697,6-4634
42698,6-3589
42699,7-2843
42700,2-7230
42701,6-6406
42702,8-5772
42703,7-8045
42704,7-6652
42705,1-0460
42706,2-6963
42707,5-0389
42708,6-6361
42709,7-4257
42710,2-8357
42711,2-0907
42712,1-9936
42713,5-4983
42714,1-7160
42715,2-0140
42716,6-5977
42717,1-9121
42718,2-4920
42719,6-0597
42720,1-1388
42721,5-9958
42722,8-7541
42723,3-0680
42724,2-9534
42725,6-7421
42726,2-6729
42727,4-3501
42728,3-7028
42729,5-8354
42730,5-5318
42731,3-6078
42732,6-7084
42733,8-4931
42734,1-8619
42735,5-6971
42736,7-6808
42737,8-1629
42738,3-5478
42739,3-2767
42740,1-3850
42741,5-6501
42742,5-8487
42743,2-0025
42744,7-2798
42745,3-8639
42746,7-1104
42747,6-7719
42748,1-8492
42749,5-1133
42750,4-8025
42751,5-3672
42752,5-6958
42753,7-2250
42754,4-8706
42755,2-9808
42756,6-6985
42757,3-7019
42758,1-6389
42759,7-8227
42760,2-3278
42761,7-0699
42762,2-8562
42763,7-4567
42764,5-3400
42765,5-2073
42766,5-7417
42767,7-9531
42768,1-7843
42769,1-0936
42770,7-5074
42771,2-3209
42772,1-8184
42773,8-8035
42774,8-2978
42775,4-5231
42776,1-0786
42777,6-0987
42778,5-0295
42779,5-8633
42780,4-4381
42781,1-2291
42782,6-0678
42783,8-9298
42784,2-9582
42785,4-9633
42786,3-4072
42787,4-9832
42788,7-7892
42789,5-6008
42790,4-5378
42791,8-6356
42792,3-2260
42793,3-0492
42794,3-2425
42795,3-4910
42796,3-1977
42797,4-8352
42798,2-5834
42799,1-6137
42800,5-7836
42801,4-2279
42802,8-5486
42803,3-8062
42804,3-2027
42805,7-1718
42806,7-5857
42807,6-6428
42808,4-4703
42809,8-0681
42810,4-9429
42811,8-4591
42812,3-0913
42813,6-9804
42814,3-3942
42815,1-2867
42816,7-3974
42817,8-1572
42818,7-2659
42819,1-5003
42820,1-2096
42821,2-4507
42822,5-8916
42823,5-9425
42824,8-8533
42825,2-3891
42826,2-3173
42827,3-3436
42828,1-3451
42829,8-1403
42830,7-8042
42831,4-1487
42832,8-8916
42833,5-7876
42834,6-2263
42835,2-1755
42836,2-5039
42837,3-3070
42838,2-7379
42839,6-9506
42840,5-1032
42841,5-6061
42842,3-3717
42843,8-4444
42844,1-1239
42845,8-5213
42846,7-7397
42847,6-8889
42848,8-1069
42849,8-5388
42850,1-0525
42851,3-5986
42852,3-1765
42853,3-3160
42854,7-5475
42855,2-2783
42856,1-8674
42857,1-3829
42858,5-8836
42859,4-6787
42860,5-9054
42861,4-2668
42862,1-8904
42863,8-5648
42864,2-7398
42865,1-5180
42866,4-9679
42867,2-9563
42868,4-1436
42869,7-0254
42870,5-2719
42871,8-1847
42872,6-7408
42873,8-9124
42874,5-9474
42875,3-7373
42876,5-9147
42877,1-7149
42878,5-3890
42879,3-2846
42880,8-9756
42881,5-2637
42882,7-1089
42883,6-0359
42884,7-3200
42885,1-7637
42886,1-3783
42887,1-5371
42888,4-8069
42889,7-7187
42890,5-7181
42891,1-8582
42892,2-6341
42893,2-8365
42894,1-6345
42895,6-9155
42896,2-8193
42897,3-0685
42898,7-8648
42899,6-3211
42900,3-0116
42901,6-5548
42902,1-4890
42903,2-3307
42904,3-1501
42905,4-0187
42906,5-6737
42907,2-2096
42908,6-0928
42909,3-3793
42910,2-4098
42911,2-7493
42912,8-5438
42913,5-3021
42914,1-0847
42915,1-8608
42916,8-2941
42917,6-9785
42918,7-6139
42919,7-7219
42920,2-7970
42921,1-9998
42922,8-2547
42923,1-3404
42924,6-3863
42925,4-6673
42926,3-8599
42927,6-0156
42928,6-1610
42929,7-6982
42930,5-6321
42931,8-8799
42932,3-9864
42933,3-1226
42934,1-3079
42935,6-8104
42936,1-5081
42937,4-9551
42938,4-8329
42939,8-0214
42940,7-7393
42941,7-3866
42942,5-6860
42943,2-2122
42944,5-3375
42945,6-4975
42946,8-9167
42947,6-1362
42948,5-0630
42949,6-4495
42950,3-4383
42951,8-3800
42952,7-0062
42953,7-9614
42954,6-2329
42955,2-7155
42956,4-0942
42957,5-5399
42958,1-8372
42959,1-5942
42960,2-2519
42961,4-0950
42962,8-4402
42963,4-0193
42964,2-3760
42965,7-7566
42966,1-2052
42967,7-1936
42968,7-2639
42969,8-4337
42970,7-2643
42971,7-8719
42972,1-3969
42973,1-7863
42974,4-1966
42975,4-3915
42976,8-6096
42977,7-2676
42978,5-7716
42979,6-2437
42980,4-2083
42981,4-3016
42982,7-8714
42983,8-9873
42984,6-0227
42985,3-2988
42986,1-1960
42987,7-8036
42988,1-5018
42989,8-6342
42990,8-6325
42991,6-6908
42992,3-8812
42993,5-3738
42994,5-1164
42995,7-7338
42996,4-1049
42997,2-4028
42998,1-4941
42999,4-9488
43000,3-7032
43001,8-8527
43002,1-7866
43003,1-7284
43004,5-1593
43005,7-8202
43006,7-8048
43007,2-8309
43008,4-6813
43009,3-0533
43010,7-9422
43011,7-2361
43012,3-6279
43013,6-6866
43014,8-3449
43015,7-5507
43016,4-4667
43017,3-6266
43018,7-2125
43019,7-8663
43020,4-8375
43021,8-7049
43022,7-7289
43023,8-3603
43024,2-0444
43025,4-4728
43026,4-7355
43027,7-2341
43028,2-8592
43029,1-9736
43030,6-5323
43031,6-6488
43032,6-1671
43033,3-5256
43034,6-4330
43035,3-5307
43036,5-9013
43037,2-6325
43038,5-5639
43039,5-3212
43040,6-5225
43041,2-8133
43042,6-9128
43043,1-9756
43044,4-8434
43045,6-8069
43046,1-1182
43047,6-1202
43048,3-9774
43049,8-8789
43050,1-8082
43051,3-2434
43052,7-7685
43053,1-3920
43054,8-9974
43055,5-6541
43056,1-7109
43057,8-8142
43058,5-5847
43059,7-9162
43060,5-5352
43061,4-9634
43062,8-5725
43063,8-0442
43064,8-7112
43065,4-4553
43066,4-6963
43067,8-3310
43068,1-8783
43069,7-7518
43070,6-0908
43071,6-9341
43072,5-5952
43073,5-4139
43074,5-2479
43075,5-0941
43076,6-5904
43077,2-4137
43078,1-0197
43079,4-6829
43080,3-6757
43081,1-4892
43082,8-2431
43083,2-5134
43084,6-3737
43085,5-9512
43086,2-2171
43087,2-0433
43088,2-8492
43089,6-8389
43090,4-8171
43091,4-0517
43092,5-4738
43093,5-8961
43094,3-4440
43095,2-0866
43096,6-2598
43097,2-4179
43098,7-0081
43099,3-8228
43100,5-9526
43101,8-5110
43102,4-4779
43103,4-9821
43104,8-3463
43105,4-2183
43106,4-7283
43107,2-3382
43108,1-0097
43109,4-3013
43110,1-3201
43111,6-4132
43112,3-5643
43113,3-5818
43114,6-0341
43115,8-6109
43116,8-3097
43117,5-5099
43118,2-0988
43119,6-2571
43120,2-1644
43121,4-9124
43122,1-9911
43123,4-7613
43124,6-0797
43125,7-0275
43126,8-0375
43127,4-0124
43128,4-7611
43129,7-3066
43130,1-6240
43131,2-3755
43132,4-8316
43133,8-8473
43134,6-2311
43135,2-2441
43136,1-2810
43137,1-5575
43138,1-2607
43139,8-4946
43140,8-0270
43141,2-7941
43142,8-5083
43143,6-4166
43144,1-5852
43145,1-0876
43146,2-6829
43147,1-1759
43148,8-8459
43149,3-2824
43150,6-6029
43151,3-4661
43152,8-1265
43153,6-3580
43154,5-8722
43155,4-8521
43156,1-9084
43157,7-6575
43158,7-1533
43159,6-6700
43160,6-8514
43161,3-1510
43162,3-9088
43163,7-6869
43164,5-1625
43165,3-9036
43166,3-8270
43167,7-4950
43168,3-6304
43169,8-9806
43170,4-7765
43171,8-4775
43172,3-5223
43173,8-6854
43174,7-1389
43175,7-5590
43176,3-5688
43177,1-3936
43178,4-9079
43179,3-5596
43180,6-5200
43181,5-9704
43182,2-5816
43183,5-7223
43184,5-7467
43185,8-5082
43186,5-5350
43187,8-1628
43188,2-7689
43189,5-9670
43190,1-0404
43191,2-9051
43192,4-5563
43193,2-2376
43194,3-8988
43195,5-7511
43196,8-3549
43197,2-2676
43198,1-6116
43199,8-7046
43200,5-7175
43201,6-7740
43202,5-0072
43203,1-7316
43204,6-9962
43205,2-5296
43206,1-9659
43207,2-8529
43208,6-1622
43209,3-1845
43210,1-7380
43211,8-7976
43212,1-2042
43213,2-1075
43214,3-9971
43215,4-1486
43216,6-3622
43217,3-7824
43218,3-1528
43219,5-5571
43220,6-9435
43221,7-4938
43222,2-8577
43223,1-9520
43224,2-4171
43225,3-1338
43226,7-1159
43227,7-7765
43228,8-9468
43229,1-3166
43230,2-1025
43231,7-4901
43232,7-6632
43233,5-9994
43234,6-2584
43235,4-1079
43236,6-4088
43237,5-5625
43238,1-0237
43239,3-1043
43240,6-2887
43241,1-4161
43242,6-9793
43243,6-7751
43244,6-2726
43245,8-5758
43246,3-8936
43247,4-6121
43248,7-4699
43249,1-2440
43250,8-3385
43251,7-6670
43252,2-1640
43253,6-2858
43254,4-0818
43255,2-6076
43256,3-3816
43257,3-6516
43258,3-1533
43259,2-8876
43260,4-9361
43261,3-3434
43262,1-5045
43263,7-1890
43264,7-9965
43265,1-0979
43266,4-9053
43267,8-4246
43268,4-9779
43269,1-7562
43270,5-9533
43271,6-6449
43272,5-2180
43273,8-7859
43274,8-0613
43275,8-9101
43276,8-7066
43277,2-3628
43278,6-9180
43279,6-9789
43280,7-9012
43281,1-8554
43282,5-9402
43283,8-1983
43284,3-4537
43285,4-5701
43286,2-9910
43287,8-9892
43288,1-7861
43289,4-2703
43290,2-1887
43291,2-8519
43292,2-1174
43293,1-0164
43294,7-9039
43295,4-1425
43296,7-2033
43297,1-2556
43298,3-1748
43299,4-2094
43300,5-9916
43301,7-3836
43302,6-0074
43303,5-7706
43304,1-3138
43305,1-4960
43306,2-4743
43307,1-6629
43308,7-2080
43309,4-2323
43310,6-8645
43311,5-5879
43312,7-9941
43313,8-1189
43314,4-4276
43315,1-4298
43316,7-2220
43317,3-8166
43318,1-7371
43319,2-9362
43320,8-4033
43321,3-2571
43322,4-4162
43323,7-1105
43324,1-7864
43325,8-0381
43326,6-0115
43327,8-0266
43328,5-6782
43329,1-6881
43330,1-8144
43331,8-0627
43332,5-0244
43333,5-2906
43334,7-0989
43335,7-2756
43336,1-8409
43337,4-0460
43338,3-8509
43339,6-8978
43340,2-8502
43341,2-6316
43342,7-9776
43343,3-5362
43344,2-7603
43345,6-4632
43346,7-0369
43347,4-7161
43348,7-5918
43349,6-6370
43350,6-2500
43351,2-7364
43352,6-4799
43353,2-8626
43354,4-6529
43355,8-0872
43356,4-1286
43357,2-8601
43358,1-3319
43359,7-3489
43360,8-9012
43361,7-5059
43362,5-6089
43363,7-1888
43364,6-0720
43365,5-2844
43366,4-4801
43367,1-3348
43368,7-9535
43369,6-0859
43370,6-2267
43371,4-2535
43372,5-1578
43373,6-8871
43374,5-0973
43375,7-9376
43376,5-1351
43377,3-6057
43378,1-4745
43379,7-3423
43380,1-3622
43381,6-7604
43382,5-8876
43383,1-1111
43384,6-0625
43385,5-4164
43386,2-4425
43387,3-4379
43388,3-2762
43389,5-4583
43390,1-3902
43391,3-5405
43392,2-5003
43393,4-5158
43394,8-7441
43395,6-2213
43396,2-9781
43397,8-1100
43398,7-1006
43399,8-7433
43400,6-2499
43401,2-1961
43402,1-8401
43403,6-2568
43404,4-4064
43405,7-8019
43406,6-3807
43407,1-0322
43408,8-5189
43409,1-1115
43410,4-8735
43411,8-5678
43412,7-0923
43413,5-4643
43414,1-2066
43415,3-0706
43416,6-4296
43417,4-7277
43418,5-8314
43419,5-8050
43420,4-7169
43421,4-1156
43422,3-6893
43423,6-0649
43424,3-0961
43425,4-5858
43426,3-6632
43427,4-5676
43428,8-6280
43429,7-6021
43430,7-8395
43431,4-6083
43432,6-3016
43433,6-4950
43434,3-3168
43435,6-3712
43436,1-7533
43437,6-9464
43438,1-2520
43439,2-3648
43440,6-0910
43441,4-7815
43442,3-4090
43443,3-9106
43444,7-5394
43445,3-3657
43446,8-0419
43447,2-3848
43448,3-1828
43449,7-6754
43450,8-5521
43451,1-1754
43452,2-0042
43453,2-4892
43454,1-9446
43455,1-0100
43456,7-4666
43457,6-3297
43458,7-2525
43459,1-4398
43460,5-0172
43461,8-0730
43462,7-1433
43463,4-7833
43464,2-5385
43465,1-8976
43466,3-0418
43467,7-5712
43468,3-3945
43469,7-3111
43470,3-9967
43471,8-0689
43472,8-8910
43473,8-1125
43474,1-7459
43475,2-7862
43476,2-8142
43477,6-7039
43478,8-4593
43479,6-5867
43480,6-3717
43481,5-1219
43482,7-7177
43483,1-5732
43484,4-9915
43485,1-0200
43486,1-9115
43487,7-1373
43488,6-4623
43489,5-9108
43490,7-3941
43491,1-3252
43492,7-2560
43493,6-5046
43494,4-4932
43495,1-1088
43496,5-0106
43497,1-8328
43498,2-1168
43499,8-9699
43500,6-6131
43501,1-5026
43502,8-1846
43503,3-1281
43504,6-0506
43505,7-1156
43506,6-0539
43507,8-2333
43508,5-1252
43509,1-4396
43510,8-4741
43511,7-6610
43512,2-4584
43513,8-9681
43514,1-3142
43515,1-7007
43516,2-8527
43517,6-7044
43518,4-6696
43519,1-4619
43520,3-8328
43521,5-3941
43522,2-4258
43523,4-6030
43524,4-8674
43525,5-6169
43526,5-6384
43527,5-0520
43528,5-5766
43529,6-8733
43530,4-3192
43531,3-9121
43532,4-5100
43533,6-5429
43534,6-7823
43535,6-2985
43536,5-1388
43537,4-0010
43538,4-5495
43539,8-9333
43540,2-9395
43541,7-3637
43542,7-6521
43543,4-1683
43544,5-5095
43545,8-6107
43546,8-6425
43547,3-8323
43548,2-4030
43549,6-7953
43550,4-3734
43551,4-2672
43552,3-3682
43553,5-7538
43554,8-5428
43555,6-6192
43556,3-7001
43557,1-6801
43558,3-0637
43559,5-1527
43560,2-9735
43561,2-0028
43562,7-7093
43563,5-8105
43564,7-1561
43565,8-9073
43566,3-6130
43567,7-5930
43568,5-6313
43569,8-6622
43570,3-0818
43571,2-3157
43572,4-4873
43573,8-8717
43574,2-6754
43575,1-6684
43576,6-7305
43577,5-6134
43578,3-3526
43579,8-1931
43580,6-2573
43581,6-1849
43582,8-9036
43583,7-9419
43584,4-5384
43585,1-2966
43586,1-1233
43587,5-8635
43588,7-8107
43589,6-5768
43590,5-6539
43591,3-7223
43592,5-2000
43593,7-0345
43594,5-8344
43595,4-0978
43596,8-4463
43597,4-0801
43598,8-1137
43599,2-6481
43600,2-1670
43601,3-5956
43602,6-9229
43603,6-5019
43604,8-7938
43605,6-0100
43606,7-7052
43607,6-5483
43608,2-0803
43609,1-9039
43610,8-2640
43611,2-1396
43612,5-6013
43613,6-6100
43614,5-5857
43615,8-0962
43616,3-7293
43617,6-1814
43618,1-1556
43619,4-8190
43620,6-9796
43621,2-8912
43622,3-9707
43623,2-9190
43624,2-7763
43625,5-5215
43626,1-8449
43627,8-3832
43628,2-8818
43629,6-0303
43630,1-6075
43631,7-9016
43632,4-0545
43633,1-3736
43634,8-0622
43635,1-2141
43636,5-3821
43637,4-6643
43638,8-4403
43639,5-8347
43640,1-8418
43641,8-3618
43642,4-9732
43643,6-8009
43644,6-4430
43645,6-7528
43646,2-5338
43647,7-8545
43648,2-7147
43649,3-3651
43650,3-9512
43651,6-0449
43652,7-2464
43653,7-9526
43654,4-7359
43655,3-7124
43656,2-7104
43657,5-4356
43658,5-9073
43659,2-6675
43660,8-1375
43661,8-3388
43662,4-4602
43663,6-2022
43664,3-5077
43665,3-6334
43666,2-5875
43667,6-4459
43668,8-8434
43669,4-1080
43670,1-1620
43671,1-2465
43672,7-0663
43673,8-9532
43674,1-2284
43675,5-8905
43676,6-3660
43677,4-1994
43678,7-0632
43679,2-8213
43680,2-2669
43681,4-3806
43682,6-8722
43683,7-8057
43684,7-1176
43685,7-9217
43686,7-8979
43687,2-2228
43688,2-1934
43689,4-9897
43690,8-6367
43691,2-2318
43692,4-9669
43693,8-5019
43694,6-0706
43695,3-0409
43696,2-1222
43697,5-5640
43698,1-2508
43699,1-2964
43700,8-1057
43701,2-4768
43702,2-9908
43703,7-7511
43704,2-8782
43705,4-3608
43706,5-7633
43707,1-8660
43708,7-5040
43709,7-1963
43710,7-4093
43711,2-7201
43712,4-2412
43713,8-1591
43714,6-0010
43715,7-9328
43716,6-2154
43717,1-0713
43718,3-6391
43719,1-6018
43720,1-3750
43721,4-7435
43722,2-6776
43723,4-8140
43724,1-8442
43725,5-7285
43726,4-7699
43727,4-0214
43728,2-1917
43729,1-9065
43730,6-4455
43731,4-7905
43732,7-7971
43733,2-0548
43734,3-4058
43735,4-5301
43736,1-5742
43737,1-8028
43738,8-6560
43739,4-8593
43740,5-8288
43741,6-5185
43742,4-7532
43743,4-9541
43744,1-2189
43745,7-7789
43746,2-1481
43747,5-6807
43748,7-9159
43749,2-3144
43750,2-3678
43751,4-6783
43752,2-8994
43753,5-5592
43754,7-1646
43755,7-3387
43756,7-4410
43757,7-7536
43758,4-5581
43759,8-9584
43760,2-7437
43761,2-0436
43762,2-0169
43763,3-3912
43764,4-1091
43765,1-5729
43766,7-3433
43767,3-4986
43768,8-5139
43769,5-2399
43770,4-3977
43771,5-1937
43772,6-1286
43773,8-3759
43774,2-3476
43775,3-8012
43776,5-9090
43777,4-0861
43778,7-5229
43779,7-3253
43780,8-2923
43781,2-4971
43782,7-9237
43783,6-6596
43784,2-6739
43785,8-2970
43786,5-6981
43787,2-6055
43788,4-7131
43789,7-9703
43790,4-4078
43791,3-7232
43792,1-2614
43793,1-3109
43794,4-2434
43795,1-1350
43796,8-5921
43797,6-3557
43798,2-0501
43799,6-1840
43800,4-3481
43801,8-3461
43802,3-1212
43803,2-3529
43804,2-4081
43805,2-1868
43806,8-5541
43807,8-4772
43808,6-3641
43809,6-6062
43810,7-7644
43811,2-3139
43812,5-8241
43813,2-8276
43814,1-8309
43815,8-4286
43816,8-1750
43817,6-4253
43818,2-2339
43819,5-9769
43820,5-5654
43821,6-1899
43822,2-0598
43823,4-6395
43824,7-3898
43825,8-0750
43826,1-1920
43827,6-0687
43828,8-4541
43829,7-4900
43830,7-0977
43831,4-5554
43832,8-6993
43833,6-0652
43834,3-1883
43835,2-5205
43836,4-8626
43837,4-6223
43838,2-5358
43839,6-6215
43840,7-8043
43841,7-3850
43842,1-0229
43843,3-4242
43844,7-4472
43845,3-8482
43846,5-2474
43847,6-8865
43848,4-8291
43849,2-0409
43850,3-0200
43851,5-8842
43852,4-9848
43853,3-6287
43854,3-0641
43855,3-6314
43856,4-8118
43857,1-6781
43858,4-4619
43859,7-2381
43860,7-9784
43861,8-0405
43862,2-5595
43863,7-2453
43864,5-1425
43865,2-4411
43866,7-3881
43867,7-8739
43868,1-7146
43869,5-7452
43870,5-2926
43871,3-7871
43872,8-5277
43873,8-6872
43874,4-8867
43875,4-0231
43876,3-3325
43877,4-2881
43878,2-5052
43879,8-8966
43880,5-1660
43881,4-6708
43882,4-6915
43883,2-3043
43884,7-6875
43885,2-5679
43886,8-6896
43887,2-4550
43888,2-4297
43889,4-7088
43890,7-0325
43891,4-0610
43892,2-9893
43893,4-1930
43894,7-7613
43895,4-3399
43896,7-1803
43897,7-0399
43898,6-5919
43899,5-7548
43900,3-5650
43901,2-0008
43902,2-0703
43903,8-3434
43904,7-6922
43905,3-7253
43906,7-2109
43907,2-4461
43908,1-3326
43909,8-6036
43910,3-1311
43911,1-5791
43912,4-9993
43913,3-7928
43914,2-4510
43915,1-4660
43916,3-2696
43917,8-5682
43918,4-7440
43919,8-9930
43920,8-7003
43921,4-9772
43922,5-1732
43923,5-1347
43924,7-1762
43925,7-5640
43926,5-4351
43927,1-7824
43928,3-8209
43929,5-4993
43930,7-2041
43931,6-4637
43932,4-5478
43933,2-1200
43934,4-8990
43935,4-3480
43936,1-3901
43937,6-8498
43938,7-6817
43939,2-3850
43940,7-6783
43941,3-0388
43942,8-6169
43943,4-3012
43944,8-8069
43945,1-1725
43946,3-8766
43947,1-6690
43948,4-8499
43949,2-3961
43950,4-2850
43951,7-3697
43952,3-1562
43953,1-3036
43954,5-0602
43955,6-4529
43956,6-9539
43957,7-8229
43958,2-6789
43959,1-1061
43960,3-3655
43961,2-5663
43962,4-7326
43963,7-5571
43964,3-6385
43965,1-0421
43966,5-0144
43967,3-3442
43968,3-3548
43969,1-6626
43970,1-4111
43971,4-3693
43972,6-6186
43973,7-5203
43974,3-2459
43975,4-2585
43976,3-2755
43977,1-2569
43978,2-2752
43979,8-4898
43980,4-2516
43981,7-0886
43982,5-2372
43983,5-5473
43984,4-3391
43985,3-4169
43986,2-4236
43987,8-8508
43988,8-4305
43989,4-6883
43990,8-8061
43991,5-4129
43992,8-8700
43993,7-5088
43994,1-6262
43995,5-6506
43996,1-2525
43997,1-8807
43998,2-1878
43999,7-7532
44000,1-0512
44001,4-9202
44002,6-1307
44003,6-6425
44004,5-7639
44005,7-3554
44006,3-0754
44007,6-6072
44008,8-8724
44009,2-9401
44010,2-6364
44011,3-2991
44012,5-1081
44013,8-3923
44014,4-0733
44015,2-4622
44016,8-5297
44017,6-2367
44018,1-2421
44019,6-0377
44020,1-9214
44021,1-1979
44022,3-5463
44023,7-1466
44024,2-8488
44025,8-7995
44026,8-3914
44027,3-7859
44028,7-5872
44029,2-4580
44030,6-5832
44031,5-5460
44032,5-8088
44033,6-7270
44034,7-0219
44035,5-7277
44036,3-0012
44037,8-9387
44038,8-1183
44039,4-7627
44040,3-4389
44041,5-1156
44042,4-6064
44043,2-0200
44044,7-6331
44045,8-4962
44046,6-1226
44047,2-0697
44048,8-5156
44049,6-0765
44050,3-0437
44051,2-4492
44052,3-2596
44053,6-3167
44054,5-4169
44055,5-0840
44056,7-0497
44057,1-1123
44058,4-2214
44059,7-0858
44060,1-5266
44061,7-7025
44062,1-6401
44063,2-8002
44064,3-9398
44065,2-0002
44066,5-7513
44067,2-1867
44068,5-3946
44069,2-9679
44070,4-9278
44071,2-2177
44072,6-1295
44073,8-6786
44074,3-8210
44075,6-7871
44076,4-0632
44077,2-3411
44078,7-4475
44079,7-1099
44080,4-0474
44081,6-5531
44082,8-6057
44083,1-4145
44084,5-8719
44085,7-7131
44086,1-4558
44087,1-9451
44088,1-1017
44089,5-6471
44090,2-1711
44091,6-0399
44092,5-4948
44093,4-5124
44094,1-1716
44095,6-6770
44096,3-5171
44097,4-7933
44098,1-5691
44099,3-3264
44100,8-9339
44101,3-3446
44102,8-5078
44103,8-3198
44104,8-4552
44105,7-2467
44106,5-0350
44107,8-6150
44108,3-3905
44109,4-8752
44110,6-5558
44111,8-0632
44112,5-0168
44113,7-0401
44114,1-0235
44115,8-1166
44116,3-7009
44117,8-3929
44118,2-0774
44119,1-9809
44120,4-8003
44121,7-6507
44122,6-8543
44123,8-2086
44124,3-2017
44125,3-3265
44126,6-1416
44127,7-9906
44128,8-7735
44129,2-5765
44130,5-1070
44131,4-3640
44132,1-8811
44133,2-7107
44134,4-4764
44135,6-8059
44136,6-1949
44137,3-5045
44138,1-7847
44139,6-5575
44140,8-1307
44141,3-3747
44142,4-5849
44143,3-6775
44144,8-3583
44145,7-2931
44146,3-1657
44147,8-9203
44148,7-3191
44149,6-2782
44150,6-8709
44151,7-1021
44152,2-7751
44153,1-9114
44154,8-2080
44155,8-7081
44156,4-7816
44157,8-9015
44158,4-3752
44159,2-1069
44160,4-5586
44161,5-4849
44162,2-9740
44163,7-5181
44164,4-4716
44165,7-0941
44166,6-3869
44167,3-6407
44168,5-1051
44169,1-8964
44170,1-2760
44171,2-4755
44172,2-5420
44173,2-1753
44174,3-8160
44175,6-1147
44176,1-5538
44177,2-3121
44178,6-5031
44179,5-9530
44180,5-8519
44181,7-3487
44182,5-0073
44183,1-5981
44184,4-1796
44185,1-2653
44186,6-6961
44187,4-9182
44188,8-5185
44189,3-1610
44190,4-9962
44191,6-2977
44192,1-4321
44193,3-6107
44194,6-7009
44195,3-9562
44196,7-9971
44197,7-5845
44198,3-7217
44199,2-5602
44200,6-9346
44201,7-1139
44202,7-6976
44203,1-0003
44204,2-5724
44205,4-8877
44206,2-5672
44207,5-9220
44208,1-1485
44209,4-1350
44210,7-9846
44211,7-3648
44212,6-9858
44213,3-5516
44214,2-2961
44215,3-2248
44216,7-6644
44217,4-7111
44218,8-7885
44219,3-5383
44220,8-2057
44221,6-7978
44222,2-8263
44223,2-9441
44224,6-1279
44225,4-3146
44226,4-1720
44227,3-9958
44228,5-1579
44229,5-4118
44230,7-5005
44231,5-8388
44232,7-9548
44233,1-8285
44234,4-1753
44235,5-8429
44236,5-0795
44237,2-1770
44238,6-4052
44239,6-7351
44240,3-6867
44241,5-9774
44242,7-2417
44243,1-6001
44244,6-5517
44245,1-2603
44246,7-8521
44247,5-1128
44248,4-5197
44249,2-6853
44250,8-3193
44251,3-6238
44252,6-4083
44253,5-9501
44254,1-2862
44255,2-2736
44256,3-0050
44257,6-4467
44258,8-4438
44259,1-1461
44260,4-9276
44261,1-4288
44262,6-4341
44263,2-7473
44264,2-5677
44265,8-3491
44266,1-9690
44267,1-1264
44268,4-1112
44269,3-4758
44270,5-3787
44271,5-0231
44272,2-6786
44273,4-1540
44274,5-4452
44275,1-5809
44276,7-8715
44277,5-7500
44278,6-4346
44279,6-6933
44280,5-0775
44281,6-7163
44282,4-5256
44283,2-2899
44284,8-1645
44285,3-1885
44286,8-7710
44287,1-7577
44288,1-0688
44289,7-1613
44290,5-2079
44291,6-8648
44292,1-9379
44293,6-4179
44294,1-7180
44295,1-5752
44296,8-8485
44297,7-8666
44298,4-3986
44299,4-5257
44300,3-7222
44301,4-9300
44302,3-6424
44303,7-5758
44304,3-5762
44305,2-8794
44306,2-8065
44307,4-8628
44308,7-5090
44309,2-2362
44310,6-9477
44311,5-1321
44312,7-6078
44313,5-8192
44314,7-8408
44315,8-8709
44316,7-8255
44317,3-5293
44318,6-3218
44319,5-0369
44320,3-7743
44321,1-8500
44322,5-7751
44323,1-6247
44324,4-1045
44325,7-3738
44326,4-8496
44327,2-1511
44328,7-9860
44329,1-5646
44330,6-0476
44331,1-5980
44332,6-6143
44333,6-5708
44334,1-0945
44335,1-5419
44336,1-2696
44337,6-3078
44338,3-2158
44339,5-9344
44340,8-6625
44341,4-1674
44342,5-3488
44343,1-4752
44344,1-5728
44345,5-5128
44346,6-3630
44347,4-4063
44348,5-8944
44349,7-2713
44350,8-0755
44351,8-5256
44352,7-6847
44353,1-1593
44354,7-1458
44355,2-7883
44356,7-6762
44357,2-5445
44358,6-8260
44359,2-1006
44360,5-6132
44361,8-9624
44362,1-0146
44363,7-4155
44364,5-2910
44365,5-4396
44366,5-9904
44367,1-5431
44368,5-1769
44369,8-6691
44370,1-4742
44371,8-2096
44372,4-2107
44373,2-2456
44374,8-4082
44375,4-2259
44376,8-2639
44377,4-3050
44378,7-9271
44379,2-2400
44380,3-6068
44381,1-9942
44382,8-8812
44383,8-5323
44384,2-5363
44385,7-3337
44386,5-3936
44387,5-5987
44388,6-3738
44389,1-4182
44390,5-4517
44391,8-1873
44392,4-7305
44393,7-2084
44394,1-4755
44395,8-4392
44396,3-2827
44397,4-3269
44398,8-4140
44399,4-8164
44400,3-8718
44401,7-9921
44402,6-7784
44403,3-4678
44404,7-6895
44405,4-0415
44406,2-7509
44407,3-3283
44408,4-8988
44409,2-9119
44410,4-5869
44411,3-1827
44412,1-1682
44413,3-7865
44414,8-7779
44415,6-4109
44416,7-2720
44417,3-9960
44418,4-6374
44419,8-7805
44420,7-4457
44421,6-0207
44422,8-4473
44423,4-0367
44424,7-6996
44425,6-6743
44426,2-5304
44427,7-4005
44428,3-9668
44429,5-4230
44430,8-6203
44431,5-0151
44432,6-5100
44433,4-6144
44434,8-5432
44435,6-1234
44436,8-5377
44437,5-2613
44438,2-4146
44439,4-7851
44440,7-8716
44441,3-2153
44442,5-5004
44443,1-7601
44444,6-7470
44445,7-0744
44446,2-2562
44447,1-9450
44448,1-3748
44449,1-7653
44450,6-6283
44451,7-8926
44452,3-8290
44453,3-5106
44454,1-4608
44455,3-0583
44456,7-6878
44457,6-9497
44458,8-6897
44459,6-8847
44460,2-2164
44461,3-4783
44462,6-7957
44463,3-3850
44464,6-1691
44465,7-1532
44466,5-5151
44467,1-8630
44468,8-9417
44469,4-0638
44470,8-9686
44471,3-8596
44472,8-1327
44473,3-6709
44474,5-1041
44475,4-1439
44476,6-7925
44477,4-5341
44478,2-9845
44479,2-1500
44480,8-5443
44481,1-5486
44482,8-6145
44483,8-7464
44484,7-7471
44485,7-5959
44486,3-7336
44487,8-2629
44488,4-5336
44489,7-4029
44490,6-6560
44491,3-6300
44492,5-5357
44493,6-8475
44494,5-8732
44495,7-9596
44496,6-5831
44497,1-3724
44498,1-8928
44499,5-6496
44500,3-2653
44501,8-1563
44502,7-6933
44503,4-9893
44504,3-5163
44505,6-7768
44506,4-4161
44507,3-6888
44508,5-0586
44509,1-5504
44510,8-8012
44511,1-6794
44512,1-4384
44513,5-4777
44514,6-2395
44515,8-8547
44516,2-0779
44517,2-3284
44518,5-5606
44519,3-5631
44520,1-0327
44521,4-2274
44522,8-9583
44523,2-5583
44524,7-4223
44525,7-5524
44526,8-9665
44527,3-6504
44528,3-1247
44529,8-2912
44530,4-4563
44531,5-5763
44532,3-6835
44533,8-0115
44534,2-8141
44535,2-2429
44536,5-2386
44537,1-6336
44538,2-3236
44539,1-8398
44540,8-8127
44541,4-9075
44542,6-0602
44543,4-6622
44544,6-7082
44545,5-9063
44546,7-2173
44547,1-8243
44548,5-9148
44549,6-8479
44550,1-1321
44551,4-7524
44552,8-6990
44553,7-4633
44554,4-5434
44555,8-7797
44556,2-5085
44557,7-1716
44558,3-0076
44559,4-5825
44560,4-4973
44561,3-7504
44562,4-3059
44563,7-0826
44564,4-3172
44565,3-1775
44566,7-8070
44567,1-0171
44568,5-0669
44569,4-3779
44570,4-1521
44571,1-7673
44572,3-7590
44573,4-3411
44574,1-3215
44575,2-7540
44576,8-5868
44577,2-1650
44578,8-7635
44579,3-2513
44580,2-9320
44581,1-8165
44582,5-7670
44583,7-6294
44584,5-1466
44585,2-6944
44586,5-4692
44587,8-2746
44588,1-5865
44589,4-0754
44590,8-5631
44591,3-1190
44592,6-6701
44593,7-9305
44594,1-0288
44595,8-3703
44596,2-5803
44597,7-3998
44598,6-3490
44599,1-3739
44600,5-7212
44601,8-2274
44602,4-7758
44603,6-7592
44604,2-0029
44605,2-3094
44606,7-2719
44607,8-8773
44608,5-6965
44609,7-1596
44610,5-8123
44611,2-6735
44612,5-0766
44613,6-5302
44614,5-1983
44615,2-7411
44616,2-3843
44617,6-4334
44618,7-2531
44619,8-3124
44620,5-0512
44621,5-1377
44622,4-2204
44623,8-3326
44624,5-6717
44625,7-1692
44626,2-3095
44627,2-5686
44628,8-8266
44629,2-4496
44630,6-6094
44631,4-3321
44632,7-2065
44633,6-9776
44634,1-9602
44635,2-9879
44636,6-1726
44637,4-7429
44638,3-7672
44639,8-1466
44640,8-8113
44641,2-7494
44642,4-2287
44643,1-9814
44644,7-1359
44645,3-1141
44646,8-3386
44647,1-5410
44648,8-3298
44649,5-3035
44650,1-5313
44651,4-4478
44652,6-2137
44653,8-3636
44654,8-8312
44655,7-0901
44656,8-2103
44657,4-5584
44658,6-0408
44659,2-1690
44660,8-9663
44661,8-5513
44662,5-5837
44663,3-6265
44664,3-6053
44665,2-0527
44666,3-4656
44667,4-6879
44668,5-5597
44669,3-9674
44670,7-7006
44671,5-1912
44672,4-5816
44673,7-7278
44674,5-5834
44675,5-5238
44676,6-9242
44677,8-1512
44678,7-2802
44679,3-1715
44680,5-2490
44681,5-3942
44682,6-7283
44683,2-8131
44684,3-9467
44685,5-2231
44686,4-8168
44687,7-6005
44688,7-3727
44689,7-4694
44690,7-3597
44691,6-1643
44692,1-0825
44693,5-2973
44694,7-9581
44695,4-9826
44696,3-3750
44697,6-5689
44698,3-1390
44699,7-8976
44700,6-1369
44701,5-7728
44702,3-1595
44703,7-8270
44704,3-1663
44705,7-4510
44706,5-6243
44707,3-5843
44708,7-3626
44709,2-6513
44710,8-0439
44711,4-1816
44712,4-5042
44713,3-5071
44714,4-2206
44715,6-8786
44716,1-0238
44717,1-3032
44718,7-9771
44719,4-0670
44720,8-1034
44721,7-7519
44722,7-9470
44723,4-7306
44724,4-5292
44725,3-9349
44726,6-7346
44727,1-6785
44728,7-0963
44729,1-2651
44730,4-2159
44731,8-7942
44732,5-9044
44733,2-3955
44734,2-1905
44735,7-7500
44736,4-6403
44737,7-1246
44738,6-1499
44739,3-5600
44740,7-5800
44741,2-3925
44742,5-8959
44743,8-5691
44744,8-9420
44745,1-3267
44746,8-0383
44747,2-5142
44748,7-7798
44749,1-3369
44750,7-1137
44751,4-6009
44752,6-5716
44753,6-1605
44754,4-9392
44755,3-8102
44756,7-5437
44757,5-7577
44758,1-2346
44759,7-3444
44760,8-6628
44761,5-6221
44762,2-5872
44763,5-9961
44764,7-0671
44765,4-1042
44766,5-1236
44767,4-5922
44768,1-5382
44769,3-6659
44770,3-5395
44771,6-1165
44772,4-6472
44773,1-5781
44774,7-9969
44775,3-0118
44776,1-8002
44777,6-7846
44778,4-2481
44779,8-1438
44780,4-2740
44781,7-7112
44782,6-4189
44783,7-1329
44784,6-0354
44785,2-2220
44786,4-1979
44787,4-6313
44788,4-0257
44789,2-6986
44790,5-7373
44791,3-9218
44792,6-6941
44793,1-4328
44794,5-4238
44795,8-1200
44796,8-7807
44797,3-3042
44798,5-0066
44799,8-4265
44800,4-7991
44801,7-4557
44802,5-5364
44803,7-2082
44804,6-3102
44805,5-0607
44806,8-3951
44807,8-6552
44808,8-6345
44809,1-9176
44810,3-9661
44811,5-3723
44812,4-3644
44813,7-8599
44814,1-0230
44815,7-5627
44816,2-4460
44817,1-1927
44818,4-6357
44819,3-6416
44820,1-9537
44821,4-4834
44822,4-2611
44823,4-9884
44824,3-6065
44825,6-2932
44826,1-9022
44827,2-4123
44828,3-4501
44829,3-5328
44830,6-5462
44831,6-6057
44832,7-1071
44833,1-6354
44834,4-4448
44835,6-6499
44836,5-7696
44837,1-8477
44838,6-5467
44839,1-3171
44840,3-0951
44841,2-8928
44842,4-0306
44843,2-5863
44844,2-1544
44845,6-5086
44846,1-6823
44847,3-0001
44848,3-1570
44849,6-0517
44850,5-8567
44851,7-0295
44852,1-2336
44853,6-4158
44854,8-5703
44855,2-9971
44856,5-8392
44857,8-2519
44858,2-6570
44859,8-6199
44860,1-9641
44861,6-5815
44862,1-8181
44863,3-3892
44864,1-6409
44865,1-5389
44866,4-4898
44867,2-5197
44868,7-5679
44869,8-3032
44870,8-2588
44871,8-3480
44872,1-7026
44873,4-6612
44874,8-4536
44875,8-2418
44876,4-4590
44877,5-5442
44878,3-9583
44879,8-5810
44880,6-0132
44881,3-1168
44882,4-5846
44883,2-0322
44884,2-9011
44885,7-9180
44886,8-5454
44887,5-6731
44888,3-1529
44889,4-0804
44890,2-5948
44891,1-9532
44892,1-9195
44893,1-7535
44894,8-4296
44895,4-9194
44896,5-2502
44897,8-8614
44898,1-6286
44899,1-0682
44900,6-6694
44901,8-4721
44902,2-3122
44903,2-9891
44904,4-6503
44905,5-2147
44906,3-2819
44907,1-8183
44908,3-7907
44909,6-2285
44910,4-5300
44911,7-0737
44912,1-6099
44913,7-7246
44914,3-6627
44915,4-3201
44916,8-2136
44917,7-7830
44918,1-6243
44919,1-3805
44920,1-1639
44921,6-1353
44922,8-1837
44923,4-3258
44924,3-2269
44925,8-1788
44926,2-5766
44927,1-3100
44928,6-6395
44929,3-9731
44930,4-4229
44931,8-9202
44932,6-7345
44933,2-7821
44934,1-3573
44935,8-9534
44936,4-3311
44937,6-5761
44938,4-0501
44939,4-0413
44940,1-5835
44941,5-0879
44942,6-7726
44943,4-0113
44944,7-4917
44945,4-2864
44946,2-9654
44947,5-5060
44948,7-4739
44949,6-6261
44950,5-7346
44951,2-0540
44952,7-8450
44953,3-4232
44954,8-0664
44955,8-4054
44956,3-1627
44957,7-7205
44958,8-4915
44959,3-5401
44960,8-2461
44961,4-4081
44962,1-6097
44963,3-2923
44964,7-6616
44965,4-7899
44966,7-7922
44967,6-1127
44968,5-9924
44969,8-0245
44970,6-4661
44971,1-7455
44972,5-5521
44973,2-7734
44974,1-0792
44975,7-8797
44976,7-1917
44977,8-9983
44978,7-5466
44979,6-9685
44980,2-0555
44981,8-5482
44982,6-8052
44983,3-4590
44984,8-9562
44985,4-1946
44986,6-5864
44987,6-3646
44988,2-1194
44989,3-8545
44990,7-6278
44991,1-9853
44992,7-2457
44993,6-3831
44994,3-3280
44995,8-8279
44996,8-1809
44997,4-7270
44998,5-0254
44999,1-8831
45000,1-8900
45001,1-7821
45002,5-0582
45003,1-4254
45004,6-5249
45005,1-5503
45006,2-1762
45007,8-9404
45008,7-6346
45009,5-3104
45010,3-9575
45011,8-4705
45012,1-5764
45013,2-9645
45014,1-2543
45015,5-9031
45016,7-1564
45017,7-1583
45018,2-0311
45019,4-6130
45020,1-0890
45021,6-3652
45022,3-9973
45023,8-6666
45024,6-8638
45025,5-7033
45026,2-2182
45027,8-9897
45028,7-7708
45029,8-3753
45030,6-4789
45031,4-9368
45032,1-6442
45033,2-1408
45034,3-8626
45035,4-6728
45036,3-5656
45037,7-9986
45038,2-0485
45039,1-1294
45040,6-9922
45041,8-0909
45042,4-8638
45043,4-3277
45044,2-5953
45045,2-9959
45046,3-4314
45047,8-5657
45048,5-0758
45049,7-9571
45050,2-8264
45051,6-0102
45052,7-3703
45053,6-7390
45054,7-6122
45055,7-1995
45056,1-1379
45057,8-8234
45058,2-4257
45059,3-5811
45060,8-6886
45061,4-8907
45062,5-2393
45063,1-4700
45064,2-9522
45065,4-1208
45066,4-9901
45067,2-4079
45068,1-6778
45069,5-1734
45070,5-6813
45071,7-3532
45072,2-9614
45073,3-2745
45074,7-6904
45075,7-4200
45076,3-2016
45077,1-7011
45078,1-9646
45079,6-2228
45080,6-3339
45081,7-1724
45082,2-0594
45083,2-0327
45084,2-5476
45085,5-1207
45086,3-1066
45087,3-4321
45088,2-0419
45089,7-9603
45090,6-0855
45091,1-2117
45092,6-0391
45093,6-3903
45094,8-8942
45095,6-4362
45096,3-9879
45097,8-2769
45098,2-0462
45099,3-4753
45100,2-5045
45101,4-2504
45102,3-5312
45103,4-5109
45104,6-5440
45105,1-2393
45106,5-4431
45107,3-7153
45108,4-1734
45109,8-7546
45110,8-9173
45111,1-8547
45112,2-8304
45113,2-4337
45114,5-0180
45115,2-6544
45116,2-2928
45117,2-1777
45118,3-1140
45119,7-2266
45120,4-1855
45121,3-2790
45122,4-6491
45123,6-3068
45124,3-7695
45125,6-3581
45126,1-5115
45127,8-4692
45128,3-1999
45129,8-5981
45130,4-4957
45131,6-1190
45132,7-7094
45133,8-0231
45134,1-4389
45135,1-3115
45136,5-2835
45137,7-7492
45138,5-6237
45139,4-0382
45140,1-3260
45141,5-8982
45142,4-1884
45143,8-6219
45144,5-5796
45145,3-4020
45146,3-6740
45147,5-4734
45148,3-2190
45149,5-3749
45150,4-4442
45151,7-4419
45152,2-5809
45153,4-3516
45154,5-1597
45155,4-9866
45156,4-4027
45157,3-3276
45158,5-2478
45159,4-8105
45160,8-0639
45161,4-4588
45162,7-7915
45163,3-7708
45164,6-0671
45165,7-1183
45166,3-5417
45167,6-8723
45168,2-1986
45169,1-0132
45170,3-5651
45171,3-1107
45172,2-6831
45173,4-7171
45174,6-6046
45175,3-2898
45176,5-7824
45177,5-4017
45178,4-7798
45179,7-4902
45180,5-6271
45181,3-7733
45182,2-4667
45183,6-7464
45184,6-8116
45185,2-6660
45186,8-4859
45187,5-5474
45188,3-7456
45189,1-0580
45190,5-2070
45191,2-0048
45192,8-0696
45193,1-4796
45194,7-6258
45195,2-4483
45196,1-3507
45197,8-0957
45198,7-1868
45199,8-1138
45200,6-2432
45201,7-0779
45202,6-2039
45203,6-4475
45204,1-8322
45205,8-5850
45206,8-5619
45207,4-2689
45208,7-4098
45209,4-1882
45210,3-4524
45211,2-9307
45212,3-0288
45213,7-3108
45214,4-2992
45215,6-3197
45216,4-4715
45217,8-9921
45218,8-9763
45219,1-1925
45220,4-3119
45221,5-0123
45222,1-7910
45223,2-4674
45224,6-0093
45225,1-7790
45226,1-7057
45227,4-8798
45228,3-6472
45229,2-8748
45230,6-6225
45231,1-5785
45232,2-5345
45233,5-6989
45234,3-2456
45235,8-8227
45236,4-5936
45237,8-1927
45238,5-4588
45239,5-0903
45240,4-7820
45241,2-5924
45242,3-8113
45243,8-9100
45244,1-6142
45245,6-7963
45246,2-0137
45247,1-5094
45248,8-5544
45249,7-3720
45250,4-2952
45251,3-5704
45252,2-5744
45253,3-0087
45254,4-7538
45255,3-1205
45256,4-0065
45257,4-5602
45258,5-6368
45259,8-5644
45260,4-4591
45261,1-3782
45262,8-4195
45263,5-7146
45264,1-3807
45265,1-0598
45266,5-1684
45267,3-0811
45268,5-5130
45269,6-0949
45270,5-0137
45271,4-6088
45272,2-9982
45273,6-8477
45274,7-5735
45275,6-9976
45276,8-7934
45277,3-1256
45278,4-8654
45279,3-2119
45280,1-8206
45281,4-9364
45282,6-7529
45283,8-7182
45284,1-6650
45285,2-2286
45286,6-9277
45287,7-6728
45288,6-0090
45289,8-1796
45290,6-2355
45291,6-5696
45292,6-7707
45293,6-4427
45294,1-7692
45295,6-4523
45296,4-2935
45297,6-0007
45298,7-7617
45299,2-1357
45300,2-6709
45301,6-2892
45302,6-3760
45303,7-0564
45304,7-7069
45305,8-9280
45306,3-9304
45307,8-1864
45308,1-9238
45309,7-3608
45310,1-6306
45311,4-0142
45312,8-2467
45313,6-1821
45314,5-8447
45315,2-2564
45316,8-3287
45317,1-1950
45318,3-1357
45319,2-0278
45320,6-8507
45321,7-8915
45322,7-0425
45323,7-0268
45324,7-8668
45325,1-4031
45326,7-9966
45327,2-8901
45328,1-2308
45329,8-2503
45330,1-9833
45331,2-5587
45332,6-5336
45333,8-8829
45334,3-5725
45335,8-5333
45336,3-7759
45337,6-8781
45338,6-3360
45339,6-5216
45340,4-3304
45341,1-0223
45342,4-9701
45343,8-5179
45344,3-6404
45345,2-0014
45346,6-7643
45347,5-0015
45348,7-3095
45349,8-4297
45350,8-5270
45351,6-5874
45352,5-4336
45353,8-1885
45354,4-5132
45355,3-7402
45356,8-4623
45357,8-7063
45358,4-7515
45359,2-3887
45360,1-2122
45361,2-8058
45362,4-2011
45363,1-6615
45364,7-7927
45365,8-2324
45366,3-8251
45367,2-4091
45368,1-7222
45369,8-1120
45370,2-8927
45371,6-9569
45372,8-8887
45373,5-3105
45374,7-2413
45375,2-5586
45376,3-5910
45377,2-5157
45378,6-9628
45379,5-3548
45380,7-1649
45381,6-2656
45382,1-6773
45383,3-2391
45384,7-3099
45385,8-8851
45386,5-6854
45387,2-8200
45388,3-8494
45389,1-9674
45390,8-6108
45391,3-1544
45392,7-3301
45393,2-2001
45394,3-2915
45395,4-2771
45396,8-9430
45397,1-8015
45398,1-2137
45399,2-2025
45400,1-0585
45401,2-4025
45402,5-4675
45403,8-6986
45404,7-3805
45405,7-2548
45406,4-0918
45407,6-4154
45408,1-2080
45409,4-0060
45410,8-8116
45411,7-5214
45412,3-3299
45413,6-1208
45414,4-7251
45415,1-0333
45416,5-5289
45417,8-2454
45418,1-6228
45419,7-6771
45420,6-4553
45421,2-0286
45422,8-3509
45423,3-2237
45424,1-5005
45425,6-4854
45426,3-7829
45427,3-3273
45428,7-5877
45429,7-9266
45430,6-0487
45431,3-4734
45432,8-1823
45433,4-0275
45434,3-7432
45435,4-2393
45436,1-8130
45437,1-6658
45438,5-3705
45439,6-9609
45440,6-5996
45441,6-5989
45442,3-5319
45443,4-2389
45444,3-3098
45445,3-9817
45446,2-9723
45447,6-4577
45448,6-5470
45449,1-6012
45450,6-3844
45451,8-7281
45452,7-1837
45453,3-6772
45454,6-1082
45455,7-2231
45456,5-2436
45457,4-8697
45458,4-2027
45459,7-7703
45460,5-8263
45461,2-2172
45462,5-0853
45463,6-5481
45464,1-5919
45465,5-2171
45466,5-0007
45467,3-7527
45468,2-3655
45469,4-8635
45470,4-9707
45471,3-1607
45472,7-3770
45473,5-4173
45474,7-2465
45475,1-3594
45476,1-3143
45477,6-4498
45478,5-5946
45479,7-7140
45480,3-9551
45481,5-4410
45482,8-2959
45483,2-0794
45484,1-5315
45485,1-9604
45486,6-4381
45487,8-7757
45488,5-8208
45489,7-9307
45490,6-4766
45491,3-1559
45492,8-2513
45493,1-3492
45494,2-5083
45495,6-4312
45496,1-7150
45497,8-5394
45498,1-4205
45499,4-5653
45500,5-6393
45501,7-4214
45502,8-2344
45503,6-8368
45504,4-2479
45505,3-4987
45506,5-4239
45507,8-8288
45508,2-5513
45509,7-5606
45510,5-4794
45511,8-0877
45512,6-7061
45513,8-4973
45514,3-7598
45515,6-8903
45516,7-0335
45517,2-4013
45518,6-3346
45519,8-8965
45520,8-5230
45521,5-8736
45522,3-4138
45523,2-6565
45524,4-7411
45525,1-9592
45526,2-6939
45527,6-0330
45528,4-7555
45529,7-7576
45530,1-7428
45531,5-3829
45532,1-4763
45533,7-3806
45534,6-2978
45535,6-6695
45536,5-3145
45537,6-3446
45538,6-0883
45539,5-8626
45540,5-0587
45541,7-8667
45542,6-8693
45543,7-4518
45544,7-4172
45545,6-6479
45546,3-5288
45547,7-8876
45548,3-9894
45549,5-7185
45550,2-6822
45551,8-5639
45552,4-9131
45553,3-3081
45554,4-4866
45555,4-2034
45556,2-0766
45557,2-9764
45558,4-4994
45559,6-5180
45560,7-4390
45561,2-6989
45562,6-8290
45563,8-1924
45564,1-9843
45565,6-7251
45566,5-5272
45567,1-2503
45568,2-9923
45569,7-2868
45570,3-2652
45571,3-0313
45572,4-9754
45573,1-5014
45574,8-9307
45575,2-6179
45576,4-7229
45577,2-7041
45578,1-3069
45579,8-0595
45580,2-9185
45581,5-0815
45582,1-8820
45583,3-0383
45584,7-6768
45585,4-6952
45586,5-4296
45587,8-7101
45588,6-3817
45589,4-7774
45590,3-5246
45591,7-1782
45592,8-1312
45593,1-6962
45594,8-5149
45595,5-8823
45596,1-2819
45597,2-0926
45598,8-7869
45599,3-3617
45600,7-7921
45601,1-0418
45602,3-7934
45603,5-1532
45604,2-8655
45605,3-4956
45606,2-0303
45607,6-2803
45608,6-4790
45609,1-4415
45610,2-6621
45611,3-4879
45612,4-8477
45613,4-0002
45614,2-7082
45615,2-6254
45616,4-7892
45617,4-2896
45618,6-7993
45619,4-6239
45620,4-6138
45621,3-3228
45622,6-9058
45623,5-2348
45624,3-7601
45625,2-8759
45626,8-6313
45627,8-3668
45628,2-4392
45629,4-3810
45630,2-6956
45631,3-8396
45632,6-7445
45633,2-0973
45634,5-4464
45635,2-5221
45636,1-5758
45637,2-9162
45638,2-2594
45639,7-3840
45640,8-5705
45641,6-9969
45642,2-1415
45643,2-2261
45644,5-6569
45645,8-7806
45646,2-1017
45647,1-8397
45648,7-8402
45649,4-0363
45650,2-1521
45651,4-6470
45652,3-5084
45653,1-2883
45654,8-0343
45655,4-6065
45656,7-3259
45657,5-9256
45658,2-4733
45659,7-5141
45660,6-8402
45661,6-0515
45662,3-4882
45663,6-1009
45664,1-6739
45665,7-1579
45666,3-7538
45667,4-2217
45668,8-5659
45669,3-5745
45670,3-5718
45671,7-0627
45672,6-5275
45673,7-9254
45674,4-0453
45675,8-7172
45676,6-3487
45677,1-7526
45678,3-4416
45679,1-1800
45680,8-5218
45681,6-0291
45682,3-5821
45683,5-3342
45684,6-9375
45685,2-9985
45686,6-9995
45687,7-6432
45688,3-9544
45689,1-5218
45690,2-0861
45691,1-7814
45692,2-5169
45693,8-6510
45694,5-3397
45695,7-3323
45696,7-4594
45697,4-4315
45698,5-8416
45699,2-1830
45700,3-2292
45701,8-8129
45702,3-8007
45703,4-0929
45704,6-3258
45705,7-7411
45706,8-5077
45707,3-3101
45708,6-4314
45709,4-8659
45710,1-1836
45711,5-1418
45712,2-0882
45713,5-3125
45714,7-9287
45715,2-4318
45716,5-5742
45717,4-1256
45718,6-9051
45719,2-2719
45720,3-0522
45721,4-0548
45722,3-9905
45723,8-8841
45724,1-2372
45725,1-5223
45726,6-1588
45727,4-7783
45728,3-0992
45729,7-7101
45730,1-2458
45731,8-5658
45732,3-8746
45733,5-4886
45734,1-8231
45735,5-4075
45736,2-5899
45737,7-5770
45738,3-6885
45739,6-4409
45740,2-6276
45741,2-8025
45742,1-7232
45743,6-7525
45744,6-5944
45745,8-4227
45746,6-3508
45747,7-9657
45748,6-5987
45749,6-1819
45750,4-3307
45751,7-6649
45752,1-2475
45753,5-3449
45754,8-2575
45755,2-8583
45756,8-8524
45757,4-8653
45758,2-7392
45759,5-0744
45760,5-0877
45761,3-5933
45762,3-9606
45763,4-0585
45764,5-8303
45765,8-5560
45766,4-4146
45767,1-6577
45768,8-1013
45769,5-7671
45770,1-5634
45771,1-0208
45772,5-1442
45773,1-8792
45774,5-9109
45775,2-4218
45776,2-9494
45777,8-1540
45778,3-1303
45779,5-1289
45780,6-0866
45781,4-2461
45782,3-5894
45783,8-5178
45784,1-0192
45785,4-3198
45786,7-1811
45787,2-7175
45788,6-8887
45789,5-0351
45790,7-5267
45791,7-5903
45792,6-2186
45793,7-2547
45794,6-1657
45795,5-8678
45796,2-9657
45797,2-2597
45798,3-9096
45799,1-8797
45800,4-6306
45801,5-0176
45802,8-8440
45803,3-1592
45804,2-0593
45805,2-8140
45806,1-9714
45807,2-3467
45808,6-5240
45809,5-8203
45810,1-5102
45811,1-7697
45812,5-0888
45813,2-8221
45814,6-2292
45815,1-3699
45816,3-9991
45817,5-4523
45818,1-8415
45819,7-2452
45820,5-9065
45821,8-9206
45822,3-0590
45823,1-4783
45824,4-3612
45825,3-8794
45826,6-2604
45827,6-7462
45828,3-9906
45829,2-8877
45830,5-1903
45831,1-5459
45832,1-6796
45833,8-5731
45834,1-7204
45835,2-1320
45836,1-3737
45837,2-1879
45838,7-3870
45839,2-6564
45840,4-2344
45841,4-0237
45842,6-7637
45843,6-4929
45844,8-9235
45845,7-3493
45846,1-2780
45847,3-0246
45848,1-5257
45849,1-3580
45850,1-1284
45851,7-9602
45852,2-4294
45853,5-6070
45854,4-1625
45855,7-3154
45856,1-9368
45857,6-9819
45858,8-5180
45859,8-1357
45860,6-5749
45861,3-7667
45862,2-5732
45863,6-3031
45864,3-1868
45865,5-6513
45866,5-6308
45867,6-6332
45868,7-5076
45869,6-0394
45870,2-0668
45871,4-3393
45872,2-3695
45873,2-1671
45874,2-9397
45875,2-8443
45876,8-0322
45877,1-6824
45878,5-3100
45879,3-3533
45880,5-0971
45881,6-3608
45882,6-8003
45883,7-1695
45884,4-8790
45885,4-7119
45886,3-1128
45887,4-6372
45888,1-4678
45889,7-3479
45890,8-5080
45891,2-2893
45892,7-0607
45893,6-8179
45894,7-3457
45895,7-4323
45896,4-0791
45897,7-5888
45898,8-6670
45899,2-3180
45900,1-4535
45901,1-9632
45902,4-9058
45903,7-9591
45904,5-9268
45905,4-7148
45906,7-3793
45907,4-0577
45908,4-2382
45909,8-6889
45910,8-5771
45911,7-0675
45912,7-0057
45913,2-8952
45914,7-4131
45915,1-8099
45916,5-2608
45917,1-6716
45918,8-0330
45919,5-1253
45920,6-0239
45921,6-5178
45922,7-6487
45923,1-1076
45924,8-2615
45925,7-6953
45926,7-0913
45927,7-9999
45928,4-1839
45929,7-7955
45930,7-1757
45931,6-3663
45932,7-6930
45933,7-8420
45934,1-4750
45935,4-1120
45936,7-5540
45937,2-9400
45938,7-7606
45939,8-7203
45940,2-2259
45941,6-0641
45942,7-3959
45943,7-4166
45944,2-0917
45945,1-4860
45946,5-5290
45947,3-9327
45948,1-4644
45949,3-0676
45950,6-1010
45951,4-3253
45952,2-8368
45953,2-9602
45954,7-4095
45955,6-1510
45956,8-0221
45957,7-0840
45958,5-1020
45959,1-7985
45960,3-7164
45961,7-4101
45962,7-5236
45963,5-7225
45964,6-6359
45965,4-4404
45966,2-7928
45967,4-2967
45968,1-5233
45969,7-2786
45970,6-9388
45971,7-7005
45972,3-7271
45973,2-3752
45974,1-1847
45975,2-3920
45976,6-3354
45977,2-9618
45978,1-8955
45979,1-3801
45980,3-7686
45981,7-0166
45982,8-3370
45983,5-7077
45984,6-9825
45985,3-0753
45986,7-6032
45987,3-9980
45988,3-7024
45989,8-6774
45990,3-9713
45991,2-2884
45992,3-5729
45993,3-8496
45994,5-5155
45995,5-7570
45996,4-2556
45997,5-2915
45998,5-5666
45999,1-6278
46000,4-3755
46001,3-4698
46002,4-3621
46003,7-8531
46004,3-4750
46005,3-9442
46006,7-7797
46007,3-9590
46008,4-0222
46009,8-9757
46010,7-9570
46011,5-1038
46012,8-0180
46013,4-5319
46014,6-3220
46015,1-0426
46016,8-4013
46017,6-8755
46018,2-7239
46019,4-4313
46020,3-7626
46021,5-2518
46022,7-0447
46023,6-3591
46024,2-1515
46025,8-6037
46026,4-3614
46027,3-2771
46028,7-5527
46029,1-3437
46030,8-4601
46031,7-3438
46032,3-2278
46033,4-1818
46034,3-3904
46035,4-1427
46036,6-3084
46037,8-0089
46038,8-7153
46039,1-1435
46040,7-0005
46041,8-5940
46042,4-3674
46043,4-7255
46044,4-7004
46045,5-2728
46046,6-3735
46047,1-4103
46048,1-5848
46049,4-0122
46050,5-1767
46051,1-1844
46052,2-7841
46053,1-2310
46054,7-7286
46055,2-6136
46056,1-7474
46057,4-7866
46058,7-7793
46059,8-3354
46060,6-6520
46061,3-0656
46062,4-7412
46063,1-7613
46064,4-8495
46065,8-7520
46066,3-3946
46067,2-8978
46068,8-7275
46069,4-6270
46070,2-7588
46071,4-0455
46072,6-4468
46073,3-9892
46074,5-3151
46075,4-6975
46076,1-8815
46077,2-6383
46078,5-4074
46079,7-4087
46080,6-6833
46081,2-8914
46082,3-0353
46083,3-2911
46084,4-8167
46085,7-3091
46086,8-8897
46087,5-7426
46088,5-1590
46089,2-4811
46090,1-3591
46091,4-8914
46092,6-1666
46093,2-2903
46094,6-6684
46095,7-7426
46096,7-4667
46097,5-3866
46098,4-9365
46099,2-8559
46100,7-8664
46101,8-2626
46102,3-7485
46103,5-5168
46104,8-1673
46105,3-1752
46106,2-2549
46107,5-0097
46108,8-5404
46109,7-5335
46110,5-9580
46111,4-8425
46112,1-3147
46113,4-9329
46114,6-3285
46115,8-9035
46116,2-2983
46117,1-7467
46118,2-7675
46119,8-9336
46120,4-8472
46121,7-8788
46122,6-1625
46123,4-5145
46124,7-9188
46125,7-2314
46126,1-9634
46127,6-6565
46128,8-7333
46129,5-0290
46130,8-9382
46131,5-9691
46132,4-4017
46133,6-0367
46134,4-3465
46135,4-7037
46136,7-9532
46137,6-0509
46138,2-5653
46139,4-5179
46140,6-0869
46141,4-9787
46142,4-2912
46143,5-4601
46144,1-1421
46145,3-0929
46146,8-4983
46147,8-4222
46148,1-4897
46149,1-8287
46150,5-2422
46151,1-4947
46152,1-2163
46153,8-8270
46154,5-8186
46155,5-8837
46156,8-7992
46157,6-8274
46158,3-3917
46159,2-1467
46160,7-5020
46161,8-0850
46162,5-9450
46163,2-3844
46164,4-8649
46165,2-2496
46166,8-6451
46167,1-0049
46168,7-4062
46169,2-6725
46170,2-0521
46171,8-7113
46172,5-8085
46173,4-5245
46174,5-3533
46175,2-3758
46176,1-7278
46177,3-8531
46178,8-5298
46179,8-7814
46180,6-8602
46181,1-2187
46182,6-1034
46183,4-4522
46184,8-1090
46185,7-2079
46186,8-8648
46187,8-3674
46188,3-7355
46189,8-7092
46190,3-9579
46191,8-8884
46192,8-3383
46193,1-6685
46194,7-5024
46195,2-0211
46196,1-0443
46197,8-9230
46198,6-9689
46199,6-1427
46200,4-5615
46201,5-5062
46202,5-8521
46203,8-3175
46204,3-4544
46205,5-4802
46206,1-0020
46207,5-6869
46208,7-6901
46209,5-6970
46210,2-1819
46211,1-8822
46212,4-0438
46213,4-9207
46214,2-5391
46215,5-5229
46216,4-8451
46217,6-0786
46218,5-4245
46219,8-7538
46220,7-3725
46221,8-9539
46222,2-6168
46223,3-7085
46224,3-0256
46225,1-6485
46226,7-8184
46227,2-7728
46228,1-6800
46229,5-6587
46230,2-3736
46231,5-9861
46232,2-3429
46233,4-2538
46234,1-7132
46235,4-5476
46236,6-5405
46237,1-1175
46238,1-1455
46239,1-6693
46240,4-3474
46241,3-8325
46242,3-9778
46243,3-7635
46244,1-6884
46245,4-4212
46246,4-9445
46247,6-8791
46248,1-9932
46249,1-9167
46250,1-3103
46251,5-1633
46252,4-5250
46253,6-5846
46254,8-9259
46255,5-4960
46256,8-8815
46257,2-8100
46258,2-1570
46259,2-1180
46260,3-3981
46261,2-7487
46262,7-5723
46263,2-1633
46264,6-7463
46265,2-6771
46266,4-3432
46267,8-7749
46268,8-2428
46269,2-8229
46270,4-1516
46271,6-0809
46272,3-5396
46273,1-8850
46274,1-0544
46275,3-1979
46276,4-7457
46277,6-7575
46278,7-5336
46279,7-5449
46280,2-6859
46281,4-1545
46282,1-5001
46283,7-1408
46284,6-8020
46285,2-5496
46286,2-3798
46287,5-9404
46288,1-5148
46289,8-5434
46290,3-3538
46291,6-3880
46292,7-0044
46293,8-4048
46294,7-7221
46295,1-6764
46296,2-9321
46297,5-8259
46298,6-6496
46299,3-1507
46300,4-8993
46301,6-6538
46302,7-1135
46303,2-6571
46304,2-9161
46305,4-9906
46306,4-0160
46307,5-4826
46308,4-5480
46309,7-3355
46310,1-7715
46311,3-8835
46312,5-1419
46313,7-2763
46314,7-6349
46315,6-4642
46316,6-0513
46317,5-4508
46318,5-3504
46319,7-7567
46320,5-8042
46321,5-0904
46322,6-7982
46323,1-6110
46324,4-0344
46325,4-6979
46326,4-4916
46327,8-3208
46328,3-0386
46329,2-8743
46330,8-6599
46331,1-6124
46332,1-4751
46333,1-9353
46334,7-7357
46335,2-2703
46336,7-3892
46337,3-3741
46338,1-6536
46339,4-0287
46340,4-0541
46341,8-5246
46342,1-7317
46343,3-8852
46344,1-5484
46345,3-2999
46346,4-8491
46347,7-0972
46348,5-8605
46349,4-4560
46350,1-2694
46351,6-7370
46352,2-1204
46353,8-3685
46354,1-2196
46355,5-3017
46356,3-8894
46357,5-4575
46358,6-9541
46359,3-5988
46360,2-9710
46361,5-3053
46362,3-2750
46363,6-4011
46364,5-2515
46365,3-6638
46366,7-5870
46367,7-2929
46368,1-4224
46369,4-1458
46370,4-7731
46371,4-0506
46372,3-8100
46373,7-7366
46374,5-0829
46375,3-3724
46376,5-6372
46377,8-7486
46378,7-8234
46379,1-2086
46380,3-1227
46381,5-3763
46382,8-5760
46383,8-5980
46384,7-2094
46385,5-2197
46386,7-0179
46387,4-8172
46388,7-6157
46389,6-2609
46390,5-6072
46391,2-3616
46392,3-6949
46393,1-6284
46394,6-9580
46395,5-5601
46396,7-3249
46397,1-6350
46398,7-4613
46399,6-6037
46400,8-2622
46401,7-8389
46402,8-0235
46403,2-3639
46404,2-2827
46405,7-0507
46406,5-1318
46407,5-9018
46408,3-1398
46409,1-7929
46410,3-9443
46411,5-0264
46412,2-9718
46413,7-1281
46414,8-8081
46415,8-9440
46416,1-7077
46417,6-0349
46418,8-8853
46419,6-3599
46420,4-1696
46421,4-8393
46422,2-0630
46423,4-1254
46424,4-7522
46425,1-5825
46426,2-0216
46427,6-0931
46428,1-4438
46429,5-3265
46430,6-3166
46431,8-4582
46432,8-3182
46433,8-7871
46434,6-2324
46435,2-0859
46436,8-2646
46437,6-8761
46438,8-5135
46439,3-1515
46440,7-8290
46441,6-7010
46442,5-8266
46443,7-0028
46444,3-4385
46445,6-9042
46446,2-7156
46447,7-2255
46448,5-9855
46449,8-1236
46450,7-4280
46451,2-0354
46452,6-3004
46453,6-8269
46454,8-7355
46455,5-2368
46456,5-5129
46457,5-6963
46458,8-6188
46459,4-5640
46460,6-2574
46461,2-6528
46462,8-3195
46463,5-6676
46464,1-4149
46465,2-6782
46466,2-4436
46467,2-9106
46468,2-6558
46469,6-1068
46470,8-7870
46471,6-5869
46472,5-0091
46473,1-7056
46474,4-5524
46475,5-3778
46476,1-1595
46477,6-0265
46478,1-0270
46479,7-4494
46480,1-4426
46481,6-6724
46482,4-4016
46483,5-2837
46484,5-1410
46485,7-8221
46486,8-4070
46487,6-5082
46488,2-6437
46489,7-0068
46490,3-4184
46491,2-6620
46492,3-1579
46493,1-3392
46494,8-8387
46495,3-7090
46496,3-2875
46497,4-7377
46498,4-0847
46499,3-6722
46500,1-9160
46501,7-5323
46502,4-0743
46503,6-6929
46504,1-0984
46505,1-9540
46506,7-4442
46507,1-4618
46508,1-8507
46509,7-6180
46510,4-2141
46511,4-0957
46512,3-3658
46513,4-6211
46514,4-3902
46515,1-6746
46516,6-6132
46517,1-0862
46518,5-4544
46519,2-7969
46520,4-5122
46521,8-5075
46522,8-3025
46523,6-8273
46524,6-9400
46525,5-4288
46526,2-5457
46527,8-1879
46528,8-3904
46529,4-4056
46530,3-1334
46531,1-6287
46532,5-7491
46533,5-0117
46534,8-6020
46535,1-4543
46536,8-2207
46537,8-3995
46538,6-1527
46539,7-0929
46540,3-4937
46541,6-4230
46542,4-4232
46543,1-9618
46544,4-3343
46545,3-0857
46546,2-8561
46547,7-1550
46548,7-4468
46549,8-8179
46550,4-4467
46551,8-1079
46552,4-1151
46553,4-7290
46554,6-7450
46555,5-9809
46556,7-7141
46557,7-4994
46558,7-3735
46559,3-6020
46560,4-9378
46561,3-3208
46562,6-7563
46563,5-7520
46564,7-4953
46565,3-9730
46566,5-3043
46567,8-6848
46568,4-5523
46569,2-0021
46570,1-3375
46571,5-7052
46572,8-6606
46573,4-1372
46574,4-0516
46575,8-1319
46576,4-0238
46577,1-4983
46578,8-7243
46579,3-1349
46580,8-8683
46581,4-0526
46582,5-1839
46583,4-3672
46584,4-9113
46585,3-2120
46586,7-3030
46587,7-6198
46588,7-2499
46589,8-9962
46590,1-2228
46591,1-6523
46592,6-9159
46593,1-9386
46594,8-7218
46595,4-8174
46596,3-2814
46597,8-4079
46598,6-5514
46599,3-3549
46600,2-2455
46601,4-5477
46602,4-0675
46603,1-8638
46604,8-6080
46605,7-4697
46606,4-3533
46607,8-5770
46608,8-3109
46609,8-0528
46610,4-3808
46611,3-9153
46612,8-8335
46613,3-8712
46614,1-6550
46615,4-4005
46616,5-7068
46617,2-6693
46618,7-2448
46619,3-4756
46620,1-6051
46621,7-3929
46622,7-1965
46623,4-4503
46624,7-6551
46625,4-2656
46626,2-3328
46627,6-0923
46628,3-9681
46629,5-7653
46630,7-7503
46631,5-5884
46632,3-5949
46633,7-5550
46634,1-0293
46635,2-3663
46636,4-6346
46637,4-1253
46638,1-7872
46639,3-1795
46640,6-1169
46641,4-6034
46642,3-2487
46643,1-0519
46644,8-9233
46645,1-5678
46646,1-5797
46647,4-7461
46648,5-7695
46649,2-3859
46650,2-6049
46651,4-6649
46652,1-4624
46653,3-4270
46654,2-9725
46655,4-0236
46656,4-0147
46657,4-1887
46658,8-1124
46659,7-7136
46660,1-6735
46661,8-3578
46662,7-8164
46663,5-8630
46664,7-3314
46665,7-8922
46666,4-0829
46667,1-5151
46668,4-6849
46669,6-8418
46670,6-6195
46671,5-1910
46672,8-4341
46673,2-5131
46674,1-0353
46675,6-9140
46676,6-6793
46677,4-5589
46678,6-8780
46679,2-3814
46680,7-3475
46681,1-1096
46682,5-6907
46683,4-7458
46684,4-1394
46685,1-0880
46686,8-9446
46687,6-7615
46688,2-4908
46689,8-1726
46690,8-7883
46691,7-0724
46692,4-0845
46693,4-4854
46694,8-7267
46695,5-8155
46696,3-2086
46697,8-6231
46698,6-1878
46699,1-0756
46700,3-2980
46701,4-9724
46702,7-2977
46703,3-2909
46704,2-4477
46705,5-2299
46706,6-2118
46707,1-5638
46708,3-6320
46709,4-0371
46710,6-7770
46711,3-6026
46712,2-7599
46713,4-3526
46714,5-8265
46715,2-6143
46716,2-2792
46717,3-6339
46718,3-1464
46719,5-9858
46720,2-3117
46721,8-4501
46722,3-3568
46723,7-5294
46724,4-2098
46725,5-2439
46726,1-0061
46727,7-1483
46728,4-0855
46729,5-7968
46730,8-0666
46731,4-8125
46732,1-0249
46733,4-7038
46734,1-7418
46735,7-8258
46736,6-4732
46737,1-3848
46738,6-2719
46739,2-1193
46740,2-6495
46741,3-3333
46742,7-1411
46743,8-4271
46744,1-2279
46745,1-7899
46746,4-3788
46747,6-5506
46748,6-7877
46749,6-5135
46750,6-2973
46751,1-9133
46752,6-6362
46753,8-2876
46754,1-8996
46755,6-2645
46756,2-9525
46757,4-8196
46758,6-4582
46759,8-2979
46760,1-6674
46761,7-8502
46762,8-6127
46763,4-5646
46764,2-6682
46765,4-9992
46766,1-3876
46767,4-8709
46768,1-7561
46769,4-8462
46770,6-8199
46771,2-6966
46772,5-2072
46773,6-0920
46774,6-8194
46775,7-6623
46776,8-9360
46777,5-4208
46778,8-3714
46779,3-6469
46780,8-0131
46781,5-1263
46782,7-6225
46783,5-4493
46784,2-0495
46785,1-7029
46786,1-4653
46787,8-1930
46788,3-1736
46789,1-6632
46790,2-9373
46791,7-6250
46792,1-4728
46793,5-3004
46794,1-9642
46795,5-4031
46796,3-4047
46797,1-2259
46798,6-8681
46799,2-2408
46800,4-0955
46801,4-5183
46802,6-6874
46803,1-0189
46804,6-8741
46805,8-6875
46806,7-2897
46807,4-7727
46808,8-5429
46809,2-2206
46810,2-6691
46811,5-4221
46812,6-4571
46813,1-7083
46814,2-2918
46815,7-6518
46816,2-5866
46817,3-5645
46818,3-4651
46819,3-0843
46820,3-5260
46821,5-2843
46822,4-0806
46823,5-1320
46824,5-5204
46825,7-9900
46826,1-1937
46827,8-6398
46828,2-1474
46829,4-9655
46830,5-0116
46831,7-9782
46832,3-5389
46833,8-7438
46834,6-7461
46835,5-1349
46836,5-4730
46837,4-2128
46838,1-8555
46839,2-0784
46840,4-8128
46841,6-2530
46842,6-9527
46843,7-9286
46844,3-4217
46845,7-1734
46846,3-9917
46847,6-6945
46848,6-2843
46849,2-2372
46850,4-7375
46851,7-5380
46852,5-7178
46853,1-1242
46854,3-2514
46855,7-9909
46856,8-3190
46857,5-6049
46858,1-7481
46859,4-3778
46860,5-9495
46861,8-7062
46862,7-9117
46863,7-3341
46864,2-2811
46865,1-5077
46866,1-8641
46867,5-0300
46868,6-8365
46869,7-2581
46870,3-1424
46871,6-1971
46872,4-9677
46873,1-2881
46874,6-1171
46875,7-5614
46876,4-7469
46877,7-6931
46878,7-9020
46879,5-8654
46880,4-5550
46881,7-3225
46882,4-7960
46883,4-3713
46884,8-5826
46885,5-5230
46886,6-8068
46887,1-2934
46888,4-3776
46889,8-6336
46890,1-8683
46891,3-8297
46892,5-0247
46893,3-1703
46894,6-8349
46895,4-9709
46896,5-5650
46897,4-0933
46898,8-9702
46899,5-8812
46900,6-3921
46901,3-2671
46902,6-6616
46903,5-0131
46904,8-2902
46905,4-8902
46906,2-5905
46907,2-6611
46908,5-7730
46909,7-2024
46910,4-0197
46911,5-3002
46912,4-0205
46913,3-6582
46914,5-9225
46915,1-7399
46916,4-3767
46917,1-8749
46918,5-2784
46919,6-5120
46920,3-2957
46921,3-3510
46922,2-3826
46923,5-8215
46924,8-7808
46925,3-6144
46926,7-5970
46927,2-7038
46928,3-6881
46929,7-6451
46930,6-5344
46931,8-1542
46932,1-8686
46933,5-2716
46934,4-1195
46935,3-5773
46936,1-2165
46937,7-8888
46938,6-3898
46939,7-5653
46940,6-4614
46941,6-0335
46942,3-5385
46943,8-3742
46944,6-4521
46945,7-9093
46946,3-3931
46947,1-7037
46948,6-9075
46949,6-0424
46950,8-3662
46951,5-0291
46952,4-2565
46953,4-1933
46954,5-3675
46955,2-7423
46956,2-2691
46957,3-0497
46958,5-3681
46959,7-9330
46960,8-8720
46961,5-3205
46962,5-5430
46963,3-7957
46964,4-6343
46965,6-6610
46966,5-3051
46967,7-2544
46968,2-6195
46969,7-5946
46970,6-3214
46971,5-8743
46972,6-6217
46973,8-0846
46974,6-0189
46975,1-0817
46976,5-8554
46977,4-8509
46978,8-8660
46979,2-2615
46980,3-8024
46981,1-1789
46982,3-9167
46983,8-2187
46984,4-0229
46985,3-2250
46986,7-3843
46987,7-6097
46988,4-0723
46989,3-2577
46990,1-1308
46991,3-1489
46992,5-4972
46993,1-7182
46994,8-8024
46995,1-6906
46996,3-5564
46997,3-4820
46998,4-5561
46999,4-1205
47000,8-3521
47001,8-3771
47002,8-4683
47003,2-3415
47004,4-9554
47005,6-4220
47006,6-0320
47007,1-9296
47008,4-8074
47009,8-0618
47010,8-3542
47011,3-3468
47012,4-6873
47013,4-4091
47014,6-5926
47015,3-4596
47016,1-0787
47017,1-2925
47018,6-8657
47019,1-4944
47020,5-6475
47021,7-7824
47022,8-4588
47023,8-1675
47024,4-8650
47025,5-1941
47026,4-7349
47027,2-1593
47028,2-7836
47029,5-0130
47030,1-7557
47031,5-7224
47032,7-2726
47033,7-5693
47034,1-2352
47035,7-1911
47036,8-4764
47037,1-0307
47038,7-4858
47039,2-7512
47040,3-7834
47041,8-1018
47042,3-0760
47043,6-0507
47044,8-6388
47045,7-4425
47046,2-2896
47047,4-1922
47048,8-2740
47049,5-5845
47050,3-7738
47051,3-2606
47052,6-5333
47053,2-8122
47054,5-2774
47055,6-7613
47056,4-2218
47057,6-2142
47058,2-7966
47059,5-8620
47060,4-4255
47061,1-3912
47062,2-9488
47063,5-3240
47064,3-8108
47065,5-7152
47066,5-2529
47067,5-0859
47068,2-2707
47069,4-2776
47070,1-9605
47071,8-3827
47072,4-0898
47073,8-4896
47074,4-4316
47075,6-5842
47076,2-4256
47077,3-3552
47078,2-0539
47079,2-9271
47080,6-0962
47081,3-9255
47082,6-1026
47083,6-4757
47084,7-8907
47085,8-9975
47086,6-9160
47087,3-9482
47088,1-7373
47089,5-9208
47090,8-4132
47091,8-1819
47092,8-5111
47093,5-4742
47094,7-2698
47095,2-0544
47096,5-4996
47097,6-9171
47098,2-2521
47099,8-2804
47100,6-5001
47101,3-2995
47102,8-4007
47103,7-6384
47104,4-4223
47105,1-5549
47106,6-1030
47107,4-9140
47108,3-0208
47109,8-7677
47110,6-9177
47111,7-8497
47112,5-6689
47113,6-9373
47114,1-5898
47115,7-9975
47116,4-7175
47117,7-2239
47118,8-3628
47119,7-8582
47120,2-2635
47121,3-2559
47122,8-3313
47123,1-8278
47124,4-7877
47125,8-2058
47126,5-3700
47127,6-0974
47128,3-5543
47129,6-6443
47130,7-4079
47131,6-6189
47132,5-7553
47133,5-6709
47134,4-6552
47135,6-6884
47136,4-7160
47137,4-0005
47138,7-8324
47139,7-7060
47140,5-8301
47141,3-0544
47142,3-8665
47143,4-9539
47144,8-9721
47145,6-6251
47146,5-6822
47147,5-9321
47148,8-5182
47149,7-6865
47150,4-1111
47151,2-5921
47152,2-3842
47153,2-3250
47154,3-8722
47155,8-8684
47156,1-4875
47157,5-0788
47158,5-7063
47159,4-1040
47160,7-9211
47161,2-8396
47162,8-1855
47163,1-7025
47164,6-8039
47165,8-0878
47166,5-6584
47167,4-8839
47168,7-5269
47169,3-2288
47170,8-9733
47171,5-8879
47172,4-9226
47173,5-0029
47174,1-7042
47175,2-0138
47176,3-1636
47177,8-6206
47178,4-9649
47179,4-0809
47180,5-3573
47181,4-3282
47182,5-6778
47183,1-5704
47184,8-5929
47185,1-7276
47186,2-0314
47187,6-6583
47188,5-7866
47189,5-6431
47190,4-5897
47191,6-1995
47192,7-1691
47193,4-3129
47194,7-3695
47195,7-8596
47196,2-9255
47197,7-2846
47198,1-0872
47199,5-3349
47200,3-9427
47201,3-9359
47202,7-1140
47203,8-0069
47204,6-1604
47205,6-1054
47206,3-7185
47207,8-6818
47208,2-1992
47209,1-7427
47210,3-8613
47211,5-0590
47212,2-9172
47213,2-0172
47214,8-8672
47215,6-2740
47216,5-7933
47217,2-3668
47218,6-4549
47219,2-9695
47220,2-8644
47221,2-4516
47222,8-2590
47223,8-0291
47224,3-3445
47225,4-3413
47226,6-8343
47227,2-3208
47228,6-4057
47229,7-3312
47230,1-9737
47231,4-8892
47232,3-7952
47233,4-9343
47234,7-7204
47235,7-9178
47236,8-7597
47237,3-9570
47238,4-7238
47239,5-0287
47240,7-9812
47241,7-6725
47242,6-4828
47243,2-7903
47244,5-8151
47245,5-9999
47246,5-4458
47247,7-5647
47248,8-2244
47249,5-4348
47250,5-3815
47251,6-5909
47252,3-5222
47253,8-6627
47254,6-0552
47255,6-0021
47256,6-0638
47257,4-5957
47258,8-4641
47259,1-7271
47260,5-3714
47261,3-5778
47262,4-5470
47263,4-6055
47264,8-1015
47265,2-1056
47266,8-2081
47267,8-1249
47268,3-4109
47269,8-3761
47270,7-8819
47271,7-1196
47272,6-7040
47273,4-6623
47274,2-6056
47275,4-6606
47276,2-6107
47277,1-4454
47278,2-5997
47279,2-1032
47280,4-4147
47281,3-2380
47282,8-4256
47283,6-2585
47284,6-8697
47285,3-8470
47286,8-6330
47287,8-0443
47288,1-3352
47289,1-4401
47290,8-5157
47291,2-1309
47292,5-2062
47293,2-6397
47294,8-7191
47295,5-1667
47296,4-8318
47297,7-3865
47298,4-5608
47299,8-1240
47300,3-2262
47301,6-1784
47302,1-3867
47303,1-7732
47304,7-7975
47305,7-1522
47306,5-0165
47307,2-6525
47308,5-3439
47309,8-2347
47310,5-5349
47311,7-6993
47312,6-7361
47313,3-6498
47314,7-5737
47315,2-2724
47316,8-0243
47317,1-0471
47318,8-3302
47319,7-0598
47320,1-5290
47321,2-7676
47322,7-3219
47323,5-6040
47324,6-9852
47325,3-7616
47326,7-3204
47327,1-3168
47328,6-2465
47329,1-5217
47330,4-7315
47331,3-0097
47332,5-2621
47333,5-9560
47334,6-1879
47335,1-6614
47336,6-3977
47337,7-8737
47338,1-3447
47339,7-5313
47340,7-3279
47341,5-8509
47342,6-9002
47343,2-9682
47344,6-4395
47345,6-5274
47346,3-7912
47347,5-2739
47348,2-7846
47349,1-9664
47350,7-2817
47351,8-6114
47352,2-8861
47353,2-9531
47354,7-3875
47355,7-1898
47356,3-1090
47357,8-9865
47358,7-5538
47359,4-0816
47360,3-9599
47361,5-5744
47362,2-0690
47363,8-4668
47364,1-6887
47365,3-8236
47366,3-9202
47367,4-8205
47368,4-9746
47369,1-0810
47370,2-8795
47371,7-5793
47372,7-8142
47373,6-8793
47374,6-5661
47375,5-3886
47376,5-8963
47377,6-2347
47378,1-9173
47379,6-9308
47380,5-0433
47381,4-9421
47382,7-7701
47383,7-3912
47384,1-2501
47385,3-4432
47386,5-0541
47387,8-3993
47388,3-9451
47389,7-5551
47390,7-4600
47391,7-6700
47392,7-3428
47393,2-7361
47394,6-0493
47395,6-6088
47396,3-3286
47397,2-2039
47398,5-3243
47399,2-1728
47400,3-3859
47401,3-7055
47402,3-2109
47403,6-8486
47404,2-5527
47405,5-1867
47406,2-4649
47407,6-3091
47408,6-9498
47409,1-2978
47410,4-3177
47411,6-6745
47412,3-9705
47413,6-7727
47414,6-5282
47415,5-1409
47416,2-7788
47417,3-6611
47418,7-5798
47419,1-0513
47420,2-7570
47421,7-4171
47422,5-6014
47423,3-7392
47424,3-3948
47425,5-1557
47426,3-0840
47427,7-7465
47428,6-8882
47429,3-4275
47430,5-6968
47431,1-9776
47432,5-6345
47433,5-2322
47434,6-7469
47435,6-6744
47436,5-4084
47437,8-0650
47438,8-9283
47439,8-1409
47440,4-1267
47441,2-4528
47442,7-9948
47443,8-5022
47444,5-4349
47445,8-3895
47446,1-2650
47447,4-3387
47448,2-4480
47449,5-3336
47450,5-7187
47451,4-5071
47452,5-1647
47453,8-2981
47454,8-9493
47455,1-1110
47456,4-4614
47457,3-2249
47458,4-1258
47459,8-5591
47460,8-3398
47461,8-9365
47462,6-6760
47463,1-3208
47464,5-9227
47465,2-1569
47466,3-3316
47467,7-6724
47468,5-6419
47469,1-8327
47470,5-0498
47471,2-2653
47472,3-4114
47473,1-3140
47474,5-7451
47475,5-8462
47476,5-2675
47477,4-4411
47478,1-7816
47479,4-2590
47480,6-2836
47481,5-3544
47482,7-7981
47483,7-1287
47484,1-5971
47485,7-3193
47486,4-3591
47487,5-4232
47488,8-8566
47489,7-7203
47490,2-3022
47491,6-2472
47492,6-1065
47493,1-0015
47494,8-6160
47495,8-8111
47496,4-2153
47497,3-1159
47498,5-6288
47499,1-6046
47500,1-9237
47501,4-2229
47502,7-8576
47503,8-2557
47504,1-3412
47505,5-0992
47506,3-2979
47507,5-2727
47508,1-9361
47509,3-9113
47510,5-6225
47511,7-4086
47512,3-2051
47513,6-8698
47514,7-4121
47515,3-5574
47516,5-2581
47517,2-5768
47518,2-5032
47519,8-1340
47520,5-0347
47521,4-0621
47522,1-2369
47523,6-3829
47524,4-2371
47525,8-7608
47526,8-3705
47527,5-1630
47528,7-1440
47529,2-0562
47530,1-9817
47531,6-2667
47532,8-5371
47533,6-3061
47534,3-9415
47535,4-1977
47536,7-5244
47537,2-3071
47538,8-6091
47539,5-9667
47540,1-1823
47541,8-2599
47542,5-8741
47543,5-1598
47544,6-6854
47545,6-1227
47546,4-9089
47547,7-1011
47548,2-9310
47549,6-5049
47550,4-3152
47551,4-9305
47552,2-2684
47553,6-2130
47554,2-3465
47555,8-5628
47556,8-6030
47557,3-7867
47558,1-5838
47559,6-0934
47560,3-1033
47561,7-3885
47562,5-7016
47563,4-4292
47564,4-5808
47565,5-9497
47566,5-6683
47567,7-2337
47568,5-1055
47569,8-5445
47570,7-8784
47571,2-7717
47572,5-3677
47573,2-6387
47574,2-1340
47575,8-0830
47576,1-8883
47577,5-8440
47578,4-8367
47579,6-9611
47580,8-4504
47581,3-0069
47582,6-4883
47583,2-6164
47584,4-5947
47585,4-8117
47586,7-1020
47587,8-4918
47588,8-3446
47589,2-4386
47590,1-2551
47591,5-7555
47592,7-1478
47593,2-8231
47594,1-8871
47595,3-3669
47596,5-9731
47597,5-6365
47598,5-4954
47599,2-8555
47600,3-7747
47601,6-7638
47602,3-3193
47603,3-2201
47604,3-5477
47605,6-7279
47606,7-5231
47607,8-5527
47608,6-0922
47609,8-0641
47610,1-8725
47611,5-0057
47612,1-7551
47613,7-6298
47614,3-3673
47615,8-0684
47616,7-8073
47617,5-8033
47618,2-9049
47619,3-1217
47620,8-9270
47621,1-2441
47622,7-3549
47623,5-8058
47624,2-1245
47625,5-6543
47626,1-8980
47627,4-5900
47628,4-7028
47629,3-1310
47630,1-0388
47631,8-1289
47632,6-7916
47633,5-3525
47634,8-1836
47635,1-3066
47636,6-1887
47637,4-3218
47638,8-8623
47639,4-0458
47640,1-1225
47641,7-9636
47642,6-4756
47643,8-4255
47644,5-2238
47645,8-7653
47646,1-1202
47647,5-0305
47648,7-1517
47649,8-7965
47650,5-3141
47651,5-6021
47652,6-3606
47653,7-1585
47654,1-8129
47655,6-3361
47656,5-2611
47657,5-9290
47658,4-1881
47659,4-9083
47660,1-3735
47661,5-3608
47662,4-5417
47663,7-0784
47664,7-0873
47665,3-8658
47666,5-8153
47667,7-7807
47668,6-6857
47669,6-0990
47670,6-7917
47671,1-3988
47672,7-0089
47673,3-7482
47674,7-7261
47675,5-1751
47676,2-7581
47677,3-2224
47678,8-1723
47679,3-0894
47680,7-8007
47681,2-9733
47682,5-9950
47683,8-1933
47684,1-0531
47685,7-2750
47686,7-1397
47687,2-8326
47688,4-7679
47689,7-2660
47690,2-5505
47691,5-2574
47692,1-7569
47693,8-5853
47694,5-4371
47695,2-5943
47696,7-2371
47697,7-5601
47698,1-8254
47699,6-3255
47700,2-4106
47701,5-5974
47702,3-3731
47703,7-5719
47704,6-8374
47705,4-8987
47706,2-2843
47707,3-9364
47708,6-5130
47709,4-4526
47710,5-0534
47711,8-3612
47712,7-2296
47713,5-5035
47714,8-0411
47715,6-7441
47716,1-2748
47717,2-1012
47718,1-2486
47719,4-1152
47720,3-3626
47721,1-4849
47722,7-7487
47723,1-8517
47724,5-6519
47725,2-6400
47726,3-6401
47727,2-0552
47728,5-6477
47729,5-3072
47730,6-0906
47731,4-9838
47732,8-0394
47733,1-4281
47734,8-8135
47735,1-1646
47736,3-4029
47737,2-8268
47738,5-8209
47739,4-6864
47740,6-1591
47741,8-5866
47742,4-8009
47743,6-7490
47744,3-0735
47745,1-3713
47746,1-0427
47747,4-4367
47748,8-4976
47749,1-0122
47750,4-9850
47751,6-8041
47752,8-8903
47753,5-2743
47754,1-1444
47755,1-4337
47756,7-6481
47757,8-3096
47758,4-0112
47759,3-7724
47760,3-4815
47761,8-9154
47762,2-5547
47763,5-5718
47764,3-2185
47765,5-8655
47766,6-4368
47767,8-3777
47768,5-0825
47769,7-0516
47770,2-3771
47771,3-4407
47772,6-0998
47773,2-5089
47774,4-3540
47775,3-7811
47776,3-6770
47777,2-4240
47778,3-3314
47779,2-9493
47780,8-4351
47781,3-1113
47782,6-1214
47783,1-9049
47784,3-5494
47785,7-9194
47786,6-8373
47787,4-3350
47788,7-0708
47789,4-2799
47790,3-8437
47791,6-0398
47792,3-5180
47793,2-8727
47794,2-5502
47795,1-2903
47796,5-3986
47797,8-3202
47798,3-5590
47799,6-0647
47800,2-8481
47801,2-2085
47802,2-5322
47803,5-0905
47804,7-1226
47805,4-3160
47806,2-3561
47807,5-4172
47808,4-2471
47809,7-4105
47810,8-5985
47811,2-6369
47812,6-5056
47813,5-3451
47814,3-7843
47815,3-8467
47816,7-3298
47817,1-0487
47818,4-3244
47819,5-1809
47820,6-3832
47821,8-0814
47822,8-8960
47823,6-3973
47824,3-9375
47825,1-1154
47826,7-9583
47827,2-7053
47828,3-2670
47829,7-3523
47830,1-4628
47831,3-4347
47832,4-1662
47833,7-5549
47834,1-8639
47835,4-8716
47836,1-3815
47837,4-0985
47838,4-5370
47839,4-0049
47840,5-1510
47841,4-0156
47842,3-5479
47843,1-0302
47844,3-5881
47845,1-4140
47846,1-1185
47847,5-2465
47848,2-3947
47849,6-8756
47850,3-8690
47851,3-5497
47852,5-6098
47853,4-9785
47854,8-3524
47855,8-2019
47856,7-9239
47857,8-5506
47858,4-7192
47859,1-3124
47860,7-5602
47861,2-2458
47862,3-5287
47863,5-0431
47864,4-0116
47865,6-2269
47866,2-1159
47867,2-8665
47868,1-9300
47869,2-0493
47870,7-8803
47871,5-3345
47872,4-2276
47873,6-4018
47874,7-1864
47875,1-2776
47876,5-0306
47877,3-1079
47878,1-8170
47879,2-9191
47880,7-6464
47881,7-3845
47882,8-5252
47883,8-9247
47884,3-7860
47885,6-9047
47886,8-2341
47887,8-1862
47888,1-5861
47889,5-5030
47890,4-2477
47891,3-4931
47892,8-6828
47893,4-9147
47894,6-8449
47895,5-3537
47896,8-7091
47897,1-8523
47898,1-8316
47899,6-0289
47900,1-7781
47901,4-5593
47902,4-5095
47903,7-1091
47904,6-2762
47905,1-1591
47906,7-0124
47907,4-8799
47908,7-2974
47909,5-4409
47910,6-4570
47911,6-5826
47912,3-0596
47913,8-5824
47914,5-9959
47915,6-1189
47916,2-4907
47917,3-5003
47918,5-4062
47919,6-6638
47920,1-4144
47921,6-2829
47922,2-8791
47923,4-6388
47924,4-8419
47925,1-7808
47926,1-7169
47927,7-4840
47928,1-2027
47929,1-4304
47930,2-6426
47931,7-9726
47932,2-5489
47933,6-4353
47934,3-4514
47935,8-3640
47936,6-3908
47937,8-4067
47938,6-1758
47939,3-7049
47940,2-7546
47941,3-5908
47942,4-8078
47943,5-9639
47944,1-6977
47945,2-2050
47946,7-5824
47947,8-0310
47948,3-9548
47949,7-0359
47950,3-1853
47951,7-7718
47952,7-3410
47953,8-1500
47954,2-3645
47955,5-9099
47956,2-0791
47957,5-9897
47958,1-9953
47959,1-9259
47960,1-6129
47961,5-8636
47962,7-9050
47963,1-9656
47964,7-8782
47965,4-8868
47966,1-3457
47967,7-2577
47968,5-9052
47969,7-3753
47970,1-9572
47971,5-9768
47972,7-1859
47973,4-1605
47974,1-2746
47975,6-3315
47976,7-3038
47977,4-4039
47978,5-1859
47979,5-3907
47980,4-3546
47981,7-6676
47982,8-7796
47983,5-5707
47984,2-2072
47985,6-0749
47986,6-4104
47987,6-4183
47988,7-1932
47989,4-4670
47990,3-3763
47991,1-6605
47992,8-6083
47993,5-2206
47994,8-2422
47995,5-8651
47996,3-2683
47997,3-5975
47998,7-6301
47999,6-0789
48000,5-3965
48001,7-1666
48002,1-6135
48003,6-8288
48004,8-3589
48005,6-4874
48006,8-5909
48007,2-1595
48008,6-5966
48009,8-3022
48010,6-4469
48011,4-1039
48012,8-1186
48013,8-6722
48014,5-6460
48015,5-5633
48016,3-0002
48017,6-1801
48018,7-6679
48019,5-8130
48020,2-2980
48021,6-5530
48022,1-0434
48023,2-4695
48024,2-9620
48025,4-1616
48026,8-8164
48027,8-8835
48028,4-6382
48029,1-0861
48030,1-0028
48031,2-1233
48032,4-0233
48033,1-1941
48034,4-7222
48035,2-2538
48036,6-3376
48037,2-0148
48038,6-7235
48039,1-3769
48040,5-3227
48041,7-9501
48042,6-5099
48043,8-7769
48044,5-2523
48045,4-4951
48046,6-4889
48047,1-7087
48048,8-1199
48049,4-9351
48050,1-5640
48051,8-8415
48052,1-1506
48053,8-3410
48054,2-6913
48055,8-3009
48056,1-1274
48057,7-2772
48058,4-2155
48059,1-0748
48060,8-8456
48061,1-3380
48062,7-5334
48063,3-0113
48064,7-8406
48065,2-7173
48066,5-3313
48067,3-9203
48068,1-4255
48069,7-5978
48070,2-0693
48071,6-4603
48072,6-9961
48073,4-2560
48074,3-6562
48075,1-9686
48076,4-0470
48077,3-1355
48078,3-8654
48079,6-3558
48080,5-3372
48081,2-7459
48082,1-7623
48083,8-7278
48084,1-2832
48085,2-7917
48086,2-8064
48087,7-1238
48088,3-8272
48089,3-1463
48090,2-1972
48091,7-3392
48092,6-1105
48093,7-0493
48094,6-7585
48095,6-3405
48096,4-5107
48097,8-8494
48098,2-6460
48099,1-6140
48100,2-4736
48101,5-3842
48102,3-5232
48103,6-2136
48104,2-5976
48105,3-4128
48106,5-9730
48107,8-9972
48108,1-6907
48109,6-6390
48110,8-1395
48111,4-8920
48112,6-4200
48113,7-1760
48114,3-8418
48115,1-8341
48116,8-2303
48117,8-2223
48118,5-5848
48119,7-9035
48120,2-0166
48121,4-5630
48122,4-4278
48123,3-2548
48124,3-4849
48125,1-5690
48126,8-1084
48127,6-3997
48128,3-1282
48129,8-7611
48130,5-3132
48131,1-3238
48132,8-1097
48133,5-4102
48134,1-9404
48135,7-6785
48136,5-4927
48137,2-5414
48138,2-0990
48139,7-9292
48140,6-7875
48141,2-5113
48142,4-8622
48143,5-9620
48144,3-5788
48145,6-5328
48146,8-9460
48147,5-8410
48148,6-7487
48149,7-5119
48150,2-4650
48151,3-0324
48152,6-3316
48153,2-7982
48154,4-3195
48155,8-5550
48156,6-3148
48157,7-8103
48158,3-1383
48159,4-4409
48160,4-7714
48161,6-9694
48162,2-7671
48163,3-9888
48164,6-0933
48165,4-7979
48166,2-2170
48167,3-0679
48168,7-8571
48169,2-3074
48170,2-7817
48171,3-1644
48172,7-9094
48173,8-7168
48174,3-1058
48175,2-3045
48176,6-8174
48177,2-5001
48178,8-3861
48179,2-1188
48180,8-0948
48181,7-6066
48182,8-0911
48183,5-3052
48184,8-7053
48185,8-3394
48186,1-0606
48187,7-1267
48188,1-9943
48189,8-2946
48190,5-7816
48191,5-9100
48192,7-5122
48193,2-9741
48194,6-5226
48195,2-7528
48196,4-8857
48197,5-6334
48198,8-4180
48199,1-1203
48200,5-6442
48201,3-5947
48202,8-7468
48203,5-7886
48204,2-6359
48205,5-0145
48206,1-1760
48207,3-2430
48208,2-9094
48209,7-8750
48210,7-6124
48211,7-7331
48212,4-3880
48213,5-0164
48214,5-5735
48215,6-7614
48216,5-0509
48217,8-9013
48218,2-3515
48219,8-0882
48220,5-1847
48221,7-9630
48222,2-8161
48223,3-7206
48224,8-2337
48225,2-9643
48226,6-3438
48227,8-6501
48228,6-2044
48229,6-0710
48230,6-1004
48231,1-4446
48232,8-8653
48233,3-0930
48234,4-4838
48235,4-0412
48236,7-4107
48237,4-8173
48238,3-2946
48239,4-8510
48240,2-6256
48241,5-2976
48242,4-4691
48243,5-2402
48244,1-6259
48245,4-2876
48246,2-0571
48247,5-3010
48248,3-1815
48249,7-4452
48250,6-5114
48251,5-0113
48252,6-2344
48253,7-1614
48254,8-5285
48255,2-3221
48256,6-0635
48257,7-6691
48258,7-4650
48259,3-1080
48260,8-9330
48261,2-9920
48262,4-3731
48263,2-3171
48264,7-8472
48265,8-4526
48266,2-1063
48267,7-4032
48268,7-5010
48269,5-8469
48270,6-8462
48271,4-4520
48272,7-7231
48273,4-4585
48274,3-5070
48275,2-7673
48276,2-8085
48277,2-9359
48278,3-7053
48279,8-0222
48280,4-8065
48281,1-7257
48282,5-7497
48283,5-6804
48284,7-0915
48285,2-7123
48286,8-2857
48287,5-0312
48288,3-7190
48289,3-1783
48290,5-8338
48291,2-4757
48292,1-5998
48293,7-2121
48294,7-4954
48295,8-5291
48296,8-7352
48297,4-8441
48298,7-1573
48299,5-9773
48300,5-6738
48301,2-2702
48302,7-3767
48303,6-5949
48304,4-4210
48305,8-0459
48306,7-6558
48307,7-4723
48308,8-6744
48309,8-6405
48310,2-1851
48311,8-6659
48312,5-5631
48313,3-1886
48314,2-0342
48315,8-5600
48316,5-0358
48317,4-9947
48318,4-2924
48319,2-4220
48320,2-7657
48321,7-6081
48322,3-8625
48323,1-4494
48324,1-5119
48325,5-0313
48326,4-2192
48327,3-4996
48328,8-2703
48329,8-8665
48330,6-5924
48331,3-1908
48332,4-8285
48333,7-3521
48334,1-4184
48335,8-9174
48336,6-5714
48337,1-5516
48338,2-8614
48339,7-3070
48340,5-3119
48341,5-0169
48342,3-4398
48343,6-2611
48344,4-3909
48345,7-7014
48346,5-6600
48347,1-0451
48348,6-3556
48349,4-6268
48350,8-7626
48351,2-5545
48352,8-5769
48353,3-0918
48354,8-1478
48355,8-6769
48356,7-0825
48357,4-6690
48358,5-0175
48359,4-8018
48360,5-8317
48361,7-4674
48362,6-5898
48363,4-7480
48364,8-2569
48365,4-0917
48366,7-7019
48367,2-5261
48368,5-0778
48369,3-4115
48370,8-4650
48371,4-9136
48372,8-0048
48373,2-6551
48374,4-8453
48375,6-4595
48376,8-3371
48377,7-0511
48378,2-5101
48379,5-0777
48380,4-9375
48381,5-0939
48382,3-9333
48383,6-4862
48384,3-8529
48385,3-5812
48386,3-7329
48387,5-8663
48388,4-1276
48389,1-4120
48390,4-9484
48391,8-9398
48392,7-0792
48393,7-9944
48394,5-7597
48395,4-8217
48396,7-4309
48397,4-8471
48398,8-5370
48399,2-3978
48400,2-2875
48401,3-1271
48402,7-2672
48403,7-5844
48404,5-1384
48405,4-5886
48406,4-8454
48407,7-6059
48408,4-7719
48409,4-4062
48410,7-0429
48411,1-0217
48412,5-1783
48413,6-1669
48414,4-6640
48415,1-6876
48416,1-8180
48417,2-7514
48418,2-5481
48419,4-5904
48420,7-5105
48421,2-8873
48422,3-7075
48423,1-1279
48424,6-0884
48425,6-3153
48426,4-6976
48427,3-8276
48428,1-9046
48429,7-5900
48430,6-3891
48431,5-8590
48432,6-4491
48433,3-5972
48434,4-1812
48435,6-1084
48436,3-0395
48437,2-4798
48438,3-7425
48439,5-4989
48440,3-9089
48441,7-5442
48442,4-2177
48443,5-2015
48444,5-2662
48445,4-0820
48446,8-4055
48447,6-8917
48448,1-0165
48449,3-9050
48450,7-8337
48451,2-0950
48452,4-2103
48453,8-0192
48454,2-5199
48455,4-5744
48456,8-8430
48457,8-4538
48458,1-3025
48459,2-0888
48460,5-4987
48461,8-1890
48462,2-6687
48463,8-4605
48464,1-9057
48465,4-0671
48466,7-6214
48467,8-7415
48468,6-4392
48469,8-1857
48470,8-4657
48471,5-1222
48472,8-2295
48473,2-4274
48474,6-7901
48475,4-6355
48476,7-9168
48477,4-3781
48478,7-4546
48479,4-4260
48480,7-2894
48481,3-4098
48482,4-0282
48483,6-4105
48484,3-3640
48485,8-4088
48486,6-6276
48487,5-6270
48488,5-9323
48489,6-9445
48490,1-2958
48491,6-3875
48492,1-8147
48493,7-7897
48494,7-0610
48495,7-0309
48496,7-9378
48497,6-3925
48498,4-5515
48499,7-1457
48500,5-6862
48501,8-0744
48502,4-2475
48503,4-0584
48504,2-3727
48505,8-7258
48506,1-6557
48507,7-5062
48508,4-2564
48509,1-7801
48510,6-0401
48511,2-8056
48512,3-4578
48513,3-9618
48514,3-5613
48515,5-6617
48516,2-7351
48517,5-5510
48518,3-0314
48519,4-2394
48520,7-0015
48521,2-3748
48522,8-8502
48523,5-5411
48524,3-2022
48525,2-6478
48526,2-4955
48527,2-0677
48528,8-4520
48529,6-7286
48530,2-2748
48531,4-4536
48532,1-6671
48533,7-6866
48534,1-6342
48535,1-6872
48536,7-0056
48537,8-7414
48538,6-0308
48539,6-2954
48540,6-1422
48541,3-2028
48542,3-9457
48543,3-7287
48544,2-1291
48545,4-1931
48546,5-5579
48547,4-5388
48548,1-6662
48549,3-8814
48550,1-5868
48551,7-3972
48552,8-6087
48553,7-9138
48554,5-0170
48555,5-2615
48556,5-9967
48557,8-1229
48558,1-6589
48559,4-7430
48560,6-3550
48561,4-6972
48562,7-9762
48563,5-7767
48564,6-6302
48565,1-7391
48566,4-1561
48567,6-9036
48568,1-4793
48569,2-1832
48570,7-3383
48571,3-4065
48572,4-0376
48573,1-7664
48574,8-5844
48575,7-7581
48576,5-7177
48577,8-4142
48578,7-8180
48579,3-0569
48580,1-0725
48581,7-3411
48582,5-3800
48583,2-9784
48584,4-0072
48585,5-7470
48586,3-1160
48587,3-6210
48588,6-4847
48589,1-8865
48590,1-7976
48591,4-9564
48592,7-5572
48593,8-0087
48594,1-6337
48595,2-3724
48596,2-4132
48597,5-2314
48598,3-7145
48599,4-8701
48600,3-5581
48601,2-7360
48602,6-5253
48603,4-7096
48604,2-2640
48605,1-2235
48606,5-6149
48607,8-0539
48608,2-4255
48609,3-6303
48610,8-9461
48611,2-4994
48612,8-6028
48613,5-3877
48614,4-5914
48615,2-8514
48616,6-4215
48617,4-5802
48618,2-7492
48619,7-5929
48620,1-1684
48621,5-6273
48622,4-4354
48623,5-5090
48624,2-7641
48625,8-1952
48626,8-7303
48627,1-7882
48628,5-2944
48629,5-1638
48630,8-3513
48631,8-0112
48632,3-0591
48633,6-9363
48634,7-1222
48635,1-0978
48636,1-8931
48637,4-5206
48638,3-1650
48639,7-4201
48640,8-9788
48641,3-0629
48642,6-9911
48643,5-8993
48644,7-7313
48645,8-9141
48646,5-9664
48647,7-5867
48648,7-4585
48649,8-5660
48650,8-4487
48651,1-4910
48652,1-7525
48653,6-8417
48654,6-7263
48655,5-6142
48656,3-8984
48657,3-8153
48658,6-0076
48659,3-8407
48660,3-2388
48661,3-6470
48662,3-3985
48663,6-5616
48664,5-2811
48665,2-6249
48666,7-7214
48667,3-1985
48668,6-9844
48669,6-0436
48670,5-1456
48671,1-2927
48672,3-3817
48673,4-6515
48674,2-3794
48675,8-0075
48676,5-2131
48677,1-0250
48678,1-4749
48679,6-3702
48680,4-8411
48681,5-1294
48682,2-2934
48683,6-1919
48684,6-5560
48685,2-4646
48686,6-9814
48687,4-1744
48688,5-6630
48689,3-9348
48690,6-7866
48691,6-1959
48692,5-7517
48693,6-9932
48694,8-6844
48695,2-6348
48696,4-0449
48697,7-7844
48698,4-1219
48699,6-7387
48700,1-2635
48701,6-5563
48702,1-1570
48703,6-0075
48704,4-5782
48705,1-5831
48706,5-1709
48707,2-3182
48708,8-9809
48709,1-3557
48710,2-9918
48711,3-1201
48712,5-4641
48713,7-3409
48714,7-9267
48715,7-2387
48716,5-5872
48717,8-4230
48718,3-2704
48719,7-1138
48720,2-5256
48721,1-9633
48722,5-0243
48723,3-1150
48724,7-7643
48725,5-6031
48726,1-0490
48727,6-9596
48728,3-0902
48729,3-1634
48730,3-2203
48731,6-9120
48732,2-0335
48733,6-6116
48734,3-6871
48735,2-5071
48736,2-8413
48737,6-9563
48738,3-8939
48739,4-2422
48740,8-7881
48741,1-2514
48742,7-9723
48743,7-3823
48744,8-7306
48745,1-4021
48746,1-9883
48747,4-4663
48748,8-0905
48749,1-5099
48750,1-5472
48751,3-3643
48752,7-5115
48753,8-5067
48754,1-1376
48755,6-3345
48756,2-2249
48757,4-3995
48758,8-8837
48759,8-0037
48760,1-0448
48761,4-4324
48762,1-7416
48763,5-5882
48764,8-4914
48765,2-8953
48766,8-6773
48767,2-1552
48768,2-5458
48769,7-2377
48770,3-4611
48771,1-9009
48772,6-7414
48773,5-2932
48774,2-8352
48775,4-6421
48776,6-8450
48777,4-9157
48778,6-4383
48779,5-6082
48780,7-5816
48781,7-8516
48782,8-2026
48783,2-7626
48784,8-6942
48785,8-7958
48786,8-6467
48787,8-3215
48788,7-9140
48789,2-4202
48790,2-7616
48791,6-3486
48792,1-3958
48793,8-6228
48794,6-7593
48795,4-8966
48796,2-1146
48797,4-3943
48798,6-0768
48799,3-7227
48800,6-2697
48801,2-2659
48802,8-0035
48803,2-9776
48804,8-4750
48805,4-2237
48806,3-0340
48807,1-0435
48808,3-0802
48809,5-3077
48810,2-4688
48811,1-0922
48812,5-5617
48813,4-8307
48814,7-9752
48815,6-5788
48816,5-6652
48817,2-1492
48818,7-0589
48819,4-3279
48820,4-9408
48821,3-9732
48822,8-4057
48823,7-6274
48824,7-4118
48825,3-2756
48826,3-6437
48827,5-0982
48828,8-0974
48829,7-0625
48830,6-4263
48831,4-5966
48832,6-6190
48833,2-2639
48834,5-5591
48835,8-7610
48836,7-3606
48837,8-8086
48838,4-6919
48839,5-0485
48840,3-2331
48841,8-4744
48842,2-6079
48843,3-9031
48844,1-7743
48845,5-2886
48846,5-0261
48847,1-6491
48848,6-3602
48849,5-4640
48850,8-4152
48851,5-6183
48852,8-8495
48853,7-3156
48854,2-0329
48855,6-0895
48856,4-2817
48857,8-6074
48858,6-2185
48859,4-6877
48860,2-1581
48861,7-1471
48862,8-2415
48863,1-9452
48864,7-0700
48865,5-6392
48866,2-9970
48867,7-2306
48868,8-9886
48869,4-4682
48870,5-5487
48871,6-8119
48872,6-2683
48873,5-2059
48874,6-6194
48875,5-8231
48876,2-2584
48877,1-1988
48878,5-0569
48879,7-9711
48880,5-5244
48881,3-5006
48882,3-4168
48883,2-2550
48884,6-9587
48885,8-8003
48886,8-3122
48887,6-1363
48888,8-7675
48889,8-5208
48890,5-0887
48891,4-7673
48892,3-9854
48893,8-7170
48894,7-4182
48895,5-3406
48896,5-7091
48897,4-9661
48898,1-5441
48899,8-9506
48900,5-4587
48901,6-9133
48902,6-5824
48903,2-8800
48904,4-0893
48905,5-6228
48906,4-3254
48907,7-1664
48908,4-6275
48909,6-7761
48910,1-5695
48911,5-9434
48912,5-0878
48913,5-6047
48914,6-3296
48915,2-3560
48916,3-9052
48917,8-6781
48918,1-5877
48919,1-6831
48920,1-3889
48921,1-9116
48922,7-3745
48923,5-5809
48924,4-5210
48925,7-0922
48926,4-2982
48927,8-3881
48928,2-9520
48929,4-3286
48930,3-8129
48931,7-8302
48932,7-5642
48933,8-5854
48934,2-0626
48935,4-0174
48936,7-9204
48937,6-6415
48938,5-0943
48939,1-0045
48940,8-1378
48941,3-9004
48942,4-1325
48943,6-5941
48944,1-2355
48945,7-7890
48946,8-5330
48947,3-5562
48948,5-2966
48949,3-8405
48950,5-1234
48951,8-8115
48952,2-2015
48953,3-6115
48954,6-6086
48955,6-0318
48956,8-1679
48957,3-2341
48958,7-1098
48959,1-1785
48960,5-6581
48961,7-7499
48962,5-4079
48963,2-2581
48964,4-6734
48965,3-6533
48966,1-5862
48967,1-9263
48968,2-5517
48969,1-5293
48970,4-4408
48971,7-3013
48972,1-1430
48973,3-6285
48974,1-3986
48975,3-2162
48976,2-1201
48977,4-9336
48978,8-7893
48979,4-6806
48980,7-4232
48981,7-1847
48982,4-0705
48983,5-5202
48984,8-9891
48985,5-0446
48986,7-3933
48987,8-6025
48988,4-4961
48989,4-1251
48990,8-3474
48991,3-7025
48992,3-5025
48993,1-5309
48994,3-6116
48995,6-0250
48996,7-6712
48997,6-2628
48998,1-9662
48999,8-9395
49000,6-7582
49001,8-9001
49002,2-0058
49003,6-3690
49004,6-0491
49005,2-1803
49006,6-6445
49007,4-3301
49008,1-5772
49009,4-0591
49010,6-3594
49011,6-1188
49012,8-1061
49013,8-1040
49014,4-2625
49015,7-4197
49016,4-6511
49017,7-7124
49018,8-6960
49019,3-1137
49020,8-5216
49021,5-0530
49022,1-6621
49023,2-7985
49024,6-0674
49025,5-5556
49026,2-1860
49027,6-8843
49028,2-5097
49029,3-4327
49030,8-0587
49031,5-7482
49032,1-2668
49033,3-8559
49034,6-2343
49035,1-7496
49036,4-9844
49037,3-7522
49038,6-1684
49039,2-8305
49040,7-6811
49041,1-8484
49042,1-1114
49043,4-8996
49044,7-9449
49045,6-1938
49046,2-8786
49047,1-7304
49048,3-2092
49049,7-4353
49050,7-5339
49051,1-9763
49052,4-6433
49053,2-3296
49054,2-8306
49055,4-0085
49056,2-9201
49057,2-0352
49058,4-1438
49059,8-5537
49060,4-2026
49061,8-2181
49062,4-9845
49063,6-6771
49064,1-4987
49065,5-7143
49066,8-4533
49067,6-2781
49068,5-4940
49069,7-7963
49070,6-1185
49071,5-3661
49072,4-0353
49073,7-4339
49074,4-7380
49075,2-1073
49076,4-3036
49077,3-2950
49078,7-1966
49079,2-6604
49080,7-8330
49081,5-1005
49082,5-6113
49083,3-9890
49084,4-4153
49085,5-6793
49086,6-2054
49087,1-8897
49088,5-4285
49089,1-5301
49090,5-6485
49091,3-3439
49092,7-9688
49093,1-8461
49094,3-0269
49095,2-6429
49096,7-3901
49097,6-3804
49098,6-8143
49099,3-9268
49100,1-4027
49101,4-6439
49102,5-2970
49103,8-2365
49104,7-0328
49105,2-3048
49106,1-5615
49107,8-4313
49108,2-7036
49109,5-3328
49110,4-7011
49111,7-6119
49112,8-6023
49113,1-6734
49114,7-1351
49115,4-1121
49116,8-3938
49117,2-0667
49118,3-8059
49119,5-3808
49120,7-3023
49121,6-4234
49122,3-5669
49123,4-4076
49124,1-9322
49125,6-9653
49126,3-9568
49127,7-2114
49128,1-7643
49129,2-0051
49130,6-2687
49131,8-5410
49132,4-6924
49133,5-1899
49134,5-4280
49135,8-9968
49136,3-9072
49137,1-3551
49138,4-1335
49139,2-6820
49140,4-5428
49141,5-2403
49142,4-8236
49143,5-2307
49144,1-4196
49145,3-6213
49146,8-9620
49147,2-0213
49148,5-3029
49149,1-9876
49150,5-8003
49151,8-2894
49152,8-2346
49153,2-2333
49154,2-2202
49155,2-2523
49156,8-0761
49157,5-1960
49158,8-8820
49159,6-2106
49160,1-3804
49161,1-2654
49162,8-8381
49163,8-8836
49164,3-8946
49165,1-9441
49166,6-9207
49167,5-8357
49168,8-3074
49169,8-6726
49170,1-1200
49171,4-7418
49172,5-7625
49173,6-8705
49174,4-7764
49175,6-6318
49176,1-4577
49177,2-4221
49178,5-7646
49179,4-3897
49180,5-2627
49181,8-3673
49182,1-3915
49183,5-4729
49184,6-0865
49185,4-3763
49186,7-6392
49187,4-0603
49188,4-2069
49189,7-7038
49190,8-9585
49191,2-9141
49192,4-7577
49193,1-0010
49194,2-5138
49195,2-3685
49196,8-9483
49197,1-1416
49198,2-1352
49199,6-1314
49200,7-9992
49201,1-9394
49202,2-8425
49203,1-3825
49204,3-0218
49205,1-7352
49206,8-1243
49207,1-8230
49208,6-5021
49209,5-9975
49210,5-7010
49211,4-4111
49212,4-2018
49213,1-8000
49214,6-8224
49215,6-6208
49216,3-9770
49217,8-6980
49218,2-2624
49219,3-9066
49220,3-6440
49221,7-9285
49222,3-7848
49223,6-4562
49224,1-3933
49225,6-0459
49226,1-2700
49227,3-4124
49228,4-2466
49229,3-3993
49230,8-5413
49231,6-2116
49232,8-6629
49233,8-2924
49234,3-4145
49235,6-3757
49236,6-2643
49237,7-3076
49238,4-8339
49239,3-5746
49240,1-5663
49241,3-7476
49242,4-6959
49243,3-1317
49244,7-2744
49245,2-4518
49246,2-5952
49247,8-3619
49248,6-0978
49249,3-4249
49250,1-2125
49251,2-0108
49252,6-2051
49253,5-7007
49254,6-0554
49255,3-9711
49256,7-0681
49257,2-7933
49258,4-3849
49259,3-4337
49260,3-2246
49261,1-9499
49262,8-8059
49263,6-8968
49264,2-2447
49265,1-3626
49266,3-5327
49267,1-0777
49268,1-0141
49269,1-5911
49270,3-7639
49271,7-4589
49272,3-3546
49273,7-2773
49274,5-0591
49275,1-2783
49276,5-5373
49277,4-9180
49278,2-0375
49279,1-6567
49280,4-7497
49281,6-9899
49282,4-3151
49283,1-3038
49284,2-6390
49285,7-4286
49286,3-8242
49287,1-7072
49288,8-2321
49289,5-9037
49290,8-2850
49291,6-1150
49292,2-8127
49293,1-6545
49294,1-1536
49295,3-1512
49296,6-6524
49297,7-4334
49298,7-0319
49299,1-5439
49300,1-0563
49301,2-2212
49302,4-1494
49303,4-0956
49304,4-7692
49305,2-7002
49306,6-5915
49307,5-5069
49308,3-8953
49309,5-9500
49310,7-0264
49311,6-3389
49312,6-7443
49313,3-6227
49314,6-1109
49315,1-9018
49316,4-7172
49317,4-3575
49318,2-9951
49319,3-1238
49320,8-2363
49321,6-5435
49322,3-8321
49323,5-3622
49324,1-9689
49325,6-8010
49326,3-7199
49327,3-3155
49328,5-3285
49329,1-7462
49330,7-6921
49331,4-6694
49332,1-0587
49333,7-8565
49334,7-9968
49335,8-3690
49336,6-4372
49337,1-3498
49338,2-9070
49339,4-6422
49340,7-3563
49341,8-3899
49342,1-7579
49343,3-8888
49344,4-2819
49345,6-9954
49346,3-4035
49347,2-1002
49348,7-4187
49349,4-6061
49350,2-1504
49351,4-5103
49352,3-9306
49353,6-0249
49354,2-0454
49355,7-6400
49356,3-1229
49357,4-1632
49358,6-2167
49359,7-5423
49360,3-8050
49361,4-1573
49362,2-1698
49363,8-3876
49364,4-8793
49365,1-4997
49366,5-4134
49367,2-3397
49368,2-7857
49369,8-2196
49370,2-5757
49371,2-8539
49372,2-6580
49373,1-5685
49374,8-5518
49375,7-0247
49376,8-9019
49377,8-8596
49378,7-2830
49379,5-0045
49380,4-9386
49381,7-5629
49382,2-8515
49383,8-3845
49384,1-4077
49385,2-9466
49386,1-1811
49387,5-9604
49388,5-5219
49389,7-6827
49390,2-8457
49391,7-7664
49392,4-6220
49393,6-5334
49394,5-3330
49395,6-6918
49396,2-4499
49397,5-6936
49398,2-6648
49399,7-6287
49400,4-3937
49401,5-5266
49402,1-1838
49403,5-4243
49404,4-7848
49405,3-6691
49406,3-6161
49407,3-0111
49408,4-0429
49409,5-3383
49410,7-3452
49411,4-6023
49412,8-9776
49413,3-2895
49414,6-7899
49415,4-9269
49416,1-8933
49417,5-5258
49418,7-7107
49419,6-7385
49420,7-4464
49421,5-5492
49422,1-1437
49423,5-3543
49424,5-4175
49425,3-1506
49426,2-0470
49427,1-6101
49428,4-2361
49429,4-2946
49430,5-0697
49431,5-7810
49432,4-7126
49433,7-0633
49434,4-0813
49435,3-6898
49436,1-6534
49437,7-8503
49438,8-5148
49439,5-2175
49440,6-0375
49441,7-1146
49442,7-7318
49443,1-1524
49444,2-7322
49445,4-1324
49446,3-8057
49447,7-3358
49448,2-7279
49449,2-4222
49450,2-1277
49451,5-2890
49452,1-0480
49453,3-7196
49454,3-1847
49455,2-2130
49456,7-6803
49457,7-1839
49458,3-7034
49459,2-8081
49460,7-2204
49461,5-0984
49462,2-8216
49463,5-8903
49464,8-9852
49465,3-8926
49466,7-4821
49467,5-3974
49468,4-8370
49469,5-3456
49470,1-2438
49471,5-8830
49472,1-5471
49473,2-9912
49474,7-4592
49475,5-0827
49476,3-0346
49477,5-0844
49478,5-1834
49479,4-7499
49480,4-3528
49481,6-5447
49482,8-8073
49483,7-3437
49484,7-3367
49485,5-6916
49486,5-0774
49487,6-4336
49488,3-0700
49489,6-4176
49490,4-2901
49491,1-7977
49492,7-7436
49493,2-7615
49494,2-0731
49495,2-4440
49496,7-8539
49497,1-6316
49498,7-0371
49499,2-7286
49500,4-1505
49501,4-3108
49502,6-2415
49503,8-9695
49504,8-9653
49505,3-6119
49506,5-4955
49507,7-6426
49508,4-8813
49509,1-8455
49510,4-7094
49511,6-4567
49512,4-4512
49513,5-1325
49514,5-1243
49515,2-0987
49516,1-3999
49517,3-0204
49518,2-9043
49519,5-6444
49520,4-4724
49521,6-5320
49522,7-6073
49523,1-1652
49524,7-9483
49525,5-9170
49526,3-1132
49527,5-3331
49528,8-6565
49529,8-4389
49530,2-2137
49531,4-0272
49532,3-0999
49533,4-4901
49534,1-5524
49535,8-6226
49536,7-1386
49537,2-7477
49538,7-4352
49539,2-1145
49540,4-0692
49541,8-2954
49542,8-7915
49543,2-9976
49544,3-1939
49545,3-7806
49546,2-9749
49547,5-8625
49548,2-4921
49549,8-3710
49550,2-1936
49551,2-1016
49552,4-4053
49553,5-8820
49554,4-2496
49555,2-9984
49556,3-4380
49557,8-2860
49558,7-1472
49559,7-0230
49560,1-2973
49561,1-2660
49562,3-2325
49563,5-4408
49564,7-5341
49565,8-8981
49566,6-5479
49567,4-7070
49568,7-6052
49569,7-7837
49570,5-9733
49571,6-7189
49572,7-1191
49573,7-1950
49574,8-8356
49575,1-5076
49576,1-7669
49577,4-1370
49578,3-7966
49579,8-1763
49580,7-2675
49581,3-2247
49582,5-9317
49583,3-5939
49584,6-3106
49585,6-7836
49586,8-7323
49587,1-5699
49588,5-7892
49589,3-1003
49590,1-4371
49591,5-1045
49592,2-3471
49593,7-8535
49594,2-3985
49595,5-0406
49596,1-5687
49597,1-9473
49598,7-0184
49599,6-7600
49600,7-9135
49601,3-5018
49602,2-1317
49603,4-0461
49604,2-8178
49605,3-9664
49606,8-2230
49607,2-1365
49608,4-9861
49609,6-3003
49610,3-6417
49611,4-4848
49612,8-9945
49613,7-8643
49614,4-9718
49615,1-3213
49616,8-3266
49617,6-4337
49618,3-5855
49619,8-8818
49620,4-7970
49621,1-6332
49622,7-5603
49623,2-5620
49624,8-4823
49625,3-1531
49626,5-0458
49627,1-1066
49628,3-2282
49629,8-8037
49630,1-5047
49631,1-2398
49632,1-8133
49633,4-3363
49634,3-0962
49635,7-0394
49636,6-3545
49637,4-4786
49638,6-3308
49639,2-3243
49640,3-8677
49641,6-3074
49642,2-7079
49643,4-8885
49644,8-9302
49645,8-9552
49646,6-8581
49647,3-2816
49648,3-3385
49649,5-6062
49650,8-2362
49651,6-1764
49652,1-0320
49653,6-9419
49654,3-0893
49655,6-9930
49656,1-9660
49657,4-8110
49658,2-0489
49659,1-1208
49660,3-7840
49661,4-3374
49662,3-3029
49663,1-6910
49664,3-6454
49665,6-1993
49666,6-1407
49667,1-7379
49668,1-0017
49669,7-0765
49670,2-3730
49671,5-3559
49672,5-4390
49673,8-8762
49674,4-2052
49675,2-3717
49676,3-0451
49677,5-5511
49678,1-6945
49679,3-0155
49680,3-5359
49681,1-6578
49682,5-9046
49683,6-8390
49684,3-1814
49685,2-4498
49686,6-3077
49687,3-9592
49688,3-8792
49689,2-8612
49690,8-8872
49691,8-9088
49692,7-7704
49693,5-0834
49694,1-4683
49695,2-9794
49696,4-4476
49697,2-3564
49698,1-2570
49699,3-7960
49700,1-3495
49701,6-7688
49702,3-4671
49703,7-4702
49704,3-2128
49705,5-6035
49706,3-9126
49707,1-8531
49708,4-4024
49709,6-3959
49710,7-5463
49711,5-2334
49712,5-6097
49713,5-9464
49714,2-3819
49715,3-6444
49716,4-2852
49717,5-7918
49718,1-1955
49719,5-0016
49720,3-4002
49721,1-6529
49722,6-3311
49723,6-7449
49724,8-7759
49725,7-2999
49726,6-3601
49727,1-0068
49728,3-1283
49729,7-2290
49730,4-0037
49731,5-0830
49732,6-4151
49733,6-6178
49734,5-2988
49735,5-3399
49736,6-4888
49737,3-8589
49738,4-5398
49739,4-0684
49740,2-0968
49741,2-4311
49742,7-5399
49743,5-0392
49744,5-9081
49745,3-7047
49746,4-0689
49747,4-5731
49748,1-8006
49749,6-7570
49750,3-2399
49751,1-5224
49752,5-8234
49753,7-4692
49754,8-9272
49755,7-6898
49756,6-6077
49757,4-0224
49758,5-5600
49759,3-4402
49760,1-7612
49761,8-3038
49762,8-6004
49763,8-4080
49764,8-9492
49765,8-1238
49766,3-8825
49767,4-5009
49768,1-2166
49769,1-1451
49770,8-9537
49771,8-9071
49772,5-2065
49773,7-1701
49774,8-2745
49775,2-2500
49776,6-6579
49777,7-8672
49778,2-6828
49779,5-5302
49780,6-6518
49781,8-4875
49782,4-9823
49783,8-1233
49784,3-8307
49785,4-4308
49786,7-1947
49787,6-3123
49788,5-0070
49789,1-7290
49790,2-1978
49791,8-4464
49792,5-9261
49793,6-3823
49794,7-4523
49795,1-8924
49796,2-3047
49797,6-2945
49798,8-4598
49799,5-1690
49800,3-9282
49801,3-9478
49802,1-3341
49803,1-9438
49804,2-1105
49805,7-1575
49806,1-4272
49807,3-5004
49808,2-2687
49809,1-2930
49810,3-6413
49811,4-2126
49812,8-2715
49813,2-8496
49814,1-0559
49815,3-4225
49816,3-7035
49817,1-9655
49818,4-4828
49819,8-7707
49820,3-9571
49821,2-7210
49822,7-0894
49823,1-6822
49824,4-8923
49825,3-7405
49826,2-1156
49827,6-2422
49828,7-5270
49829,7-5165
49830,6-8206
49831,6-1593
49832,2-5018
49833,4-1126
49834,1-6974
49835,4-4799
49836,6-0953
49837,1-2722
49838,6-9408
49839,8-5896
49840,5-8851
49841,5-8552
49842,5-0516
49843,2-4118
49844,6-4511
49845,1-1086
49846,8-3902
49847,8-1104
49848,1-2846
49849,1-5806
49850,1-2126
49851,4-3994
49852,1-3788
49853,2-0445
49854,1-7966
49855,3-6615
49856,5-0612
49857,5-5228
49858,2-5479
49859,2-5048
49860,3-3559
49861,4-1723
49862,8-5745
49863,7-9793
49864,2-4786
49865,7-0902
49866,4-4237
49867,5-6655
49868,1-3508
49869,1-3438
49870,5-0651
49871,1-7510
49872,4-8334
49873,8-7089
49874,3-6789
49875,5-0082
49876,2-6665
49877,1-8205
49878,5-4386
49879,4-2021
49880,1-0488
49881,5-7924
49882,1-0599
49883,4-5491
49884,2-5995
49885,1-7032
49886,4-3459
49887,6-3470
49888,6-9877
49889,3-0723
49890,7-9719
49891,1-2606
49892,6-5975
49893,6-4400
49894,7-3074
49895,2-5114
49896,8-3061
49897,6-2894
49898,6-2250
49899,2-9113
49900,6-6421
49901,6-6994
49902,8-8954
49903,1-7622
49904,5-1969
49905,5-6319
49906,5-5114
49907,1-2215
49908,8-3297
49909,1-4803
49910,7-1684
49911,5-7302
49912,8-9828
49913,2-6629
49914,4-3308
49915,1-9723
49916,3-1484
49917,7-9203
49918,2-1118
49919,4-8508
49920,5-6300
49921,2-1578
49922,6-9916
49923,2-0899
49924,6-4909
49925,5-7486
49926,7-3497
49927,7-9276
49928,2-3003
49929,1-7322
49930,1-5723
49931,8-6387
49932,4-7490
49933,2-9565
49934,8-2304
49935,7-2553
49936,3-0092
49937,2-1439
49938,3-2635
49939,7-6042
49940,2-1761
49941,1-4265
49942,3-5473
49943,6-2633
49944,3-6903
49945,2-4830
49946,3-5435
49947,6-2649
49948,7-4605
49949,7-3742
49950,5-3482
49951,2-0524
49952,1-2435
49953,1-9528
49954,5-9860
49955,2-1274
49956,4-0240
49957,2-5674
49958,8-9024
49959,5-4381
49960,5-3123
49961,1-2601
49962,4-3444
49963,5-2562
49964,8-5190
49965,5-5065
49966,7-2391
49967,6-3858
49968,7-7583
49969,3-1295
49970,4-1996
49971,6-4323
49972,7-3093
49973,4-0194
49974,1-5202
49975,7-9114
49976,3-5769
49977,4-9074
49978,8-9838
49979,1-4314
49980,4-5323
49981,6-1385
49982,2-4223
49983,7-6950
49984,5-6740
49985,6-3680
49986,8-5515
49987,2-5175
49988,4-4726
49989,2-6907
49990,7-7943
49991,7-5193
49992,7-8498
49993,7-5935
49994,4-5530
49995,3-2354
49996,4-5977
49997,5-8210
49998,6-0457
49999,2-1571
50000,5-1087
50001,5-1090
50002,6-1632
50003,1-1799
50004,2-5516
50005,6-4638
50006,4-6394
50007,2-1288
50008,5-1007
50009,8-9844
50010,7-0342
50011,6-5881
50012,7-1270
50013,7-6211
50014,5-0143
50015,6-2391
50016,6-7857
50017,5-8114
50018,4-4487
50019,5-4216
50020,1-0198
50021,3-0367
50022,1-2425
50023,3-7192
50024,1-6191
50025,4-1842
50026,3-0358
50027,3-6569
50028,6-1724
50029,8-3831
50030,5-1871
50031,2-6374
50032,7-2679
50033,6-3764
50034,1-7053
50035,8-9528
50036,3-9932
50037,7-2681
50038,8-0898
50039,5-3923
50040,3-8874
50041,2-9471
50042,4-3656
50043,4-3711
50044,6-1061
50045,8-0372
50046,4-1989
50047,6-9059
50048,3-3943
50049,7-2592
50050,5-4445
50051,4-0479
50052,1-0022
50053,8-7912
50054,3-6167
50055,4-0522
50056,4-6256
50057,7-4209
50058,5-0946
50059,7-6790
50060,1-9977
50061,4-1578
50062,4-6878
50063,8-3141
50064,6-7308
50065,6-2602
50066,7-9092
50067,2-2148
50068,8-0517
50069,8-4929
50070,1-6457
50071,2-0245
50072,4-6973
50073,5-6291
50074,6-1538
50075,3-9354
50076,8-7977
50077,3-9648
50078,8-3079
50079,4-0882
50080,1-5703
50081,2-0893
50082,3-2955
50083,3-8767
50084,7-3105
50085,8-9344
50086,1-4867
50087,4-2587
50088,6-1401
50089,4-7853
50090,5-9720
50091,6-1644
50092,1-2687
50093,7-6448
50094,4-1695
50095,8-2154
50096,5-8477
50097,5-4192
50098,4-5601
50099,3-8031
50100,4-5136
50101,3-0581
50102,5-3699
50103,6-3940
50104,8-6031
50105,4-5052
50106,1-9531
50107,5-3991
50108,7-9950
50109,5-8038
50110,8-8408
50111,3-3119
50112,2-5342
50113,6-9848
50114,2-9391
50115,3-6902
50116,7-4350
50117,2-1088
50118,1-2177
50119,4-8573
50120,4-5959
50121,6-8814
50122,6-1237
50123,2-5009
50124,1-3023
50125,4-4902
50126,3-0416
50127,4-1416
50128,7-3589
50129,4-0515
50130,6-7755
50131,6-5390
50132,2-9481
50133,2-5727
50134,6-1914
50135,3-5686
50136,4-7608
50137,6-5553
50138,7-4495
50139,1-7845
50140,3-8226
50141,1-7131
50142,7-3376
50143,4-7049
50144,8-5743
50145,3-6013
50146,2-0423
50147,6-1601
50148,2-4721
50149,7-2944
50150,4-0778
50151,3-6820
50152,5-9873
50153,7-5149
50154,3-8241
50155,1-6702
50156,8-9784
50157,6-0133
50158,8-3460
50159,7-9260
50160,6-8999
50161,5-3731
50162,6-4360
50163,5-7002
50164,5-4889
50165,5-3366
50166,2-1098
50167,7-3072
50168,4-4335
50169,7-8077
50170,3-6299
50171,6-9129
50172,8-1559
50173,3-6138
50174,8-8370
50175,8-8571
50176,4-4950
50177,5-6229
50178,3-4809
50179,7-3153
50180,4-0745
50181,5-6954
50182,6-0260
50183,1-9472
50184,2-1412
50185,5-4193
50186,4-3974
50187,1-9196
50188,1-4425
50189,3-5989
50190,4-8530
50191,2-7753
50192,4-9995
50193,3-3355
50194,8-9881
50195,3-5691
50196,2-9143
50197,1-1951
50198,7-3265
50199,5-9133
50200,6-9991
50201,4-7383
50202,1-4670
50203,2-3109
50204,6-1437
50205,8-4614
50206,6-3473
50207,5-1728
50208,7-6253
50209,6-4506
50210,5-2625
50211,8-1431
50212,8-7317
50213,1-0024
50214,8-4684
50215,3-1264
50216,8-5977
50217,6-9254
50218,8-6295
50219,3-4668
50220,2-9251
50221,1-1940
50222,8-3975
50223,7-0384
50224,4-0463
50225,7-8659
50226,2-7521
50227,2-9581
50228,6-7658
50229,3-8934
50230,2-7165
50231,4-4942
50232,3-3161
50233,3-9765
50234,8-5675
50235,4-1262
50236,3-6590
50237,7-3573
50238,5-7385
50239,4-7712
50240,7-0060
50241,2-8407
50242,1-9916
50243,6-2899
50244,7-0733
50245,3-2939
50246,1-9807
50247,1-5641
50248,4-7478
50249,5-3822
50250,2-8367
50251,8-5361
50252,8-7293
50253,3-5167
50254,8-4647
50255,1-1420
50256,8-2250
50257,2-2272
50258,6-0417
50259,6-7895
50260,8-0125
50261,4-8385
50262,7-0227
50263,4-7640
50264,4-0169
50265,1-7671
50266,7-4652
50267,4-6719
50268,6-0088
50269,2-5683
50270,5-7738
50271,4-7562
50272,6-0431
50273,2-9972
50274,5-7343
50275,4-7966
50276,2-2111
50277,8-0589
50278,6-1197
50279,5-0367
50280,2-1856
50281,2-1790
50282,3-3972
50283,2-6357
50284,5-5644
50285,8-9277
50286,8-3900
50287,6-5290
50288,3-3302
50289,3-1944
50290,4-3174
50291,5-1308
50292,2-4508
50293,7-6424
50294,4-2742
50295,2-7186
50296,1-6757
50297,8-3053
50298,8-4234
50299,6-1776
50300,2-9511
50301,2-7472
50302,8-4525
50303,6-9089
50304,5-1691
50305,7-0478
50306,6-2839
50307,8-5680
50308,3-0926
50309,1-8530
50310,4-4580
50311,8-5922
50312,8-3451
50313,5-7337
50314,2-0902
50315,5-2037
50316,4-8777
50317,7-2604
50318,5-8773
50319,3-3448
50320,6-4980
50321,5-5427
50322,1-8773
50323,5-8494
50324,2-7380
50325,6-6126
50326,1-7144
50327,3-8028
50328,7-8239
50329,5-9269
50330,3-1993
50331,2-1620
50332,3-6436
50333,1-5780
50334,2-0134
50335,8-2067
50336,4-0490
50337,8-1982
50338,7-1856
50339,5-2982
50340,5-9949
50341,5-7347
50342,1-7185
50343,7-8344
50344,6-8738
50345,6-6900
50346,8-8832
50347,5-4305
50348,1-6059
50349,6-1448
50350,8-5448
50351,8-8656
50352,4-3895
50353,1-7621
50354,1-1558
50355,1-7641
50356,2-7116
50357,4-5834
50358,8-7185
50359,7-0664
50360,6-9095
50361,6-7607
50362,4-3653
50363,6-0049
50364,7-8646
50365,2-2445
50366,1-1113
50367,5-0398
50368,4-5841
50369,5-9432
50370,5-3626
50371,3-7754
50372,6-1260
50373,2-3759
50374,3-3129
50375,4-7623
50376,4-6947
50377,6-8806
50378,8-0417
50379,3-4975
50380,3-4933
50381,8-1427
50382,6-9704
50383,2-6331
50384,8-5091
50385,5-3139
50386,7-7570
50387,2-9512
50388,5-5378
50389,1-6078
50390,6-4669
50391,8-6088
50392,2-8340
50393,3-4044
50394,8-0315
50395,2-5208
50396,7-8287
50397,7-5501
50398,4-1913
50399,8-7256
50400,1-3819
50401,7-5555
50402,7-7788
50403,6-1211
50404,3-3402
50405,7-3598
50406,2-4872
50407,8-2721
50408,6-7752
50409,7-5359
50410,4-0165
50411,4-4546
50412,7-8963
50413,1-6866
50414,2-6926
50415,8-8573
50416,2-2331
50417,2-4912
50418,1-1367
50419,2-6641
50420,6-4880
50421,8-4075
50422,6-7221
50423,6-5423
50424,2-5434
50425,2-5397
50426,5-7612
50427,3-4289
50428,6-3206
50429,6-7790
50430,7-9696
50431,5-6752
50432,5-0964
50433,1-9557
50434,4-0132
50435,2-3969
50436,1-2663
50437,3-4349
50438,2-3016
50439,4-7420
50440,7-7410
50441,8-8033
50442,2-2059
50443,6-1387
50444,7-8778
50445,7-4654
50446,1-2186
50447,5-1058
50448,1-7923
50449,2-1144
50450,3-9307
50451,7-2761
50452,5-3030
50453,1-0661
50454,5-3540
50455,2-5115
50456,1-0514
50457,3-4469
50458,6-0600
50459,6-0814
50460,8-4916
50461,6-3590
50462,6-9949
50463,4-5033
50464,1-2683
50465,7-9621
50466,3-9588
50467,3-3002
50468,8-2967
50469,7-9685
50470,1-6143
50471,1-9037
50472,5-0841
50473,2-4897
50474,7-3978
50475,3-4825
50476,5-8162
50477,4-0630
50478,6-1403
50479,8-9472
50480,6-9912
50481,6-2351
50482,2-8316
50483,6-3489
50484,6-5459
50485,1-6811
50486,6-3406
50487,6-4492
50488,6-6154
50489,3-4333
50490,5-5260
50491,2-2247
50492,5-3805
50493,1-3993
50494,7-5920
50495,7-4122
50496,7-5795
50497,6-7602
50498,4-9063
50499,7-2523
50500,7-4507
50501,3-7384
50502,3-9042
50503,1-5824
50504,7-3764
50505,7-6184
50506,8-3884
50507,6-0116
50508,7-7320
50509,3-8663
50510,3-7198
50511,1-7058
50512,7-2507
50513,2-0207
50514,4-8396
50515,6-1512
50516,3-9188
50517,3-4043
50518,2-4170
50519,4-8746
50520,2-6453
50521,2-5942
50522,2-6093
50523,8-5173
50524,1-0424
50525,3-1024
50526,3-4024
50527,5-4321
50528,5-6725
50529,6-9436
50530,8-0345
50531,5-6168
50532,4-9736
50533,7-9302
50534,6-6517
50535,7-1927
50536,4-4265
50537,3-0526
50538,1-9691
50539,2-6941
50540,1-8676
50541,3-6353
50542,6-9457
50543,5-6641
50544,1-2383
50545,6-4843
50546,5-4749
50547,4-1537
50548,7-7235
50549,2-7408
50550,3-4370
50551,5-8313
50552,3-4762
50553,2-8785
50554,6-1216
50555,1-8157
50556,4-3240
50557,2-7607
50558,3-3970
50559,2-4379
50560,4-7218
50561,2-5075
50562,5-6325
50563,5-8465
50564,1-3443
50565,6-9907
50566,2-4438
50567,8-5509
50568,2-8652
50569,3-5744
50570,8-1091
50571,3-5985
50572,4-7680
50573,4-5688
50574,7-5234
50575,5-3807
50576,8-8238
50577,1-1045
50578,1-7360
50579,4-0721
50580,8-1915
50581,2-5675
50582,6-1906
50583,8-3915
50584,5-4676
50585,1-6224
50586,8-7106
50587,1-4885
50588,4-3449
50589,1-0549
50590,1-4050
50591,8-7712
50592,6-2001
50593,7-9205
50594,8-1954
50595,8-8650
50596,6-1509
50597,8-8252
50598,5-3572
50599,2-3407
50600,8-9444
50601,4-1429
50602,5-2567
50603,8-1674
50604,4-4304
50605,4-9750
50606,4-0478
50607,8-0277
50608,4-8343
50609,4-3785
50610,2-8272
50611,8-7587
50612,1-4406
50613,4-0628
50614,2-4964
50615,2-4230
50616,2-7897
50617,4-7093
50618,7-6795
50619,7-8674
50620,4-5423
50621,7-8977
50622,5-0064
50623,6-3492
50624,1-6676
50625,5-8530
50626,8-9889
50627,8-6716
50628,8-6860
50629,2-2518
50630,6-5149
50631,8-7222
50632,8-7291
50633,8-8605
50634,8-3482
50635,3-9814
50636,1-6237
50637,3-8929
50638,3-1822
50639,7-0527
50640,6-4423
50641,2-2579
50642,2-9380
50643,1-7890
50644,2-7562
50645,3-1245
50646,6-4396
50647,4-3196
50648,5-7492
50649,4-4641
50650,6-5925
50651,8-3049
50652,8-4548
50653,5-1386
50654,3-6109
50655,2-3913
50656,5-6495
50657,5-2823
50658,6-3154
50659,7-3212
50660,1-5639
50661,1-2389
50662,5-4998
50663,2-4805
50664,5-9525
50665,2-8144
50666,7-7806
50667,1-2347
50668,4-8831
50669,2-3833
50670,3-5375
50671,7-7720
50672,7-7835
50673,4-9213
50674,7-6900
50675,3-0316
50676,8-3508
50677,6-0820
50678,5-0882
50679,3-0344
50680,5-8506
50681,1-0687
50682,4-8150
50683,3-3689
50684,6-8170
50685,3-8292
50686,4-2030
50687,1-1583
50688,1-1474
50689,7-7829
50690,4-6929
50691,7-3418
50692,3-9895
50693,6-4140
50694,2-3434
50695,1-2337
50696,6-5262
50697,3-0292
50698,6-8954
50699,1-7314
50700,6-6351
50701,2-0241
50702,7-2317
50703,5-9262
50704,8-1863
50705,2-7376
50706,1-4306
50707,8-5204
50708,2-8026
50709,1-2628
50710,4-0442
50711,7-7135
50712,2-6702
50713,8-2972
50714,5-6218
50715,4-9504
50716,7-7174
50717,2-8418
50718,7-3654
50719,7-2655
50720,5-1065
50721,5-2067
50722,2-3050
50723,4-7916
50724,2-5799
50725,4-4142
50726,5-7930
50727,6-0864
50728,6-8007
50729,6-3485
50730,5-0979
50731,4-3606
50732,7-8100
50733,7-8909
50734,3-8948
50735,1-7321
50736,4-1613
50737,7-0933
50738,5-6848
50739,7-5815
50740,3-4850
50741,1-9052
50742,3-8046
50743,3-4086
50744,7-5810
50745,7-5303
50746,8-1799
50747,5-5887
50748,7-5757
50749,4-3578
50750,2-3474
50751,5-9895
50752,5-8560
50753,5-6785
50754,6-6912
50755,7-6476
50756,2-7092
50757,4-2162
50758,2-0276
50759,7-7155
50760,1-9479
50761,5-0026
50762,3-3742
50763,4-3687
50764,3-1364
50765,1-9282
50766,2-5094
50767,5-9915
50768,2-5835
50769,3-6987
50770,5-0183
50771,6-6119
50772,6-5036
50773,5-0705
50774,6-1540
50775,2-9724
50776,3-0677
50777,6-1841
50778,6-1730
50779,4-3592
50780,6-8715
50781,2-6264
50782,5-5651
50783,5-7483
50784,8-2917
50785,3-9526
50786,3-6484
50787,2-4535
50788,2-8417
50789,7-6273
50790,5-1501
50791,5-0574
50792,3-0440
50793,1-3351
50794,5-6233
50795,1-2065
50796,6-1854
50797,5-6339
50798,5-1641
50799,3-7953
50800,1-5437
50801,6-1123
50802,3-0334
50803,2-1062
50804,2-1763
50805,1-7701
50806,8-5990
50807,6-3937
50808,7-9945
50809,2-5056
50810,3-0102
50811,1-7043
50812,1-7756
50813,5-3220
50814,8-2645
50815,8-5876
50816,8-6887
50817,2-2115
50818,3-3329
50819,1-1866
50820,8-8484
50821,1-7937
50822,7-6208
50823,4-5917
50824,6-4576
50825,4-8546
50826,1-2555
50827,5-9471
50828,7-3459
50829,3-2392
50830,7-4639
50831,8-2858
50832,7-9024
50833,6-5968
50834,4-7362
50835,5-4746
50836,1-8809
50837,1-1573
50838,6-8789
50839,6-1690
50840,7-6264
50841,5-7989
50842,2-7761
50843,5-9661
50844,7-7298
50845,3-3221
50846,1-5893
50847,4-6805
50848,2-2814
50849,2-7060
50850,8-5763
50851,8-8474
50852,4-8259
50853,6-2572
50854,5-7697
50855,1-2323
50856,7-8517
50857,8-9549
50858,2-2291
50859,2-4852
50860,8-4390
50861,6-1768
50862,2-6601
50863,3-0107
50864,3-8374
50865,6-6867
50866,3-1583
50867,3-0252
50868,6-0762
50869,1-1026
50870,7-3071
50871,2-1122
50872,1-9882
50873,8-2975
50874,1-3949
50875,1-3242
50876,3-7651
50877,2-3809
50878,7-8685
50879,1-9166
50880,3-3590
50881,7-0533
50882,5-3893
50883,2-7280
50884,6-0273
50885,6-2605
50886,2-8511
50887,1-3774
50888,4-8591
50889,3-7631
50890,8-1683
50891,2-0023
50892,5-1015
50893,2-6297
50894,6-6242
50895,8-5698
50896,2-9750
50897,8-9700
50898,3-2340
50899,4-5607
50900,2-2355
50901,2-7096
50902,2-9306
50903,5-9245
50904,8-8250
50905,8-8739
50906,4-9854
50907,8-4663
50908,7-0914
50909,1-5405
50910,8-7059
50911,2-8435
50912,2-1852
50913,8-7549
50914,8-2462
50915,4-4903
50916,4-9426
50917,4-0748
50918,5-6634
50919,3-9520
50920,8-3470
50921,6-3769
50922,7-1404
50923,1-3190
50924,2-1901
50925,6-4302
50926,4-1000
50927,1-6244
50928,8-6092
50929,2-1916
50930,2-1993
50931,6-9031
50932,4-7482
50933,1-3054
50934,6-7999
50935,4-8381
50936,8-3512
50937,2-6826
50938,4-5328
50939,8-2384
50940,4-9149
50941,1-8537
50942,1-4659
50943,6-5617
50944,4-4914
50945,8-6382
50946,5-8284
50947,5-9364
50948,7-6925
50949,3-7310
50950,8-0188
50951,1-5340
50952,6-0764
50953,7-9732
50954,5-3063
50955,7-3944
50956,6-3418
50957,4-2638
50958,4-6308
50959,7-4998
50960,5-4253
50961,3-9647
50962,5-6975
50963,7-0357
50964,4-4011
50965,3-6439
50966,5-8640
50967,6-8904
50968,5-8855
50969,3-7591
50970,3-3950
50971,7-3368
50972,6-7535
50973,4-8120
50974,3-3371
50975,1-3767
50976,6-8432
50977,6-6562
50978,7-9496
50979,5-0623
50980,1-5053
50981,8-1487
50982,1-5932
50983,7-0436
50984,7-4566
50985,8-1255
50986,5-0869
50987,1-2532
50988,8-8767
50989,3-1454
50990,6-1112
50991,5-6494
50992,5-6533
50993,6-8323
50994,4-7597
50995,8-6688
50996,5-9601
50997,1-9842
50998,3-1131
50999,7-3075
51000,4-5060
51001,2-3176
51002,7-4933
51003,8-4022
51004,5-6263
51005,4-5006
51006,3-7911
51007,7-5738
51008,7-5967
51009,4-7415
51010,4-7951
51011,2-2931
51012,3-8029
51013,7-2632
51014,7-7900
51015,3-7038
51016,4-2597
51017,2-9022
51018,4-2086
51019,6-2863
51020,3-8563
51021,4-2172
51022,3-2532
51023,3-0265
51024,2-0236
51025,2-9205
51026,1-4510
51027,4-8574
51028,2-5465
51029,8-7790
51030,8-4546
51031,5-0104
51032,8-4423
51033,1-7676
51034,1-0671
51035,2-3428
51036,5-5881
51037,6-7212
51038,3-9413
51039,7-6303
51040,1-4440
51041,2-8482
51042,4-7178
51043,2-2734
51044,1-7611
51045,7-6268
51046,1-0849
51047,7-9798
51048,5-7242
51049,6-6962
51050,4-2328
51051,6-1612
51052,4-2667
51053,2-0932
51054,8-7609
51055,7-8647
51056,6-1629
51057,8-5594
51058,4-6209
51059,6-7229
51060,4-1018
51061,5-1026
51062,3-6855
51063,3-2828
51064,1-7750
51065,7-1929
51066,5-1140
51067,7-7496
51068,5-5252
51069,1-9754
51070,7-4060
51071,2-7270
51072,1-0262
51073,7-4705
51074,7-0427
51075,4-6428
51076,4-7691
51077,7-3512
51078,4-9109
51079,4-1944
51080,6-9339
51081,3-4302
51082,7-0517
51083,2-4819
51084,2-6196
51085,2-9097
51086,2-7363
51087,6-5186
51088,2-5897
51089,5-6403
51090,5-8218
51091,2-1704
51092,8-1470
51093,2-7391
51094,4-0776
51095,4-2084
51096,6-4768
51097,7-5446
51098,4-3125
51099,2-7183
51100,6-3222
51101,6-7653
51102,1-8406
51103,3-1582
51104,2-6756
51105,1-6355
51106,4-0354
51107,1-9530
51108,2-9820
51109,3-8738
51110,6-6708
51111,1-8942
51112,7-4963
51113,5-9069
51114,2-5557
51115,4-7839
51116,2-1998
51117,1-9124
51118,4-2648
51119,4-1052
51120,4-9895
51121,7-3992
51122,4-0652
51123,7-8044
51124,5-6376
51125,8-3825
51126,3-6731
51127,3-2619
51128,5-4959
51129,8-5147
51130,3-9882
51131,3-3008
51132,8-2424
51133,8-4815
51134,3-3010
51135,1-0368
51136,8-8230
51137,5-3662
51138,5-5892
51139,3-7263
51140,4-2588
51141,6-0956
51142,5-7213
51143,5-6542
51144,7-6658
51145,6-9815
51146,4-0521
51147,2-7067
51148,7-0980
51149,6-0386
51150,3-0055
51151,1-6931
51152,6-9525
51153,3-4396
51154,2-5510
51155,3-0133
51156,4-9550
51157,7-0273
51158,2-6518
51159,1-2744
51160,2-8591
51161,2-0874
51162,8-9589
51163,7-9278
51164,6-7194
51165,3-2523
51166,8-3525
51167,7-4284
51168,4-0875
51169,5-1643
51170,8-4272
51171,7-5285
51172,3-3836
51173,5-9555
51174,6-1732
51175,4-0935
51176,8-2179
51177,5-1900
51178,6-7354
51179,1-2325
51180,5-4617
51181,8-3441
51182,3-9111
51183,7-9642
51184,8-7497
51185,8-0701
51186,3-7168
51187,2-5259
51188,2-1748
51189,5-4133
51190,8-7131
51191,3-7804
51192,6-3636
51193,3-6568
51194,1-2073
51195,1-8922
51196,2-5084
51197,2-7029
51198,4-9600
51199,6-6188
51200,8-4505
51201,7-7401
51202,6-9018
51203,3-6319
51204,7-0463
51205,4-6683
51206,7-9007
51207,7-7924
51208,8-0492
51209,1-7177
51210,2-5880
51211,7-9871
51212,4-8502
51213,1-3666
51214,1-2290
51215,7-0746
51216,8-8725
51217,2-9425
51218,8-7711
51219,8-3955
51220,7-9973
51221,5-3854
51222,8-4287
51223,1-2652
51224,8-3363
51225,4-8997
51226,4-6607
51227,6-4113
51228,1-6131
51229,5-2303
51230,5-8368
51231,5-0663
51232,3-9146
51233,3-9129
51234,7-1563
51235,3-0804
51236,6-2512
51237,8-3499
51238,3-3507
51239,8-0058
51240,5-0058
51241,5-2350
51242,8-9769
51243,6-5848
51244,5-8575
51245,8-4558
51246,1-7678
51247,1-6793
51248,7-3115
51249,5-6902
51250,6-1713
51251,2-7152
51252,7-7035
51253,1-0605
51254,2-8238
51255,3-9032
51256,5-9562
51257,8-1878
51258,6-6782
51259,5-2089
51260,8-3147
51261,2-6834
51262,8-3238
51263,1-3272
51264,5-5761
51265,1-7327
51266,2-0886
51267,1-7789
51268,3-0443
51269,1-2992
51270,8-9644
51271,4-5097
51272,2-4916
51273,6-0599
51274,4-6004
51275,7-3481
51276,1-7252
51277,3-2489
51278,2-4070
51279,5-8958
51280,1-3642
51281,5-2256
51282,8-2054
51283,6-9066
51284,5-6554
51285,3-9060
51286,5-1176
51287,5-6197
51288,6-5722
51289,3-1153
51290,2-6300
51291,7-1487
51292,5-1250
51293,2-2776
51294,7-1833
51295,5-7408
51296,1-0464
51297,6-2204
51298,2-9345
51299,7-2184
51300,6-8955
51301,4-2431
51302,5-9140
51303,6-0815
51304,1-1356
51305,2-6810
51306,5-0575
51307,3-6014
51308,2-9986
51309,6-6844
51310,4-0209
51311,6-6239
51312,5-9699
51313,4-4378
51314,2-0340
51315,6-0279
51316,8-5415
51317,8-6399
51318,2-2412
51319,5-4703
51320,6-7367
51321,2-5938
51322,4-3968
51323,7-5148
51324,7-1683
51325,7-9003
51326,7-3035
51327,5-7259
51328,7-4959
51329,1-7610
51330,8-9732
51331,5-6595
51332,3-1037
51333,3-4980
51334,6-2793
51335,8-0693
51336,2-6483
51337,7-8855
51338,4-5449
51339,1-1728
51340,7-6300
51341,5-1383
51342,7-4778
51343,4-3018
51344,5-6649
51345,6-5673
51346,1-7153
51347,3-4924
51348,6-1628
51349,3-8540
51350,8-5002
51351,2-4862
51352,2-3929
51353,2-9859
51354,1-1117
51355,8-3389
51356,4-9601
51357,5-0438
51358,3-2981
51359,7-2730
51360,8-6220
51361,7-2754
51362,2-5981
51363,8-6420
51364,6-8444
51365,5-9047
51366,2-6427
51367,4-6863
51368,2-5637
51369,1-4084
51370,8-0502
51371,6-2047
51372,7-0934
51373,5-6550
51374,7-7541
51375,4-6869
51376,5-7572
51377,8-8955
51378,5-5642
51379,2-4387
51380,8-6327
51381,7-4213
51382,3-0413
51383,7-8276
51384,3-1084
51385,7-4400
51386,6-3806
51387,5-6304
51388,1-1935
51389,6-3479
51390,8-2711
51391,2-7435
51392,6-3698
51393,3-7233
51394,3-2093
51395,7-8786
51396,2-0328
51397,1-5144
51398,3-6101
51399,7-3445
51400,3-8643
51401,7-0278
51402,4-3680
51403,7-3600
51404,8-9405
51405,5-3006
51406,8-7209
51407,8-1277
51408,6-8908
51409,4-9396
51410,6-1674
51411,2-5741
51412,8-5729
51413,4-3078
51414,8-7656
51415,8-3431
51416,5-2279
51417,2-8606
51418,7-2027
51419,3-2586
51420,7-4548
51421,2-3817
51422,4-0679
51423,6-9795
51424,5-7238
51425,5-4416
51426,3-6752
51427,5-5353
51428,1-7596
51429,4-6944
51430,6-6431
51431,1-7936
51432,4-8632
51433,5-6608
51434,5-8956
51435,4-8134
51436,8-2767
51437,6-6681
51438,8-6582
51439,7-1096
51440,3-2772
51441,7-7391
51442,7-5053
51443,8-0220
51444,7-9340
51445,3-6931
51446,1-0744
51447,8-2210
51448,7-8460
51449,8-1374
51450,7-2583
51451,7-7216
51452,5-7057
51453,7-3739
51454,4-4886
51455,6-9666
51456,7-4882
51457,1-2803
51458,1-9958
51459,1-3355
51460,5-9831
51461,8-7891
51462,4-5792
51463,7-4524
51464,1-9251
51465,8-8941
51466,6-5615
51467,7-6161
51468,2-6945
51469,3-2724
51470,5-7504
51471,2-1949
51472,5-2653
51473,3-5598
51474,7-8449
51475,3-2656
51476,3-3539
51477,4-0529
51478,3-9441
51479,3-4534
51480,1-6003
51481,2-9416
51482,8-2391
51483,3-0398
51484,3-2030
51485,5-0020
51486,6-0058
51487,5-4723
51488,5-2498
51489,2-1464
51490,5-0090
51491,2-0275
51492,1-1687
51493,2-9601
51494,8-3768
51495,3-4687
51496,6-1968
51497,6-2879
51498,6-1135
51499,6-6977
51500,5-0203
51501,5-9291
51502,5-6211
51503,4-3325
51504,3-3411
51505,5-4303
51506,6-1577
51507,5-7826
51508,3-8263
51509,1-9496
51510,8-7394
51511,3-4860
51512,1-8672
51513,7-1254
51514,4-9642
51515,6-7903
51516,4-8843
51517,5-7632
51518,5-9487
51519,7-9165
51520,1-3106
51521,1-7605
51522,6-9947
51523,3-1485
51524,7-3698
51525,5-2271
51526,8-9125
51527,4-2467
51528,7-1957
51529,2-0095
51530,2-1864
51531,5-0636
51532,8-4285
51533,5-2273
51534,4-0570
51535,6-3042
51536,7-6697
51537,7-4175
51538,7-2474
51539,3-3043
51540,5-5135
51541,5-8075
51542,7-4834
51543,6-5241
51544,2-4286
51545,8-4477
51546,3-2012
51547,6-1786
51548,5-3578
51549,6-5222
51550,8-7176
51551,7-0875
51552,4-5867
51553,6-9784
51554,1-4863
51555,2-7450
51556,2-3829
51557,1-9026
51558,8-5916
51559,7-8885
51560,8-3856
51561,8-8731
51562,6-7395
51563,3-5735
51564,6-3643
51565,6-7407
51566,8-9687
51567,5-4503
51568,5-1575
51569,5-3079
51570,4-8494
51571,1-5300
51572,4-5806
51573,6-7086
51574,1-7449
51575,2-8366
51576,4-4734
51577,8-0996
51578,2-7842
51579,2-6469
51580,8-1445
51581,1-6890
51582,2-7138
51583,8-0327
51584,5-2163
51585,8-6631
51586,8-7138
51587,1-2872
51588,6-0818
51589,1-6930
51590,7-8613
51591,6-6149
51592,3-3680
51593,7-2657
51594,4-2151
51595,8-9142
51596,5-0724
51597,4-8071
51598,3-6870
51599,7-3263
51600,5-7938
51601,3-5615
51602,6-0499
51603,1-4121
51604,1-2315
51605,8-5161
51606,2-9978
51607,7-3244
51608,4-6889
51609,1-2911
51610,1-5727
51611,1-0546
51612,6-3060
51613,5-1078
51614,6-6631
51615,2-2654
51616,3-8498
51617,1-1863
51618,4-0693
51619,6-6303
51620,8-5549
51621,6-1621
51622,1-7825
51623,6-5578
51624,1-0053
51625,4-0428
51626,1-1361
51627,4-8970
51628,6-8222
51629,1-4820
51630,5-3846
51631,8-6868
51632,1-9278
51633,4-3823
51634,4-0714
51635,1-4627
51636,2-3417
51637,2-6533
51638,7-9902
51639,3-6873
51640,6-6355
51641,1-6568
51642,5-9267
51643,5-4866
51644,1-3897
51645,1-7262
51646,4-6781
51647,2-9943
51648,2-0940
51649,2-8631
51650,4-1301
51651,8-7266
51652,4-6044
51653,2-4753
51654,8-9284
51655,3-4801
51656,5-9196
51657,4-7574
51658,7-2899
51659,8-4735
51660,2-4662
51661,2-3657
51662,5-8965
51663,3-0862
51664,4-2621
51665,7-0072
51666,4-5734
51667,7-5876
51668,7-2064
51669,7-4227
51670,3-6958
51671,7-0519
51672,3-3234
51673,6-1586
51674,5-9132
51675,2-4583
51676,2-1721
51677,3-8629
51678,1-6458
51679,7-7444
51680,3-0837
51681,8-8197
51682,3-7632
51683,6-3139
51684,6-6210
51685,4-9928
51686,4-3242
51687,7-4151
51688,3-8201
51689,1-8293
51690,8-2866
51691,2-1456
51692,4-6935
51693,3-5860
51694,1-0300
51695,6-8445
51696,1-6711
51697,7-8510
51698,4-8667
51699,8-7234
51700,8-1432
51701,2-3287
51702,4-6486
51703,8-8363
51704,8-1696
51705,1-2552
51706,7-2346
51707,8-2446
51708,8-4310
51709,5-4554
51710,8-3976
51711,4-0327
51712,3-0891
51713,1-4761
51714,1-7249
51715,1-6663
51716,2-7385
51717,2-7719
51718,3-8022
51719,3-0865
51720,7-0991
51721,1-5996
51722,8-9523
51723,2-5564
51724,6-9538
51725,3-3531
51726,4-3639
51727,3-4624
51728,6-7832
51729,3-7578
51730,2-9956
51731,6-4691
51732,5-6727
51733,3-9298
51734,2-6605
51735,8-0571
51736,5-2363
51737,7-5632
51738,4-6575
51739,1-6705
51740,3-5548
51741,6-0870
51742,2-5070
51743,7-5851
51744,5-8021
51745,6-1071
51746,7-5687
51747,7-3632
51748,3-2102
51749,1-7679
51750,1-2493
51751,4-9495
51752,7-5029
51753,8-6350
51754,6-8466
51755,4-0530
51756,8-7955
51757,4-6682
51758,1-6758
51759,4-7703
51760,3-8817
51761,1-5808
51762,3-0154
51763,8-3274
51764,1-8851
51765,3-5137
51766,5-3940
51767,1-1550
51768,1-6437
51769,4-1731
51770,8-3670
51771,6-3902
51772,1-0316
51773,3-4449
51774,4-7102
51775,7-9467
51776,5-1462
51777,6-4380
51778,3-3862
51779,5-9835
51780,7-6513
51781,3-3888
51782,5-2281
51783,7-6356
51784,2-3881
51785,4-6653
51786,1-2695
51787,7-1334
51788,8-6878
51789,6-9698
51790,6-6671
51791,2-1438
51792,7-8484
51793,4-8906
51794,5-9577
51795,8-4424
51796,5-3597
51797,3-6348
51798,4-3134
51799,1-9701
51800,7-8085
51801,3-3924
51802,8-5828
51803,2-5642
51804,1-6689
51805,8-8621
51806,7-8273
51807,3-5174
51808,7-1715
51809,5-9202
51810,2-5983
51811,6-2937
51812,2-3776
51813,3-5504
51814,8-6970
51815,1-6891
51816,6-8047
51817,3-8252
51818,7-9677
51819,2-2374
51820,6-6213
51821,3-0675
51822,8-7022
51823,2-3983
51824,2-1321
51825,4-4194
51826,2-1816
51827,8-4570
51828,6-5085
51829,8-5383
51830,5-2419
51831,6-6580
51832,7-0298
51833,1-9290
51834,4-5310
51835,4-0943
51836,2-0928
51837,7-0776
51838,4-5850
51839,1-4765
51840,6-5829
51841,6-5071
51842,1-9981
51843,7-9445
51844,6-2009
51845,4-9626
51846,6-2194
51847,8-3981
51848,1-2164
51849,2-8970
51850,6-1018
51851,5-1682
51852,7-1241
51853,8-3001
51854,1-4194
51855,3-7895
51856,2-1208
51857,3-3351
51858,7-3958
51859,5-5578
51860,2-6890
51861,5-9985
51862,3-9350
51863,4-1029
51864,4-6988
51865,1-2121
51866,7-0000
51867,6-8122
51868,2-7784
51869,7-1325
51870,4-9819
51871,6-8217
51872,4-9187
51873,5-6310
51874,3-0799
51875,3-2533
51876,5-3644
51877,8-8707
51878,5-2530
51879,5-2543
51880,2-0735
51881,2-3856
51882,5-0717
51883,5-7937
51884,6-8128
51885,6-1741
51886,5-8999
51887,8-4037
51888,1-8064
51889,2-6593
51890,2-6155
51891,8-0241
51892,1-7046
51893,1-7840
51894,3-9764
51895,8-1401
51896,6-1922
51897,6-5093
51898,7-9618
51899,5-0952
51900,7-3391
51901,3-8621
51902,8-6500
51903,5-2423
51904,2-9234
51905,8-7646
51906,2-3352
51907,8-9812
51908,7-1115
51909,2-9869
51910,7-4931
51911,1-5071
51912,2-4591
51913,1-4364
51914,7-7655
51915,4-2795
51916,1-2984
51917,6-0610
51918,4-7273
51919,3-8151
51920,5-2760
51921,5-9001
51922,7-4837
51923,8-1911
51924,1-0398
51925,1-6721
51926,4-8281
51927,4-6160
51928,2-8753
51929,3-0703
51930,3-9216
51931,5-3299
51932,3-4480
51933,2-2850
51934,8-2492
51935,6-9087
51936,2-7332
51937,4-5996
51938,3-1325
51939,6-2724
51940,8-7966
51941,7-5783
51942,7-1733
51943,3-6530
51944,7-0955
51945,2-1974
51946,5-6415
51947,4-0564
51948,2-1148
51949,4-9191
51950,3-3427
51951,1-6261
51952,8-2559
51953,8-1580
51954,6-0138
51955,1-9021
51956,1-5590
51957,6-9478
51958,8-8343
51959,3-3272
51960,2-6004
51961,6-1167
51962,3-3818
51963,2-2398
51964,6-0707
51965,5-4091
51966,4-9108
51967,5-2885
51968,7-0951
51969,5-7963
51970,1-5984
51971,5-3065
51972,8-6097
51973,6-2240
51974,5-6502
51975,4-7443
51976,6-1654
51977,1-3565
51978,6-4689
51979,2-5817
51980,5-8853
51981,1-7385
51982,8-6297
51983,3-6033
51984,7-7312
51985,2-9348
51986,4-0140
51987,8-5602
51988,8-0432
51989,6-1156
51990,2-1848
51991,8-8576
51992,6-9997
51993,6-5098
51994,7-4543
51995,4-6469
51996,1-3617
51997,5-0752
51998,4-0888
51999,4-1097
52000,7-5698
52001,8-4611
52002,5-5488
52003,6-3895
52004,8-6633
52005,7-4259
52006,1-8884
52007,6-4412
52008,7-0995
52009,6-0123
52010,1-4562
52011,6-0277
52012,1-1248
52013,5-1891
52014,7-7196
52015,4-1028
52016,6-4345
52017,3-2305
52018,1-5387
52019,6-6368
52020,8-4290
52021,7-0271
52022,2-3028
52023,2-0894
52024,1-5450
52025,8-4616
52026,3-3600
52027,4-8851
52028,5-8497
52029,6-2891
52030,6-4284
52031,8-0393
52032,2-7421
52033,4-2999
52034,2-8528
52035,1-0071
52036,4-5154
52037,7-7667
52038,1-3337
52039,6-5373
52040,4-3422
52041,1-7603
52042,8-6041
52043,8-0429
52044,5-5066
52045,4-1959
52046,6-0603
52047,5-8455
52048,2-1036
52049,3-8609
52050,2-4482
52051,2-9944
52052,6-7479
52053,1-4666
52054,6-1929
52055,5-0237
52056,6-9110
52057,4-4326
52058,2-5822
52059,7-0472
52060,1-9852
52061,1-7273
52062,6-4401
52063,2-6546
52064,5-7316
52065,1-1199
52066,1-6406
52067,3-3093
52068,8-6054
52069,7-6494
52070,5-1244
52071,5-8885
52072,2-3205
52073,4-3206
52074,5-9576
52075,6-9192
52076,2-4640
52077,3-7755
52078,2-6147
52079,2-8806
52080,4-4301
52081,1-4279
52082,6-8299
52083,6-4070
52084,4-5555
52085,1-5401
52086,7-5019
52087,4-1193
52088,3-6344
52089,5-7056
52090,8-7848
52091,6-6293
52092,7-7405
52093,2-1465
52094,2-3930
52095,6-2795
52096,1-5295
52097,3-4150
52098,1-2459
52099,8-5728
52100,3-6813
52101,1-2482
52102,6-4606
52103,1-5700
52104,5-8053
52105,2-8005
52106,3-3528
52107,6-5074
52108,1-8371
52109,4-0569
52110,6-5715
52111,6-4610
52112,1-5072
52113,5-4315
52114,6-1000
52115,4-7535
52116,3-7197
52117,1-0770
52118,1-4948
52119,4-8745
52120,3-7255
52121,8-3516
52122,6-7477
52123,7-1576
52124,8-4825
52125,1-9187
52126,8-9948
52127,5-3042
52128,6-0850
52129,5-0420
52130,6-1078
52131,3-0932
52132,2-9379
52133,2-0704
52134,8-0016
52135,8-0211
52136,5-4212
52137,3-5893
52138,7-8277
52139,3-4964
52140,4-8270
52141,8-0584
52142,1-2071
52143,6-9678
52144,3-4261
52145,6-2711
52146,4-1834
52147,5-4451
52148,7-0545
52149,7-1409
52150,1-0086
52151,3-6267
52152,5-2473
52153,5-5498
52154,7-5470
52155,4-3706
52156,8-1345
52157,6-0181
52158,8-9034
52159,6-2470
52160,3-4190
52161,1-5964
52162,8-7909
52163,3-6754
52164,3-6002
52165,5-3385
52166,6-8091
52167,6-7684
52168,4-5068
52169,5-9187
52170,8-9861
52171,5-1481
52172,1-1236
52173,8-6902
52174,1-6989
52175,8-3664
52176,2-6616
52177,8-3947
52178,3-3782
52179,7-3214
52180,3-1121
52181,8-1323
52182,2-9967
52183,5-1702
52184,2-4884
52185,6-0067
52186,6-0626
52187,3-4053
52188,5-0725
52189,6-5113
52190,7-4773
52191,7-8939
52192,7-9251
52193,1-7950
52194,5-5125
52195,3-5836
52196,3-6891
52197,1-7088
52198,1-1418
52199,6-5856
52200,4-0622
52201,5-8661
52202,3-5392
52203,2-8051
52204,5-6935
52205,1-6944
52206,8-8072
52207,5-5478
52208,2-5558
52209,6-2728
52210,2-5206
52211,6-0893
52212,5-5414
52213,6-0812
52214,1-6296
52215,3-0465
52216,7-7719
52217,6-2181
52218,1-7835
52219,3-7688
52220,2-5072
52221,6-7616
52222,4-6507
52223,2-0377
52224,6-2064
52225,4-3586
52226,3-7266
52227,2-2000
52228,1-8876
52229,8-9192
52230,1-2226
52231,5-2204
52232,5-2597
52233,4-7072
52234,8-2843
52235,7-3696
52236,6-8242
52237,1-2728
52238,7-6832
52239,4-9230
52240,7-3343
52241,7-8300
52242,1-0826
52243,8-3871
52244,6-6067
52245,6-2805
52246,4-0129
52247,3-2222
52248,4-0559
52249,5-9412
52250,8-3391
52251,6-6450
52252,5-4576
52253,8-3454
52254,8-3869
52255,6-8360
52256,7-1768
52257,3-0291
52258,1-5602
52259,3-0605
52260,2-4719
52261,2-7790
52262,3-2286
52263,8-8713
52264,1-2887
52265,4-2143
52266,4-6157
52267,3-0234
52268,4-7006
52269,2-7778
52270,5-9892
52271,7-0263
52272,2-9760
52273,3-3251
52274,6-0976
52275,3-9466
52276,8-8278
52277,3-9853
52278,6-3730
52279,6-9496
52280,1-8080
52281,7-3385
52282,4-9313
52283,7-1999
52284,3-8695
52285,2-3075
52286,4-4933
52287,6-6076
52288,7-9978
52289,1-0379
52290,6-5947
52291,4-9036
52292,4-7294
52293,1-0885
52294,7-9333
52295,1-3787
52296,8-2070
52297,6-5184
52298,5-7890
52299,8-1588
52300,4-5015
52301,8-3309
52302,5-1938
52303,2-2796
52304,3-6800
52305,7-6657
52306,8-1460
52307,7-4620
52308,2-4866
52309,5-0445
52310,6-9862
52311,5-8692
52312,8-1652
52313,7-4277
52314,2-0547
52315,5-5547
52316,4-4533
52317,2-2911
52318,6-6247
52319,7-4700
52320,2-4402
52321,3-8284
52322,8-5535
52323,7-2704
52324,3-3607
52325,8-4751
52326,3-4129
52327,4-0982
52328,1-4969
52329,8-8834
52330,8-2939
52331,8-7847
52332,4-7039
52333,7-9335
52334,4-3199
52335,4-7618
52336,8-4357
52337,2-4168
52338,7-3982
52339,7-0076
52340,1-7980
52341,4-1626
52342,2-2740
52343,2-9258
52344,7-8499
52345,3-0190
52346,4-3189
52347,6-4500
52348,8-6921
52349,3-8155
52350,2-0435
52351,4-4872
52352,4-0426
52353,7-9356
52354,5-6404
52355,6-5792
52356,4-7807
52357,4-1848
52358,4-6823
52359,8-2964
52360,8-0822
52361,4-2428
52362,4-6997
52363,8-9739
52364,4-9112
52365,6-3861
52366,4-5652
52367,3-7730
52368,6-2425
52369,7-7950
52370,7-4942
52371,1-9234
52372,2-4902
52373,1-4679
52374,1-8872
52375,2-9867
52376,2-2129
52377,4-9518
52378,2-8664
52379,3-2384
52380,4-1268
52381,5-8981
52382,4-3579
52383,5-0484
52384,8-3406
52385,4-4698
52386,4-8013
52387,1-4241
52388,8-9882
52389,6-1639
52390,3-6975
52391,4-2317
52392,4-7321
52393,3-2116
52394,8-8092
52395,3-0610
52396,1-2741
52397,4-2004
52398,6-2962
52399,7-4168
52400,3-5740
52401,2-4419
52402,4-4251
52403,5-2411
52404,8-2900
52405,8-3436
52406,5-4976
52407,5-1901
52408,4-0029
52409,1-5834
52410,6-5468
52411,5-6940
52412,7-0839
52413,5-6784
52414,2-8467
52415,4-9509
52416,8-4321
52417,5-8998
52418,7-4547
52419,3-3317
52420,7-5389
52421,6-1313
52422,7-9351
52423,7-2790
52424,1-3377
52425,1-9667
52426,4-7338
52427,6-9845
52428,5-4973
52429,1-8342
52430,4-3215
52431,5-7981
52432,5-9810
52433,3-5041
52434,3-4019
52435,5-9987
52436,3-6428
52437,8-8301
52438,5-7749
52439,6-4457
52440,6-6956
52441,8-3620
52442,6-5477
52443,7-7538
52444,7-2399
52445,6-8317
52446,6-5611
52447,7-7387
52448,4-5929
52449,2-1870
52450,3-9320
52451,1-4709
52452,5-7349
52453,6-5692
52454,3-5753
52455,2-4062
52456,8-9160
52457,2-8625
52458,8-8558
52459,8-6119
52460,7-9839
52461,7-9074
52462,3-7106
52463,2-4599
52464,6-8165
52465,2-4071
52466,5-4604
52467,5-5169
52468,3-5139
52469,8-3621
52470,8-5517
52471,3-0537
52472,5-0908
52473,8-0928
52474,3-3616
52475,1-1495
52476,5-3653
52477,7-8592
52478,1-5826
52479,1-8578
52480,1-7901
52481,1-8961
52482,7-6961
52483,7-1339
52484,2-3948
52485,6-7134
52486,3-5277
52487,8-3567
52488,1-9844
52489,6-3711
52490,1-4770
52491,5-7750
52492,3-5557
52493,7-6876
52494,1-2596
52495,5-5731
52496,1-6956
52497,8-1511
52498,8-1875
52499,5-9579
52500,1-1747
52501,1-8283
52502,5-4236
52503,3-4844
52504,8-6046
52505,5-7318
52506,2-2894
52507,3-1394
52508,5-1421
52509,5-4502
52510,4-1359
52511,7-3009
52512,5-9745
52513,6-7100
52514,7-4706
52515,8-0283
52516,1-9142
52517,8-1164
52518,8-9529
52519,5-0228
52520,3-7453
52521,1-7837
52522,4-5393
52523,4-5317
52524,2-4454
52525,2-6391
52526,4-4436
52527,2-7964
52528,1-9925
52529,5-1529
52530,6-2127
52531,1-9826
52532,6-1481
52533,6-7109
52534,5-5108
52535,5-7326
52536,4-7409
52537,4-4745
52538,3-0738
52539,4-4213
52540,5-5689
52541,3-9996
52542,6-2817
52543,6-0176
52544,1-4098
52545,8-3605
52546,7-8384
52547,8-3949
52548,6-4543
52549,6-7580
52550,3-1974
52551,3-9237
52552,6-5894
52553,8-5634
52554,1-4737
52555,8-2320
52556,8-2482
52557,2-0538
52558,2-7801
52559,5-6194
52560,1-0545
52561,5-8822
52562,3-8572
52563,2-4621
52564,5-9355
52565,6-7047
52566,1-5823
52567,7-9190
52568,4-7972
52569,4-0096
52570,8-0947
52571,3-4549
52572,8-1833
52573,1-8708
52574,2-8788
52575,8-7375
52576,5-1106
52577,1-5252
52578,8-0119
52579,4-6868
52580,6-6552
52581,6-0918
52582,1-4717
52583,5-0849
52584,3-1554
52585,1-9551
52586,5-9770
52587,2-2508
52588,3-5842
52589,1-9309
52590,5-9240
52591,4-9666
52592,3-0684
52593,8-3083
52594,1-6314
52595,8-1239
52596,4-7211
52597,5-2924
52598,3-3825
52599,4-2717
52600,6-9797
52601,4-9219
52602,6-5896
52603,8-2582
52604,1-1655
52605,1-5751
52606,2-5688
52607,5-2390
52608,5-7620
52609,2-1393
52610,4-7089
52611,3-5233
52612,7-7729
52613,4-0106
52614,7-6185
52615,6-1543
52616,7-3548
52617,4-4118
52618,3-6864
52619,2-5967
52620,2-8358
52621,4-7882
52622,5-1761
52623,7-1229
52624,8-2045
52625,5-5991
52626,7-6374
52627,2-4172
52628,5-2408
52629,3-1764
52630,7-1656
52631,5-1056
52632,5-2892
52633,6-6193
52634,7-0229
52635,3-0266
52636,6-3682
52637,3-1405
52638,1-1090
52639,2-7121
52640,1-2929
52641,8-2961
52642,2-1734
52643,8-2512
52644,3-0632
52645,1-4127
52646,5-7197
52647,2-4973
52648,4-5681
52649,6-7138
52650,2-0934
52651,3-6858
52652,7-1547
52653,8-7265
52654,7-4332
52655,3-3125
52656,6-9361
52657,8-2636
52658,4-7467
52659,7-1144
52660,4-5305
52661,3-9947
52662,6-7227
52663,5-9597
52664,4-9237
52665,3-4889
52666,4-5882
52667,2-2956
52668,3-4570
52669,2-8380
52670,4-2634
52671,1-4772
52672,2-7490
52673,3-3732
