,lead
0,8-4298
1,6-2170
2,8-4572
3,8-5956
4,3-0909
5,6-8224
6,6-0855
7,1-7465
8,8-0586
9,2-2550
10,8-2492
11,8-6536
12,4-6521
13,8-2333
14,7-6301
15,3-1992
16,5-2445
17,2-5580
18,2-8074
19,5-5297
20,5-9976
21,6-0722
22,1-8878
23,4-8307
24,3-5410
25,1-0579
26,2-6167
27,7-4509
28,8-2224
29,8-6060
30,8-1235
31,5-3157
32,6-8157
33,2-9194
34,8-3981
35,7-6620
36,4-5372
37,3-3900
38,6-0176
39,2-2586
40,4-7247
41,2-5200
42,5-9705
43,1-3795
44,1-7660
45,8-5320
46,8-1529
47,5-2957
48,7-3534
49,6-8993
50,8-3136
51,2-4573
52,8-8945
53,8-1358
54,6-8528
55,3-1573
56,3-1974
57,4-4385
58,7-3137
59,1-2047
60,8-6382
61,6-6266
62,3-5498
63,2-1288
64,7-4918
65,7-4605
66,2-8652
67,7-9814
68,4-4694
69,1-8855
70,3-2465
71,8-2684
72,5-6046
73,6-3998
74,7-8821
75,5-1140
76,8-4622
77,2-8396
78,2-7100
79,3-3655
80,2-1768
81,1-2872
82,8-5065
83,7-9775
84,1-3854
85,5-7718
86,4-7515
87,1-8332
88,1-4929
89,3-2390
90,7-8804
91,2-6464
92,7-7601
93,3-0442
94,3-5694
95,3-0036
96,6-7169
97,4-0006
98,6-2004
99,4-3244
100,4-2428
101,8-2746
102,7-0060
103,4-3812
104,1-9240
105,6-3249
106,3-9352
107,3-2184
108,3-6658
109,3-9396
110,8-1280
111,5-9047
112,2-3739
113,5-0619
114,3-4875
115,7-6832
116,7-2006
117,8-6419
118,4-8703
119,6-8644
120,1-7947
121,1-7048
122,4-4268
123,6-3977
124,4-9828
125,8-5225
126,7-0169
127,6-8386
128,7-2094
129,3-9071
130,1-4602
131,1-2651
132,6-8018
133,3-6177
134,5-9410
135,3-6033
136,8-6894
137,8-7757
138,7-9952
139,3-1823
140,3-6486
141,5-9409
142,4-7944
143,7-8668
144,5-1433
145,2-0428
146,1-2983
147,7-6163
148,2-9863
149,6-7747
150,7-1651
151,3-4828
152,2-7952
153,2-5731
154,1-5819
155,2-3805
156,2-9235
157,1-0326
158,5-3701
159,7-1196
160,2-8864
161,1-4667
162,8-9700
163,5-2842
164,4-1191
165,6-6251
166,1-8295
167,8-2069
168,4-8935
169,5-0143
170,4-5736
171,4-7683
172,2-5288
173,8-2645
174,5-7423
175,5-9752
176,7-8543
177,2-1076
178,3-8505
179,2-1561
180,3-0495
181,8-0840
182,7-4629
183,8-0981
184,7-7515
185,1-4070
186,8-4569
187,4-0969
188,4-6973
189,5-4885
190,7-8942
191,4-5127
192,3-1802
193,4-2325
194,1-0383
195,4-6485
196,8-0247
197,2-7956
198,7-4741
199,6-7632
200,6-1818
201,2-5277
202,8-5797
203,1-8731
204,2-1944
205,1-9764
206,4-7980
207,1-5414
208,5-3540
209,6-8948
210,3-5934
211,4-7189
212,7-4136
213,8-5664
214,3-6668
215,2-1946
216,8-4121
217,3-1661
218,4-3763
219,4-7619
220,1-8361
221,4-4575
222,5-4734
223,7-8051
224,6-2566
225,7-3928
226,3-7030
227,7-8396
228,2-7550
229,2-4825
230,5-6229
231,3-7375
232,5-9776
233,2-6664
234,6-6200
235,6-7475
236,7-2058
237,7-4627
238,6-6203
239,3-6894
240,3-7574
241,4-0005
242,5-9937
243,1-2413
244,1-6937
245,3-6584
246,2-0073
247,6-1370
248,2-1644
249,1-1787
250,4-4295
251,7-7901
252,2-6594
253,3-3404
254,6-5405
255,2-1077
256,4-9491
257,7-0730
258,4-3072
259,4-3326
260,4-5455
261,2-5866
262,3-2009
263,2-9310
264,8-1336
265,5-0945
266,3-2886
267,3-5090
268,7-1726
269,5-6669
270,2-0738
271,2-9641
272,7-3275
273,2-4677
274,4-6218
275,1-5237
276,3-9609
277,3-5296
278,2-7146
279,2-2189
280,7-5990
281,2-2302
282,1-5229
283,7-2480
284,5-9096
285,6-9371
286,3-4411
287,1-9665
288,8-1620
289,3-0760
290,8-9897
291,8-3973
292,6-2915
293,7-4679
294,7-9975
295,2-3163
296,5-3337
297,2-6041
298,5-0602
299,7-8923
300,4-6283
301,5-1983
302,5-3729
303,5-1123
304,2-0185
305,7-6175
306,5-5258
307,3-3648
308,5-3985
309,4-6224
310,5-0695
311,4-8979
312,6-4286
313,1-9049
314,4-3632
315,6-6805
316,8-6105
317,7-0746
318,4-9204
319,8-9365
320,5-6449
321,4-3701
322,6-1585
323,3-6095
324,5-1588
325,2-8654
326,1-5959
327,3-8256
328,4-6633
329,7-2831
330,8-7345
331,4-1319
332,3-7755
333,4-6304
334,3-6754
335,3-2898
336,6-4768
337,8-3798
338,4-1373
339,8-3716
340,2-0969
341,4-0060
342,2-3804
343,6-6012
344,6-5591
345,1-1735
346,6-3390
347,1-4893
348,8-3282
349,2-4061
350,4-7694
351,1-4911
352,8-6262
353,6-3247
354,2-9923
355,3-6800
356,2-8465
357,7-7345
358,5-8651
359,1-4778
360,3-5994
361,2-1184
362,2-3130
363,8-3528
364,7-0652
365,4-8854
366,7-6103
367,6-3888
368,8-0702
369,5-7402
370,7-4128
371,2-2542
372,2-4146
373,7-3140
374,4-0115
375,2-0414
376,6-1537
377,5-0044
378,6-6239
379,3-7014
380,1-4653
381,3-7567
382,6-0906
383,7-7635
384,3-5433
385,2-6467
386,7-5501
387,2-1342
388,5-9655
389,7-2165
390,4-4727
391,7-7566
392,1-4529
393,7-8059
394,5-8167
395,1-3196
396,7-2704
397,5-7748
398,6-6967
399,6-1604
400,3-9312
401,1-1413
402,2-0839
403,3-8764
404,4-8295
405,7-5234
406,1-6744
407,1-9814
408,3-3039
409,7-2267
410,7-1653
411,5-1622
412,8-7864
413,6-2124
414,6-9720
415,5-1680
416,5-2584
417,7-2705
418,3-7190
419,5-6530
420,3-7305
421,6-3002
422,8-3001
423,1-1635
424,3-3899
425,4-9210
426,7-4193
427,8-8873
428,4-0723
429,5-4646
430,7-2761
431,1-4187
432,6-8154
433,1-7390
434,6-2263
435,3-4804
436,1-6509
437,5-2644
438,3-7205
439,2-0258
440,8-9947
441,5-0618
442,6-0522
443,7-8380
444,5-7553
445,8-0589
446,2-6299
447,5-5857
448,5-6309
449,7-6152
450,6-3600
451,4-3451
452,4-2275
453,3-7183
454,7-1245
455,6-7888
456,6-5373
457,7-8199
458,8-9286
459,6-4738
460,8-8635
461,2-0582
462,8-5682
463,7-1780
464,5-7790
465,6-5003
466,8-9471
467,3-5913
468,6-8034
469,6-2328
470,5-9537
471,2-9200
472,1-4684
473,4-0620
474,4-5349
475,4-8056
476,7-2892
477,8-3989
478,4-5001
479,4-3503
480,3-1902
481,2-3069
482,8-0613
483,2-9971
484,8-4919
485,7-9612
486,3-0274
487,5-0415
488,3-4589
489,6-3258
490,3-3250
491,8-0378
492,4-7503
493,5-7284
494,4-3705
495,3-2160
496,8-0801
497,1-9422
498,8-5070
499,4-6677
500,8-4118
501,2-2917
502,3-1082
503,8-3397
504,7-5160
505,4-4168
506,1-1028
507,2-3351
508,7-7163
509,1-6017
510,8-9161
511,8-3441
512,5-6378
513,5-2871
514,8-4501
515,8-8234
516,3-0790
517,2-7535
518,1-3499
519,4-3681
520,8-7088
521,3-6239
522,6-3637
523,3-5437
524,2-4415
525,3-7557
526,5-5333
527,5-1917
528,7-3004
529,6-2369
530,8-5410
531,4-4476
532,3-3332
533,4-9947
534,8-8780
535,8-6808
536,2-7072
537,6-0351
538,2-3379
539,8-2524
540,7-1327
541,4-7775
542,5-9930
543,7-4133
544,8-7617
545,2-2259
546,6-8886
547,8-1485
548,5-8014
549,3-0522
550,8-0595
551,7-5759
552,1-3206
553,5-7377
554,3-6081
555,8-0953
556,4-3089
557,4-6779
558,4-1345
559,2-3427
560,3-4975
561,2-5068
562,3-1579
563,2-3408
564,1-1957
565,5-8810
566,6-1117
567,4-4306
568,3-7543
569,2-5109
570,5-0970
571,4-7603
572,2-2480
573,5-3565
574,4-6741
575,1-0708
576,3-7895
577,3-5821
578,6-9745
579,7-6304
580,5-2158
581,3-4433
582,6-0769
583,1-0279
584,8-4241
585,3-8847
586,3-0094
587,4-4269
588,5-4098
589,4-0209
590,3-6962
591,5-1546
592,5-1422
593,3-3605
594,5-7633
595,1-6748
596,3-4460
597,2-8507
598,6-0881
599,5-2860
600,7-8723
601,1-3570
602,2-8561
603,2-9765
604,5-8617
605,7-5402
606,5-3433
607,2-2437
608,6-4597
609,7-8746
610,7-2311
611,1-6700
612,8-0100
613,5-6676
614,5-5907
615,4-6900
616,1-2249
617,3-5060
618,5-9193
619,5-7993
620,3-1464
621,3-2970
622,7-1751
623,1-5823
624,5-0608
625,7-3208
626,7-4696
627,1-0987
628,3-3695
629,2-6704
630,4-3957
631,2-0719
632,6-8971
633,3-5833
634,6-1454
635,7-8698
636,3-7819
637,7-3609
638,5-2943
639,6-0556
640,8-8883
641,4-6206
642,8-6380
643,8-9646
644,4-2195
645,5-9367
646,6-6584
647,8-4071
648,6-6653
649,8-4766
650,7-4601
651,3-7704
652,7-8634
653,2-4252
654,5-2497
655,2-3184
656,2-7875
657,1-9342
658,7-3397
659,2-6359
660,3-5917
661,8-5775
662,6-1175
663,1-8802
664,1-9965
665,2-9922
666,4-2543
667,5-5432
668,3-5689
669,4-4197
670,4-0545
671,6-5980
672,8-9962
673,4-7442
674,3-5096
675,8-4714
676,6-8289
677,3-6556
678,4-1026
679,4-0665
680,2-5065
681,2-0718
682,3-3290
683,6-7722
684,5-6545
685,8-0677
686,8-6563
687,2-2537
688,2-7673
689,7-1754
690,3-1468
691,6-2208
692,4-4949
693,1-9323
694,7-7772
695,2-3114
696,6-0079
697,6-0992
698,6-8392
699,6-2687
700,8-9194
701,2-9769
702,4-3510
703,5-3217
704,5-3775
705,5-6532
706,2-6279
707,1-7001
708,7-1546
709,4-9501
710,6-4797
711,2-2970
712,4-3490
713,2-0373
714,6-2641
715,7-3205
716,8-4221
717,7-0150
718,1-4582
719,5-2881
720,1-4071
721,5-1808
722,5-8850
723,1-2966
724,4-1874
725,2-8954
726,2-3120
727,1-2305
728,8-0444
729,5-3255
730,3-9501
731,3-4778
732,3-3162
733,3-3295
734,7-1966
735,4-8622
736,1-1664
737,7-6760
738,1-9375
739,7-6100
740,7-3121
741,6-4089
742,7-0256
743,6-9011
744,5-0109
745,8-5400
746,3-9364
747,5-7270
748,1-4576
749,5-8790
750,5-8116
751,6-6930
752,2-1530
753,5-8287
754,7-3293
755,2-2249
756,7-1485
757,6-7965
758,2-3332
759,2-0927
760,8-5874
761,8-2370
762,6-8086
763,7-6247
764,3-8687
765,2-6361
766,6-1114
767,2-8887
768,4-4375
769,2-5610
770,3-8134
771,2-4533
772,3-4323
773,1-6998
774,7-3475
775,7-1579
776,7-1481
777,1-3480
778,5-7250
779,8-1221
780,4-7088
781,3-2161
782,7-6587
783,1-3371
784,8-1094
785,1-6483
786,6-5340
787,8-3384
788,5-9548
789,1-1058
790,3-6121
791,3-1565
792,3-0786
793,2-6082
794,5-0151
795,3-5252
796,6-2261
797,1-2518
798,8-5275
799,3-4298
800,5-9211
801,3-9137
802,6-7059
803,8-1930
804,2-2536
805,1-5260
806,5-6149
807,4-0261
808,5-0218
809,1-3491
810,3-7403
811,7-6283
812,6-9887
813,8-4852
814,1-3484
815,4-8081
816,5-3025
817,5-3462
818,5-0495
819,2-3861
820,1-5032
821,8-5314
822,8-9678
823,8-8155
824,5-3848
825,3-8508
826,5-8838
827,8-9698
828,4-9541
829,7-5514
830,3-4912
831,5-8459
832,3-9570
833,8-6690
834,5-1055
835,1-9052
836,8-9596
837,8-7797
838,6-0584
839,1-3213
840,4-2113
841,3-5731
842,2-6815
843,1-7197
844,4-8072
845,2-7422
846,7-7388
847,2-5028
848,2-3399
849,6-5676
850,3-9355
851,6-6834
852,1-1185
853,4-9285
854,7-6209
855,7-8308
856,3-6758
857,5-9430
858,2-1434
859,4-7198
860,7-5672
861,8-2381
862,5-9633
863,6-1509
864,7-1548
865,8-6153
866,7-7898
867,3-0507
868,7-9238
869,6-2061
870,4-5409
871,3-0319
872,7-1553
873,7-6602
874,2-2959
875,5-6875
876,5-4473
877,4-5276
878,2-9265
879,5-8646
880,8-1075
881,8-5625
882,5-2472
883,1-8852
884,8-3986
885,3-5704
886,1-1548
887,1-1284
888,8-1189
889,6-2513
890,8-5509
891,7-2329
892,8-8274
893,5-0394
894,4-6937
895,2-3934
896,2-6123
897,4-9710
898,6-9095
899,2-8387
900,5-0881
901,1-7479
902,6-4418
903,7-9651
904,3-7407
905,2-9013
906,8-8563
907,7-6566
908,8-0061
909,7-1584
910,7-0279
911,4-4942
912,3-2824
913,7-4943
914,4-6039
915,2-0328
916,8-7153
917,2-9081
918,2-0443
919,5-0286
920,2-1661
921,3-7798
922,3-6676
923,3-4029
924,2-4969
925,3-9855
926,4-0499
927,1-1667
928,1-5364
929,8-5060
930,1-1679
931,5-3992
932,7-0954
933,2-5157
934,6-6978
935,6-5381
936,4-3078
937,7-5834
938,1-0428
939,2-0814
940,3-5376
941,7-6344
942,4-3433
943,3-8428
944,5-0091
945,3-0789
946,8-1760
947,5-5083
948,8-5381
949,2-3793
950,3-1731
951,1-9093
952,6-9347
953,5-5671
954,4-6749
955,1-6890
956,7-3775
957,7-8781
958,6-4086
959,1-9110
960,6-1253
961,6-0375
962,4-8837
963,1-1003
964,2-2879
965,5-0714
966,3-5726
967,8-3961
968,3-1094
969,5-1770
970,8-2434
971,8-9929
972,3-1091
973,4-0514
974,3-0776
975,2-3655
976,5-9810
977,7-7537
978,1-3460
979,8-2030
980,7-2951
981,7-0028
982,4-5551
983,6-7176
984,7-2891
985,3-7454
986,3-7993
987,1-7239
988,4-9180
989,2-5342
990,1-4614
991,1-1036
992,4-2946
993,7-3677
994,1-6614
995,1-7495
996,1-6907
997,2-0479
998,3-9704
999,4-6152
1000,3-4501
1001,8-2737
1002,8-4812
1003,6-1866
1004,6-3015
1005,6-4533
1006,4-8403
1007,3-4789
1008,4-2630
1009,1-9450
1010,1-0648
1011,8-4620
1012,3-9442
1013,2-6502
1014,8-6966
1015,6-3222
1016,2-0023
1017,7-4406
1018,3-3501
1019,7-7560
1020,1-2682
1021,3-6105
1022,2-7131
1023,8-2268
1024,7-4005
1025,6-7657
1026,5-9774
1027,2-4793
1028,5-4604
1029,5-0009
1030,8-9253
1031,5-1890
1032,5-3857
1033,7-3345
1034,6-4650
1035,6-2631
1036,1-3094
1037,7-1789
1038,4-1921
1039,1-5537
1040,1-4880
1041,8-2841
1042,4-0308
1043,1-5588
1044,7-0383
1045,4-3980
1046,4-3698
1047,6-4337
1048,3-3166
1049,8-2626
1050,2-8066
1051,8-4886
1052,6-6781
1053,8-2763
1054,3-8112
1055,4-0413
1056,8-6609
1057,2-8737
1058,7-6521
1059,4-7037
1060,8-2671
1061,1-8680
1062,1-8467
1063,1-7279
1064,2-9266
1065,1-5834
1066,1-2153
1067,1-1825
1068,1-2401
1069,6-4786
1070,7-1718
1071,8-6776
1072,4-7490
1073,5-8971
1074,8-9389
1075,4-5586
1076,1-4570
1077,2-1935
1078,7-7502
1079,2-8874
1080,6-0577
1081,4-6637
1082,1-9975
1083,2-2688
1084,7-7161
1085,2-3659
1086,5-9413
1087,3-2979
1088,1-4425
1089,7-7640
1090,6-7274
1091,1-8575
1092,6-7108
1093,7-6617
1094,6-0371
1095,2-1819
1096,4-6175
1097,1-7808
1098,7-0932
1099,7-7602
1100,7-1918
1101,4-5832
1102,3-7551
1103,2-8016
1104,5-0930
1105,5-0228
1106,8-1364
1107,6-5369
1108,8-3009
1109,7-2511
1110,6-2006
1111,8-4367
1112,4-6724
1113,8-8916
1114,5-9921
1115,7-2983
1116,8-2508
1117,6-3161
1118,6-2768
1119,3-3229
1120,5-5642
1121,7-1242
1122,6-3739
1123,8-8675
1124,2-4358
1125,1-1390
1126,3-8295
1127,8-5222
1128,8-5146
1129,7-9785
1130,3-5107
1131,2-6387
1132,4-9095
1133,5-6106
1134,6-5508
1135,4-2125
1136,1-8603
1137,4-5960
1138,2-6765
1139,2-9331
1140,8-0722
1141,8-8071
1142,5-2705
1143,4-4001
1144,6-2797
1145,3-4420
1146,7-1590
1147,7-0861
1148,4-1819
1149,1-0879
1150,7-8710
1151,2-9056
1152,8-8384
1153,8-0971
1154,5-4973
1155,2-1764
1156,4-5844
1157,4-7687
1158,4-1017
1159,6-3551
1160,8-7646
1161,2-5216
1162,1-4154
1163,2-0703
1164,2-6107
1165,3-1473
1166,7-6938
1167,4-5475
1168,3-2875
1169,5-8461
1170,2-3406
1171,8-3897
1172,6-1901
1173,1-2706
1174,3-7458
1175,2-0066
1176,4-1568
1177,5-6329
1178,6-6116
1179,2-2152
1180,3-7157
1181,8-5527
1182,8-3069
1183,6-8177
1184,7-4241
1185,7-3270
1186,4-9265
1187,5-6019
1188,2-0964
1189,1-6923
1190,5-9369
1191,3-1877
1192,7-8483
1193,2-2721
1194,7-5567
1195,7-2142
1196,6-4789
1197,3-4561
1198,3-1178
1199,7-2554
1200,7-5709
1201,5-5528
1202,5-4571
1203,7-5344
1204,5-0774
1205,6-8074
1206,4-1920
1207,6-8128
1208,6-0331
1209,2-7125
1210,4-5677
1211,7-0044
1212,4-9571
1213,6-1632
1214,1-9784
1215,6-0662
1216,5-1698
1217,7-0106
1218,8-0756
1219,6-5716
1220,6-7621
1221,4-7506
1222,8-8986
1223,4-0393
1224,8-8920
1225,6-9069
1226,2-5880
1227,1-8012
1228,8-7598
1229,8-7441
1230,1-6310
1231,2-0427
1232,4-5218
1233,6-2686
1234,4-8163
1235,7-2388
1236,5-0868
1237,5-3755
1238,3-5334
1239,1-6420
1240,7-5209
1241,3-9151
1242,2-3447
1243,1-4165
1244,3-7937
1245,8-5459
1246,6-3428
1247,7-8875
1248,3-9841
1249,1-6805
1250,1-0994
1251,7-5935
1252,6-6667
1253,1-0386
1254,1-4192
1255,6-5637
1256,3-2004
1257,8-8495
1258,5-1621
1259,5-8220
1260,2-3369
1261,4-1801
1262,4-1576
1263,5-5268
1264,8-1265
1265,3-3257
1266,6-6837
1267,1-9372
1268,5-6598
1269,6-4700
1270,5-7767
1271,4-5007
1272,2-5792
1273,3-2812
1274,2-9821
1275,3-1455
1276,4-0880
1277,1-0527
1278,4-6051
1279,7-7117
1280,2-1627
1281,7-9329
1282,2-3510
1283,5-0834
1284,3-6348
1285,4-6121
1286,5-5477
1287,8-1421
1288,4-5505
1289,8-4610
1290,2-4276
1291,5-7907
1292,5-9620
1293,5-8092
1294,6-9093
1295,5-5614
1296,8-0499
1297,2-4810
1298,3-4252
1299,8-1846
1300,8-4697
1301,4-6114
1302,7-1278
1303,7-9157
1304,5-4697
1305,1-5545
1306,2-9359
1307,4-7108
1308,4-2978
1309,2-5221
1310,1-2921
1311,7-9652
1312,7-5484
1313,7-7696
1314,3-5292
1315,8-1627
1316,8-4809
1317,1-8321
1318,7-6464
1319,6-2904
1320,4-3205
1321,8-7811
1322,8-9318
1323,4-8215
1324,8-6822
1325,1-0615
1326,5-5155
1327,1-6938
1328,6-4098
1329,3-0752
1330,1-2362
1331,3-0690
1332,7-4578
1333,8-6620
1334,7-3087
1335,7-0855
1336,6-5007
1337,6-8921
1338,4-8948
1339,2-8174
1340,4-5041
1341,8-4575
1342,2-3354
1343,7-9868
1344,3-4315
1345,8-2292
1346,7-6812
1347,3-0878
1348,2-8701
1349,7-9836
1350,4-0033
1351,6-6487
1352,6-2611
1353,6-6142
1354,7-1906
1355,1-5796
1356,7-0955
1357,2-4499
1358,6-8792
1359,6-2402
1360,7-3488
1361,8-4424
1362,4-7237
1363,2-1547
1364,1-6363
1365,5-8022
1366,4-3852
1367,6-7976
1368,8-6070
1369,4-4203
1370,6-0135
1371,8-8982
1372,1-8394
1373,6-1676
1374,6-4955
1375,5-8020
1376,2-2746
1377,3-1888
1378,4-5052
1379,4-5058
1380,3-8593
1381,3-4469
1382,3-1896
1383,4-2809
1384,1-0097
1385,8-4873
1386,6-8081
1387,5-7156
1388,8-7017
1389,4-8588
1390,7-9285
1391,1-1011
1392,4-5580
1393,1-7278
1394,2-1858
1395,3-4474
1396,5-2120
1397,3-5885
1398,8-5825
1399,1-5226
1400,5-7981
1401,4-4592
1402,4-5631
1403,8-8414
1404,1-6496
1405,7-3645
1406,6-4975
1407,6-3878
1408,1-3573
1409,8-5182
1410,8-7893
1411,8-9158
1412,3-6305
1413,8-8122
1414,1-3864
1415,3-0547
1416,6-3391
1417,2-3854
1418,7-9986
1419,8-5173
1420,5-9426
1421,3-8811
1422,8-7815
1423,5-8399
1424,2-6797
1425,6-8929
1426,4-7170
1427,4-2172
1428,8-1447
1429,1-1397
1430,5-7168
1431,8-0790
1432,4-2340
1433,1-4023
1434,4-4388
1435,1-2483
1436,5-2007
1437,6-1634
1438,3-4638
1439,4-8381
1440,5-5320
1441,3-0178
1442,5-8282
1443,5-6368
1444,6-0180
1445,3-5056
1446,2-0057
1447,1-7751
1448,4-5727
1449,7-4219
1450,2-6787
1451,6-3494
1452,4-5724
1453,7-6512
1454,8-0217
1455,5-2052
1456,7-2016
1457,5-4521
1458,1-4622
1459,3-9821
1460,5-4507
1461,1-1377
1462,7-9909
1463,2-0422
1464,1-2760
1465,3-9440
1466,5-9751
1467,4-3974
1468,8-0148
1469,7-7779
1470,4-2474
1471,2-6231
1472,5-8843
1473,7-3734
1474,2-1024
1475,5-9822
1476,3-2936
1477,2-6164
1478,4-2717
1479,3-2306
1480,5-4603
1481,8-4364
1482,3-2258
1483,4-6954
1484,8-1923
1485,6-2673
1486,1-4660
1487,1-2463
1488,3-2315
1489,8-2017
1490,3-1886
1491,6-3067
1492,8-9024
1493,4-5826
1494,4-2438
1495,2-6924
1496,6-8064
1497,8-5603
1498,1-0168
1499,6-5498
1500,8-2983
1501,2-9712
1502,4-6016
1503,4-9026
1504,5-2200
1505,3-0771
1506,2-3071
1507,2-0459
1508,3-9020
1509,7-9006
1510,4-4188
1511,6-9946
1512,7-6190
1513,3-6739
1514,7-9725
1515,6-1791
1516,1-9383
1517,5-1993
1518,6-6158
1519,4-1976
1520,6-0597
1521,6-1216
1522,5-5758
1523,8-3278
1524,5-8490
1525,1-7397
1526,6-7403
1527,7-3258
1528,6-5228
1529,7-0834
1530,7-9861
1531,1-1262
1532,2-5660
1533,2-3074
1534,5-0725
1535,1-5437
1536,2-0527
1537,2-6422
1538,5-2620
1539,1-5287
1540,6-8444
1541,5-6184
1542,6-1526
1543,8-8734
1544,7-0393
1545,5-9694
1546,8-3327
1547,4-0054
1548,5-3584
1549,6-3184
1550,3-1294
1551,1-1000
1552,7-7741
1553,4-0193
1554,8-7003
1555,7-5110
1556,2-4426
1557,6-7527
1558,2-8797
1559,3-1620
1560,4-2841
1561,3-1281
1562,4-7969
1563,5-2739
1564,6-5852
1565,1-1350
1566,5-2747
1567,4-6507
1568,8-0212
1569,3-2436
1570,8-3650
1571,6-7434
1572,6-8065
1573,7-9953
1574,2-9881
1575,5-7782
1576,6-9136
1577,1-5614
1578,7-8865
1579,4-0503
1580,3-5739
1581,1-3889
1582,8-4452
1583,8-1142
1584,8-1181
1585,5-9848
1586,8-8487
1587,2-6305
1588,7-3936
1589,5-1232
1590,8-5872
1591,1-6160
1592,7-3736
1593,6-3060
1594,6-1103
1595,4-9652
1596,7-0359
1597,2-6108
1598,2-0039
1599,8-7237
1600,6-2408
1601,1-0488
1602,6-9411
1603,5-8077
1604,5-7124
1605,3-6327
1606,8-6353
1607,8-7594
1608,6-9910
1609,3-6552
1610,7-9023
1611,1-2426
1612,6-6466
1613,7-3728
1614,3-9908
1615,2-5772
1616,7-7805
1617,5-4746
1618,1-4000
1619,7-6028
1620,8-8260
1621,7-4453
1622,6-9950
1623,4-1799
1624,1-2590
1625,1-2350
1626,6-3384
1627,5-0422
1628,1-7486
1629,7-3608
1630,1-9848
1631,5-0698
1632,1-1675
1633,1-4701
1634,4-5013
1635,3-5200
1636,8-9769
1637,1-1260
1638,1-4621
1639,6-0091
1640,2-0219
1641,7-6934
1642,2-3719
1643,2-1312
1644,7-6263
1645,1-0723
1646,8-8353
1647,4-4906
1648,8-6689
1649,6-6419
1650,8-2959
1651,7-6883
1652,5-1271
1653,8-7307
1654,2-6706
1655,5-3937
1656,1-1731
1657,3-0569
1658,5-3088
1659,7-7955
1660,3-9625
1661,7-8501
1662,3-1968
1663,7-6009
1664,7-2115
1665,2-3002
1666,2-5054
1667,8-9291
1668,5-9748
1669,2-9731
1670,1-2461
1671,1-7648
1672,2-7874
1673,4-3950
1674,7-4550
1675,6-6398
1676,3-3914
1677,5-9273
1678,8-7550
1679,1-7378
1680,7-2373
1681,2-8782
1682,1-3467
1683,1-6544
1684,7-8374
1685,8-7851
1686,5-1889
1687,7-1826
1688,1-4624
1689,8-5131
1690,6-1220
1691,7-2153
1692,1-3816
1693,7-5343
1694,1-9042
1695,6-7164
1696,4-3299
1697,3-1553
1698,8-9813
1699,1-5280
1700,2-0929
1701,5-7478
1702,6-1961
1703,1-6658
1704,1-3529
1705,7-2536
1706,6-8951
1707,7-2656
1708,7-6493
1709,7-0893
1710,5-9579
1711,5-7794
1712,4-1760
1713,3-8098
1714,3-6930
1715,6-4087
1716,8-1227
1717,5-0156
1718,1-3905
1719,3-6163
1720,1-3638
1721,3-8814
1722,4-1974
1723,4-9542
1724,7-0364
1725,7-9431
1726,1-0297
1727,6-1972
1728,4-9946
1729,2-0478
1730,3-9700
1731,5-8458
1732,5-3083
1733,8-0956
1734,1-3193
1735,1-1754
1736,1-0502
1737,6-4773
1738,7-5257
1739,2-1584
1740,8-5659
1741,4-6409
1742,8-6211
1743,4-3184
1744,2-1832
1745,6-4592
1746,3-4791
1747,2-0989
1748,8-0647
1749,8-0880
1750,5-8626
1751,3-2749
1752,2-0270
1753,8-7821
1754,3-0208
1755,4-7921
1756,8-6748
1757,6-7963
1758,1-4688
1759,5-4896
1760,1-7344
1761,4-9717
1762,7-1023
1763,7-5041
1764,2-3592
1765,8-5126
1766,7-8068
1767,6-4850
1768,4-5189
1769,2-9882
1770,2-0345
1771,2-1904
1772,1-8442
1773,8-2349
1774,5-5362
1775,6-8565
1776,2-1030
1777,4-3329
1778,8-5720
1779,3-0449
1780,4-1522
1781,8-7071
1782,1-6442
1783,5-8550
1784,2-4186
1785,3-2179
1786,6-0734
1787,7-6987
1788,1-2455
1789,6-8949
1790,3-4980
1791,4-0633
1792,6-9455
1793,4-6063
1794,2-5187
1795,6-3102
1796,8-6586
1797,6-0085
1798,1-5192
1799,8-2286
1800,6-7611
1801,4-4277
1802,6-3556
1803,3-1995
1804,4-1341
1805,2-8709
1806,7-9376
1807,8-2573
1808,4-6495
1809,1-2838
1810,4-6008
1811,6-9505
1812,5-4836
1813,1-9129
1814,7-4044
1815,2-3959
1816,2-0630
1817,5-9275
1818,3-4069
1819,3-2547
1820,8-4296
1821,6-3683
1822,6-1895
1823,2-2639
1824,6-5988
1825,1-1921
1826,2-9812
1827,2-4822
1828,2-4720
1829,5-6088
1830,5-4955
1831,6-4092
1832,1-8088
1833,4-8586
1834,4-5457
1835,1-9325
1836,6-0098
1837,4-8083
1838,8-0476
1839,8-7765
1840,3-6689
1841,4-3164
1842,2-7335
1843,8-8008
1844,5-4887
1845,3-4000
1846,7-7098
1847,7-3251
1848,2-5790
1849,6-9290
1850,3-6443
1851,7-9278
1852,1-2774
1853,8-9745
1854,4-7043
1855,4-2230
1856,4-1009
1857,5-1072
1858,8-3375
1859,1-6329
1860,2-5163
1861,6-2285
1862,1-5666
1863,6-7141
1864,4-9055
1865,1-3001
1866,5-2317
1867,7-6809
1868,6-1642
1869,6-2094
1870,4-0625
1871,8-9112
1872,1-0293
1873,5-0404
1874,8-3542
1875,4-0309
1876,5-8379
1877,2-3450
1878,1-2650
1879,4-5584
1880,5-9283
1881,7-2709
1882,8-6212
1883,6-0005
1884,4-0028
1885,3-3457
1886,6-8770
1887,1-5014
1888,1-4141
1889,7-1694
1890,7-8511
1891,2-1456
1892,8-9341
1893,6-3692
1894,7-5864
1895,4-9231
1896,2-8055
1897,6-9031
1898,1-1764
1899,1-3711
1900,3-2883
1901,3-2657
1902,5-2806
1903,4-0463
1904,2-6569
1905,5-8854
1906,1-9864
1907,1-3609
1908,6-5504
1909,5-3064
1910,6-8027
1911,3-4818
1912,1-3663
1913,6-0997
1914,5-9605
1915,3-8610
1916,1-9707
1917,3-9543
1918,3-6462
1919,1-5095
1920,6-8294
1921,5-5846
1922,6-0982
1923,1-0689
1924,6-0549
1925,7-7584
1926,4-6157
1927,3-3467
1928,2-0751
1929,5-0686
1930,3-9189
1931,8-3074
1932,2-9458
1933,8-8570
1934,4-4536
1935,2-2253
1936,7-0290
1937,4-5759
1938,4-2784
1939,7-1172
1940,6-6456
1941,3-8877
1942,7-5766
1943,6-8113
1944,7-5092
1945,5-0595
1946,6-9867
1947,5-5819
1948,2-3126
1949,5-9729
1950,1-7464
1951,3-4536
1952,2-7554
1953,4-7148
1954,8-8774
1955,4-7483
1956,5-0549
1957,6-8842
1958,1-3611
1959,7-2749
1960,5-9715
1961,2-5963
1962,5-9127
1963,2-3299
1964,8-9735
1965,3-0492
1966,1-8254
1967,1-9316
1968,8-0932
1969,7-9258
1970,8-2774
1971,1-4682
1972,3-0669
1973,6-7025
1974,8-8587
1975,7-3878
1976,2-7200
1977,1-0832
1978,4-2516
1979,4-0476
1980,6-5249
1981,7-7372
1982,6-1656
1983,7-4744
1984,2-2682
1985,2-8946
1986,2-7498
1987,3-9478
1988,7-7426
1989,7-6055
1990,8-0998
1991,8-8490
1992,4-6891
1993,8-3411
1994,1-2390
1995,5-4814
1996,6-3236
1997,1-8178
1998,4-8455
1999,2-1104
2000,2-7553
2001,4-4051
2002,3-2206
2003,8-6659
2004,2-7855
2005,1-0524
2006,2-3623
2007,4-5603
2008,5-4500
2009,6-5095
2010,7-2546
2011,7-6008
2012,3-9962
2013,5-1578
2014,6-6014
2015,1-0109
2016,5-7406
2017,6-7699
2018,1-7765
2019,4-6602
2020,2-2101
2021,7-8661
2022,3-8133
2023,7-2623
2024,3-5588
2025,5-3385
2026,1-8356
2027,2-4288
2028,5-5524
2029,1-9398
2030,6-5027
2031,6-9445
2032,2-7858
2033,2-3634
2034,7-0666
2035,4-3241
2036,7-1941
2037,2-9441
2038,4-2830
2039,5-1074
2040,6-2671
2041,1-4815
2042,5-8258
2043,7-3385
2044,6-9408
2045,5-0767
2046,2-6605
2047,6-0208
2048,5-5317
2049,2-1101
2050,4-8345
2051,7-7365
2052,4-9171
2053,3-6454
2054,7-5744
2055,8-6768
2056,1-0917
2057,8-3934
2058,3-6343
2059,5-8376
2060,1-5512
2061,3-5423
2062,3-2776
2063,3-9513
2064,8-2005
2065,5-1816
2066,4-6703
2067,5-8269
2068,2-9899
2069,5-3322
2070,4-5049
2071,4-1255
2072,4-5494
2073,3-3793
2074,6-0647
2075,3-6375
2076,5-5185
2077,4-6059
2078,1-8992
2079,6-0409
2080,8-2511
2081,5-6752
2082,6-7270
2083,6-9806
2084,5-2972
2085,1-6975
2086,3-3836
2087,3-5405
2088,7-0970
2089,7-1511
2090,8-0530
2091,4-6482
2092,4-2269
2093,4-5728
2094,2-4233
2095,6-0849
2096,5-9510
2097,6-2015
2098,5-2127
2099,6-2883
2100,3-4033
2101,8-9452
2102,1-2359
2103,4-3865
2104,8-5607
2105,1-2440
2106,4-8213
2107,7-9901
2108,4-6780
2109,5-9138
2110,1-8702
2111,4-1633
2112,1-0688
2113,5-7834
2114,8-4477
2115,6-9605
2116,3-5504
2117,2-9505
2118,3-5353
2119,5-2684
2120,5-8237
2121,7-2557
2122,2-5759
2123,8-5841
2124,4-3115
2125,8-8629
2126,8-8293
2127,5-0133
2128,4-1540
2129,5-8599
2130,5-4516
2131,7-7179
2132,4-3781
2133,8-4545
2134,7-7685
2135,4-4651
2136,7-8324
2137,6-2387
2138,7-1153
2139,4-5109
2140,2-2044
2141,6-3920
2142,7-1199
2143,6-6268
2144,4-4252
2145,3-0226
2146,8-8344
2147,5-9924
2148,6-6989
2149,8-1869
2150,2-2104
2151,1-0404
2152,8-2926
2153,8-6562
2154,6-7726
2155,2-2430
2156,3-9771
2157,7-6343
2158,8-4921
2159,3-8297
2160,8-2051
2161,4-6102
2162,1-5932
2163,5-9199
2164,1-9717
2165,6-3915
2166,5-0462
2167,4-6345
2168,6-1303
2169,5-0455
2170,3-4770
2171,3-7268
2172,3-3068
2173,8-0006
2174,2-2367
2175,1-6339
2176,6-1722
2177,2-7405
2178,3-9052
2179,8-3421
2180,8-5001
2181,5-1288
2182,7-3751
2183,5-1235
2184,8-7429
2185,7-4912
2186,8-4525
2187,1-1179
2188,8-8239
2189,3-9775
2190,5-6074
2191,7-8168
2192,5-9770
2193,6-1490
2194,2-1292
2195,3-2965
2196,5-1217
2197,4-5004
2198,2-3820
2199,7-7444
2200,3-9304
2201,4-9608
2202,3-4932
2203,4-6751
2204,8-8451
2205,6-7785
2206,8-5884
2207,8-4031
2208,6-8320
2209,8-3199
2210,6-7960
2211,4-5470
2212,8-3612
2213,6-1453
2214,8-5133
2215,3-3064
2216,5-8359
2217,3-7921
2218,6-3671
2219,4-2886
2220,4-8375
2221,5-4284
2222,4-7564
2223,4-2584
2224,6-0279
2225,4-9467
2226,8-2379
2227,3-5564
2228,3-2789
2229,2-4033
2230,7-7053
2231,8-5487
2232,6-0878
2233,5-2944
2234,7-8127
2235,3-3127
2236,6-4165
2237,8-4027
2238,8-4672
2239,3-4316
2240,6-6479
2241,2-8064
2242,7-3076
2243,8-6820
2244,2-5710
2245,2-5511
2246,3-8831
2247,1-1991
2248,1-6628
2249,8-9820
2250,6-0165
2251,1-7401
2252,7-8744
2253,7-2235
2254,1-2115
2255,1-1101
2256,3-8941
2257,4-4550
2258,6-4796
2259,3-7459
2260,5-3172
2261,2-5046
2262,5-4532
2263,6-6660
2264,8-9170
2265,2-3417
2266,7-1881
2267,6-5722
2268,7-9969
2269,3-9069
2270,7-5939
2271,3-3604
2272,3-2123
2273,3-0933
2274,8-7656
2275,4-7141
2276,1-0050
2277,2-1203
2278,2-1987
2279,8-0842
2280,2-4536
2281,7-5945
2282,7-6395
2283,7-2390
2284,6-5912
2285,8-3275
2286,2-1484
2287,5-1684
2288,7-2642
2289,8-4081
2290,3-8944
2291,2-1146
2292,4-2332
2293,1-0554
2294,7-8847
2295,4-9755
2296,3-6635
2297,5-5115
2298,8-6331
2299,2-8869
2300,5-3802
2301,5-5482
2302,5-5244
2303,5-2439
2304,1-1884
2305,5-3713
2306,8-4968
2307,7-9943
2308,3-5477
2309,5-9644
2310,6-2468
2311,4-6816
2312,4-6146
2313,8-9067
2314,7-8898
2315,1-9076
2316,8-1158
2317,4-4821
2318,5-2354
2319,5-3578
2320,4-7747
2321,5-1971
2322,3-0218
2323,4-7643
2324,5-5264
2325,4-3163
2326,7-6876
2327,3-7701
2328,3-2421
2329,2-4177
2330,6-9259
2331,6-2895
2332,8-7132
2333,1-9745
2334,6-7578
2335,7-6220
2336,5-0586
2337,2-4684
2338,2-8807
2339,2-4495
2340,3-3710
2341,7-0109
2342,7-2965
2343,5-1595
2344,1-4731
2345,2-2288
2346,5-4534
2347,6-4083
2348,1-6338
2349,2-5116
2350,5-0935
2351,3-2743
2352,1-9507
2353,6-6076
2354,8-6446
2355,4-1628
2356,3-1732
2357,4-1154
2358,3-2792
2359,7-3649
2360,8-6543
2361,7-5781
2362,3-5807
2363,2-2640
2364,5-3895
2365,2-1943
2366,4-4377
2367,8-3465
2368,7-8854
2369,2-7491
2370,7-2743
2371,1-8584
2372,6-7239
2373,6-7823
2374,7-6253
2375,3-8083
2376,3-4392
2377,6-7719
2378,7-6385
2379,2-5701
2380,1-1566
2381,7-2403
2382,7-1080
2383,6-7675
2384,3-8645
2385,2-0619
2386,2-2194
2387,1-2405
2388,6-2979
2389,7-3240
2390,2-3627
2391,1-3572
2392,4-8230
2393,8-7165
2394,1-6398
2395,2-2999
2396,2-4688
2397,7-5181
2398,1-3376
2399,5-7200
2400,6-0811
2401,6-9857
2402,7-8665
2403,7-8778
2404,5-7395
2405,6-2556
2406,4-1900
2407,1-3558
2408,5-9895
2409,7-7621
2410,3-5447
2411,4-6389
2412,4-0487
2413,1-2109
2414,7-6465
2415,2-4821
2416,8-0580
2417,6-5298
2418,7-4265
2419,8-6557
2420,7-0726
2421,4-5323
2422,7-6921
2423,4-2259
2424,5-7334
2425,7-6927
2426,4-2375
2427,8-9731
2428,3-5317
2429,3-4886
2430,5-5006
2431,7-4149
2432,2-2562
2433,8-4658
2434,6-1873
2435,8-9553
2436,6-1007
2437,7-9820
2438,1-6856
2439,1-1677
2440,4-8233
2441,2-9653
2442,2-7119
2443,5-0554
2444,5-4641
2445,7-3461
2446,4-4232
2447,7-3146
2448,6-1780
2449,1-2199
2450,4-9518
2451,3-9863
2452,3-2376
2453,7-2993
2454,1-9837
2455,2-4630
2456,1-7954
2457,4-2017
2458,2-4729
2459,5-6058
2460,6-7860
2461,1-2005
2462,1-2361
2463,5-7738
2464,2-9256
2465,3-6823
2466,6-4288
2467,3-2813
2468,7-8493
2469,4-2133
2470,3-7720
2471,4-1880
2472,2-0367
2473,4-0292
2474,4-9427
2475,7-1837
2476,7-3477
2477,4-0848
2478,1-3050
2479,7-3783
2480,7-5586
2481,7-1979
2482,2-4119
2483,3-6283
2484,6-4463
2485,2-0147
2486,7-8206
2487,7-0999
2488,2-9410
2489,2-1761
2490,8-7644
2491,2-3963
2492,6-8874
2493,6-5196
2494,6-8624
2495,1-1896
2496,1-8902
2497,5-1118
2498,8-1310
2499,3-5744
2500,1-4897
2501,8-8101
2502,5-6664
2503,7-4420
2504,8-8003
2505,2-7185
2506,6-5156
2507,3-2950
2508,7-5740
2509,5-0713
2510,5-9571
2511,1-9486
2512,8-1178
2513,7-7376
2514,4-6354
2515,6-0105
2516,8-5260
2517,1-5244
2518,7-0872
2519,5-8526
2520,2-5812
2521,3-6989
2522,6-8548
2523,4-2839
2524,7-3880
2525,8-5579
2526,1-6872
2527,3-4481
2528,6-0737
2529,8-2990
2530,4-9508
2531,5-6726
2532,3-4814
2533,2-7297
2534,4-1556
2535,7-5189
2536,1-0324
2537,5-6708
2538,3-1685
2539,6-6172
2540,2-6396
2541,3-7887
2542,5-6587
2543,3-3356
2544,6-6814
2545,7-8758
2546,2-2055
2547,1-4882
2548,8-0578
2549,1-0096
2550,6-6303
2551,3-3462
2552,1-9355
2553,3-3677
2554,7-6092
2555,7-2044
2556,1-2769
2557,1-2710
2558,1-0238
2559,6-7221
2560,3-5209
2561,3-8465
2562,4-1835
2563,5-9634
2564,2-9165
2565,7-0811
2566,3-7897
2567,7-4798
2568,4-6720
2569,2-4535
2570,3-0102
2571,6-2699
2572,6-6921
2573,7-1693
2574,3-6352
2575,8-4863
2576,8-4683
2577,8-9803
2578,6-2403
2579,4-7863
2580,6-2471
2581,8-7991
2582,8-3640
2583,2-2353
2584,3-9445
2585,2-9467
2586,3-5834
2587,2-1009
2588,7-0940
2589,8-3626
2590,4-8291
2591,5-9632
2592,4-3279
2593,1-7986
2594,8-9642
2595,2-9528
2596,1-4257
2597,6-1733
2598,7-6416
2599,1-1449
2600,3-3453
2601,8-2670
2602,3-6302
2603,8-8141
2604,5-4434
2605,2-4920
2606,2-7739
2607,8-7873
2608,8-7117
2609,6-2439
2610,5-5033
2611,8-7825
2612,1-3439
2613,3-0924
2614,2-4802
2615,4-5142
2616,1-3177
2617,4-2273
2618,5-0877
2619,8-8555
2620,5-8351
2621,3-5728
2622,3-9900
2623,1-7461
2624,1-9111
2625,3-5061
2626,6-6334
2627,4-6470
2628,8-6344
2629,3-4052
2630,4-8174
2631,4-3833
2632,7-2952
2633,4-8674
2634,3-6832
2635,2-8421
2636,4-0965
2637,4-6428
2638,3-5114
2639,2-8299
2640,6-5247
2641,7-7246
2642,4-2295
2643,7-2790
2644,4-6904
2645,7-3207
2646,3-7097
2647,5-0193
2648,2-9595
2649,6-8182
2650,2-3964
2651,2-8718
2652,3-8781
2653,3-5901
2654,1-5112
2655,5-7194
2656,1-0684
2657,8-0983
2658,2-8310
2659,4-9918
2660,1-2349
2661,5-7161
2662,7-6156
2663,2-5385
2664,7-3971
2665,3-6752
2666,2-9191
2667,1-9927
2668,7-4833
2669,6-2254
2670,3-4181
2671,4-1202
2672,6-4045
2673,6-6134
2674,6-4396
2675,1-6479
2676,4-9528
2677,3-5432
2678,1-4738
2679,3-2497
2680,4-2539
2681,1-7459
2682,7-8042
2683,7-8791
2684,6-4589
2685,8-0196
2686,2-1238
2687,2-9720
2688,6-6830
2689,4-0947
2690,6-9029
2691,2-0672
2692,1-1755
2693,6-9299
2694,6-3757
2695,5-0433
2696,5-3680
2697,8-6093
2698,3-7328
2699,5-3884
2700,6-0695
2701,7-2042
2702,3-6005
2703,3-7497
2704,2-9861
2705,3-5725
2706,5-1909
2707,1-0117
2708,7-4458
2709,2-4579
2710,5-3176
2711,2-0436
2712,4-2613
2713,8-8994
2714,6-5031
2715,4-4227
2716,4-7501
2717,7-3638
2718,4-8657
2719,2-6181
2720,5-5901
2721,1-6558
2722,6-3451
2723,7-0342
2724,2-1215
2725,3-6736
2726,3-7433
2727,3-0632
2728,2-9199
2729,1-4722
2730,1-0248
2731,3-5782
2732,5-6778
2733,1-6375
2734,4-0177
2735,4-9248
2736,4-9304
2737,1-5433
2738,4-1234
2739,2-3689
2740,2-0456
2741,7-8506
2742,4-1838
2743,8-6447
2744,2-6365
2745,4-6030
2746,4-7821
2747,5-9329
2748,6-6270
2749,3-9576
2750,3-6761
2751,1-9338
2752,6-7858
2753,8-3945
2754,3-2989
2755,5-6151
2756,6-5184
2757,2-2989
2758,4-2214
2759,3-2117
2760,6-2443
2761,8-2236
2762,6-2691
2763,5-7400
2764,8-3994
2765,6-6421
2766,6-2399
2767,4-3989
2768,6-4350
2769,3-3838
2770,2-7726
2771,1-8026
2772,4-7690
2773,5-0951
2774,2-1834
2775,6-2988
2776,8-5307
2777,2-0409
2778,4-2443
2779,8-6496
2780,8-9690
2781,4-3929
2782,5-6290
2783,6-8362
2784,5-7058
2785,4-6927
2786,1-1800
2787,5-9305
2788,8-1765
2789,1-4465
2790,8-8880
2791,6-1339
2792,6-4557
2793,1-1020
2794,4-8756
2795,8-2341
2796,1-3232
2797,7-2597
2798,5-6552
2799,6-3980
2800,6-4320
2801,7-7964
2802,3-0073
2803,5-4873
2804,5-1228
2805,2-1017
2806,1-4116
2807,5-4317
2808,7-4514
2809,1-2296
2810,1-8564
2811,7-2550
2812,3-9817
2813,5-7980
2814,4-6635
2815,8-2853
2816,2-8330
2817,8-0484
2818,2-2156
2819,5-0594
2820,2-0950
2821,6-3419
2822,5-1649
2823,4-0199
2824,3-2260
2825,4-1120
2826,7-0939
2827,1-7176
2828,4-5503
2829,4-0661
2830,6-7184
2831,2-4174
2832,8-4775
2833,6-5443
2834,8-3574
2835,7-9089
2836,6-7323
2837,2-8298
2838,6-0934
2839,4-2753
2840,6-2138
2841,7-7785
2842,6-3529
2843,2-4189
2844,4-1044
2845,7-7291
2846,6-4508
2847,2-8838
2848,2-9584
2849,5-8224
2850,3-9065
2851,1-4212
2852,2-2573
2853,8-2695
2854,3-1652
2855,3-6320
2856,1-1478
2857,6-0675
2858,6-0544
2859,1-7645
2860,1-8070
2861,5-9300
2862,6-3131
2863,6-4487
2864,6-6013
2865,7-6528
2866,7-9306
2867,8-4069
2868,4-2509
2869,8-2329
2870,3-5321
2871,4-8042
2872,2-5382
2873,3-3578
2874,3-8420
2875,5-9578
2876,8-8856
2877,7-2727
2878,8-2385
2879,6-0579
2880,6-6556
2881,1-2785
2882,7-8928
2883,7-4758
2884,6-7278
2885,3-2212
2886,6-2893
2887,4-7945
2888,8-5735
2889,3-5140
2890,3-1102
2891,6-7238
2892,2-0450
2893,2-2699
2894,5-9380
2895,4-7325
2896,2-2070
2897,2-7727
2898,2-8755
2899,3-5809
2900,4-3075
2901,2-3834
2902,3-1424
2903,3-9870
2904,5-6933
2905,8-2790
2906,7-2196
2907,1-1813
2908,1-3561
2909,4-3197
2910,8-3057
2911,8-5169
2912,3-7138
2913,2-5195
2914,1-2255
2915,3-1504
2916,5-7256
2917,3-0043
2918,2-3019
2919,4-1099
2920,5-5703
2921,3-2967
2922,4-2134
2923,2-7171
2924,1-9682
2925,3-9213
2926,3-2394
2927,4-7374
2928,2-1314
2929,4-8410
2930,2-6966
2931,3-8532
2932,5-3846
2933,2-4807
2934,6-3050
2935,3-8854
2936,8-5325
2937,1-7957
2938,8-2632
2939,8-9268
2940,1-2902
2941,4-5254
2942,4-4810
2943,3-4254
2944,8-2210
2945,3-6433
2946,5-4561
2947,8-0535
2948,5-6161
2949,2-4351
2950,8-4917
2951,6-7856
2952,4-1368
2953,2-4666
2954,8-9570
2955,8-1599
2956,6-3590
2957,1-6781
2958,1-9109
2959,1-8024
2960,4-6831
2961,1-7598
2962,2-5997
2963,3-8603
2964,7-4659
2965,7-9344
2966,2-2633
2967,5-8175
2968,4-8035
2969,4-2203
2970,7-5134
2971,8-0701
2972,1-0415
2973,2-5283
2974,4-6613
2975,5-8958
2976,2-6065
2977,4-1826
2978,7-0712
2979,3-4719
2980,2-0655
2981,6-6678
2982,4-2333
2983,2-8896
2984,3-7864
2985,3-5935
2986,3-8793
2987,5-3106
2988,6-0308
2989,4-2819
2990,6-3859
2991,1-5180
2992,8-8253
2993,7-3901
2994,2-0823
2995,1-5086
2996,1-5961
2997,8-6454
2998,5-7917
2999,5-1359
3000,5-3872
3001,7-6234
3002,6-7324
3003,8-1763
3004,6-1011
3005,3-4837
3006,2-4460
3007,2-1525
3008,6-7444
3009,2-4424
3010,6-5129
3011,7-2614
3012,7-3571
3013,4-1620
3014,3-0087
3015,2-9360
3016,6-5259
3017,4-5823
3018,5-7860
3019,2-1590
3020,8-0940
3021,8-1893
3022,1-0915
3023,8-9964
3024,3-5286
3025,4-0864
3026,8-3305
3027,3-8145
3028,4-9479
3029,6-9700
3030,6-7050
3031,5-0358
3032,7-3540
3033,6-7052
3034,3-7312
3035,8-3494
3036,7-9522
3037,2-1852
3038,3-9403
3039,4-2678
3040,2-8338
3041,2-1544
3042,6-2672
3043,1-4423
3044,4-5304
3045,3-7347
3046,7-1583
3047,2-1397
3048,3-2089
3049,5-8230
3050,6-7707
3051,7-2825
3052,7-8246
3053,6-8123
3054,2-5926
3055,4-0552
3056,3-4077
3057,3-8787
3058,5-0322
3059,1-3008
3060,3-5401
3061,3-7846
3062,7-7486
3063,4-5010
3064,7-5551
3065,7-7255
3066,6-4127
3067,8-6774
3068,5-1709
3069,7-5097
3070,7-0345
3071,7-1575
3072,6-3674
3073,2-6936
3074,3-7072
3075,2-1031
3076,8-3315
3077,2-1322
3078,2-6743
3079,8-9349
3080,5-1853
3081,4-5416
3082,5-6572
3083,1-5182
3084,6-9417
3085,7-8995
3086,2-2988
3087,6-7488
3088,2-5578
3089,7-4743
3090,6-4489
3091,2-5618
3092,5-9662
3093,3-7903
3094,8-1602
3095,8-4038
3096,6-7017
3097,7-2229
3098,3-3087
3099,8-9966
3100,6-8573
3101,3-3804
3102,1-8155
3103,6-3847
3104,7-3806
3105,6-0103
3106,3-1616
3107,2-3179
3108,1-0045
3109,8-7623
3110,4-8997
3111,2-1070
3112,8-1349
3113,1-0613
3114,8-2815
3115,5-5920
3116,3-5840
3117,4-0030
3118,3-6763
3119,4-4204
3120,6-9538
3121,8-2915
3122,7-5870
3123,5-5640
3124,5-5976
3125,7-1812
3126,5-2639
3127,2-2158
3128,3-5285
3129,8-5356
3130,2-7755
3131,6-6942
3132,4-1360
3133,5-5668
3134,2-6289
3135,8-4236
3136,1-3752
3137,2-3503
3138,3-6529
3139,1-6883
3140,3-2301
3141,6-0829
3142,7-2919
3143,5-4834
3144,5-6099
3145,5-8514
3146,5-3989
3147,7-2400
3148,3-4623
3149,5-5822
3150,7-6006
3151,7-5466
3152,4-4797
3153,4-5537
3154,3-6221
3155,2-1694
3156,8-3614
3157,7-2310
3158,8-0348
3159,6-4192
3160,8-0393
3161,4-2774
3162,5-9450
3163,5-5428
3164,2-3470
3165,2-5861
3166,8-9688
3167,5-9857
3168,3-2791
3169,6-0355
3170,3-3925
3171,1-2333
3172,3-7506
3173,6-2954
3174,2-6145
3175,2-3294
3176,1-9011
3177,3-2357
3178,8-7722
3179,2-3263
3180,5-8075
3181,7-7090
3182,7-9647
3183,8-0844
3184,1-5699
3185,3-4030
3186,5-7170
3187,6-0554
3188,6-6924
3189,1-2767
3190,1-1459
3191,3-9227
3192,4-2184
3193,3-3289
3194,8-0363
3195,3-6960
3196,8-7205
3197,2-9434
3198,4-8168
3199,2-8144
3200,1-2817
3201,7-4825
3202,6-7043
3203,8-3014
3204,3-0418
3205,2-8286
3206,1-4791
3207,4-9337
3208,1-3912
3209,7-0243
3210,7-4113
3211,4-7790
3212,6-3941
3213,6-8485
3214,6-1057
3215,1-5361
3216,4-4386
3217,4-6274
3218,7-1367
3219,3-2859
3220,6-6846
3221,4-1123
3222,1-1485
3223,7-7963
3224,8-0319
3225,2-6258
3226,8-5444
3227,7-6207
3228,4-0668
3229,4-9551
3230,8-9162
3231,2-7112
3232,5-3635
3233,8-3233
3234,4-4266
3235,6-1925
3236,2-4038
3237,1-4726
3238,5-0000
3239,7-7331
3240,7-3460
3241,7-1126
3242,5-0210
3243,6-5217
3244,1-3962
3245,6-7698
3246,5-3331
3247,4-2867
3248,6-4145
3249,1-6731
3250,1-6470
3251,2-1402
3252,1-3252
3253,2-3265
3254,7-6582
3255,2-6693
3256,8-1466
3257,4-0201
3258,3-9353
3259,2-5146
3260,2-1084
3261,5-4178
3262,3-1084
3263,4-0932
3264,8-5747
3265,3-0152
3266,8-0362
3267,3-0566
3268,4-0156
3269,8-5086
3270,6-8722
3271,6-1608
3272,8-6728
3273,2-2018
3274,4-2803
3275,6-5985
3276,5-6353
3277,6-1075
3278,4-1657
3279,2-3202
3280,5-8597
3281,1-6064
3282,7-3219
3283,3-9218
3284,1-4209
3285,5-0601
3286,3-6592
3287,6-3666
3288,8-0863
3289,5-1828
3290,8-5888
3291,2-4120
3292,8-2547
3293,5-7230
3294,8-8919
3295,5-2073
3296,5-4529
3297,5-4173
3298,6-0589
3299,7-6783
3300,7-5022
3301,6-9852
3302,1-5702
3303,5-5446
3304,6-2869
3305,4-3367
3306,5-4373
3307,2-8556
3308,5-8823
3309,6-4576
3310,8-6842
3311,3-2236
3312,6-5734
3313,2-6631
3314,2-2822
3315,5-4874
3316,1-4859
3317,5-2049
3318,7-4447
3319,8-6169
3320,1-9014
3321,6-9272
3322,4-4941
3323,8-8104
3324,5-0516
3325,7-9075
3326,1-5344
3327,5-1554
3328,2-0000
3329,4-3419
3330,2-7584
3331,4-1897
3332,3-4857
3333,6-2710
3334,6-7121
3335,5-0045
3336,6-6391
3337,4-4757
3338,1-1786
3339,8-5754
3340,2-1275
3341,2-9116
3342,2-9435
3343,6-7778
3344,8-1820
3345,7-4700
3346,6-2761
3347,6-3138
3348,2-0665
3349,8-4652
3350,6-2826
3351,1-6458
3352,1-5515
3353,2-8251
3354,4-7796
3355,8-1918
3356,4-6683
3357,8-2735
3358,1-7935
3359,1-9220
3360,2-4832
3361,4-2836
3362,1-0743
3363,1-4008
3364,4-7406
3365,2-2442
3366,1-3724
3367,5-6061
3368,8-8036
3369,2-8227
3370,1-6859
3371,1-0295
3372,3-7462
3373,8-5420
3374,6-5042
3375,1-6127
3376,5-5994
3377,1-9452
3378,5-2460
3379,3-5988
3380,1-8073
3381,5-4171
3382,1-6563
3383,8-4487
3384,5-3714
3385,6-3449
3386,3-9059
3387,4-9724
3388,3-6166
3389,7-3656
3390,1-1195
3391,2-5372
3392,8-2724
3393,7-2445
3394,1-1621
3395,2-9932
3396,2-8438
3397,6-5018
3398,7-4366
3399,4-2984
3400,5-4168
3401,3-6201
3402,4-0161
3403,1-6567
3404,8-4425
3405,8-3061
3406,5-5425
3407,1-5078
3408,5-0336
3409,5-0149
3410,6-1420
3411,6-9928
3412,4-6822
3413,2-2613
3414,5-9339
3415,8-7609
3416,2-9145
3417,1-0449
3418,1-3296
3419,5-1532
3420,7-5178
3421,7-3667
3422,5-1646
3423,4-0125
3424,8-5891
3425,5-5194
3426,1-7852
3427,5-5623
3428,2-9400
3429,1-8540
3430,3-5541
3431,1-6053
3432,4-0397
3433,4-8888
3434,6-8406
3435,8-7464
3436,2-0760
3437,5-1973
3438,5-6107
3439,3-7631
3440,1-6720
3441,7-7461
3442,4-2811
3443,1-0826
3444,4-7355
3445,8-3406
3446,2-1232
3447,6-1224
3448,2-7928
3449,3-1318
3450,6-7575
3451,7-5346
3452,5-3687
3453,5-2610
3454,3-1018
3455,5-2168
3456,4-4865
3457,5-6837
3458,2-3455
3459,2-6948
3460,5-3598
3461,7-9461
3462,2-5281
3463,8-2024
3464,4-4646
3465,8-2433
3466,6-9815
3467,5-5757
3468,4-7181
3469,3-0124
3470,1-3209
3471,8-8743
3472,3-7566
3473,8-7192
3474,5-5464
3475,2-9825
3476,5-6403
3477,7-6118
3478,5-7125
3479,8-7652
3480,2-0762
3481,4-9530
3482,3-3372
3483,7-2666
3484,6-5554
3485,5-3218
3486,6-6595
3487,3-1164
3488,3-6591
3489,2-8449
3490,8-6499
3491,5-2874
3492,1-9478
3493,5-5607
3494,1-1444
3495,3-7152
3496,4-7772
3497,8-8998
3498,5-8602
3499,5-5987
3500,4-2183
3501,8-6564
3502,8-3841
3503,4-8617
3504,5-2503
3505,8-2481
3506,2-6508
3507,1-5085
3508,5-4180
3509,8-0398
3510,8-0411
3511,6-8082
3512,8-7759
3513,8-1296
3514,5-6389
3515,5-1159
3516,6-7339
3517,3-0474
3518,3-8426
3519,6-1882
3520,5-9044
3521,4-8677
3522,8-4494
3523,8-1833
3524,7-5251
3525,1-7391
3526,7-1884
3527,5-7813
3528,8-5764
3529,2-7482
3530,5-8879
3531,8-0055
3532,3-6585
3533,6-7753
3534,4-8473
3535,7-9244
3536,7-7724
3537,2-5584
3538,4-8151
3539,5-8852
3540,7-2399
3541,2-8109
3542,8-9398
3543,5-6265
3544,1-3054
3545,6-7351
3546,5-5127
3547,6-3253
3548,6-3393
3549,7-2041
3550,8-6917
3551,1-5743
3552,7-6074
3553,2-3545
3554,2-3155
3555,5-4541
3556,3-0289
3557,8-4778
3558,2-8115
3559,3-4856
3560,8-1929
3561,2-1695
3562,2-7380
3563,2-6893
3564,1-2856
3565,2-4292
3566,6-8965
3567,8-3718
3568,2-7194
3569,1-7664
3570,8-4740
3571,5-0660
3572,8-2389
3573,4-3355
3574,5-3833
3575,2-4241
3576,4-9489
3577,7-1514
3578,8-5252
3579,1-6709
3580,7-4278
3581,1-5072
3582,4-2004
3583,2-3027
3584,3-7714
3585,6-7938
3586,8-5151
3587,1-6922
3588,2-9951
3589,4-2786
3590,5-9262
3591,6-2415
3592,8-4552
3593,4-2246
3594,7-2340
3595,3-8537
3596,4-4559
3597,8-7694
3598,8-2736
3599,4-5230
3600,1-6007
3601,5-6227
3602,6-5360
3603,1-6707
3604,4-2802
3605,7-3509
3606,3-0831
3607,7-0294
3608,7-2119
3609,3-9999
3610,5-8510
3611,6-1105
3612,7-6518
3613,6-9825
3614,4-4789
3615,6-5789
3616,7-1457
3617,5-3797
3618,4-7651
3619,5-2345
3620,8-0746
3621,7-8444
3622,1-2904
3623,2-7816
3624,5-7710
3625,4-9956
3626,4-6550
3627,8-6221
3628,2-3658
3629,3-9262
3630,2-4419
3631,4-8383
3632,8-7440
3633,2-4319
3634,2-2521
3635,8-2130
3636,6-5271
3637,7-8227
3638,2-8490
3639,4-8774
3640,4-6572
3641,8-6289
3642,6-7750
3643,5-8680
3644,7-3717
3645,3-6910
3646,2-5473
3647,4-9629
3648,5-3318
3649,3-8061
3650,1-2525
3651,4-1545
3652,6-5605
3653,5-9052
3654,6-8456
3655,6-8985
3656,6-6415
3657,2-6989
3658,5-0350
3659,1-6619
3660,3-5302
3661,7-5449
3662,7-7490
3663,7-8224
3664,3-8148
3665,7-3033
3666,7-7266
3667,1-2796
3668,8-1984
3669,7-1380
3670,2-3577
3671,5-9147
3672,1-6492
3673,7-7144
3674,3-3676
3675,8-2899
3676,1-1240
3677,8-1526
3678,4-7805
3679,1-0926
3680,5-9417
3681,1-4288
3682,6-8217
3683,4-4351
3684,4-7635
3685,4-9152
3686,6-2232
3687,8-7888
3688,8-9763
3689,2-0172
3690,3-1815
3691,2-1037
3692,6-6233
3693,2-5033
3694,3-1404
3695,5-6351
3696,6-9098
3697,5-1274
3698,4-2090
3699,3-1456
3700,5-2640
3701,1-1247
3702,8-4220
3703,6-6620
3704,8-7834
3705,8-2781
3706,7-0091
3707,3-9077
3708,1-3702
3709,7-3044
3710,4-2872
3711,8-8023
3712,5-8394
3713,1-9882
3714,8-7320
3715,6-6971
3716,4-4466
3717,5-4684
3718,3-9942
3719,6-8798
3720,6-2463
3721,8-3616
3722,7-0766
3723,7-4947
3724,6-6301
3725,6-5672
3726,5-9572
3727,3-5487
3728,8-6826
3729,1-4175
3730,1-5343
3731,4-5247
3732,8-0008
3733,6-6402
3734,7-0427
3735,7-4416
3736,4-7294
3737,2-8900
3738,7-2320
3739,7-5604
3740,2-4721
3741,2-9780
3742,2-4303
3743,6-6778
3744,8-0112
3745,6-0512
3746,8-7281
3747,2-0664
3748,1-8866
3749,3-4385
3750,2-5713
3751,5-3284
3752,4-3628
3753,2-7478
3754,7-4052
3755,6-9462
3756,4-8010
3757,1-6811
3758,1-1021
3759,6-1364
3760,4-5100
3761,1-6962
3762,7-8598
3763,7-2841
3764,5-3371
3765,1-1275
3766,6-1899
3767,6-5830
3768,7-6982
3769,3-8984
3770,8-5201
3771,3-3546
3772,1-0865
3773,2-2109
3774,6-4631
3775,4-8824
3776,7-0533
3777,5-6772
3778,6-1690
3779,5-1144
3780,6-4269
3781,8-3019
3782,4-6855
3783,5-3409
3784,8-1619
3785,3-2030
3786,2-7646
3787,7-8550
3788,2-1866
3789,4-8016
3790,2-4082
3791,6-4412
3792,8-6765
3793,3-0932
3794,3-4609
3795,4-5185
3796,4-7015
3797,5-2414
3798,3-0297
3799,1-4539
3800,1-9957
3801,5-8911
3802,4-6786
3803,8-4205
3804,1-0310
3805,2-3174
3806,2-3679
3807,8-4301
3808,2-8352
3809,7-4498
3810,7-3716
3811,7-7701
3812,4-9934
3813,4-2969
3814,5-0486
3815,6-0153
3816,7-4586
3817,1-4294
3818,5-3261
3819,1-7517
3820,8-5188
3821,8-5370
3822,7-8000
3823,8-7101
3824,8-0675
3825,1-8891
3826,1-9167
3827,5-2843
3828,2-5140
3829,1-5946
3830,7-0544
3831,1-5889
3832,3-9291
3833,1-0586
3834,1-3890
3835,6-6637
3836,6-3834
3837,1-3979
3838,7-2528
3839,7-5279
3840,1-4095
3841,7-9502
3842,8-4795
3843,7-5848
3844,8-9974
3845,6-1492
3846,3-0095
3847,3-9993
3848,4-2858
3849,4-4765
3850,6-6644
3851,1-9331
3852,4-0195
3853,1-8645
3854,4-1697
3855,3-9723
3856,4-5992
3857,2-3858
3858,8-3834
3859,7-1182
3860,4-6458
3861,3-5255
3862,3-7064
3863,1-8626
3864,6-3667
3865,5-2033
3866,1-9376
3867,5-6015
3868,4-9390
3869,5-4467
3870,3-3247
3871,2-6444
3872,4-8218
3873,2-1019
3874,5-4853
3875,6-7344
3876,5-8076
3877,6-8809
3878,6-9967
3879,8-4896
3880,5-6968
3881,8-9099
3882,5-9068
3883,1-9949
3884,8-3932
3885,3-7213
3886,6-6424
3887,5-2072
3888,4-2169
3889,2-5204
3890,6-0010
3891,7-6366
3892,5-5970
3893,8-7742
3894,6-7637
3895,4-3752
3896,7-4639
3897,6-2325
3898,2-9760
3899,4-7595
3900,3-1320
3901,2-0388
3902,4-7109
3903,2-1237
3904,3-5033
3905,7-2083
3906,4-2670
3907,5-0977
3908,8-4866
3909,4-9554
3910,4-1503
3911,5-3738
3912,5-9170
3913,4-3070
3914,5-3334
3915,2-0628
3916,3-2910
3917,8-7149
3918,7-6375
3919,8-7881
3920,8-6287
3921,2-4332
3922,8-1133
3923,7-4023
3924,1-5748
3925,6-0204
3926,8-3453
3927,8-0343
3928,8-6980
3929,4-8627
3930,6-7928
3931,4-1532
3932,6-2375
3933,4-0537
3934,8-1553
3935,6-8261
3936,7-5633
3937,2-7290
3938,1-5770
3939,8-6490
3940,3-8816
3941,4-8079
3942,3-7871
3943,8-4234
3944,8-2800
3945,6-3541
3946,5-0089
3947,4-5628
3948,8-4841
3949,3-0577
3950,4-2309
3951,8-0258
3952,5-2328
3953,6-1957
3954,8-1316
3955,6-9243
3956,3-8792
3957,3-2486
3958,8-1980
3959,3-3929
3960,2-6981
3961,3-4529
3962,7-1083
3963,2-2942
3964,8-3371
3965,7-9116
3966,6-0822
3967,5-7822
3968,4-7114
3969,4-3006
3970,5-2676
3971,8-6927
3972,5-6634
3973,5-4622
3974,3-4437
3975,4-5094
3976,3-8878
3977,5-7747
3978,3-2228
3979,7-7316
3980,2-2469
3981,4-8090
3982,5-6490
3983,6-8541
3984,6-5574
3985,8-3699
3986,4-5083
3987,5-4122
3988,8-0943
3989,6-8667
3990,3-5227
3991,8-3048
3992,5-0587
3993,8-7375
3994,1-0933
3995,7-8147
3996,5-0170
3997,6-0434
3998,8-1134
3999,8-4753
4000,2-7791
4001,1-6915
4002,4-7249
4003,6-2767
4004,7-1401
4005,8-4432
4006,5-6887
4007,2-3201
4008,4-3667
4009,3-2735
4010,1-0201
4011,8-5741
4012,3-9966
4013,4-4576
4014,5-8104
4015,6-6040
4016,4-0378
4017,8-7218
4018,8-0576
4019,2-5749
4020,5-5882
4021,2-0945
4022,2-1420
4023,5-2734
4024,4-4992
4025,5-7943
4026,7-5638
4027,2-0122
4028,5-3532
4029,5-9827
4030,7-8841
4031,7-6778
4032,3-7082
4033,6-2778
4034,3-3468
4035,6-2745
4036,3-9838
4037,7-3889
4038,8-0768
4039,3-4507
4040,4-6912
4041,5-3883
4042,5-0982
4043,1-2046
4044,3-0343
4045,4-8858
4046,5-7780
4047,5-9526
4048,7-1483
4049,3-6025
4050,2-8419
4051,2-1902
4052,2-8184
4053,8-7214
4054,6-4740
4055,1-9744
4056,2-3124
4057,3-7644
4058,1-7190
4059,4-3877
4060,1-2404
4061,8-9201
4062,1-9336
4063,2-8533
4064,8-7955
4065,1-2158
4066,1-3980
4067,5-0049
4068,8-8503
4069,2-3204
4070,1-1076
4071,2-7537
4072,7-3319
4073,2-9949
4074,6-2630
4075,4-4419
4076,1-8991
4077,8-1369
4078,5-7522
4079,8-1799
4080,7-1027
4081,3-6246
4082,4-6293
4083,1-8738
4084,7-7037
4085,2-0309
4086,1-1503
4087,1-5348
4088,2-3956
4089,8-8361
4090,7-1521
4091,3-2055
4092,2-6068
4093,5-8478
4094,4-2599
4095,8-3589
4096,8-0097
4097,3-7355
4098,3-1242
4099,3-2852
4100,6-0870
4101,7-6636
4102,5-6348
4103,7-3911
4104,3-4852
4105,8-3126
4106,1-0622
4107,7-1617
4108,4-1967
4109,5-0710
4110,5-2123
4111,5-0585
4112,5-6113
4113,7-9439
4114,1-9600
4115,4-0726
4116,3-2939
4117,6-0048
4118,6-6069
4119,1-4549
4120,1-0916
4121,2-2565
4122,6-0637
4123,7-6005
4124,5-8432
4125,2-9154
4126,1-5204
4127,5-9836
4128,7-4059
4129,3-1973
4130,7-2465
4131,3-9627
4132,7-4739
4133,8-8219
4134,8-8579
4135,8-5511
4136,8-4957
4137,5-2349
4138,3-5685
4139,8-6232
4140,8-4800
4141,3-7848
4142,5-6193
4143,3-2449
4144,1-0701
4145,4-4460
4146,5-9318
4147,8-6502
4148,3-2696
4149,8-1269
4150,4-1922
4151,1-2930
4152,3-3968
4153,7-5927
4154,8-8484
4155,1-8570
4156,6-0909
4157,7-9014
4158,4-9809
4159,3-3169
4160,1-7255
4161,4-2268
4162,6-1838
4163,7-1710
4164,7-2411
4165,6-8865
4166,7-9854
4167,7-5815
4168,5-8404
4169,3-4859
4170,1-9829
4171,5-9889
4172,6-0209
4173,5-8196
4174,5-2117
4175,4-9060
4176,8-1569
4177,2-3256
4178,6-7089
4179,4-1068
4180,2-7197
4181,7-2939
4182,3-1029
4183,7-1139
4184,4-7971
4185,1-3515
4186,3-0111
4187,8-3036
4188,2-5011
4189,2-8038
4190,4-6543
4191,7-3885
4192,1-1168
4193,2-1978
4194,1-0552
4195,4-4824
4196,3-9096
4197,4-8428
4198,5-2589
4199,1-6213
4200,2-2344
4201,3-2167
4202,8-7883
4203,7-7858
4204,3-1806
4205,3-1201
4206,3-8799
4207,8-5605
4208,3-2783
4209,2-8773
4210,7-4630
4211,4-8031
4212,1-3520
4213,5-1945
4214,4-5858
4215,5-8425
4216,4-2010
4217,5-8151
4218,3-6398
4219,2-1707
4220,2-1255
4221,5-5415
4222,8-6223
4223,2-3844
4224,2-5238
4225,2-5397
4226,5-2992
4227,5-4059
4228,3-5188
4229,5-0146
4230,1-2289
4231,7-1569
4232,7-9074
4233,1-6210
4234,1-1404
4235,1-9307
4236,7-0479
4237,7-9178
4238,3-3545
4239,7-5227
4240,7-6236
4241,8-3662
4242,1-3717
4243,5-7034
4244,1-2303
4245,4-4357
4246,7-7703
4247,2-6272
4248,8-5520
4249,7-8608
4250,1-0807
4251,1-8616
4252,8-3023
4253,2-7873
4254,3-7580
4255,1-9762
4256,3-6680
4257,4-8529
4258,7-1463
4259,3-7709
4260,6-7605
4261,1-7797
4262,3-3977
4263,7-2338
4264,8-2797
4265,1-3825
4266,1-9622
4267,6-1437
4268,3-7908
4269,1-1543
4270,4-3035
4271,7-6562
4272,4-2144
4273,8-8060
4274,4-8027
4275,1-0710
4276,1-6435
4277,5-2012
4278,5-6678
4279,4-7709
4280,2-1513
4281,3-4067
4282,5-9376
4283,5-8066
4284,2-4633
4285,2-4735
4286,8-3409
4287,3-8292
4288,1-6337
4289,3-2202
4290,1-8375
4291,1-0610
4292,6-1747
4293,1-4028
4294,6-4384
4295,4-5318
4296,1-7439
4297,2-6233
4298,7-3306
4299,4-7486
4300,3-3643
4301,1-3332
4302,2-9557
4303,6-5037
4304,2-7046
4305,2-5225
4306,2-3995
4307,3-1870
4308,4-5250
4309,1-4675
4310,1-0846
4311,4-1759
4312,7-0716
4313,6-2855
4314,8-9620
4315,8-7689
4316,5-0169
4317,2-7959
4318,7-6549
4319,1-6836
4320,2-7790
4321,2-2790
4322,4-6682
4323,3-2850
4324,8-3195
4325,6-7519
4326,7-8671
4327,4-5926
4328,1-3632
4329,2-3181
4330,5-6928
4331,3-8612
4332,8-0407
4333,2-8318
4334,1-5402
4335,8-3953
4336,2-2452
4337,2-2924
4338,4-5935
4339,2-2277
4340,4-4118
4341,5-9984
4342,7-9051
4343,3-2122
4344,4-1292
4345,3-1682
4346,7-3626
4347,6-9587
4348,1-9472
4349,1-0601
4350,3-1576
4351,4-9260
4352,6-2422
4353,6-9680
4354,3-4545
4355,3-9101
4356,4-0375
4357,2-1653
4358,3-9115
4359,8-8144
4360,1-3345
4361,7-3445
4362,6-3511
4363,2-7443
4364,2-5251
4365,5-4912
4366,5-5186
4367,1-2832
4368,4-4718
4369,4-8603
4370,6-1910
4371,2-5297
4372,5-4375
4373,5-5868
4374,6-1115
4375,5-3998
4376,6-5773
4377,1-3612
4378,8-0193
4379,7-5286
4380,4-8736
4381,8-1702
4382,7-5425
4383,8-5791
4384,3-0139
4385,6-5009
4386,4-2339
4387,8-9560
4388,4-5227
4389,7-1657
4390,5-5579
4391,8-2605
4392,6-6472
4393,6-6416
4394,1-1532
4395,3-9577
4396,4-1806
4397,4-1710
4398,4-1606
4399,8-3277
4400,5-9853
4401,2-6159
4402,6-1889
4403,2-7658
4404,2-8464
4405,1-0266
4406,1-9997
4407,4-2555
4408,2-7440
4409,6-5784
4410,6-0156
4411,3-4083
4412,6-9305
4413,6-4235
4414,8-7857
4415,1-2353
4416,4-3466
4417,7-1073
4418,3-1213
4419,7-7610
4420,8-7854
4421,3-3533
4422,3-8470
4423,5-5364
4424,7-2696
4425,3-0346
4426,5-4433
4427,3-9178
4428,5-1326
4429,7-3327
4430,7-0997
4431,6-2685
4432,6-2500
4433,8-3059
4434,6-6244
4435,2-4565
4436,6-0932
4437,8-2422
4438,3-4152
4439,6-7492
4440,3-1346
4441,8-8473
4442,8-2591
4443,7-4711
4444,3-1239
4445,2-9024
4446,7-9510
4447,7-2046
4448,3-1563
4449,2-4595
4450,2-5875
4451,3-3245
4452,2-6523
4453,7-3634
4454,4-4779
4455,7-2104
4456,6-2262
4457,4-1086
4458,4-1447
4459,8-4408
4460,4-4689
4461,8-0175
4462,5-7112
4463,5-7211
4464,7-1609
4465,5-1030
4466,7-2116
4467,4-0130
4468,7-8007
4469,6-8375
4470,8-4562
4471,7-0234
4472,4-7128
4473,7-2631
4474,6-2100
4475,6-9481
4476,3-9608
4477,2-4103
4478,5-0574
4479,2-4055
4480,4-0058
4481,5-1284
4482,5-4835
4483,4-1034
4484,3-9686
4485,1-8230
4486,1-1251
4487,5-0636
4488,1-2882
4489,8-7526
4490,1-8858
4491,4-2528
4492,5-8007
4493,1-4604
4494,1-5668
4495,3-3861
4496,7-1211
4497,7-0945
4498,7-1053
4499,4-4522
4500,8-8330
4501,8-4542
4502,5-7975
4503,5-3009
4504,1-6562
4505,8-1225
4506,5-9346
4507,2-9518
4508,4-2156
4509,5-9550
4510,8-9357
4511,5-5739
4512,8-4692
4513,4-9692
4514,8-1149
4515,4-6147
4516,1-7584
4517,7-0681
4518,4-7225
4519,1-6314
4520,2-1992
4521,4-9132
4522,7-6281
4523,6-2592
4524,7-7262
4525,7-1761
4526,1-7113
4527,4-2664
4528,1-8519
4529,4-8994
4530,5-7297
4531,5-0773
4532,7-2331
4533,8-2673
4534,8-8813
4535,8-8961
4536,5-1007
4537,7-9685
4538,7-5712
4539,1-6276
4540,1-0170
4541,7-3368
4542,6-9789
4543,8-8885
4544,5-1799
4545,5-5413
4546,8-6830
4547,8-8433
4548,2-0108
4549,7-5107
4550,8-3147
4551,8-6301
4552,4-6764
4553,2-8306
4554,8-8512
4555,4-6826
4556,7-1258
4557,5-8705
4558,8-8630
4559,1-5561
4560,6-7009
4561,2-8319
4562,6-1457
4563,2-2994
4564,1-7665
4565,3-1920
4566,6-8514
4567,5-3990
4568,8-4376
4569,4-4989
4570,8-8766
4571,1-1766
4572,4-8542
4573,5-1817
4574,8-7221
4575,6-1810
4576,8-1591
4577,3-8286
4578,6-3657
4579,3-2582
4580,4-3538
4581,6-2830
4582,2-6245
4583,6-7607
4584,3-3080
4585,1-1103
4586,4-7421
4587,1-2997
4588,2-3594
4589,7-0794
4590,2-9300
4591,8-3592
4592,8-3354
4593,1-6346
4594,6-2854
4595,2-8683
4596,5-4983
4597,4-1383
4598,3-8016
4599,4-4724
4600,4-9920
4601,6-1534
4602,6-8297
4603,4-3327
4604,3-6026
4605,4-8709
4606,6-9236
4607,8-6731
4608,8-1658
4609,6-1580
4610,1-1166
4611,5-5600
4612,7-1953
4613,4-7462
4614,4-0049
4615,3-4866
4616,4-7587
4617,7-0953
4618,6-9648
4619,6-3781
4620,3-9032
4621,3-8244
4622,1-3381
4623,4-1405
4624,8-2380
4625,3-7354
4626,4-2553
4627,3-5105
4628,8-6488
4629,3-7548
4630,5-5746
4631,8-9344
4632,6-8390
4633,2-8898
4634,6-0781
4635,5-8332
4636,6-0418
4637,6-3940
4638,5-3050
4639,3-0462
4640,1-8790
4641,8-0329
4642,8-9488
4643,3-9485
4644,7-1597
4645,2-8110
4646,1-7779
4647,1-9268
4648,7-0819
4649,8-3990
4650,2-9340
4651,3-9644
4652,6-0738
4653,3-4676
4654,1-2711
4655,1-2611
4656,3-7132
4657,3-6002
4658,5-7883
4659,3-6113
4660,6-4203
4661,3-0400
4662,1-3184
4663,7-9332
4664,1-6471
4665,6-1844
4666,4-1732
4667,2-4490
4668,1-9676
4669,7-0961
4670,8-8787
4671,8-3238
4672,1-4029
4673,4-0248
4674,7-0733
4675,2-9695
4676,4-5996
4677,5-7799
4678,4-6115
4679,5-8530
4680,6-2086
4681,7-0740
4682,7-3202
4683,5-6849
4684,4-6948
4685,8-2700
4686,8-2778
4687,4-9340
4688,8-6113
4689,6-4282
4690,8-7841
4691,5-9136
4692,5-2478
4693,2-3391
4694,7-6462
4695,6-7257
4696,1-1864
4697,3-0290
4698,6-8435
4699,4-0942
4700,7-4524
4701,1-6138
4702,6-6481
4703,7-5861
4704,8-8485
4705,8-8454
4706,7-0625
4707,7-8271
4708,8-2506
4709,5-9278
4710,3-5522
4711,7-0440
4712,6-4603
4713,3-8975
4714,8-0102
4715,8-2798
4716,1-2386
4717,6-9692
4718,8-1897
4719,3-4668
4720,1-8528
4721,2-5317
4722,8-1783
4723,4-9457
4724,6-3212
4725,3-7841
4726,2-7344
4727,2-5243
4728,2-0168
4729,2-9748
4730,4-6026
4731,6-9600
4732,6-8797
4733,7-7258
4734,4-8571
4735,4-8900
4736,7-6854
4737,7-9002
4738,7-1551
4739,6-0255
4740,6-2629
4741,5-9868
4742,1-9709
4743,1-9591
4744,4-5527
4745,3-3082
4746,6-1499
4747,7-8793
4748,5-4743
4749,2-8947
4750,8-5816
4751,1-1282
4752,8-8767
4753,4-3458
4754,3-7954
4755,6-5363
4756,3-1952
4757,6-6929
4758,8-0447
4759,2-5058
4760,7-9994
4761,3-6864
4762,7-4710
4763,8-7023
4764,1-1087
4765,1-8193
4766,5-4198
4767,5-7205
4768,5-8057
4769,8-5223
4770,6-4317
4771,5-1968
4772,4-3262
4773,7-2479
4774,2-4237
4775,3-3076
4776,6-6443
4777,3-6151
4778,5-8203
4779,2-4023
4780,2-8742
4781,4-6211
4782,5-3116
4783,1-1588
4784,7-0428
4785,8-2391
4786,8-2289
4787,2-6766
4788,2-9649
4789,7-2263
4790,5-0648
4791,8-5406
4792,8-7227
4793,6-2576
4794,4-6481
4795,4-6824
4796,5-6793
4797,3-5510
4798,3-1237
4799,8-8376
4800,7-3123
4801,7-2348
4802,5-4642
4803,6-8475
4804,4-1079
4805,1-1891
4806,5-6848
4807,3-0015
4808,4-1029
4809,2-0984
4810,5-1321
4811,3-8680
4812,2-8574
4813,6-7206
4814,7-7147
4815,4-8334
4816,8-9404
4817,1-3999
4818,5-6885
4819,5-3702
4820,4-1944
4821,6-7867
4822,5-7608
4823,8-1340
4824,3-6191
4825,4-4082
4826,1-0834
4827,1-5535
4828,1-9569
4829,2-4712
4830,4-2596
4831,4-7403
4832,2-3668
4833,2-0286
4834,6-7918
4835,2-8367
4836,7-3068
4837,6-4591
4838,3-5023
4839,6-5130
4840,7-2549
4841,6-7209
4842,5-5032
4843,5-7007
4844,5-3378
4845,8-4112
4846,3-1518
4847,1-8793
4848,5-1476
4849,3-3976
4850,1-7050
4851,7-3719
4852,3-3644
4853,3-7427
4854,6-9510
4855,8-3941
4856,1-5869
4857,3-1175
4858,3-9695
4859,6-3990
4860,1-0971
4861,4-7150
4862,8-8406
4863,7-1960
4864,6-4539
4865,1-1158
4866,2-3740
4867,1-8240
4868,7-4727
4869,2-0293
4870,4-2206
4871,6-2530
4872,3-7807
4873,4-6893
4874,6-3430
4875,5-0664
4876,7-2098
4877,7-5431
4878,3-9306
4879,4-9830
4880,5-5601
4881,8-3625
4882,1-1853
4883,4-9703
4884,5-5858
4885,6-5010
4886,2-0903
4887,5-5706
4888,4-8645
4889,1-1351
4890,6-2028
4891,4-8344
4892,2-8107
4893,8-1596
4894,6-4614
4895,6-9179
4896,8-4354
4897,2-4067
4898,2-8985
4899,3-1663
4900,6-6818
4901,1-2915
4902,4-8506
4903,7-9111
4904,4-1906
4905,7-5671
4906,6-3179
4907,2-5217
4908,3-3544
4909,2-3100
4910,8-8556
4911,7-6431
4912,5-4504
4913,8-1066
4914,5-1819
4915,1-1144
4916,4-0295
4917,7-6563
4918,1-4898
4919,4-3970
4920,8-8420
4921,2-2780
4922,3-3430
4923,4-7797
4924,1-2174
4925,4-6222
4926,8-8984
4927,6-0412
4928,8-9350
4929,3-1307
4930,8-3610
4931,7-7881
4932,2-7989
4933,5-7198
4934,2-8063
4935,1-3255
4936,7-7743
4937,5-1767
4938,7-5292
4939,4-0175
4940,8-8272
4941,3-7959
4942,6-7350
4943,6-7502
4944,7-1342
4945,8-0069
4946,6-7629
4947,3-4626
4948,6-1516
4949,4-7677
4950,6-1350
4951,1-9332
4952,7-8359
4953,8-8379
4954,4-3525
4955,6-3313
4956,7-2458
4957,4-7092
4958,5-0019
4959,4-2173
4960,3-8059
4961,7-7023
4962,7-7283
4963,1-6054
4964,3-3973
4965,7-1164
4966,7-6513
4967,4-5397
4968,7-3314
4969,8-1750
4970,2-2225
4971,3-1962
4972,6-3441
4973,8-2317
4974,2-3847
4975,6-2054
4976,4-5081
4977,2-4676
4978,8-9108
4979,2-2996
4980,2-8207
4981,7-0282
4982,6-5124
4983,5-6224
4984,6-8596
4985,3-5417
4986,7-8141
4987,4-6522
4988,5-2383
4989,8-6384
4990,8-7114
4991,6-2477
4992,8-8257
4993,4-0092
4994,6-0821
4995,3-9469
4996,3-4082
4997,1-0108
4998,2-9446
4999,2-7252
5000,2-9771
5001,1-7567
5002,5-2446
5003,5-5989
5004,8-8221
5005,4-5311
5006,1-8192
5007,2-4379
5008,6-0227
5009,8-0799
5010,2-3307
5011,4-8713
5012,1-3093
5013,7-1495
5014,1-9077
5015,2-3929
5016,8-4054
5017,5-2983
5018,4-8944
5019,2-8314
5020,3-6642
5021,1-2166
5022,6-9805
5023,8-9442
5024,4-7986
5025,6-5655
5026,1-7030
5027,6-2879
5028,8-8202
5029,2-0349
5030,4-9777
5031,5-7286
5032,6-7039
5033,5-2206
5034,5-4724
5035,4-2702
5036,3-0003
5037,2-7259
5038,8-3471
5039,8-4633
5040,4-0505
5041,5-8707
5042,6-6393
5043,1-8967
5044,4-5421
5045,4-2655
5046,1-6292
5047,8-9551
5048,6-7338
5049,8-8527
5050,8-0823
5051,2-6613
5052,3-5805
5053,3-2589
5054,6-6194
5055,7-7445
5056,8-5416
5057,6-0001
5058,5-8482
5059,2-8382
5060,4-3243
5061,1-8291
5062,2-7942
5063,4-5162
5064,3-4019
5065,2-9708
5066,4-2219
5067,5-6914
5068,2-7065
5069,3-3572
5070,7-6798
5071,7-1107
5072,5-4639
5073,2-5546
5074,4-0691
5075,2-4129
5076,2-3158
5077,7-7479
5078,7-1248
5079,1-5068
5080,2-9929
5081,7-6770
5082,7-9406
5083,3-1792
5084,6-6689
5085,2-5851
5086,7-3873
5087,2-9586
5088,1-0860
5089,6-3497
5090,3-0894
5091,6-6265
5092,5-8506
5093,4-1462
5094,7-8027
5095,7-7212
5096,1-0595
5097,8-5739
5098,4-4084
5099,5-0179
5100,5-0726
5101,8-8499
5102,3-5641
5103,3-2658
5104,1-9578
5105,6-6339
5106,1-5091
5107,3-7591
5108,5-1248
5109,3-4706
5110,5-0267
5111,2-7704
5112,1-0752
5113,7-2009
5114,3-4505
5115,3-4879
5116,2-3552
5117,1-4764
5118,6-8445
5119,5-8728
5120,6-8894
5121,8-1698
5122,2-4283
5123,1-3055
5124,3-0153
5125,4-5729
5126,7-6740
5127,8-5851
5128,5-8944
5129,3-6072
5130,7-4029
5131,1-9453
5132,6-8826
5133,1-7460
5134,1-0278
5135,7-2556
5136,2-4279
5137,8-7608
5138,6-1058
5139,2-9959
5140,1-6387
5141,6-7117
5142,6-6851
5143,7-2036
5144,8-8016
5145,5-6165
5146,4-0164
5147,8-6581
5148,1-9088
5149,7-8069
5150,4-2026
5151,1-9394
5152,2-7114
5153,3-2543
5154,7-3514
5155,4-9734
5156,2-8515
5157,7-3552
5158,5-8146
5159,1-3136
5160,7-3603
5161,4-1631
5162,1-1426
5163,3-7948
5164,4-8279
5165,8-2917
5166,5-5259
5167,2-4401
5168,4-2926
5169,7-7687
5170,5-2486
5171,1-6357
5172,7-5112
5173,3-7311
5174,8-3813
5175,5-5055
5176,2-6623
5177,4-4189
5178,6-9548
5179,5-2751
5180,4-4871
5181,4-0408
5182,6-8471
5183,3-9135
5184,6-4558
5185,2-9647
5186,1-3117
5187,2-9494
5188,8-2885
5189,8-6268
5190,6-6544
5191,7-4705
5192,1-0728
5193,6-2305
5194,7-8062
5195,7-5965
5196,4-5640
5197,1-3297
5198,3-5577
5199,7-2740
5200,7-7784
5201,2-2467
5202,2-8665
5203,3-3689
5204,5-6741
5205,2-7379
5206,2-6069
5207,8-0382
5208,5-1163
5209,6-5307
5210,8-8477
5211,6-5962
5212,1-2557
5213,2-9309
5214,3-8475
5215,6-6949
5216,1-3808
5217,1-3183
5218,5-0182
5219,8-9089
5220,1-3866
5221,4-9875
5222,1-2459
5223,8-1064
5224,5-8909
5225,4-3836
5226,1-1501
5227,7-0395
5228,3-3761
5229,6-0539
5230,5-7827
5231,3-5892
5232,5-3448
5233,2-5005
5234,7-9961
5235,8-9002
5236,6-2659
5237,7-4631
5238,2-5704
5239,7-1591
5240,6-5954
5241,3-9286
5242,8-7711
5243,6-2681
5244,1-2605
5245,6-0245
5246,4-1372
5247,5-8384
5248,3-7564
5249,8-8713
5250,6-5270
5251,5-9753
5252,7-9628
5253,7-1896
5254,5-8184
5255,8-6115
5256,6-8314
5257,6-9488
5258,1-9229
5259,1-3299
5260,1-5771
5261,2-0263
5262,5-9977
5263,1-0234
5264,4-9617
5265,1-3541
5266,5-4271
5267,1-5969
5268,1-2225
5269,6-9198
5270,8-2696
5271,7-3760
5272,7-6845
5273,6-6409
5274,7-8277
5275,5-5967
5276,2-5912
5277,4-7324
5278,4-0586
5279,7-2209
5280,1-0899
5281,2-0552
5282,6-5295
5283,4-5651
5284,2-5043
5285,7-9616
5286,2-1383
5287,2-1057
5288,1-0480
5289,2-7912
5290,2-1657
5291,4-2034
5292,4-1260
5293,2-4935
5294,5-9781
5295,1-6269
5296,4-0228
5297,5-3382
5298,5-6996
5299,3-3269
5300,4-7185
5301,5-7777
5302,2-7311
5303,5-3991
5304,3-6066
5305,3-8312
5306,2-7467
5307,4-2910
5308,1-0876
5309,8-1356
5310,8-8981
5311,5-9297
5312,3-8343
5313,5-5840
5314,7-8832
5315,2-4327
5316,8-4616
5317,8-2343
5318,8-0825
5319,4-3653
5320,8-0104
5321,7-1525
5322,8-7301
5323,6-4377
5324,1-9950
5325,2-1575
5326,1-2960
5327,7-9039
5328,1-6940
5329,4-9300
5330,7-4155
5331,1-7768
5332,8-8051
5333,7-8636
5334,6-2253
5335,1-3170
5336,1-8207
5337,5-3681
5338,1-7736
5339,5-4299
5340,6-7421
5341,1-8085
5342,6-3795
5343,8-6867
5344,3-0560
5345,6-7824
5346,2-8051
5347,5-1354
5348,5-2074
5349,4-8147
5350,3-1374
5351,7-9101
5352,5-3323
5353,4-8916
5354,4-0807
5355,1-0895
5356,5-7661
5357,4-1911
5358,7-4788
5359,7-9103
5360,4-9113
5361,3-8590
5362,4-7013
5363,1-6802
5364,3-0277
5365,3-9093
5366,1-7949
5367,2-3976
5368,2-5859
5369,7-7348
5370,3-1425
5371,4-3098
5372,7-5706
5373,7-2819
5374,8-1535
5375,3-5527
5376,2-0295
5377,8-1219
5378,4-5069
5379,7-5174
5380,7-9367
5381,7-8400
5382,6-8896
5383,5-0413
5384,4-4802
5385,6-0087
5386,3-4884
5387,4-1493
5388,8-9824
5389,7-7058
5390,7-6981
5391,4-9105
5392,6-5831
5393,3-0596
5394,5-3555
5395,3-1008
5396,5-5661
5397,5-2884
5398,8-7489
5399,2-7195
5400,2-0490
5401,7-1674
5402,6-4722
5403,7-5345
5404,5-9941
5405,5-8206
5406,6-1570
5407,6-6874
5408,3-5877
5409,7-8202
5410,1-4311
5411,5-1370
5412,2-2266
5413,8-6412
5414,5-1295
5415,4-9746
5416,5-9224
5417,2-3378
5418,4-1600
5419,3-2372
5420,2-1906
5421,3-0118
5422,2-6368
5423,2-8186
5424,5-9684
5425,7-0888
5426,6-7609
5427,8-0997
5428,1-9590
5429,8-2581
5430,3-2317
5431,3-4064
5432,5-8080
5433,5-0668
5434,2-2671
5435,5-4183
5436,1-3456
5437,3-7125
5438,8-5264
5439,6-0233
5440,7-9548
5441,6-3542
5442,8-3617
5443,3-6122
5444,3-4021
5445,7-0381
5446,3-2187
5447,6-1441
5448,4-5581
5449,3-9153
5450,5-7558
5451,7-4510
5452,7-0831
5453,4-5238
5454,5-3666
5455,1-6644
5456,8-6452
5457,8-6445
5458,6-6907
5459,3-0464
5460,6-9254
5461,3-8161
5462,7-7690
5463,1-6360
5464,8-9994
5465,6-9424
5466,2-0668
5467,5-7353
5468,4-6836
5469,6-9115
5470,6-5685
5471,7-6909
5472,4-0557
5473,2-1799
5474,7-0008
5475,7-7077
5476,5-7877
5477,7-7369
5478,6-1148
5479,7-9996
5480,4-5222
5481,1-8607
5482,5-5354
5483,7-6599
5484,6-0264
5485,3-8473
5486,3-4051
5487,6-7819
5488,4-6773
5489,3-8722
5490,1-2453
5491,7-9686
5492,7-5315
5493,7-1068
5494,5-6371
5495,4-0433
5496,4-9618
5497,7-5319
5498,2-0359
5499,1-8779
5500,1-7203
5501,3-9026
5502,1-6944
5503,2-6129
5504,5-7531
5505,4-9973
5506,5-3838
5507,5-5969
5508,6-2840
5509,7-8416
5510,6-8941
5511,6-4056
5512,7-7186
5513,1-5781
5514,1-9794
5515,1-0775
5516,2-1426
5517,7-9465
5518,6-0185
5519,8-4557
5520,6-3841
5521,7-8364
5522,7-8496
5523,4-3024
5524,1-8398
5525,8-2789
5526,1-8166
5527,7-9467
5528,3-5177
5529,4-8634
5530,7-3360
5531,4-3389
5532,6-8830
5533,4-4883
5534,5-3340
5535,4-0073
5536,4-0962
5537,4-4071
5538,7-6820
5539,8-6219
5540,6-5404
5541,8-0159
5542,8-2976
5543,5-3722
5544,2-6729
5545,5-1053
5546,1-2035
5547,8-1087
5548,3-4950
5549,3-7177
5550,6-8190
5551,4-5734
5552,3-2815
5553,6-6035
5554,4-6578
5555,4-5929
5556,4-3764
5557,7-0416
5558,2-3581
5559,6-4519
5560,1-2206
5561,7-7287
5562,4-3637
5563,8-5298
5564,4-3912
5565,3-5702
5566,2-4571
5567,3-7279
5568,4-3427
5569,1-5636
5570,4-1953
5571,5-6599
5572,2-5588
5573,7-2318
5574,5-2711
5575,7-4805
5576,7-4467
5577,5-2471
5578,4-9411
5579,3-5300
5580,5-0813
5581,2-9513
5582,2-4382
5583,1-4088
5584,4-3674
5585,7-5510
5586,7-7676
5587,5-3426
5588,1-8385
5589,7-2174
5590,3-7165
5591,2-6482
5592,4-3916
5593,2-7798
5594,1-8709
5595,8-2469
5596,1-5559
5597,5-2402
5598,6-6571
5599,8-7381
5600,3-0892
5601,5-1063
5602,4-0587
5603,1-0008
5604,5-6920
5605,4-1621
5606,8-4072
5607,8-0480
5608,2-9430
5609,8-7977
5610,5-6915
5611,6-2640
5612,8-2344
5613,5-2662
5614,2-4962
5615,1-5701
5616,1-7930
5617,3-8885
5618,4-3513
5619,3-9795
5620,7-8287
5621,4-0850
5622,7-4395
5623,6-2194
5624,2-4447
5625,5-3059
5626,7-3455
5627,7-2541
5628,3-8250
5629,8-7479
5630,3-4654
5631,8-1441
5632,2-3073
5633,3-0476
5634,1-1692
5635,5-3590
5636,5-6085
5637,1-5785
5638,8-7997
5639,5-2599
5640,6-5911
5641,2-3681
5642,3-4185
5643,1-1623
5644,4-2487
5645,3-2931
5646,4-9649
5647,3-9236
5648,8-0625
5649,6-9036
5650,7-7582
5651,5-2359
5652,1-7577
5653,7-3969
5654,5-7037
5655,4-9583
5656,6-0205
5657,5-1338
5658,8-6015
5659,5-1769
5660,3-6459
5661,3-6595
5662,4-7052
5663,7-4178
5664,8-1969
5665,5-3534
5666,1-9718
5667,1-8357
5668,1-4415
5669,5-3444
5670,5-6257
5671,5-0013
5672,3-1945
5673,6-0478
5674,1-1473
5675,7-8385
5676,5-7370
5677,7-5794
5678,4-6217
5679,1-3238
5680,7-4791
5681,4-5240
5682,7-4946
5683,3-1439
5684,1-9746
5685,5-7942
5686,4-9100
5687,3-0198
5688,6-9592
5689,7-4845
5690,5-8887
5691,3-4204
5692,6-8817
5693,8-5574
5694,2-8512
5695,2-2731
5696,6-2329
5697,6-1361
5698,5-9137
5699,6-5203
5700,7-9137
5701,4-1578
5702,5-3922
5703,4-9449
5704,6-3082
5705,5-7548
5706,1-4188
5707,4-9424
5708,8-9523
5709,2-3777
5710,7-8658
5711,1-1176
5712,8-8097
5713,4-0207
5714,4-7666
5715,2-6049
5716,2-8257
5717,8-6346
5718,4-5707
5719,3-9663
5720,2-4013
5721,8-3695
5722,7-3940
5723,3-2478
5724,1-2804
5725,3-9412
5726,2-1833
5727,3-2661
5728,3-2672
5729,4-1827
5730,5-7835
5731,8-5655
5732,3-1916
5733,4-3539
5734,8-9119
5735,4-4470
5736,5-8874
5737,3-9498
5738,7-9409
5739,2-7041
5740,6-9296
5741,4-9573
5742,3-2051
5743,3-1859
5744,7-9872
5745,7-2533
5746,8-0966
5747,1-5992
5748,4-5646
5749,2-4803
5750,6-7951
5751,4-4448
5752,6-5647
5753,7-5733
5754,6-3036
5755,8-9975
5756,6-3803
5757,2-8303
5758,6-9247
5759,1-8727
5760,5-4703
5761,5-1339
5762,3-0704
5763,1-2609
5764,7-7139
5765,7-9498
5766,6-9475
5767,1-3714
5768,4-6306
5769,6-1497
5770,5-3306
5771,4-2059
5772,3-0266
5773,8-1036
5774,7-3864
5775,4-0443
5776,1-4062
5777,7-7569
5778,3-6401
5779,2-3738
5780,1-7432
5781,4-8741
5782,8-5059
5783,1-6449
5784,4-2082
5785,3-5977
5786,5-0799
5787,1-4049
5788,4-7744
5789,2-8150
5790,3-7140
5791,7-1429
5792,1-4264
5793,7-2730
5794,2-6184
5795,3-9590
5796,2-3501
5797,2-7218
5798,2-6284
5799,8-0815
5800,5-4219
5801,3-5142
5802,7-8344
5803,3-1645
5804,8-0521
5805,3-2107
5806,2-6185
5807,7-2157
5808,7-3487
5809,2-0256
5810,5-9419
5811,5-3939
5812,4-9532
5813,5-6466
5814,6-1185
5815,1-5083
5816,7-8486
5817,6-4214
5818,1-6334
5819,3-0271
5820,8-1114
5821,2-3013
5822,5-8703
5823,1-4922
5824,1-7531
5825,8-2639
5826,5-9890
5827,6-8710
5828,1-5427
5829,1-3131
5830,8-3844
5831,2-3206
5832,7-1354
5833,5-3938
5834,3-9370
5835,6-7076
5836,8-3992
5837,8-9483
5838,4-3395
5839,3-9922
5840,6-6005
5841,8-5218
5842,8-6745
5843,6-6474
5844,5-3973
5845,3-8188
5846,2-6944
5847,3-1830
5848,1-4295
5849,7-6309
5850,6-7727
5851,2-4860
5852,5-9003
5853,1-1753
5854,7-0549
5855,4-0905
5856,5-4522
5857,8-4231
5858,3-0254
5859,8-1528
5860,1-8951
5861,2-3529
5862,5-2518
5863,2-5935
5864,7-8505
5865,2-7342
5866,7-6694
5867,7-2141
5868,5-1792
5869,6-5100
5870,8-5533
5871,5-1387
5872,4-4458
5873,4-1081
5874,6-6739
5875,4-3792
5876,1-3720
5877,3-8605
5878,3-0307
5879,8-2401
5880,2-0991
5881,7-2326
5882,7-3056
5883,5-5349
5884,1-7728
5885,1-6416
5886,4-0868
5887,1-7976
5888,2-2339
5889,2-0087
5890,2-9017
5891,2-9251
5892,8-9584
5893,4-1135
5894,1-4395
5895,2-5820
5896,7-4600
5897,6-9900
5898,8-0072
5899,6-5427
5900,3-1103
5901,3-5436
5902,4-3809
5903,4-0456
5904,1-1925
5905,7-1312
5906,6-1070
5907,5-9681
5908,2-7971
5909,2-9174
5910,6-7841
5911,8-8742
5912,8-2714
5913,3-7770
5914,5-2933
5915,7-4624
5916,7-4634
5917,8-0347
5918,4-0021
5919,1-3790
5920,4-4437
5921,5-1367
5922,8-0946
5923,4-6085
5924,7-5592
5925,8-5295
5926,2-2576
5927,7-6139
5928,3-9848
5929,8-1915
5930,8-9845
5931,2-1495
5932,3-0977
5933,2-2405
5934,2-2296
5935,1-8096
5936,3-9597
5937,6-6953
5938,3-2086
5939,6-6141
5940,2-9465
5941,6-5670
5942,4-1180
5943,3-3448
5944,3-1153
5945,8-7595
5946,8-6682
5947,3-6738
5948,3-4637
5949,2-8888
5950,5-8079
5951,7-4623
5952,5-0810
5953,6-1001
5954,6-2650
5955,5-9474
5956,3-3461
5957,3-1803
5958,2-6529
5959,1-5056
5960,5-7130
5961,6-6716
5962,3-2725
5963,3-5776
5964,5-9135
5965,3-7245
5966,6-8260
5967,8-2775
5968,8-7879
5969,4-7040
5970,2-7294
5971,1-7087
5972,1-4037
5973,6-3997
5974,7-0082
5975,8-3683
5976,5-4259
5977,6-4761
5978,8-6956
5979,5-0742
5980,5-5245
5981,3-9417
5982,4-8740
5983,6-7368
5984,4-1251
5985,7-3857
5986,2-5309
5987,6-3919
5988,3-0487
5989,6-7891
5990,2-8360
5991,6-3389
5992,1-4794
5993,4-6209
5994,5-3345
5995,3-9982
5996,3-5479
5997,6-0177
5998,4-6248
5999,3-4382
6000,6-7895
6001,8-7279
6002,7-7992
6003,6-5308
6004,8-9536
6005,7-0754
6006,4-2690
6007,7-8005
6008,1-3655
6009,3-4216
6010,8-2191
6011,6-3533
6012,3-2597
6013,5-6255
6014,2-1701
6015,2-3040
6016,5-1042
6017,6-5737
6018,6-0237
6019,1-8132
6020,5-6855
6021,1-3806
6022,4-4742
6023,4-0717
6024,5-2989
6025,4-3303
6026,8-4094
6027,8-5961
6028,7-8356
6029,6-7373
6030,2-9096
6031,5-6164
6032,5-8137
6033,3-0354
6034,5-5048
6035,8-3335
6036,6-8321
6037,5-4363
6038,2-2826
6039,6-0558
6040,8-7870
6041,5-0300
6042,7-6910
6043,6-9531
6044,1-0852
6045,3-5626
6046,1-6240
6047,4-4570
6048,4-5567
6049,7-3191
6050,1-3691
6051,5-0229
6052,2-6208
6053,1-6472
6054,1-2313
6055,6-6732
6056,4-9729
6057,8-6565
6058,1-1273
6059,8-8333
6060,8-0285
6061,6-6596
6062,8-7468
6063,4-0093
6064,1-4952
6065,8-4605
6066,5-3184
6067,6-6770
6068,7-0022
6069,4-7140
6070,7-7080
6071,7-0407
6072,6-5474
6073,7-3194
6074,2-3290
6075,5-6961
6076,4-0333
6077,6-9936
6078,8-9124
6079,4-5118
6080,3-6807
6081,3-1045
6082,1-0566
6083,3-1615
6084,3-4849
6085,2-9775
6086,8-2410
6087,8-1780
6088,1-0402
6089,4-0878
6090,1-7271
6091,3-0302
6092,5-5609
6093,1-8270
6094,5-3280
6095,2-2724
6096,4-0206
6097,6-2034
6098,8-3040
6099,6-4949
6100,1-5184
6101,3-2866
6102,7-9594
6103,7-8258
6104,4-1197
6105,8-5057
6106,8-3031
6107,4-7924
6108,5-4389
6109,5-4669
6110,2-5656
6111,1-9761
6112,7-2391
6113,1-8953
6114,5-3850
6115,1-1466
6116,8-2606
6117,8-2351
6118,4-2038
6119,8-4666
6120,7-7686
6121,4-8043
6122,6-0369
6123,7-1668
6124,4-9894
6125,7-2670
6126,1-0797
6127,3-8768
6128,1-3379
6129,6-9346
6130,8-9666
6131,1-4389
6132,4-6095
6133,6-2068
6134,1-0847
6135,6-2445
6136,7-8529
6137,7-9604
6138,1-1422
6139,6-5275
6140,1-9981
6141,2-7006
6142,1-1722
6143,1-8036
6144,4-3402
6145,5-7019
6146,8-9509
6147,6-4360
6148,3-4514
6149,8-4488
6150,6-4921
6151,4-6672
6152,8-2616
6153,8-1775
6154,6-3858
6155,2-0010
6156,5-6925
6157,7-4495
6158,8-1023
6159,6-2252
6160,4-6898
6161,2-0183
6162,6-8559
6163,7-0480
6164,3-8809
6165,4-1814
6166,7-8388
6167,2-0993
6168,5-1314
6169,1-4331
6170,6-9167
6171,1-3528
6172,4-6669
6173,2-9069
6174,6-6442
6175,2-7783
6176,1-4664
6177,7-9786
6178,7-9375
6179,1-7848
6180,6-9340
6181,5-0967
6182,1-1856
6183,2-5543
6184,6-9785
6185,6-4530
6186,7-9750
6187,4-1130
6188,4-8906
6189,2-0128
6190,8-2961
6191,7-6665
6192,6-0438
6193,5-4229
6194,6-5609
6195,3-7247
6196,7-7529
6197,7-1006
6198,3-2757
6199,1-1427
6200,1-4354
6201,4-0770
6202,2-8469
6203,1-3390
6204,2-4578
6205,8-3876
6206,4-7731
6207,5-2114
6208,4-1117
6209,1-6543
6210,7-5513
6211,5-6315
6212,8-7454
6213,4-1848
6214,8-9050
6215,4-7461
6216,8-1901
6217,3-4967
6218,1-9085
6219,7-5492
6220,2-8264
6221,1-7533
6222,7-1300
6223,7-5845
6224,4-7131
6225,5-0822
6226,1-6835
6227,6-0081
6228,4-9701
6229,2-1986
6230,4-7409
6231,5-3044
6232,3-5943
6233,1-7615
6234,4-2887
6235,1-5622
6236,3-5618
6237,2-9620
6238,1-6963
6239,7-0598
6240,7-3389
6241,2-2292
6242,4-7263
6243,8-6697
6244,2-6488
6245,6-2475
6246,6-8882
6247,2-3700
6248,3-4820
6249,5-0654
6250,6-5775
6251,7-2484
6252,7-2902
6253,3-2321
6254,1-3073
6255,7-2120
6256,7-8121
6257,4-0693
6258,6-5158
6259,7-0762
6260,4-4578
6261,2-3287
6262,2-9034
6263,4-3139
6264,5-9854
6265,6-5352
6266,4-0065
6267,4-9500
6268,5-5240
6269,2-1150
6270,6-0280
6271,2-6499
6272,6-4765
6273,2-0131
6274,6-3180
6275,8-7495
6276,8-3632
6277,3-9961
6278,5-1885
6279,8-7934
6280,2-1182
6281,6-0243
6282,7-9436
6283,6-1801
6284,3-4667
6285,5-1548
6286,7-4114
6287,4-5914
6288,3-6472
6289,6-7190
6290,7-7589
6291,5-6615
6292,1-5911
6293,8-2889
6294,7-8108
6295,1-9791
6296,1-8335
6297,6-8307
6298,2-7288
6299,3-4389
6300,8-5185
6301,6-2769
6302,8-2446
6303,4-2374
6304,1-4432
6305,4-8482
6306,7-8774
6307,8-1942
6308,1-3283
6309,5-7691
6310,4-4245
6311,3-8141
6312,6-6893
6313,4-9718
6314,8-3969
6315,1-4103
6316,5-7844
6317,3-1070
6318,5-4802
6319,3-6778
6320,5-2837
6321,4-1676
6322,6-4775
6323,3-7027
6324,1-7641
6325,8-7421
6326,5-1878
6327,4-1230
6328,1-6165
6329,1-7209
6330,1-4790
6331,7-0702
6332,8-4184
6333,1-6846
6334,1-3360
6335,5-7106
6336,8-4736
6337,7-0522
6338,4-0121
6339,5-1825
6340,3-7457
6341,6-6240
6342,6-4651
6343,5-4142
6344,3-2140
6345,5-9132
6346,5-6342
6347,8-4918
6348,6-2850
6349,4-5379
6350,5-0187
6351,3-4379
6352,3-5434
6353,2-3463
6354,6-0121
6355,8-6850
6356,4-8261
6357,6-5799
6358,6-8067
6359,6-7466
6360,6-7064
6361,2-1073
6362,8-3692
6363,5-8995
6364,3-4784
6365,5-8305
6366,7-3642
6367,2-0687
6368,6-4518
6369,8-4952
6370,1-9017
6371,1-9428
6372,6-6821
6373,5-9551
6374,3-9045
6375,5-7511
6376,2-4517
6377,3-9338
6378,6-8111
6379,1-0453
6380,2-8730
6381,7-5530
6382,5-0257
6383,2-2733
6384,4-4053
6385,2-3331
6386,3-5625
6387,5-0315
6388,5-3028
6389,7-4933
6390,6-5235
6391,8-1741
6392,5-6791
6393,8-5542
6394,4-2413
6395,1-7054
6396,1-3974
6397,3-3965
6398,3-3885
6399,8-4057
6400,3-1452
6401,8-6146
6402,8-8779
6403,7-1021
6404,7-6863
6405,6-3870
6406,8-4837
6407,2-7849
6408,1-3239
6409,6-4134
6410,7-1451
6411,6-9984
6412,5-8964
6413,3-5855
6414,8-1411
6415,4-2479
6416,3-2474
6417,5-1815
6418,3-6345
6419,6-8744
6420,8-6248
6421,8-7642
6422,8-3840
6423,7-2573
6424,3-2947
6425,1-7757
6426,7-2641
6427,3-3120
6428,6-6606
6429,1-2741
6430,4-2824
6431,2-0615
6432,2-8669
6433,3-5246
6434,5-9763
6435,4-6214
6436,6-2306
6437,3-2997
6438,2-9047
6439,4-0469
6440,4-9988
6441,6-7090
6442,4-6603
6443,5-4192
6444,5-1711
6445,2-8224
6446,8-7624
6447,5-2162
6448,7-7614
6449,7-6810
6450,2-7321
6451,2-7258
6452,6-2525
6453,2-2944
6454,6-7026
6455,6-4698
6456,3-6109
6457,3-4307
6458,8-6173
6459,4-5393
6460,2-1227
6461,7-4451
6462,8-6597
6463,3-0377
6464,8-4536
6465,8-4592
6466,6-0537
6467,5-6454
6468,8-4090
6469,7-9781
6470,2-7627
6471,2-5324
6472,7-9417
6473,4-2519
6474,8-6462
6475,5-3369
6476,3-6916
6477,8-5113
6478,7-9639
6479,4-5429
6480,2-5264
6481,4-6502
6482,4-3350
6483,2-3243
6484,6-7661
6485,6-7630
6486,8-1802
6487,3-8032
6488,4-8061
6489,8-9241
6490,1-5253
6491,4-4462
6492,3-3907
6493,8-0280
6494,6-8723
6495,4-0067
6496,8-0968
6497,2-2541
6498,7-1377
6499,2-0501
6500,3-3772
6501,4-9195
6502,6-0525
6503,2-3800
6504,4-7689
6505,8-3098
6506,5-7709
6507,5-8569
6508,6-2925
6509,8-1525
6510,4-6104
6511,2-1849
6512,5-9166
6513,5-4550
6514,8-9628
6515,8-6167
6516,3-7627
6517,8-1511
6518,8-1323
6519,7-2731
6520,5-2277
6521,2-6437
6522,3-0360
6523,3-1399
6524,3-3208
6525,2-6151
6526,4-5795
6527,3-1761
6528,2-1518
6529,6-7850
6530,5-8969
6531,7-4318
6532,2-1755
6533,3-5328
6534,8-5363
6535,4-4784
6536,5-0625
6537,4-0573
6538,2-1371
6539,2-1841
6540,2-6535
6541,2-0926
6542,1-9585
6543,2-9705
6544,8-3213
6545,1-4126
6546,4-5666
6547,5-5255
6548,4-6442
6549,2-7103
6550,5-5898
6551,4-5282
6552,7-9190
6553,3-8914
6554,4-3996
6555,6-0729
6556,5-6812
6557,1-1624
6558,5-2055
6559,5-7729
6560,1-5900
6561,8-4895
6562,4-2412
6563,2-7681
6564,7-1106
6565,2-6319
6566,4-6476
6567,7-8302
6568,2-0141
6569,6-4370
6570,1-4236
6571,6-4250
6572,6-6113
6573,4-8933
6574,7-0548
6575,1-4672
6576,1-2378
6577,7-5327
6578,6-4249
6579,6-0779
6580,7-8015
6581,8-8653
6582,5-8236
6583,3-8041
6584,1-1773
6585,1-4129
6586,2-7943
6587,6-7266
6588,3-4900
6589,7-9008
6590,7-4948
6591,3-2137
6592,8-0611
6593,2-8086
6594,2-3629
6595,1-5906
6596,2-7097
6597,3-5636
6598,1-2008
6599,1-6005
6600,8-0461
6601,1-2901
6602,5-5093
6603,4-5229
6604,7-2949
6605,6-0359
6606,4-7786
6607,2-7573
6608,8-0976
6609,3-0155
6610,6-2748
6611,3-1635
6612,5-7584
6613,2-6540
6614,2-4797
6615,4-4220
6616,8-1740
6617,5-2302
6618,3-0556
6619,6-6156
6620,5-6169
6621,8-5762
6622,6-1387
6623,7-5704
6624,3-7617
6625,6-1014
6626,2-8595
6627,4-4658
6628,6-2945
6629,3-8491
6630,2-2997
6631,7-5663
6632,3-7843
6633,7-4071
6634,4-6441
6635,5-6720
6636,4-8576
6637,5-9465
6638,1-7317
6639,7-4776
6640,5-3199
6641,8-8295
6642,4-1237
6643,4-2043
6644,4-7826
6645,6-7074
6646,2-1362
6647,2-4501
6648,2-9930
6649,4-7884
6650,2-9522
6651,7-0873
6652,7-2945
6653,7-7959
6654,4-1955
6655,1-3712
6656,5-7127
6657,7-5584
6658,3-2240
6659,1-6043
6660,1-3626
6661,1-8549
6662,2-2429
6663,4-7781
6664,8-0035
6665,6-4252
6666,7-9505
6667,3-7729
6668,6-4171
6669,5-0312
6670,4-2361
6671,1-4246
6672,7-7284
6673,3-3399
6674,5-1491
6675,2-8909
6676,5-7811
6677,5-1412
6678,8-8680
6679,3-3449
6680,1-4927
6681,1-5187
6682,1-5861
6683,5-7627
6684,5-3559
6685,5-2814
6686,4-0900
6687,4-7888
6688,8-2688
6689,2-9798
6690,5-8381
6691,3-9194
6692,6-4183
6693,6-4763
6694,8-4353
6695,1-1218
6696,2-1195
6697,3-3948
6698,7-1136
6699,6-7676
6700,5-6635
6701,4-1127
6702,4-7571
6703,3-0421
6704,2-6220
6705,8-4650
6706,2-2356
6707,3-5281
6708,2-6048
6709,1-4015
6710,3-6079
6711,8-8997
6712,5-7383
6713,3-7860
6714,6-4598
6715,8-4998
6716,3-6630
6717,4-4021
6718,8-7567
6719,6-1504
6720,1-8188
6721,6-8762
6722,3-9461
6723,6-0137
6724,2-1845
6725,8-5470
6726,3-0973
6727,8-3216
6728,6-4109
6729,6-3557
6730,5-2025
6731,2-6964
6732,6-6743
6733,3-2276
6734,6-3945
6735,2-5540
6736,7-9501
6737,8-3631
6738,3-8052
6739,8-9156
6740,4-7516
6741,4-9041
6742,2-2870
6743,2-2842
6744,2-1424
6745,2-1167
6746,4-0488
6747,3-3122
6748,2-1963
6749,5-5742
6750,6-6850
6751,4-6821
6752,3-0742
6753,6-2050
6754,4-1406
6755,3-3859
6756,3-7253
6757,2-8716
6758,4-9000
6759,6-0258
6760,1-1420
6761,7-7558
6762,2-5440
6763,3-0919
6764,2-5975
6765,2-9800
6766,6-9649
6767,5-8293
6768,6-8161
6769,2-7198
6770,8-9663
6771,1-1442
6772,4-5335
6773,1-5401
6774,4-4827
6775,4-7886
6776,8-1988
6777,3-0791
6778,2-2261
6779,7-2665
6780,6-6308
6781,7-2264
6782,2-6685
6783,3-2713
6784,7-9061
6785,3-8311
6786,3-0684
6787,5-3453
6788,2-7797
6789,4-6084
6790,8-5773
6791,8-8130
6792,5-8111
6793,1-9285
6794,4-8623
6795,3-0721
6796,8-9379
6797,3-2766
6798,2-7945
6799,2-5445
6800,6-4600
6801,6-7229
6802,7-2970
6803,3-1150
6804,8-9799
6805,1-2164
6806,6-7688
6807,2-2074
6808,1-7689
6809,2-9952
6810,4-6829
6811,1-2793
6812,7-0291
6813,1-4735
6814,7-2216
6815,2-9698
6816,1-1827
6817,1-1396
6818,8-9345
6819,8-5463
6820,3-2692
6821,6-8650
6822,2-7111
6823,3-7927
6824,8-3129
6825,8-0690
6826,6-3330
6827,2-9395
6828,1-9324
6829,8-6509
6830,5-2293
6831,3-8300
6832,5-1873
6833,7-2954
6834,1-8480
6835,5-2368
6836,7-1808
6837,7-6087
6838,7-8747
6839,3-1285
6840,5-2908
6841,4-4528
6842,7-7357
6843,5-8743
6844,1-5896
6845,2-8808
6846,8-7778
6847,3-6972
6848,5-8962
6849,2-1996
6850,3-8525
6851,3-5659
6852,5-0430
6853,6-8481
6854,7-9369
6855,8-8012
6856,8-6459
6857,4-0467
6858,8-2703
6859,5-0372
6860,1-1384
6861,1-6194
6862,4-0172
6863,3-5004
6864,1-4710
6865,6-4958
6866,2-3121
6867,7-8888
6868,3-6419
6869,1-5893
6870,7-5548
6871,4-9273
6872,5-1440
6873,7-3013
6874,7-5588
6875,3-7086
6876,6-6086
6877,8-4979
6878,3-8270
6879,1-5236
6880,8-2943
6881,4-6276
6882,1-2890
6883,4-7614
6884,4-4916
6885,2-7189
6886,5-4146
6887,7-9379
6888,1-8652
6889,7-2908
6890,8-8150
6891,1-0801
6892,4-8530
6893,1-6824
6894,7-5217
6895,2-7764
6896,7-3361
6897,2-0827
6898,7-7409
6899,3-2386
6900,8-1208
6901,6-2280
6902,5-8678
6903,5-3054
6904,1-9149
6905,4-1226
6906,1-2962
6907,6-3642
6908,4-1158
6909,4-3569
6910,6-9156
6911,1-9562
6912,7-6288
6913,4-2812
6914,3-5635
6915,6-4655
6916,3-9367
6917,3-8929
6918,4-2676
6919,5-2233
6920,2-9909
6921,8-9013
6922,6-2294
6923,8-2875
6924,3-2200
6925,7-1469
6926,8-7005
6927,3-3472
6928,8-9805
6929,3-7542
6930,2-1507
6931,5-0100
6932,6-1681
6933,6-2696
6934,3-7583
6935,4-3943
6936,7-5203
6937,1-4801
6938,4-8069
6939,6-8174
6940,5-0498
6941,5-7063
6942,3-7708
6943,5-3463
6944,7-1115
6945,8-2707
6946,5-5712
6947,5-0275
6948,6-1410
6949,1-4925
6950,6-9973
6951,7-5996
6952,8-5193
6953,3-4476
6954,2-2785
6955,4-8923
6956,5-5734
6957,6-9645
6958,7-5268
6959,1-6299
6960,8-7505
6961,4-9242
6962,7-8919
6963,8-0318
6964,1-5222
6965,5-7922
6966,2-7931
6967,4-4060
6968,4-5952
6969,4-4607
6970,3-2520
6971,3-3439
6972,7-4857
6973,5-7734
6974,6-7614
6975,1-0364
6976,2-8404
6977,8-8879
6978,4-0069
6979,6-1749
6980,4-9759
6981,4-0975
6982,8-7867
6983,7-3821
6984,1-7088
6985,2-8750
6986,8-4496
6987,8-6937
6988,5-2889
6989,5-8129
6990,8-7351
6991,3-3540
6992,4-3723
6993,8-7403
6994,6-9042
6995,3-1547
6996,5-2054
6997,5-2428
6998,5-1168
6999,8-4587
7000,4-1478
7001,3-0321
7002,4-7760
7003,5-1490
7004,5-7852
7005,7-5186
7006,1-3654
7007,5-4174
7008,7-9744
7009,6-3536
7010,2-9675
7011,2-7015
7012,7-2812
7013,6-9246
7014,2-0921
7015,3-6194
7016,8-6426
7017,4-0230
7018,3-6982
7019,5-5070
7020,4-0102
7021,3-1589
7022,1-8253
7023,5-6858
7024,5-7564
7025,4-4366
7026,5-2685
7027,8-3921
7028,2-2708
7029,7-0636
7030,2-8893
7031,4-5174
7032,3-2331
7033,8-7727
7034,4-1004
7035,8-6523
7036,3-4100
7037,3-1681
7038,6-9767
7039,4-6236
7040,5-2464
7041,4-7236
7042,5-8732
7043,6-6789
7044,6-2809
7045,1-1306
7046,1-1910
7047,3-7845
7048,3-6755
7049,4-8986
7050,1-4403
7051,5-7136
7052,1-2421
7053,8-1009
7054,5-6154
7055,8-8914
7056,1-1120
7057,8-9289
7058,8-6086
7059,2-9286
7060,1-7380
7061,3-3325
7062,1-2059
7063,2-5913
7064,5-8074
7065,6-7362
7066,3-2730
7067,5-2615
7068,6-1228
7069,5-4899
7070,6-1203
7071,5-5817
7072,3-3027
7073,3-5812
7074,4-1315
7075,6-1116
7076,4-0551
7077,2-9236
7078,6-0139
7079,8-2747
7080,8-7661
7081,7-4098
7082,6-9997
7083,2-4608
7084,4-6835
7085,6-6939
7086,5-9182
7087,3-0068
7088,7-3924
7089,8-3803
7090,1-9517
7091,3-8953
7092,2-2097
7093,1-5719
7094,4-9823
7095,1-6569
7096,1-6234
7097,7-9985
7098,4-0602
7099,2-7542
7100,6-3279
7101,1-0470
7102,5-8450
7103,8-4475
7104,4-8668
7105,4-9926
7106,7-3423
7107,8-0418
7108,5-1272
7109,4-9593
7110,3-4659
7111,3-2083
7112,5-9168
7113,1-4965
7114,3-9954
7115,5-9623
7116,2-9686
7117,1-7619
7118,6-4225
7119,3-6050
7120,2-9684
7121,4-7809
7122,2-8273
7123,2-6772
7124,1-2990
7125,1-0530
7126,7-0769
7127,7-6771
7128,7-7920
7129,7-0613
7130,1-3594
7131,3-2846
7132,4-4237
7133,3-0675
7134,1-8468
7135,3-9857
7136,3-3427
7137,1-2309
7138,5-2978
7139,5-0314
7140,6-6981
7141,5-4565
7142,3-3694
7143,4-3029
7144,7-7076
7145,2-6762
7146,3-3410
7147,8-5907
7148,6-3305
7149,1-9203
7150,7-2578
7151,6-5375
7152,3-3002
7153,2-1714
7154,5-1166
7155,7-9623
7156,2-4876
7157,3-8488
7158,8-9848
7159,5-8211
7160,3-1426
7161,6-9307
7162,2-4975
7163,6-7242
7164,8-4785
7165,5-2292
7166,3-9766
7167,3-5407
7168,8-7764
7169,2-4250
7170,3-1909
7171,4-2396
7172,7-5468
7173,2-1878
7174,8-9133
7175,5-0463
7176,5-4039
7177,1-1145
7178,3-6969
7179,3-1454
7180,3-4465
7181,3-7756
7182,4-0769
7183,1-2899
7184,5-3414
7185,3-8767
7186,6-7137
7187,5-9309
7188,2-9935
7189,8-7287
7190,3-7124
7191,8-1973
7192,8-4659
7193,4-7584
7194,8-8494
7195,7-6138
7196,7-2781
7197,7-9427
7198,3-2927
7199,7-2393
7200,1-1270
7201,6-5850
7202,1-1838
7203,3-9791
7204,7-0975
7205,3-5831
7206,6-3477
7207,5-6304
7208,4-2225
7209,5-8665
7210,3-0541
7211,2-1613
7212,6-8995
7213,7-6720
7214,5-3140
7215,4-3710
7216,3-9161
7217,8-4734
7218,8-3776
7219,7-8430
7220,7-0520
7221,7-5212
7222,2-2692
7223,5-2407
7224,5-6753
7225,3-3559
7226,2-3239
7227,2-9878
7228,2-7269
7229,1-1791
7230,2-3866
7231,4-4819
7232,5-7560
7233,3-2680
7234,8-2548
7235,1-6367
7236,4-4612
7237,6-3299
7238,8-3775
7239,5-0467
7240,5-6483
7241,1-7419
7242,5-0662
7243,7-4191
7244,3-4444
7245,6-4683
7246,7-9783
7247,1-1236
7248,8-2539
7249,1-7683
7250,8-1270
7251,5-0944
7252,4-5139
7253,3-5555
7254,3-6600
7255,4-7665
7256,8-4532
7257,8-1737
7258,1-2207
7259,3-3029
7260,3-3433
7261,4-8134
7262,7-7353
7263,8-1319
7264,4-7934
7265,1-1965
7266,4-4132
7267,2-2410
7268,1-5602
7269,8-6503
7270,1-1324
7271,5-5641
7272,5-8749
7273,5-7817
7274,2-9978
7275,4-2076
7276,1-7864
7277,3-9813
7278,6-0265
7279,5-4032
7280,7-8624
7281,8-1121
7282,2-8122
7283,8-2459
7284,2-2730
7285,8-2482
7286,5-1142
7287,6-1691
7288,6-5678
7289,8-6071
7290,5-2476
7291,2-3337
7292,1-6446
7293,3-2347
7294,4-1419
7295,4-5220
7296,7-4358
7297,7-3679
7298,1-1373
7299,2-7340
7300,7-9741
7301,7-7665
7302,1-3403
7303,1-6214
7304,2-6338
7305,2-6987
7306,8-9081
7307,1-9481
7308,2-9356
7309,5-4327
7310,2-1186
7311,4-1670
7312,4-8380
7313,4-0211
7314,2-5833
7315,4-3543
7316,1-4863
7317,5-8316
7318,4-1654
7319,3-2745
7320,7-4616
7321,3-5993
7322,5-5815
7323,8-0769
7324,5-5092
7325,3-8588
7326,5-1376
7327,1-9283
7328,4-2747
7329,5-8440
7330,1-7181
7331,7-4081
7332,3-1709
7333,5-6098
7334,6-0716
7335,7-5779
7336,3-0913
7337,4-1769
7338,5-3867
7339,1-6058
7340,5-9435
7341,1-3508
7342,7-1702
7343,7-1280
7344,5-3779
7345,2-8969
7346,3-3522
7347,3-0293
7348,5-9718
7349,3-0607
7350,4-2382
7351,6-6197
7352,6-3111
7353,3-7223
7354,4-8352
7355,6-9430
7356,2-6833
7357,1-4551
7358,8-7838
7359,4-7923
7360,8-5211
7361,3-4251
7362,6-0540
7363,1-0424
7364,6-7666
7365,8-6975
7366,8-5447
7367,6-7573
7368,7-5373
7369,1-8634
7370,4-0059
7371,6-4749
7372,3-8839
7373,3-6289
7374,3-7101
7375,3-2667
7376,3-2738
7377,1-5839
7378,7-7511
7379,7-5258
7380,8-2803
7381,2-2100
7382,6-7900
7383,6-1928
7384,5-6815
7385,8-5061
7386,2-4976
7387,2-6092
7388,4-0808
7389,3-2544
7390,2-1837
7391,6-3805
7392,3-8541
7393,2-0899
7394,8-9959
7395,5-2672
7396,6-5696
7397,6-2705
7398,2-6015
7399,7-1600
7400,2-3230
7401,6-5437
7402,1-0305
7403,2-2651
7404,7-4138
7405,5-7701
7406,5-8766
7407,2-7347
7408,1-4972
7409,1-8649
7410,4-9951
7411,3-3320
7412,6-3872
7413,8-8236
7414,1-6866
7415,3-5958
7416,3-0852
7417,1-7729
7418,4-1418
7419,4-7634
7420,8-3971
7421,8-6516
7422,1-9273
7423,4-6003
7424,3-0339
7425,7-3687
7426,3-1444
7427,6-5712
7428,2-2811
7429,6-3733
7430,1-9329
7431,2-4299
7432,1-2977
7433,1-7620
7434,8-3045
7435,8-6568
7436,7-1344
7437,4-7351
7438,7-8657
7439,1-6757
7440,4-3938
7441,8-2175
7442,2-3309
7443,1-2799
7444,8-7476
7445,4-5828
7446,6-2792
7447,1-9832
7448,7-4673
7449,3-7902
7450,1-3446
7451,2-4794
7452,1-2447
7453,5-0771
7454,5-7623
7455,4-7316
7456,7-5635
7457,7-2934
7458,3-9165
7459,4-5217
7460,2-7145
7461,5-1601
7462,4-7285
7463,6-0910
7464,8-3343
7465,7-5014
7466,4-7266
7467,1-2583
7468,2-9968
7469,2-9639
7470,8-4172
7471,1-3881
7472,3-6597
7473,4-7940
7474,1-9087
7475,4-5513
7476,6-0735
7477,2-3914
7478,5-1766
7479,3-7265
7480,5-2197
7481,1-3436
7482,8-5338
7483,4-8107
7484,6-8242
7485,2-6734
7486,8-3995
7487,5-0247
7488,4-3381
7489,5-6768
7490,4-6027
7491,7-2905
7492,1-5258
7493,3-0630
7494,5-1398
7495,3-8035
7496,2-1399
7497,2-5552
7498,2-8964
7499,3-0633
7500,8-8366
7501,7-6484
7502,3-9444
7503,6-5477
7504,2-4657
7505,6-0792
7506,8-3647
7507,1-3983
7508,3-4336
7509,8-0534
7510,1-2702
7511,5-8139
7512,4-6684
7513,5-9915
7514,6-1143
7515,4-1097
7516,2-7593
7517,8-6819
7518,4-1381
7519,5-4954
7520,8-2143
7521,6-9948
7522,4-8463
7523,7-0635
7524,2-6119
7525,3-8574
7526,7-5460
7527,7-5179
7528,6-4648
7529,8-2761
7530,1-7725
7531,4-4832
7532,1-2487
7533,7-4969
7534,3-3671
7535,6-6095
7536,2-5056
7537,5-7624
7538,5-5402
7539,2-7761
7540,3-8628
7541,3-0538
7542,2-9554
7543,3-9831
7544,1-6171
7545,3-3639
7546,5-2106
7547,5-6047
7548,8-3403
7549,7-6199
7550,1-0762
7551,5-6733
7552,4-6258
7553,7-3577
7554,5-7666
7555,8-4187
7556,2-0354
7557,4-2935
7558,5-6550
7559,4-5400
7560,4-1627
7561,5-4453
7562,8-2233
7563,4-2386
7564,8-9372
7565,5-8177
7566,2-0148
7567,2-0203
7568,5-0142
7569,6-7333
7570,6-6310
7571,7-3861
7572,1-7772
7573,1-3522
7574,4-2659
7575,4-1964
7576,5-6316
7577,7-0545
7578,8-0345
7579,5-7487
7580,5-3505
7581,2-5041
7582,1-0757
7583,4-7502
7584,8-8224
7585,6-8928
7586,8-5947
7587,8-4360
7588,3-7327
7589,6-3056
7590,6-5763
7591,1-2927
7592,8-8386
7593,3-3821
7594,4-8332
7595,2-9394
7596,5-5964
7597,2-0175
7598,8-3511
7599,8-5899
7600,4-2471
7601,3-9110
7602,5-7953
7603,7-5289
7604,4-0983
7605,2-4833
7606,2-4110
7607,5-6409
7608,3-2641
7609,5-1908
7610,2-7205
7611,7-7857
7612,8-2037
7613,6-9050
7614,3-0237
7615,7-2645
7616,2-4873
7617,3-3296
7618,7-3441
7619,5-2334
7620,2-2758
7621,7-6744
7622,5-1444
7623,4-0966
7624,6-4697
7625,4-8849
7626,1-8483
7627,4-8313
7628,3-4272
7629,6-4270
7630,7-1522
7631,3-1122
7632,7-0147
7633,8-8806
7634,7-6614
7635,5-7533
7636,1-5797
7637,3-1627
7638,4-9355
7639,3-9834
7640,7-3747
7641,5-9483
7642,1-8479
7643,5-4791
7644,7-6125
7645,6-1263
7646,1-7248
7647,4-5747
7648,8-3680
7649,8-4386
7650,7-3546
7651,6-0987
7652,8-4157
7653,6-2009
7654,3-1403
7655,1-8536
7656,4-7340
7657,1-2221
7658,2-6012
7659,8-4385
7660,7-6922
7661,5-8713
7662,5-7507
7663,5-7690
7664,5-2461
7665,1-2154
7666,4-0851
7667,6-0903
7668,5-0150
7669,3-5243
7670,5-9466
7671,1-9559
7672,3-4870
7673,1-7916
7674,8-8700
7675,7-8017
7676,5-6485
7677,7-9245
7678,5-8140
7679,3-3812
7680,1-9935
7681,3-4034
7682,8-5639
7683,1-3287
7684,1-0434
7685,8-4685
7686,5-9693
7687,6-8843
7688,6-0889
7689,8-5144
7690,2-8884
7691,4-7904
7692,2-3898
7693,5-7924
7694,5-9194
7695,3-7715
7696,3-9147
7697,4-0403
7698,6-5012
7699,1-8925
7700,8-0004
7701,8-5199
7702,1-6685
7703,6-6222
7704,8-0202
7705,1-0377
7706,8-9463
7707,8-8949
7708,2-9967
7709,4-4035
7710,8-4601
7711,6-8911
7712,7-5411
7713,6-5357
7714,7-4808
7715,2-8628
7716,5-8738
7717,1-3580
7718,6-6138
7719,3-3111
7720,4-2699
7721,6-9536
7722,8-8083
7723,5-6018
7724,5-6636
7725,1-2761
7726,7-4260
7727,5-3105
7728,2-2038
7729,2-6133
7730,3-9764
7731,8-2304
7732,4-7375
7733,6-2801
7734,8-9297
7735,4-6700
7736,3-1931
7737,5-5899
7738,7-6989
7739,1-6161
7740,7-5486
7741,6-4181
7742,4-8341
7743,6-1523
7744,3-1083
7745,8-0921
7746,7-0324
7747,5-0263
7748,3-9859
7749,4-4149
7750,7-4418
7751,6-4619
7752,8-8877
7753,8-8770
7754,7-4871
7755,7-7464
7756,5-4365
7757,2-4164
7758,4-7080
7759,8-1879
7760,8-5505
7761,4-0496
7762,8-7760
7763,3-4124
7764,6-2173
7765,7-6246
7766,1-4707
7767,1-1370
7768,5-2363
7769,2-5659
7770,8-6604
7771,8-6555
7772,8-8098
7773,8-9114
7774,3-0869
7775,6-1998
7776,4-1937
7777,2-7453
7778,4-3888
7779,2-4612
7780,6-9072
7781,4-1125
7782,5-1258
7783,1-4234
7784,6-9471
7785,4-1288
7786,6-1586
7787,4-9375
7788,2-5117
7789,7-2313
7790,6-3427
7791,7-3714
7792,2-6099
7793,1-1968
7794,7-1759
7795,2-4529
7796,7-4505
7797,1-0569
7798,7-3732
7799,3-2877
7800,8-9259
7801,6-4993
7802,1-2562
7803,7-8242
7804,5-9423
7805,6-0521
7806,7-3421
7807,2-2281
7808,6-9485
7809,4-5405
7810,6-0450
7811,7-0551
7812,8-2122
7813,3-1290
7814,2-3893
7815,8-4171
7816,2-3096
7817,2-8806
7818,3-8551
7819,2-3403
7820,6-5772
7821,8-4245
7822,4-2342
7823,5-5583
7824,2-5624
7825,7-8340
7826,7-9155
7827,5-8815
7828,6-2805
7829,5-5300
7830,2-6839
7831,4-5928
7832,3-8539
7833,7-9801
7834,5-9619
7835,3-7727
7836,7-3187
7837,5-1590
7838,7-3339
7839,6-5933
7840,3-5566
7841,7-1589
7842,5-2517
7843,3-8162
7844,6-5458
7845,4-4121
7846,6-8385
7847,2-2642
7848,4-1745
7849,3-7352
7850,8-6780
7851,4-2835
7852,8-8578
7853,6-4075
7854,4-4105
7855,2-6611
7856,7-9568
7857,4-2905
7858,5-6456
7859,3-2868
7860,8-9709
7861,8-0524
7862,1-8954
7863,8-1384
7864,2-0162
7865,7-8884
7866,1-3269
7867,4-9943
7868,8-6041
7869,4-3218
7870,3-1099
7871,8-3025
7872,1-2676
7873,6-4920
7874,3-0390
7875,8-8327
7876,7-0348
7877,4-9092
7878,8-3496
7879,4-3817
7880,2-3246
7881,7-1402
7882,7-5765
7883,1-5396
7884,4-8226
7885,5-3194
7886,4-6932
7887,4-1308
7888,8-9537
7889,7-8136
7890,4-3524
7891,8-1743
7892,7-2163
7893,6-6287
7894,4-2806
7895,1-9955
7896,2-2918
7897,5-5913
7898,3-4821
7899,3-0945
7900,6-3815
7901,2-8453
7902,5-9177
7903,2-0407
7904,6-5266
7905,6-3425
7906,4-6099
7907,5-4094
7908,5-7962
7909,1-1182
7910,6-2908
7911,7-1901
7912,2-6217
7913,5-1253
7914,6-0425
7915,4-5784
7916,8-0856
7917,2-2581
7918,6-8590
7919,8-8535
7920,5-3595
7921,1-0699
7922,7-3425
7923,7-5928
7924,5-3840
7925,4-8460
7926,3-0637
7927,3-2075
7928,8-0686
7929,3-6405
7930,2-4550
7931,6-1597
7932,3-8468
7933,6-4427
7934,1-9178
7935,7-5018
7936,4-6312
7937,2-5433
7938,1-5058
7939,2-9809
7940,7-8102
7941,8-3594
7942,5-1199
7943,7-8745
7944,7-1082
7945,2-7190
7946,4-3356
7947,1-7331
7948,8-2021
7949,5-9570
7950,6-6325
7951,8-2965
7952,2-5430
7953,1-6758
7954,1-6982
7955,6-8400
7956,4-1050
7957,8-3946
7958,8-5469
7959,1-2360
7960,4-6196
7961,1-8772
7962,4-0392
7963,7-4339
7964,7-2211
7965,2-1548
7966,2-8505
7967,5-3528
7968,8-8685
7969,4-0584
7970,2-6324
7971,7-5711
7972,5-8232
7973,5-1044
7974,4-5994
7975,5-7166
7976,1-5170
7977,7-3797
7978,3-4780
7979,2-3605
7980,1-2757
7981,7-7474
7982,8-9309
7983,7-3711
7984,1-1162
7985,5-1570
7986,2-6477
7987,6-3204
7988,1-6554
7989,2-3273
7990,3-5134
7991,3-0220
7992,7-6996
7993,5-4566
7994,6-7082
7995,2-9439
7996,1-5382
7997,8-7328
7998,5-4757
7999,1-6884
8000,4-3492
8001,1-6369
8002,5-2726
8003,6-3474
8004,3-7431
8005,1-9516
8006,3-5788
8007,1-0567
8008,5-3750
8009,5-8890
8010,2-8377
8011,3-6557
8012,6-5924
8013,8-8270
8014,2-8185
8015,4-6929
8016,6-3298
8017,1-7171
8018,8-8474
8019,5-8670
8020,2-0573
8021,2-8960
8022,1-7484
8023,1-0882
8024,2-8121
8025,2-7058
8026,2-1474
8027,2-1247
8028,1-0226
8029,4-9641
8030,2-1400
8031,3-5942
8032,2-0043
8033,4-8481
8034,6-1084
8035,8-1193
8036,6-6880
8037,3-9533
8038,2-5150
8039,7-2014
8040,1-0501
8041,7-4245
8042,5-9950
8043,5-2299
8044,2-3207
8045,7-3633
8046,4-2324
8047,4-1558
8048,8-7257
8049,7-5222
8050,5-0701
8051,8-9734
8052,7-8534
8053,1-5376
8054,6-3414
8055,3-3850
8056,6-6077
8057,7-9242
8058,6-4179
8059,5-1081
8060,4-5159
8061,4-8772
8062,5-4634
8063,6-9370
8064,6-3634
8065,1-5386
8066,1-9930
8067,2-7088
8068,3-7794
8069,2-3313
8070,7-7594
8071,1-2076
8072,3-7605
8073,5-1914
8074,7-9401
8075,2-3088
8076,8-8001
8077,7-5096
8078,3-0817
8079,7-8194
8080,1-5763
8081,5-8702
8082,6-5871
8083,1-1190
8084,4-4304
8085,6-6616
8086,3-7600
8087,4-3703
8088,5-1793
8089,1-2572
8090,4-2228
8091,7-0151
8092,2-0399
8093,1-7569
8094,6-9420
8095,2-8041
8096,4-8271
8097,7-8675
8098,2-8076
8099,3-9728
8100,3-1183
8101,3-6762
8102,4-4630
8103,7-6586
8104,4-0763
8105,7-0760
8106,6-8658
8107,7-4579
8108,3-7263
8109,6-8805
8110,6-9751
8111,3-5536
8112,4-7187
8113,5-1524
8114,2-9572
8115,1-7944
8116,8-8620
8117,6-6043
8118,8-1639
8119,1-4592
8120,4-3507
8121,7-3165
8122,8-3796
8123,7-0630
8124,5-0969
8125,7-3705
8126,4-5504
8127,1-1502
8128,3-1124
8129,5-8026
8130,8-2066
8131,3-5643
8132,6-9019
8133,2-0384
8134,8-6339
8135,8-3432
8136,8-8173
8137,7-6714
8138,1-1586
8139,6-9008
8140,6-4573
8141,7-8607
8142,2-4396
8143,6-5978
8144,3-6881
8145,4-9915
8146,1-3321
8147,7-3429
8148,4-9219
8149,6-0134
8150,6-7718
8151,8-0389
8152,3-8613
8153,5-6127
8154,1-5904
8155,4-2898
8156,1-7979
8157,4-5862
8158,5-4587
8159,2-8577
8160,2-4281
8161,2-0372
8162,3-8782
8163,4-8055
8164,2-1543
8165,1-0705
8166,6-5613
8167,4-1890
8168,8-4801
8169,3-3518
8170,3-9335
8171,7-3758
8172,2-2643
8173,7-2734
8174,5-2802
8175,3-4236
8176,4-8533
8177,8-8725
8178,2-4496
8179,3-1319
8180,7-9630
8181,4-8194
8182,7-6206
8183,3-5552
8184,3-6255
8185,1-8839
8186,4-9628
8187,3-6288
8188,5-5368
8189,6-7302
8190,5-5519
8191,6-1508
8192,4-6570
8193,1-8466
8194,2-9182
8195,7-2689
8196,3-6798
8197,6-0749
8198,3-9186
8199,6-7140
8200,4-7918
8201,4-0783
8202,4-6444
8203,8-4351
8204,4-3077
8205,6-8807
8206,3-2682
8207,2-4871
8208,6-3310
8209,4-5971
8210,5-2303
8211,1-5314
8212,2-9472
8213,7-5688
8214,2-2915
8215,7-1963
8216,2-8132
8217,2-0352
8218,5-6702
8219,4-2559
8220,5-0606
8221,1-7681
8222,8-8240
8223,7-1359
8224,7-7295
8225,7-8577
8226,2-9766
8227,4-4066
8228,8-3219
8229,8-6879
8230,3-5711
8231,3-0490
8232,4-2654
8233,4-1768
8234,4-8499
8235,4-4499
8236,5-9046
8237,4-2045
8238,4-5954
8239,6-0319
8240,8-5569
8241,7-4750
8242,5-1760
8243,3-0794
8244,4-9139
8245,5-5803
8246,4-0908
8247,1-6840
8248,7-8504
8249,2-4015
8250,6-4799
8251,3-5876
8252,5-1656
8253,5-2966
8254,3-8806
8255,7-1700
8256,7-9432
8257,8-6231
8258,5-6754
8259,1-7447
8260,7-7753
8261,8-4698
8262,4-7912
8263,6-4919
8264,1-2750
8265,7-4732
8266,7-7704
8267,3-6509
8268,7-2697
8269,4-4583
8270,5-0219
8271,3-3531
8272,2-0386
8273,1-0804
8274,7-6023
8275,5-5490
8276,7-4384
8277,5-9824
8278,7-1128
8279,6-4743
8280,8-9152
8281,2-5265
8282,7-8795
8283,7-3350
8284,6-9838
8285,1-7242
8286,8-1179
8287,1-9219
8288,2-2350
8289,1-4619
8290,4-4494
8291,7-0756
8292,6-1674
8293,5-1614
8294,6-6064
8295,6-2276
8296,6-9537
8297,8-7444
8298,3-2415
8299,4-5294
8300,4-7653
8301,5-4970
8302,5-2152
8303,8-1006
8304,3-2007
8305,7-0996
8306,4-0792
8307,3-5449
8308,1-2096
8309,7-1924
8310,8-1932
8311,1-8482
8312,4-4164
8313,1-4272
8314,7-1426
8315,8-9950
8316,4-0297
8317,4-8884
8318,6-2626
8319,2-8832
8320,5-4416
8321,2-9382
8322,3-0010
8323,7-7142
8324,1-1386
8325,4-2143
8326,5-0613
8327,3-5443
8328,1-5066
8329,7-5459
8330,3-0597
8331,1-3132
8332,3-8858
8333,6-6088
8334,1-9691
8335,3-1356
8336,7-7109
8337,4-7997
8338,8-6214
8339,6-4032
8340,7-1675
8341,6-8543
8342,8-9187
8343,6-4638
8344,8-3274
8345,5-0831
8346,1-4750
8347,8-8988
8348,6-4934
8349,5-4738
8350,5-5123
8351,3-9185
8352,4-1134
8353,7-9031
8354,8-2267
8355,6-3324
8356,8-3709
8357,1-3166
8358,7-9126
8359,1-6551
8360,3-3102
8361,3-5954
8362,5-3638
8363,3-1302
8364,3-5524
8365,4-7005
8366,2-1256
8367,4-6884
8368,3-1578
8369,6-3029
8370,2-2289
8371,8-2505
8372,6-7027
8373,4-7435
8374,3-9589
8375,2-2678
8376,5-4220
8377,8-2081
8378,7-8738
8379,4-5611
8380,5-8233
8381,8-8970
8382,6-6646
8383,4-2933
8384,2-0886
8385,8-4061
8386,4-4201
8387,4-5645
8388,8-6527
8389,1-0963
8390,7-8814
8391,6-2896
8392,2-2623
8393,8-9487
8394,6-1927
8395,8-1671
8396,5-4619
8397,5-7290
8398,7-0736
8399,5-9198
8400,2-6355
8401,3-3614
8402,1-1568
8403,4-5500
8404,4-3534
8405,3-1674
8406,7-7903
8407,1-5225
8408,5-0407
8409,6-7439
8410,5-6014
8411,4-1962
8412,3-1257
8413,4-8495
8414,8-5396
8415,1-5688
8416,5-6668
8417,8-7889
8418,8-6872
8419,6-0907
8420,2-2223
8421,6-8698
8422,2-6539
8423,3-6277
8424,3-0196
8425,7-1836
8426,1-7386
8427,4-4808
8428,1-5044
8429,6-4076
8430,1-5441
8431,8-0075
8432,6-1281
8433,5-5615
8434,5-8586
8435,8-6158
8436,5-8247
8437,5-8241
8438,1-0367
8439,5-6156
8440,5-6313
8441,2-5477
8442,2-2372
8443,2-0083
8444,5-8244
8445,6-5888
8446,2-1409
8447,8-3533
8448,5-6879
8449,1-8993
8450,3-3847
8451,8-0762
8452,8-2883
8453,7-7825
8454,8-6457
8455,7-3098
8456,2-1501
8457,1-7530
8458,5-2115
8459,1-1387
8460,2-6025
8461,5-9504
8462,5-7451
8463,6-3659
8464,5-0431
8465,8-0173
8466,5-3361
8467,6-4002
8468,3-3594
8469,7-5388
8470,6-7701
8471,3-3777
8472,1-2162
8473,1-6023
8474,1-6843
8475,7-6985
8476,3-8334
8477,1-8601
8478,8-7583
8479,5-6800
8480,1-5541
8481,3-5622
8482,7-7213
8483,7-6951
8484,2-2450
8485,8-4132
8486,4-4407
8487,3-8979
8488,8-2440
8489,4-1001
8490,8-0930
8491,2-1971
8492,2-0871
8493,4-4069
8494,3-6922
8495,3-1525
8496,8-5570
8497,4-4633
8498,2-2501
8499,6-6189
8500,4-8872
8501,8-0425
8502,1-0770
8503,3-3781
8504,3-9876
8505,8-5102
8506,4-8319
8507,7-4977
8508,7-2112
8509,2-1704
8510,7-2653
8511,1-3642
8512,1-5407
8513,6-0531
8514,4-1881
8515,4-5514
8516,5-5694
8517,7-8075
8518,7-0068
8519,6-7949
8520,8-8952
8521,1-7898
8522,6-0877
8523,4-9289
8524,2-4293
8525,5-4925
8526,2-9661
8527,5-9009
8528,7-7563
8529,8-5541
8530,2-3405
8531,6-3416
8532,4-6847
8533,8-9130
8534,5-5808
8535,7-7021
8536,4-0330
8537,8-9810
8538,6-2976
8539,4-9290
8540,6-3016
8541,8-4703
8542,1-5449
8543,1-5453
8544,1-4600
8545,3-9564
8546,3-9405
8547,8-3983
8548,2-4028
8549,4-2053
8550,1-3058
8551,3-1515
8552,6-9657
8553,6-1106
8554,6-0419
8555,3-8122
8556,4-3210
8557,5-3886
8558,6-2510
8559,8-6675
8560,5-5576
8561,8-0366
8562,6-9060
8563,4-3376
8564,6-8504
8565,2-3335
8566,4-8003
8567,6-7535
8568,4-7139
8569,4-7671
8570,1-1954
8571,3-7206
8572,2-8210
8573,1-6206
8574,1-7783
8575,8-5779
8576,2-5070
8577,6-3371
8578,8-0237
8579,3-5938
8580,5-6738
8581,4-7412
8582,5-1865
8583,4-5908
8584,3-1686
8585,6-8296
8586,7-6639
8587,7-8533
8588,7-9521
8589,7-2907
8590,4-4812
8591,4-2217
8592,7-7919
8593,1-6886
8594,1-4181
8595,4-9488
8596,6-9464
8597,7-1131
8598,7-7452
8599,5-0749
8600,3-6087
8601,4-9288
8602,5-1517
8603,6-5730
8604,6-6063
8605,3-8445
8606,8-9154
8607,8-6363
8608,3-5777
8609,6-6849
8610,6-3109
8611,2-6770
8612,6-0688
8613,5-4479
8614,5-7941
8615,5-1575
8616,6-9557
8617,7-3237
8618,1-5921
8619,4-7696
8620,1-1761
8621,5-2393
8622,3-0882
8623,3-2818
8624,7-2293
8625,8-9741
8626,8-0527
8627,3-3281
8628,4-3131
8629,1-0525
8630,2-6152
8631,2-7962
8632,7-8253
8633,8-5231
8634,1-3684
8635,8-4981
8636,8-6990
8637,6-5179
8638,4-4090
8639,2-5886
8640,7-8301
8641,6-4580
8642,4-5720
8643,3-7309
8644,5-2713
8645,3-1765
8646,8-3156
8647,2-2858
8648,7-7240
8649,8-8339
8650,8-5288
8651,2-7020
8652,2-2221
8653,3-8848
8654,1-1121
8655,4-6612
8656,7-1381
8657,5-5888
8658,8-8790
8659,8-1362
8660,8-0904
8661,4-2740
8662,3-5996
8663,4-5232
8664,7-0451
8665,1-2545
8666,2-6128
8667,1-9679
8668,6-0499
8669,5-3488
8670,7-1124
8671,1-7186
8672,7-6980
8673,7-3556
8674,6-7397
8675,8-5546
8676,8-8568
8677,2-9471
8678,5-4352
8679,2-0606
8680,2-2618
8681,3-3362
8682,5-9488
8683,7-2575
8684,1-9892
8685,6-1028
8686,1-2173
8687,1-2161
8688,5-1143
8689,3-3408
8690,3-8007
8691,5-6010
8692,7-9920
8693,8-1538
8694,2-4183
8695,5-5897
8696,7-9784
8697,3-0971
8698,4-3898
8699,2-7967
8700,4-6707
8701,4-6783
8702,3-1021
8703,3-9411
8704,5-2075
8705,7-5760
8706,3-3872
8707,8-2321
8708,4-6403
8709,3-9601
8710,6-4661
8711,6-3978
8712,2-0307
8713,2-9510
8714,2-4017
8715,1-4333
8716,5-5909
8717,5-9226
8718,4-3558
8719,7-4192
8720,5-4503
8721,8-7628
8722,5-7664
8723,6-4634
8724,8-4035
8725,5-7495
8726,2-2906
8727,2-8670
8728,4-4604
8729,5-3515
8730,2-0829
8731,7-8216
8732,5-3468
8733,8-9120
8734,1-5901
8735,2-7680
8736,8-3190
8737,4-1108
8738,1-9492
8739,1-6979
8740,3-1838
8741,3-4475
8742,6-3158
8743,2-2068
8744,5-0234
8745,3-8568
8746,8-5755
8747,8-3105
8748,6-3882
8749,7-5820
8750,8-7127
8751,2-7741
8752,4-3636
8753,5-2861
8754,4-1566
8755,2-6566
8756,7-4135
8757,8-0210
8758,5-3017
8759,2-2357
8760,8-4640
8761,8-1562
8762,7-2808
8763,1-4180
8764,3-4118
8765,5-1721
8766,3-8828
8767,2-3280
8768,6-7770
8769,8-5529
8770,4-9353
8771,4-1380
8772,1-3896
8773,8-3772
8774,4-7248
8775,7-5512
8776,6-5993
8777,4-4054
8778,7-9839
8779,7-4105
8780,7-6803
8781,6-6824
8782,3-6229
8783,3-5237
8784,1-0095
8785,4-2632
8786,2-2972
8787,3-6966
8788,4-2585
8789,5-9832
8790,7-3180
8791,1-8719
8792,6-6075
8793,3-5780
8794,8-8193
8795,5-7693
8796,2-7597
8797,7-9298
8798,8-3474
8799,2-7087
8800,4-9644
8801,3-5310
8802,3-8440
8803,6-5845
8804,1-6650
8805,6-4607
8806,1-2226
8807,2-3957
8808,4-1329
8809,6-8639
8810,5-0327
8811,2-4754
8812,2-2200
8813,6-2649
8814,7-2386
8815,7-3138
8816,6-4157
8817,3-5759
8818,4-7229
8819,8-5783
8820,7-1450
8821,6-7453
8822,7-5030
8823,1-0175
8824,1-6789
8825,1-3934
8826,7-5652
8827,7-3038
8828,8-6468
8829,3-4535
8830,7-5763
8831,7-0579
8832,7-4220
8833,2-2050
8834,2-6858
8835,6-1835
8836,3-7394
8837,4-4017
8838,7-0947
8839,3-3489
8840,5-5128
8841,5-6442
8842,6-1506
8843,2-9945
8844,3-9377
8845,6-4010
8846,5-6913
8847,7-3678
8848,4-5163
8849,2-1180
8850,4-5880
8851,8-3176
8852,1-3385
8853,2-2816
8854,8-2855
8855,2-0341
8856,5-1541
8857,3-6983
8858,1-9523
8859,8-3070
8860,7-0817
8861,7-0686
8862,3-8142
8863,2-6616
8864,5-0628
8865,8-0063
8866,8-0235
8867,6-7186
8868,7-4410
8869,6-6281
8870,3-5037
8871,6-8642
8872,6-3621
8873,6-1080
8874,6-6449
8875,3-9450
8876,8-2396
8877,5-5242
8878,1-8716
8879,4-1786
8880,1-2031
8881,4-4816
8882,7-2615
8883,7-0389
8884,3-9709
8885,1-3996
8886,1-1564
8887,3-1367
8888,3-9730
8889,3-4138
8890,4-8866
8891,7-6769
8892,8-6777
8893,7-1662
8894,1-9252
8895,4-9217
8896,2-6461
8897,6-1138
8898,2-9803
8899,2-1042
8900,3-0365
8901,2-3141
8902,2-3527
8903,8-5221
8904,7-6136
8905,8-9977
8906,2-9678
8907,2-0663
8908,8-7157
8909,1-4755
8910,6-2784
8911,7-0039
8912,2-4223
8913,5-3728
8914,7-0482
8915,7-0785
8916,5-9635
8917,7-5660
8918,5-5246
8919,7-1125
8920,4-5309
8921,3-5391
8922,8-3833
8923,2-3930
8924,6-4264
8925,3-2118
8926,4-2523
8927,1-6348
8928,7-5305
8929,1-0007
8930,6-3160
8931,7-5520
8932,3-4190
8933,8-2625
8934,6-6927
8935,8-8288
8936,1-7119
8937,5-3263
8938,8-3783
8939,1-4862
8940,8-4047
8941,6-5887
8942,5-3311
8943,2-3469
8944,4-1998
8945,7-7056
8946,7-7352
8947,2-5843
8948,8-1843
8949,6-4712
8950,1-6585
8951,2-9925
8952,7-0486
8953,5-9140
8954,1-2065
8955,6-9646
8956,1-3975
8957,8-3386
8958,6-7854
8959,5-3724
8960,1-3457
8961,8-2259
8962,5-4038
8963,3-2754
8964,2-5889
8965,2-7300
8966,6-0483
8967,4-2920
8968,3-5854
8969,8-0757
8970,3-2787
8971,2-5108
8972,1-3282
8973,8-9809
8974,1-8974
8975,5-7644
8976,1-4842
8977,5-4905
8978,6-6455
8979,3-3924
8980,8-6994
8981,5-2100
8982,7-9588
8983,1-9166
8984,7-6181
8985,3-4290
8986,6-1081
8987,2-8108
8988,4-0229
8989,1-3750
8990,3-9647
8991,2-5209
8992,1-1509
8993,5-3705
8994,4-8137
8995,4-7816
8996,3-5395
8997,6-6368
8998,8-1117
8999,3-0229
9000,8-5777
9001,3-6356
9002,7-0020
9003,8-5794
9004,3-9832
9005,3-2498
9006,4-4568
9007,8-2274
9008,2-3349
9009,7-9489
9010,1-1676
9011,1-3596
9012,8-9762
9013,1-9409
9014,5-8685
9015,6-1319
9016,6-5497
9017,5-0307
9018,8-4761
9019,7-0176
9020,3-1218
9021,7-8328
9022,2-1446
9023,6-2300
9024,8-6596
9025,1-0880
9026,8-7578
9027,4-3252
9028,6-4759
9029,7-3154
9030,3-4174
9031,2-6296
9032,2-7428
9033,4-8193
9034,4-6475
9035,7-4873
9036,3-4924
9037,2-6057
9038,6-8564
9039,6-0452
9040,3-7134
9041,6-4036
9042,7-0207
9043,5-0922
9044,8-4161
9045,1-6498
9046,3-8277
9047,2-3422
9048,8-3832
9049,4-5512
9050,8-8427
9051,3-0052
9052,4-9592
9053,2-0058
9054,6-8474
9055,5-0705
9056,4-3530
9057,6-6807
9058,3-7943
9059,5-4018
9060,2-5094
9061,7-7619
9062,4-6993
9063,5-6576
9064,1-2533
9065,6-3137
9066,6-5910
9067,3-3484
9068,1-6081
9069,3-0891
9070,8-9609
9071,2-8818
9072,1-3770
9073,6-5673
9074,4-3846
9075,1-2141
9076,2-2847
9077,8-9623
9078,1-4194
9079,1-7292
9080,3-2922
9081,2-9634
9082,4-2608
9083,1-2577
9084,7-1561
9085,4-8591
9086,1-9096
9087,4-8965
9088,1-4203
9089,2-6782
9090,5-7025
9091,2-9161
9092,3-1462
9093,8-5210
9094,7-0922
9095,2-1411
9096,8-2080
9097,1-8643
9098,5-8186
9099,6-8917
9100,2-1185
9101,5-6924
9102,5-6616
9103,4-8243
9104,4-9257
9105,1-0148
9106,7-6425
9107,6-2625
9108,4-2790
9109,4-1592
9110,8-3448
9111,3-6231
9112,8-6590
9113,6-2144
9114,6-1937
9115,5-1171
9116,5-7807
9117,6-0780
9118,4-0632
9119,5-7488
9120,8-3467
9121,7-2034
9122,7-4010
9123,7-5024
9124,4-9904
9125,1-7056
9126,7-3622
9127,7-4643
9128,2-4996
9129,1-2160
9130,5-2571
9131,7-1371
9132,8-0996
9133,8-0156
9134,1-0230
9135,1-9304
9136,2-4231
9137,1-0840
9138,6-4559
9139,5-0629
9140,4-0267
9141,7-2613
9142,8-3537
9143,6-7761
9144,4-8190
9145,3-8093
9146,2-2313
9147,6-0065
9148,1-0408
9149,2-2853
9150,5-3957
9151,7-5347
9152,6-9051
9153,2-2645
9154,5-5666
9155,8-7668
9156,7-1355
9157,3-5095
9158,4-7342
9159,5-7312
9160,6-6806
9161,1-9471
9162,4-8517
9163,8-4994
9164,7-6018
9165,4-4542
9166,5-0206
9167,3-8990
9168,5-4081
9169,2-4820
9170,2-2694
9171,5-0990
9172,7-9716
9173,1-2032
9174,3-0101
9175,1-9969
9176,6-4507
9177,7-0508
9178,7-4830
9179,4-2816
9180,4-0738
9181,7-6061
9182,2-7032
9183,7-9046
9184,1-3085
9185,1-9779
9186,6-3508
9187,3-2759
9188,2-0189
9189,4-3286
9190,5-8257
9191,8-8662
9192,7-1309
9193,2-1616
9194,7-9453
9195,4-0809
9196,8-4914
9197,2-9146
9198,4-4095
9199,8-3065
9200,7-6537
9201,6-5999
9202,5-8348
9203,4-2876
9204,1-9541
9205,7-4964
9206,4-5428
9207,2-7230
9208,8-4423
9209,2-3876
9210,7-5872
9211,3-8928
9212,7-5595
9213,7-4026
9214,1-5208
9215,3-0668
9216,7-0041
9217,1-4936
9218,2-9255
9219,6-5841
9220,5-6402
9221,4-8117
9222,3-4134
9223,1-3060
9224,3-6562
9225,3-8910
9226,7-4360
9227,6-5241
9228,6-6337
9229,1-9606
9230,1-9830
9231,1-4860
9232,3-2705
9233,6-8863
9234,3-3017
9235,2-9865
9236,7-1534
9237,6-1290
9238,7-7827
9239,1-1984
9240,7-2161
9241,5-3700
9242,2-4113
9243,6-9627
9244,2-6485
9245,1-2074
9246,8-4341
9247,4-2569
9248,7-1729
9249,4-3497
9250,7-4906
9251,3-4014
9252,5-6439
9253,6-1744
9254,1-1768
9255,7-3625
9256,2-5520
9257,4-8333
9258,8-6209
9259,2-1265
9260,2-2062
9261,4-1252
9262,6-0363
9263,5-8768
9264,6-5462
9265,6-6241
9266,3-6825
9267,4-6159
9268,8-5673
9269,7-2991
9270,6-9432
9271,3-3802
9272,3-8014
9273,1-2369
9274,4-7289
9275,6-0468
9276,7-8950
9277,6-2157
9278,7-5384
9279,4-9430
9280,8-1666
9281,1-4459
9282,7-8565
9283,7-6749
9284,4-8002
9285,1-7052
9286,4-9077
9287,7-2105
9288,2-1869
9289,2-2389
9290,3-9002
9291,1-2560
9292,6-1857
9293,7-4170
9294,8-8652
9295,6-1200
9296,2-3709
9297,6-3716
9298,2-3696
9299,6-9392
9300,7-8421
9301,5-1276
9302,6-4330
9303,5-4083
9304,7-5465
9305,3-2943
9306,4-3342
9307,3-9208
9308,3-6001
9309,8-9602
9310,5-8038
9311,7-9022
9312,8-7942
9313,4-3273
9314,5-3491
9315,5-7783
9316,2-2393
9317,1-5255
9318,1-1963
9319,3-8805
9320,4-5927
9321,8-9911
9322,4-1859
9323,4-3540
9324,3-1132
9325,1-5733
9326,2-5185
9327,7-3939
9328,2-6086
9329,3-3114
9330,1-0150
9331,1-7973
9332,8-6840
9333,1-5629
9334,8-3041
9335,1-8354
9336,2-4153
9337,1-3518
9338,5-9160
9339,8-3473
9340,2-4508
9341,6-1560
9342,6-9342
9343,4-0299
9344,5-3325
9345,3-0875
9346,1-9048
9347,3-8132
9348,2-6534
9349,1-5119
9350,8-5244
9351,8-3686
9352,6-8613
9353,5-0305
9354,5-8733
9355,6-0966
9356,5-6504
9357,7-3941
9358,4-4801
9359,1-8717
9360,4-2222
9361,4-3759
9362,2-7677
9363,8-8044
9364,8-5025
9365,3-1324
9366,1-3011
9367,4-0605
9368,4-6934
9369,3-2195
9370,5-1872
9371,3-9595
9372,1-7589
9373,2-5591
9374,8-1659
9375,3-7761
9376,6-7990
9377,4-7678
9378,2-1825
9379,3-1855
9380,4-9565
9381,1-4085
9382,6-3289
9383,2-4981
9384,7-5311
9385,4-9519
9386,8-9183
9387,8-2137
9388,5-4701
9389,5-4875
9390,3-8204
9391,6-0845
9392,3-2314
9393,8-1213
9394,8-9795
9395,1-8639
9396,1-8965
9397,7-4706
9398,1-0499
9399,4-0382
9400,8-3182
9401,2-5542
9402,6-9823
9403,8-6474
9404,4-5578
9405,2-5296
9406,4-6269
9407,3-3711
9408,5-7969
9409,5-3770
9410,2-8580
9411,1-2222
9412,3-0990
9413,7-2777
9414,6-4620
9415,3-9785
9416,1-5615
9417,6-0175
9418,4-5711
9419,2-0962
9420,6-7290
9421,3-9874
9422,4-7457
9423,6-9754
9424,2-1586
9425,8-1022
9426,4-3136
9427,8-9868
9428,7-6900
9429,7-0764
9430,8-2675
9431,1-0729
9432,2-4790
9433,2-1358
9434,7-0497
9435,5-6071
9436,6-2338
9437,7-1013
9438,3-5064
9439,7-3257
9440,7-0043
9441,5-0301
9442,4-5099
9443,4-0839
9444,5-2273
9445,4-9164
9446,1-2441
9447,8-5654
9448,3-2721
9449,3-3317
9450,2-1459
9451,8-4915
9452,3-5965
9453,7-1880
9454,2-6703
9455,7-7270
9456,7-2055
9457,6-5268
9458,7-3694
9459,8-4017
9460,7-4257
9461,7-4154
9462,2-3695
9463,3-8001
9464,4-4221
9465,2-6896
9466,4-0613
9467,8-2744
9468,3-6211
9469,4-3786
9470,6-3037
9471,5-3107
9472,4-2610
9473,1-5202
9474,3-6361
9475,7-7192
9476,1-8469
9477,1-0584
9478,5-1970
9479,2-7897
9480,8-5091
9481,7-8337
9482,8-6393
9483,1-9387
9484,7-3108
9485,3-8226
9486,2-6683
9487,1-7600
9488,1-7603
9489,2-8089
9490,3-2685
9491,5-8869
9492,1-4766
9493,7-8985
9494,5-0016
9495,7-9097
9496,6-4536
9497,1-3955
9498,2-9264
9499,6-3624
9500,3-5119
9501,8-2572
9502,3-7812
9503,3-4264
9504,5-2982
9505,2-2534
9506,7-0735
9507,1-7516
9508,5-4463
9509,3-0093
9510,4-4369
9511,8-2826
9512,1-0504
9513,1-8130
9514,8-5552
9515,7-8819
9516,3-9044
9517,7-7905
9518,5-7589
9519,8-7497
9520,7-4207
9521,4-6215
9522,6-9110
9523,8-6352
9524,8-8244
9525,6-3173
9526,2-1139
9527,7-4635
9528,4-3259
9529,1-4262
9530,4-6956
9531,3-9318
9532,4-5619
9533,3-3610
9534,5-2454
9535,3-3913
9536,1-5070
9537,5-5175
9538,3-1517
9539,5-8826
9540,4-6928
9541,4-8593
9542,3-4284
9543,6-1374
9544,2-8614
9545,6-5649
9546,6-2031
9547,1-6769
9548,1-7726
9549,8-9650
9550,2-1900
9551,4-7933
9552,7-1074
9553,5-5910
9554,1-8975
9555,2-7934
9556,8-7265
9557,7-0259
9558,3-7951
9559,1-8390
9560,3-5153
9561,2-3177
9562,7-3879
9563,3-6323
9564,6-9492
9565,2-1467
9566,6-9326
9567,5-8621
9568,7-1605
9569,4-9309
9570,4-2005
9571,1-1595
9572,8-7082
9573,3-2434
9574,6-2911
9575,2-8517
9576,7-5739
9577,8-3939
9578,7-2814
9579,2-4455
9580,8-0214
9581,6-4828
9582,7-4057
9583,5-9646
9584,4-0173
9585,5-7085
9586,7-0190
9587,4-7947
9588,2-2663
9589,6-2736
9590,2-9723
9591,4-0017
9592,4-1913
9593,3-6545
9594,8-7486
9595,6-2473
9596,4-7648
9597,6-5030
9598,7-1052
9599,3-4743
9600,5-2053
9601,5-6640
9602,5-4623
9603,4-5853
9604,5-3800
9605,8-5556
9606,5-0916
9607,6-4818
9608,7-3302
9609,5-2578
9610,6-2787
9611,3-5104
9612,1-0626
9613,4-6363
9614,4-7519
9615,2-4368
9616,6-0639
9617,8-9101
9618,5-4775
9619,5-4656
9620,2-4607
9621,3-8340
9622,2-0216
9623,2-4866
9624,5-7931
9625,3-0652
9626,3-9793
9627,7-4186
9628,3-3300
9629,8-0719
9630,2-1333
9631,3-2361
9632,1-6519
9633,7-1046
9634,6-6626
9635,8-9742
9636,4-5170
9637,6-3606
9638,6-8194
9639,6-7235
9640,5-3847
9641,1-6239
9642,1-9201
9643,3-7939
9644,5-0746
9645,8-7434
9646,6-7879
9647,7-4527
9648,1-9341
9649,5-6322
9650,4-3365
9651,1-3610
9652,5-9568
9653,5-6544
9654,8-6992
9655,7-8695
9656,6-8856
9657,2-6007
9658,2-6816
9659,7-9757
9660,3-1956
9661,6-5038
9662,1-2165
9663,2-6902
9664,4-3416
9665,3-1726
9666,6-8531
9667,3-7057
9668,1-1655
9669,8-7367
9670,8-3784
9671,1-6953
9672,1-5811
9673,6-6340
9674,2-9835
9675,2-4262
9676,4-1744
9677,2-2654
9678,6-9180
9679,5-4903
9680,2-1952
9681,1-7202
9682,8-1253
9683,5-8369
9684,7-5667
9685,8-8442
9686,1-7670
9687,1-2411
9688,3-3635
9689,1-4421
9690,2-6343
9691,2-3519
9692,4-1224
9693,8-0547
9694,5-0064
9695,1-0806
9696,8-3744
9697,4-2820
9698,5-7571
9699,2-2969
9700,2-7067
9701,8-7273
9702,2-5167
9703,3-3056
9704,5-4385
9705,2-5550
9706,6-0711
9707,8-8109
9708,3-7713
9709,1-5572
9710,4-0637
9711,6-5296
9712,1-5715
9713,8-2620
9714,6-6769
9715,4-8106
9716,2-4586
9717,4-5587
9718,1-5118
9719,7-3320
9720,7-6035
9721,8-4715
9722,6-6254
9723,2-0809
9724,1-1730
9725,7-3362
9726,7-6432
9727,7-2608
9728,4-8211
9729,8-4011
9730,2-5570
9731,3-9273
9732,5-6763
9733,5-8222
9734,2-0455
9735,3-4478
9736,5-6936
9737,2-3467
9738,4-1276
9739,3-2330
9740,3-2209
9741,5-6948
9742,7-0099
9743,1-5292
9744,7-9119
9745,7-5293
9746,6-5329
9747,3-3702
9748,1-0032
9749,4-1411
9750,8-5571
9751,8-6769
9752,3-6672
9753,5-5875
9754,5-2995
9755,2-1144
9756,7-0328
9757,7-7612
9758,2-9658
9759,4-7836
9760,2-0800
9761,7-2917
9762,1-6477
9763,5-6795
9764,7-8033
9765,1-2323
9766,6-2496
9767,7-5371
9768,1-7083
9769,5-6665
9770,5-6597
9771,8-9053
9772,1-4289
9773,3-3344
9774,2-7678
9775,7-8273
9776,5-5537
9777,6-3354
9778,5-9289
9779,6-4754
9780,5-3849
9781,7-7791
9782,5-0924
9783,3-5210
9784,1-3145
9785,7-1965
9786,5-8401
9787,3-2509
9788,1-3931
9789,5-7467
9790,1-0942
9791,1-8581
9792,2-2400
9793,7-3769
9794,3-2101
9795,6-4682
9796,2-0617
9797,4-3387
9798,6-8012
9799,3-0262
9800,6-7624
9801,8-4949
9802,5-4637
9803,8-5507
9804,8-4639
9805,7-4097
9806,3-3157
9807,4-6074
9808,3-6135
9809,8-5688
9810,5-0758
9811,8-4879
9812,2-3765
9813,7-9893
9814,2-7176
9815,4-8829
9816,3-8838
9817,5-5828
9818,3-1123
9819,2-9761
9820,7-9265
9821,8-6847
9822,4-4171
9823,5-6062
9824,5-0639
9825,8-6365
9826,1-1916
9827,8-5411
9828,3-8293
9829,5-5903
9830,8-3033
9831,5-4830
9832,3-2521
9833,4-6745
9834,5-5380
9835,1-7219
9836,5-8095
9837,3-6070
9838,3-9371
9839,3-4687
9840,2-7078
9841,4-3000
9842,8-9405
9843,6-8168
9844,1-4693
9845,2-8393
9846,8-8250
9847,4-6652
9848,7-6911
9849,4-5406
9850,2-5418
9851,1-7851
9852,4-8124
9853,7-7729
9854,7-2108
9855,1-6504
9856,3-6082
9857,8-3677
9858,1-2187
9859,1-6912
9860,3-9706
9861,5-4664
9862,4-3414
9863,2-1680
9864,5-0867
9865,2-8881
9866,8-4318
9867,3-0054
9868,5-5398
9869,2-9221
9870,1-7123
9871,4-5205
9872,8-5896
9873,4-7281
9874,8-3184
9875,7-0675
9876,8-1085
9877,2-3016
9878,6-5549
9879,4-0442
9880,4-1013
9881,8-5161
9882,3-0352
9883,5-8112
9884,1-1115
9885,6-1199
9886,1-7036
9887,5-8299
9888,5-1449
9889,3-5989
9890,8-5442
9891,1-8873
9892,2-3488
9893,4-1141
9894,3-6511
9895,8-2416
9896,8-9314
9897,1-9292
9898,6-8059
9899,4-4670
9900,8-8695
9901,7-0410
9902,6-4792
9903,2-3197
9904,2-9158
9905,3-1671
9906,3-7733
9907,4-6454
9908,5-4379
9909,1-9159
9910,8-3642
9911,6-4380
9912,7-1266
9913,5-6131
9914,8-0027
9915,2-6426
9916,7-2715
9917,3-8810
9918,4-6382
9919,8-5917
9920,4-4292
9921,8-2399
9922,4-4918
9923,7-9524
9924,5-0437
9925,3-6024
9926,3-0844
9927,1-8725
9928,7-0517
9929,8-0089
9930,1-6764
9931,1-1839
9932,4-4299
9933,2-3770
9934,3-1405
9935,4-8258
9936,1-7456
9937,1-8705
9938,5-0320
9939,2-2220
9940,3-7695
9941,2-8519
9942,6-0668
9943,2-2894
9944,7-6195
9945,4-1490
9946,6-6373
9947,3-0012
9948,2-2347
9949,4-7072
9950,7-3748
9951,4-6480
9952,8-9547
9953,6-8301
9954,2-9215
9955,4-2602
9956,3-3516
9957,2-3808
9958,8-6297
9959,3-3239
9960,1-3618
9961,2-5999
9962,8-6511
9963,7-5187
9964,3-4445
9965,5-3695
9966,1-5553
9967,6-9742
9968,2-1873
9969,4-6778
9970,2-1818
9971,3-7510
9972,4-1849
9973,4-9990
9974,6-5704
9975,8-5422
9976,8-3712
9977,5-6260
9978,5-0928
9979,8-5618
9980,4-5528
9981,6-6803
9982,5-2788
9983,4-5458
9984,3-7384
9985,2-2089
9986,5-1549
9987,5-9631
9988,2-2523
9989,1-8538
9990,1-3694
9991,2-8152
9992,2-6325
9993,6-8171
9994,7-5686
9995,1-9345
9996,6-6546
9997,6-1094
9998,1-0874
9999,2-8983
10000,7-7252
10001,8-3016
10002,5-4693
10003,1-6926
10004,3-4834
10005,5-8036
10006,4-1446
10007,6-2750
10008,1-7130
10009,8-4257
10010,3-2358
10011,1-1585
10012,7-9133
10013,3-1376
10014,7-8279
10015,1-3032
10016,7-6161
10017,6-2507
10018,8-7408
10019,4-1005
10020,4-5301
10021,3-4121
10022,2-3340
10023,6-8506
10024,6-4982
10025,4-9590
10026,3-1766
10027,3-1647
10028,3-7785
10029,7-7203
10030,1-2645
10031,8-2133
10032,2-3686
10033,3-2227
10034,5-3383
10035,5-2339
10036,2-7330
10037,3-5646
10038,4-3447
10039,4-8742
10040,3-4785
10041,6-0643
10042,7-6685
10043,5-9427
10044,7-3619
10045,7-9553
10046,3-5383
10047,3-1096
10048,2-0221
10049,5-3882
10050,8-6065
10051,1-9704
10052,3-8514
10053,8-9812
10054,5-9625
10055,6-5229
10056,7-6766
10057,1-7172
10058,8-6085
10059,8-4561
10060,2-9426
10061,6-2749
10062,8-7728
10063,5-7398
10064,3-4607
10065,4-0964
10066,7-8219
10067,6-6299
10068,2-6828
10069,3-5138
10070,1-4548
10071,6-5267
10072,6-1594
10073,7-4422
10074,1-7523
10075,5-4952
10076,3-2134
10077,4-0865
10078,7-2079
10079,8-3544
10080,2-2309
10081,2-2424
10082,5-3958
10083,1-2042
10084,4-4780
10085,3-5995
10086,7-5440
10087,5-5327
10088,8-3038
10089,6-7708
10090,8-7498
10091,8-6333
10092,2-4663
10093,5-7382
10094,7-0307
10095,5-9676
10096,8-3225
10097,7-8960
10098,7-6892
10099,8-1735
10100,7-0021
10101,7-4363
10102,1-6024
10103,8-2697
10104,6-1136
10105,5-2500
10106,5-5870
10107,1-2558
10108,7-7733
10109,6-4606
10110,5-2728
10111,5-6888
10112,3-0213
10113,2-8168
10114,6-0114
10115,7-5122
10116,4-7868
10117,1-9404
10118,8-5207
10119,2-4585
10120,8-7546
10121,5-4407
10122,4-0214
10123,7-1329
10124,2-2852
10125,8-3955
10126,4-8325
10127,2-7462
10128,7-8468
10129,3-2381
10130,7-5829
10131,5-3386
10132,5-8836
10133,6-9816
10134,5-6284
10135,3-9390
10136,5-9658
10137,2-7672
10138,4-0298
10139,3-1891
10140,2-5678
10141,7-6625
10142,6-5350
10143,6-7979
10144,4-5977
10145,2-8111
10146,4-3932
10147,1-1606
10148,3-5738
10149,8-3936
10150,1-2981
10151,2-6597
10152,8-2861
10153,7-4452
10154,1-6639
10155,5-9533
10156,6-5527
10157,5-9965
10158,8-9535
10159,7-6553
10160,7-2699
10161,8-4439
10162,7-8422
10163,2-5596
10164,8-9059
10165,3-3918
10166,7-3558
10167,7-7832
10168,3-9066
10169,2-0447
10170,3-7622
10171,4-7369
10172,4-9036
10173,3-4986
10174,5-1826
10175,5-7464
10176,5-5567
10177,6-1616
10178,7-0184
10179,6-2132
10180,1-0785
10181,1-2551
10182,6-3341
10183,3-8492
10184,6-6777
10185,1-2037
10186,6-7994
10187,2-3937
10188,2-4477
10189,8-6449
10190,2-8470
10191,1-9636
10192,5-4497
10193,4-0576
10194,1-3291
10195,7-3364
10196,7-4419
10197,5-9288
10198,7-4686
10199,8-7886
10200,6-6828
10201,6-2676
10202,3-2564
10203,8-3034
10204,6-4162
10205,3-3223
10206,2-0449
10207,1-7254
10208,1-1865
10209,2-7691
10210,7-2691
10211,2-6125
10212,3-0499
10213,7-9173
10214,2-8736
10215,1-4434
10216,4-8697
10217,1-3729
10218,4-7002
10219,4-5009
10220,1-6770
10221,4-0288
10222,7-5386
10223,1-3646
10224,5-2782
10225,7-6567
10226,8-9719
10227,1-1904
10228,6-0461
10229,4-0667
10230,8-9753
10231,7-9471
10232,4-2336
10233,1-3062
10234,8-0334
10235,4-4873
10236,6-3094
10237,6-1692
10238,2-6373
10239,8-6076
10240,3-9348
10241,7-6451
10242,1-4904
10243,7-4783
10244,7-4566
10245,7-8247
10246,4-8007
10247,4-6194
10248,4-4616
10249,5-4934
10250,6-5687
10251,2-2961
10252,3-9662
10253,5-2226
10254,4-4373
10255,5-2917
10256,6-1134
10257,2-3843
10258,8-3320
10259,6-6654
10260,6-6510
10261,4-0889
10262,6-3475
10263,6-8923
10264,5-5025
10265,6-1786
10266,1-8326
10267,5-2306
10268,6-8544
10269,4-9446
10270,2-9232
10271,5-1126
10272,4-9997
10273,3-6613
10274,6-6468
10275,3-7111
10276,5-8387
10277,8-4322
10278,1-6181
10279,3-1076
10280,4-8067
10281,3-1650
10282,5-4347
10283,2-1564
10284,4-9158
10285,5-4673
10286,3-3271
10287,2-9026
10288,4-1856
10289,4-2241
10290,1-8512
10291,5-1888
10292,4-3766
10293,8-0199
10294,6-8742
10295,6-1564
10296,3-2058
10297,8-0973
10298,1-1246
10299,2-7842
10300,8-7630
10301,3-4506
10302,1-9104
10303,4-9853
10304,3-1162
10305,8-5427
10306,1-6677
10307,3-4880
10308,3-0469
10309,3-8359
10310,3-0898
10311,3-6205
10312,8-8953
10313,1-3984
10314,5-1363
10315,5-2361
10316,1-0112
10317,8-0672
10318,4-0075
10319,1-8424
10320,1-2970
10321,1-5196
10322,4-0515
10323,1-6702
10324,2-7278
10325,8-9261
10326,8-3416
10327,6-8236
10328,7-3897
10329,8-7734
10330,4-5574
10331,1-7472
10332,8-2536
10333,5-4847
10334,6-9233
10335,1-4375
10336,2-2164
10337,5-0046
10338,7-7230
10339,6-5904
10340,3-4488
10341,6-3988
10342,8-2795
10343,4-7893
10344,6-6693
10345,6-1637
10346,7-5842
10347,6-5113
10348,4-2054
10349,7-5337
10350,3-0529
10351,2-9896
10352,7-6675
10353,2-2276
10354,5-5452
10355,7-4993
10356,5-9370
10357,5-5866
10358,6-6695
10359,2-6210
10360,8-4163
10361,2-8833
10362,5-9131
10363,3-3030
10364,8-1378
10365,7-7613
10366,1-0418
10367,8-7590
10368,5-9228
10369,2-4982
10370,2-1822
10371,7-2012
10372,5-5950
10373,2-1901
10374,8-5215
10375,3-9120
10376,4-1705
10377,3-0979
10378,2-1989
10379,2-5642
10380,2-6074
10381,4-4501
10382,2-8373
10383,6-7188
10384,7-1797
10385,1-9662
10386,1-6904
10387,4-5286
10388,5-3527
10389,1-6164
10390,4-3991
10391,2-0635
10392,2-7724
10393,1-8874
10394,5-2869
10395,1-5596
10396,7-9447
10397,7-9987
10398,2-9895
10399,8-0221
10400,6-3662
10401,5-8585
10402,4-6439
10403,2-3684
10404,1-3384
10405,5-4560
10406,2-5907
10407,7-8441
10408,2-3310
10409,6-5809
10410,3-2064
10411,2-0737
10412,8-0029
10413,3-1740
10414,6-3282
10415,8-2825
10416,1-6587
10417,7-1888
10418,8-1609
10419,5-8662
10420,8-9264
10421,5-7830
10422,6-9618
10423,3-7670
10424,2-8982
10425,4-8234
10426,2-0811
10427,6-4383
10428,6-8730
10429,7-0773
10430,6-9773
10431,8-9010
10432,5-1280
10433,7-0231
10434,4-0452
10435,1-8035
10436,7-5039
10437,1-8843
10438,2-2801
10439,5-1456
10440,2-3183
10441,5-0819
10442,1-7773
10443,6-9117
10444,4-9993
10445,7-0640
10446,1-8658
10447,8-7796
10448,3-5717
10449,3-8932
10450,4-4995
10451,3-0700
10452,7-3614
10453,3-0965
10454,1-5740
10455,6-9793
10456,8-7989
10457,6-5643
10458,4-6129
10459,8-9023
10460,2-1907
10461,2-7687
10462,5-9184
10463,6-9983
10464,5-0052
10465,4-4036
10466,3-8544
10467,8-4197
10468,6-2457
10469,6-1382
10470,6-0915
10471,1-7760
10472,8-9980
10473,2-6127
10474,2-8077
10475,3-0020
10476,2-6457
10477,5-4250
10478,4-1169
10479,7-0226
10480,2-4917
10481,3-5771
10482,6-8508
10483,6-7490
10484,3-3673
10485,8-3142
10486,4-4785
10487,5-0511
10488,4-8503
10489,2-6568
10490,6-6094
10491,6-1118
10492,5-5030
10493,2-8956
10494,1-2982
10495,2-8873
10496,5-2193
10497,1-0336
10498,1-3855
10499,8-3008
10500,6-2091
10501,6-3135
10502,2-3667
10503,4-6380
10504,1-2009
10505,8-6887
10506,5-5893
10507,4-3549
10508,5-0460
10509,7-1433
10510,2-3094
10511,6-8052
10512,5-8824
10513,6-5099
10514,1-7492
10515,3-7335
10516,5-3753
10517,2-9772
10518,3-1895
10519,2-6707
10520,5-9851
10521,2-4775
10522,3-6369
10523,3-7070
10524,5-9905
10525,7-9040
10526,1-9397
10527,6-4664
10528,4-4216
10529,7-6325
10530,7-9007
10531,2-4218
10532,4-9179
10533,3-8029
10534,8-4529
10535,4-0416
10536,4-2604
10537,1-2273
10538,5-7071
10539,5-7414
10540,7-0083
10541,7-1289
10542,4-3693
10543,5-7350
10544,8-0486
10545,3-1146
10546,1-4763
10547,5-3332
10548,6-3144
10549,7-9696
10550,8-8269
10551,4-6491
10552,4-8084
10553,5-0277
10554,8-7196
10555,8-5803
10556,5-0297
10557,5-0034
10558,4-4128
10559,8-5303
10560,4-1813
10561,2-9273
10562,3-1715
10563,8-0667
10564,7-8132
10565,6-8898
10566,3-6471
10567,5-2131
10568,1-4366
10569,5-3430
10570,4-8287
10571,7-1666
10572,5-6233
10573,4-8265
10574,4-9123
10575,3-8177
10576,7-5091
10577,5-1287
10578,4-6788
10579,2-8442
10580,5-5872
10581,4-6055
10582,3-8771
10583,3-6820
10584,4-1015
10585,3-0537
10586,8-5125
10587,2-9607
10588,5-1722
10589,8-0797
10590,1-4368
10591,5-4030
10592,8-5452
10593,3-5139
10594,4-6394
10595,6-4898
10596,7-2323
10597,8-6882
10598,7-7008
10599,5-1933
10600,5-9940
10601,8-1608
10602,5-0171
10603,2-9484
10604,1-5306
10605,4-3905
10606,2-1370
10607,2-7817
10608,7-6073
10609,3-4776
10610,3-8749
10611,6-2834
10612,6-1945
10613,5-6429
10614,6-6433
10615,6-4031
10616,3-3829
10617,7-1500
10618,3-7031
10619,6-8214
10620,8-6220
10621,2-2496
10622,7-8982
10623,3-5836
10624,2-0198
10625,8-5497
10626,8-8733
10627,3-8000
10628,3-5937
10629,6-2149
10630,1-7091
10631,1-6888
10632,4-2859
10633,2-2744
10634,5-1481
10635,3-4749
10636,8-3572
10637,6-5559
10638,5-6902
10639,5-2936
10640,6-0424
10641,6-2282
10642,6-0107
10643,8-5724
10644,6-4163
10645,3-6406
10646,5-1740
10647,4-3890
10648,1-7899
10649,3-1555
10650,5-2143
10651,4-2679
10652,4-2430
10653,5-7894
10654,4-2135
10655,3-1147
10656,7-7081
10657,6-1640
10658,8-9435
10659,7-1615
10660,3-4234
10661,7-9841
10662,8-8841
10663,5-3623
10664,6-4259
10665,5-8336
10666,2-2759
10667,3-4192
10668,2-8529
10669,6-4542
10670,8-9857
10671,1-5444
10672,6-3080
10673,4-4405
10674,8-7103
10675,6-1254
10676,2-3832
10677,8-8319
10678,1-5902
10679,5-6081
10680,7-5118
10681,8-2463
10682,8-7085
10683,3-8246
10684,6-9330
10685,7-4286
10686,2-9752
10687,2-6658
10688,8-7844
10689,3-6941
10690,7-4386
10691,1-1632
10692,3-6912
10693,5-9818
10694,4-3044
10695,4-6565
10696,7-8979
10697,7-0445
10698,1-2692
10699,5-9714
10700,3-9560
10701,5-5074
10702,3-0941
10703,4-9317
10704,5-7536
10705,4-0821
10706,4-6353
10707,6-5681
10708,1-3159
10709,3-1927
10710,7-9852
10711,6-3035
10712,6-9184
10713,4-4505
10714,7-4004
10715,8-0014
10716,2-3825
10717,7-1691
10718,8-0877
10719,6-2143
10720,1-8525
10721,6-8028
10722,8-7453
10723,2-4977
10724,7-5790
10725,7-3382
10726,6-6833
10727,2-1469
10728,4-8796
10729,6-8990
10730,1-1878
10731,2-4519
10732,5-7821
10733,6-4673
10734,6-6897
10735,8-6366
10736,2-0793
10737,8-8710
10738,7-6426
10739,4-0450
10740,4-5919
10741,1-4052
10742,8-5636
10743,1-0397
10744,5-4075
10745,4-5812
10746,5-4420
10747,5-7720
10748,7-3274
10749,5-0622
10750,3-7422
10751,8-2246
10752,5-5350
10753,5-8361
10754,3-5684
10755,3-6516
10756,4-8817
10757,1-4629
10758,4-4735
10759,7-8124
10760,2-9500
10761,7-4982
10762,2-9454
10763,4-4409
10764,2-1871
10765,1-1486
10766,2-4089
10767,6-7215
10768,8-2452
10769,5-7823
10770,6-8515
10771,1-5884
10772,1-3327
10773,4-9598
10774,5-1279
10775,2-3325
10776,6-1706
10777,7-2872
10778,5-2969
10779,7-5893
10780,1-4067
10781,5-4685
10782,3-3454
10783,7-0850
10784,7-3575
10785,4-4532
10786,3-8031
10787,6-7460
10788,7-5398
10789,3-7232
10790,1-8142
10791,8-7008
10792,3-8557
10793,4-5225
10794,4-4638
10795,3-6083
10796,6-6025
10797,1-0249
10798,7-7557
10799,5-6774
10800,2-5169
10801,3-4197
10802,4-2665
10803,2-1189
10804,3-2863
10805,6-5408
10806,3-3065
10807,2-0835
10808,4-3853
10809,6-5535
10810,3-5100
10811,5-6136
10812,7-7349
10813,5-1003
10814,1-3649
10815,7-0583
10816,7-6878
10817,2-3020
10818,7-3652
10819,3-2652
10820,4-1580
10821,3-0570
10822,3-7553
10823,7-1268
10824,2-9162
10825,5-6650
10826,1-7784
10827,7-5819
10828,1-1452
10829,5-6459
10830,6-9854
10831,2-5810
10832,7-9134
10833,2-5643
10834,2-1720
10835,5-1495
10836,4-4195
10837,5-1980
10838,1-5469
10839,7-3266
10840,5-9712
10841,3-7652
10842,7-5272
10843,7-7273
10844,1-0142
10845,6-0530
10846,1-3917
10847,2-3864
10848,8-1872
10849,8-5855
10850,8-6131
10851,2-0563
10852,3-7614
10853,8-2357
10854,6-3625
10855,5-9374
10856,8-2628
10857,8-8735
10858,4-3345
10859,4-4572
10860,7-6364
10861,1-1069
10862,2-5010
10863,3-3283
10864,2-3885
10865,4-2639
10866,8-4614
10867,7-5057
10868,5-1545
10869,8-8590
10870,7-7700
10871,5-9805
10872,5-6276
10873,4-6009
10874,8-4436
10875,2-7683
10876,4-6942
10877,7-5528
10878,1-6947
10879,6-1250
10880,4-0046
10881,8-4758
10882,7-1473
10883,2-5516
10884,8-8561
10885,8-9887
10886,1-5938
10887,7-8252
10888,7-4536
10889,7-2459
10890,6-9285
10891,2-3665
10892,1-0590
10893,5-0691
10894,1-2266
10895,8-5283
10896,4-1423
10897,8-2967
10898,5-5715
10899,2-4236
10900,3-8706
10901,8-8255
10902,7-9557
10903,5-7920
10904,6-6183
10905,7-6802
10906,8-4984
10907,5-7091
10908,8-9144
10909,2-9718
10910,2-8133
10911,2-4002
10912,6-2701
10913,5-6185
10914,6-3127
10915,2-9999
10916,5-5577
10917,7-8037
10918,7-1277
10919,8-3993
10920,6-2627
10921,6-2087
10922,4-9769
10923,2-0747
10924,3-4850
10925,8-4571
10926,3-1350
10927,1-1592
10928,7-5370
10929,4-2557
10930,4-9149
10931,7-9707
10932,5-1419
10933,7-0967
10934,2-8011
10935,2-2037
10936,7-8290
10937,2-2046
10938,2-3267
10939,2-3749
10940,8-8900
10941,5-0073
10942,3-9996
10943,1-5176
10944,7-8664
10945,8-0349
10946,6-8982
10947,5-9373
10948,8-0977
10949,1-4676
10950,1-7312
10951,3-5613
10952,8-6484
10953,1-3524
10954,5-8795
10955,1-4357
10956,5-2457
10957,6-8627
10958,4-3107
10959,7-3478
10960,1-5780
10961,1-0159
10962,8-6201
10963,3-3507
10964,2-9560
10965,4-8917
10966,2-3247
10967,7-4956
10968,1-3004
10969,4-2938
10970,4-4402
10971,3-6637
10972,3-3569
10973,6-2065
10974,5-2427
10975,2-6937
10976,4-8164
10977,5-9778
10978,3-0552
10979,6-0220
10980,8-1975
10981,4-0847
10982,6-4963
10983,1-8279
10984,4-1335
10985,8-1429
10986,7-2566
10987,2-7323
10988,1-5549
10989,7-3354
10990,5-8150
10991,3-4904
10992,5-7226
10993,1-8436
10994,7-4471
10995,1-3270
10996,4-6483
10997,8-5700
10998,8-8869
10999,8-7599
11000,2-9908
11001,6-6054
11002,6-3574
11003,3-7966
11004,1-3108
11005,2-4086
11006,1-7125
11007,8-5388
11008,1-5332
11009,2-1811
11010,2-9820
11011,1-7952
11012,6-2299
11013,5-7642
11014,2-1553
11015,6-0089
11016,4-5612
11017,6-7390
11018,5-2305
11019,3-9167
11020,8-3875
11021,1-0190
11022,7-3150
11023,6-0687
11024,3-6068
11025,7-1984
11026,1-6146
11027,7-0673
11028,6-8388
11029,4-7681
11030,2-0794
11031,5-4702
11032,2-7883
11033,5-8426
11034,7-1257
11035,1-1475
11036,4-4679
11037,7-6393
11038,2-3784
11039,6-7381
11040,8-1040
11041,3-8382
11042,4-6132
11043,1-4567
11044,7-8993
11045,4-0105
11046,7-8288
11047,4-6558
11048,2-4999
11049,5-4358
11050,3-1085
11051,5-3536
11052,3-2855
11053,3-6954
11054,5-3754
11055,7-6713
11056,6-6470
11057,6-1077
11058,1-0197
11059,4-7976
11060,5-3530
11061,1-5923
11062,6-1624
11063,8-4719
11064,5-7132
11065,4-7234
11066,7-4813
11067,6-0218
11068,3-6178
11069,3-7859
11070,1-0596
11071,1-0787
11072,5-5628
11073,5-4258
11074,8-8169
11075,6-5750
11076,3-7513
11077,7-1922
11078,5-2514
11079,4-1143
11080,4-0062
11081,2-7659
11082,6-4886
11083,6-8316
11084,4-9439
11085,4-9820
11086,5-2763
11087,3-4353
11088,8-7034
11089,3-8441
11090,5-7186
11091,5-7342
11092,8-4932
11093,4-7429
11094,8-3418
11095,7-9726
11096,5-5778
11097,7-8660
11098,1-6145
11099,3-0804
11100,7-9272
11101,6-4079
11102,4-5290
11103,4-5381
11104,5-8286
11105,1-7658
11106,6-9891
11107,6-2465
11108,5-6744
11109,7-8631
11110,2-5358
11111,8-4818
11112,5-7728
11113,4-0532
11114,3-5162
11115,2-5122
11116,5-0405
11117,7-0500
11118,1-5631
11119,2-9578
11120,2-9335
11121,5-7466
11122,4-4459
11123,8-5237
11124,1-4431
11125,6-9486
11126,8-7929
11127,1-4999
11128,2-6731
11129,2-8951
11130,7-7354
11131,3-3496
11132,5-4761
11133,1-6244
11134,4-9294
11135,7-7646
11136,1-8334
11137,6-7880
11138,5-4897
11139,6-3531
11140,7-3965
11141,3-8570
11142,6-4395
11143,2-4214
11144,6-8206
11145,2-7229
11146,2-1448
11147,1-1983
11148,1-3838
11149,1-6935
11150,7-8451
11151,3-4729
11152,6-7501
11153,3-5644
11154,3-5645
11155,7-7829
11156,7-8133
11157,8-4636
11158,6-4632
11159,6-2952
11160,4-0254
11161,2-6806
11162,7-0394
11163,1-1814
11164,2-7901
11165,6-6565
11166,1-3099
11167,8-8946
11168,4-1941
11169,6-9588
11170,8-4299
11171,2-3873
11172,5-1929
11173,5-4698
11174,7-7941
11175,2-6712
11176,4-9497
11177,4-8957
11178,6-6386
11179,3-6272
11180,3-0958
11181,7-3601
11182,5-2087
11183,5-1010
11184,4-1175
11185,1-0818
11186,7-7320
11187,6-6151
11188,7-2958
11189,6-3132
11190,2-1691
11191,6-8160
11192,4-9281
11193,5-2092
11194,3-9060
11195,3-1985
11196,3-4617
11197,7-5427
11198,7-9416
11199,4-0872
11200,5-9171
11201,3-8017
11202,5-0535
11203,6-3260
11204,5-6049
11205,2-0522
11206,6-3262
11207,7-3854
11208,1-4468
11209,4-3144
11210,6-6624
11211,1-7310
11212,7-3612
11213,1-1977
11214,1-0140
11215,8-9121
11216,3-7488
11217,4-0008
11218,8-0928
11219,2-1794
11220,4-8122
11221,1-3481
11222,4-3862
11223,6-8399
11224,8-8573
11225,6-8579
11226,8-2131
11227,6-6344
11228,5-4755
11229,8-8038
11230,7-4559
11231,5-4085
11232,5-8893
11233,7-0025
11234,4-3631
11235,3-4524
11236,4-6837
11237,8-9468
11238,1-8135
11239,3-8368
11240,7-2750
11241,3-8307
11242,8-4793
11243,2-8432
11244,1-1942
11245,2-1291
11246,5-5405
11247,6-1985
11248,7-3650
11249,4-3481
11250,3-6625
11251,4-0909
11252,8-0819
11253,2-1298
11254,8-0810
11255,1-8834
11256,7-6872
11257,5-0562
11258,8-6792
11259,8-2864
11260,4-8924
11261,3-6294
11262,7-3550
11263,3-2450
11264,2-2001
11265,4-1728
11266,3-5468
11267,5-9573
11268,1-2539
11269,8-0045
11270,7-4519
11271,3-1341
11272,3-4097
11273,7-9110
11274,7-4740
11275,6-0967
11276,4-2764
11277,8-3495
11278,3-2106
11279,2-7671
11280,2-8474
11281,3-5421
11282,8-9380
11283,4-9515
11284,6-6520
11285,2-7096
11286,3-8175
11287,6-0037
11288,4-6589
11289,4-6416
11290,3-2570
11291,2-7239
11292,6-8425
11293,2-2013
11294,7-6768
11295,7-3862
11296,7-2567
11297,3-2463
11298,8-2844
11299,6-7907
11300,4-1720
11301,4-1353
11302,4-5846
11303,6-8963
11304,7-3563
11305,7-4812
11306,3-3958
11307,7-1265
11308,2-6459
11309,7-4342
11310,6-8936
11311,5-1509
11312,4-1074
11313,2-1118
11314,2-1758
11315,3-9292
11316,2-3712
11317,3-6674
11318,7-1441
11319,6-3718
11320,8-5438
11321,3-8439
11322,5-3065
11323,4-5856
11324,6-1820
11325,3-7455
11326,1-0232
11327,6-6847
11328,8-0081
11329,8-0874
11330,3-3143
11331,4-4134
11332,8-5240
11333,1-5493
11334,2-4870
11335,5-3104
11336,3-3663
11337,8-8139
11338,6-6382
11339,7-8822
11340,5-6642
11341,6-7668
11342,4-8005
11343,1-7680
11344,6-8636
11345,6-8043
11346,4-3775
11347,8-5032
11348,5-2844
11349,3-5115
11350,1-9172
11351,2-9662
11352,6-2454
11353,1-2633
11354,6-3199
11355,8-4651
11356,1-1040
11357,3-7685
11358,6-8179
11359,3-8766
11360,1-7152
11361,7-5498
11362,5-3307
11363,5-5373
11364,7-7154
11365,8-4538
11366,7-6742
11367,7-6384
11368,8-9823
11369,2-0828
11370,4-8120
11371,1-2062
11372,6-7738
11373,5-1922
11374,6-5189
11375,2-4859
11376,4-2467
11377,7-2087
11378,7-4488
11379,6-7604
11380,2-4621
11381,2-1676
11382,5-7409
11383,7-7196
11384,1-3047
11385,7-8771
11386,8-3960
11387,2-6363
11388,6-7170
11389,6-5541
11390,1-6807
11391,7-7220
11392,3-2991
11393,8-5357
11394,8-2979
11395,8-1367
11396,1-3010
11397,7-7974
11398,6-2966
11399,2-4889
11400,8-8514
11401,4-9409
11402,3-8366
11403,3-6069
11404,7-0138
11405,3-5762
11406,6-4689
11407,5-4877
11408,8-8318
11409,5-4279
11410,1-3285
11411,2-4686
11412,7-4611
11413,8-6770
11414,4-9903
11415,2-0960
11416,7-3597
11417,4-1723
11418,1-8730
11419,5-4134
11420,5-7035
11421,6-0583
11422,7-7190
11423,3-0112
11424,3-9183
11425,7-9549
11426,1-5417
11427,7-0283
11428,1-2189
11429,7-1071
11430,6-2751
11431,3-3238
11432,6-6284
11433,7-3782
11434,7-8389
11435,1-0024
11436,6-9200
11437,8-0356
11438,3-9707
11439,4-5038
11440,4-9688
11441,1-6381
11442,3-1086
11443,5-9816
11444,6-0993
11445,4-5283
11446,4-3123
11447,8-0082
11448,7-0311
11449,3-7663
11450,8-2835
11451,6-7673
11452,8-2248
11453,6-7370
11454,3-6315
11455,1-8349
11456,2-2701
11457,6-8895
11458,4-0788
11459,5-1788
11460,7-1540
11461,5-5883
11462,8-0188
11463,3-0381
11464,4-2477
11465,6-0066
11466,4-2440
11467,4-8282
11468,7-0603
11469,2-8645
11470,1-3578
11471,6-8091
11472,5-1514
11473,7-7748
11474,2-4264
11475,3-2379
11476,8-3652
11477,1-2280
11478,7-5391
11479,7-6615
11480,5-9205
11481,7-4423
11482,5-1105
11483,7-2851
11484,8-1014
11485,6-8823
11486,4-9407
11487,5-1047
11488,4-7701
11489,6-8876
11490,7-5420
11491,5-9365
11492,4-5027
11493,5-4537
11494,8-3702
11495,2-9343
11496,4-0432
11497,8-0957
11498,2-4374
11499,1-9675
11500,2-5690
11501,4-5485
11502,2-5463
11503,2-8732
11504,4-6620
11505,5-6187
11506,3-0784
11507,3-0191
11508,4-4184
11509,6-6389
11510,5-8667
11511,2-7917
11512,3-3997
11513,7-0124
11514,7-2651
11515,3-8130
11516,8-0415
11517,8-4051
11518,1-4160
11519,1-5438
11520,5-3412
11521,5-0345
11522,3-9366
11523,2-0220
11524,6-2583
11525,4-5824
11526,3-8395
11527,1-9785
11528,3-7069
11529,2-3923
11530,4-2667
11531,8-6823
11532,8-3360
11533,8-8373
11534,4-4256
11535,4-4316
11536,5-2680
11537,2-7781
11538,3-9882
11539,2-9544
11540,1-0713
11541,1-8668
11542,6-6885
11543,4-5699
11544,7-4161
11545,2-2904
11546,4-4014
11547,8-0794
11548,3-8926
11549,8-2757
11550,2-9320
11551,2-6277
11552,3-6309
11553,1-0084
11554,6-7898
11555,8-8533
11556,8-3359
11557,5-8388
11558,8-0893
11559,4-5178
11560,6-6848
11561,7-7571
11562,8-1791
11563,1-8756
11564,2-8602
11565,3-0023
11566,1-6552
11567,8-9159
11568,6-7812
11569,5-1425
11570,4-6870
11571,4-5134
11572,2-1587
11573,1-1653
11574,1-5272
11575,1-3679
11576,7-2150
11577,1-1620
11578,3-1979
11579,6-7436
11580,8-0394
11581,5-4917
11582,8-6680
11583,5-6231
11584,8-1307
11585,5-3703
11586,3-5604
11587,3-0174
11588,1-8917
11589,6-0805
11590,5-4735
11591,5-6953
11592,1-0464
11593,7-9541
11594,1-1339
11595,5-9391
11596,6-4465
11597,8-1925
11598,2-9927
11599,6-8880
11600,1-0321
11601,5-6945
11602,3-2856
11603,8-0807
11604,4-4896
11605,8-4088
11606,3-3591
11607,6-5765
11608,4-5146
11609,6-6285
11610,3-7690
11611,6-0689
11612,2-6438
11613,6-2073
11614,2-1072
11615,5-3618
11616,7-9500
11617,6-3245
11618,6-8421
11619,7-9760
11620,7-8986
11621,7-4197
11622,4-0860
11623,7-2681
11624,1-7581
11625,8-8821
11626,4-1802
11627,8-6202
11628,5-2474
11629,6-0573
11630,4-5072
11631,6-8357
11632,6-8130
11633,7-5380
11634,2-3550
11635,3-7075
11636,7-7088
11637,4-5518
11638,6-7416
11639,3-6077
11640,5-3489
11641,7-7119
11642,3-0467
11643,2-9016
11644,3-9692
11645,8-0621
11646,8-2928
11647,3-6904
11648,2-1838
11649,4-2223
11650,1-5286
11651,7-7239
11652,3-6435
11653,8-3569
11654,3-1851
11655,1-5540
11656,7-5539
11657,8-0053
11658,3-4448
11659,4-5948
11660,6-9271
11661,5-5558
11662,8-8926
11663,8-6507
11664,5-7050
11665,3-1800
11666,3-7935
11667,5-8403
11668,1-1367
11669,2-5400
11670,6-7000
11671,7-4232
11672,3-1779
11673,7-0661
11674,3-3014
11675,7-9273
11676,5-9253
11677,2-7051
11678,2-2619
11679,6-4254
11680,3-8934
11681,7-6084
11682,4-1192
11683,1-7997
11684,4-6395
11685,3-1358
11686,7-4153
11687,7-0916
11688,6-8992
11689,7-9231
11690,4-2626
11691,6-3699
11692,5-1106
11693,4-7882
11694,3-4979
11695,4-1829
11696,8-2884
11697,1-3535
11698,4-8551
11699,6-9250
11700,3-6519
11701,3-3708
11702,1-7568
11703,2-1688
11704,6-1021
11705,6-9797
11706,6-6009
11707,3-0602
11708,5-7365
11709,4-8433
11710,1-1820
11711,7-2956
11712,1-0582
11713,6-8373
11714,5-9736
11715,6-9547
11716,5-7886
11717,6-5797
11718,3-5496
11719,2-0200
11720,7-0863
11721,2-5254
11722,3-9398
11723,7-9188
11724,5-3906
11725,2-3339
11726,7-3034
11727,1-7644
11728,7-0327
11729,8-5592
11730,5-5057
11731,7-8750
11732,6-9197
11733,2-6073
11734,5-2229
11735,8-6229
11736,2-5420
11737,5-1011
11738,3-5715
11739,7-6371
11740,4-9454
11741,6-3379
11742,6-6477
11743,2-9581
11744,4-7023
11745,4-3146
11746,7-1497
11747,4-6324
11748,6-2516
11749,3-4650
11750,1-4013
11751,3-8563
11752,5-5302
11753,1-0403
11754,7-2572
11755,4-4362
11756,3-0730
11757,3-7874
11758,6-8305
11759,8-4240
11760,8-2734
11761,7-8557
11762,7-0913
11763,7-5470
11764,2-1183
11765,1-1052
11766,8-0427
11767,3-6441
11768,4-8696
11769,5-8935
11770,2-4393
11771,3-1580
11772,8-0619
11773,3-7059
11774,4-1281
11775,3-8617
11776,6-5423
11777,3-0440
11778,8-7542
11779,7-1981
11780,5-5292
11781,7-0119
11782,8-4657
11783,6-3096
11784,8-2496
11785,7-7736
11786,2-6378
11787,2-8236
11788,1-9352
11789,1-9433
11790,4-9485
11791,2-7862
11792,3-9116
11793,7-1573
11794,4-5191
11795,8-3102
11796,7-7299
11797,2-4847
11798,4-6659
11799,2-3802
11800,7-4017
11801,3-0242
11802,5-2269
11803,1-0476
11804,4-5899
11805,5-5467
11806,6-8039
11807,5-2720
11808,3-3019
11809,3-4567
11810,7-6971
11811,3-4510
11812,1-2181
11813,2-4646
11814,7-2657
11815,3-9924
11816,5-5683
11817,5-1915
11818,5-2838
11819,1-8248
11820,7-3409
11821,4-8142
11822,2-9414
11823,2-4685
11824,3-4871
11825,1-1951
11826,6-0219
11827,8-1860
11828,6-6001
11829,2-9612
11830,5-2988
11831,4-3316
11832,2-9413
11833,7-4913
11834,2-4198
11835,4-4073
11836,1-3619
11837,2-1059
11838,5-7470
11839,6-6825
11840,2-8581
11841,8-3440
11842,1-2852
11843,8-2549
11844,3-8866
11845,5-0359
11846,2-6310
11847,4-6899
11848,3-0334
11849,6-1357
11850,8-2706
11851,4-9282
11852,3-5450
11853,3-0842
11854,2-6300
11855,5-5604
11856,6-2793
11857,5-4409
11858,7-1121
11859,7-1623
11860,1-5986
11861,6-2077
11862,3-6740
11863,7-1671
11864,2-5529
11865,5-5780
11866,7-9576
11867,2-2960
11868,3-7891
11869,8-8722
11870,3-9399
11871,6-5989
11872,2-3502
11873,8-8971
11874,1-0090
11875,4-0210
11876,5-9324
11877,6-8607
11878,6-0511
11879,2-5210
11880,2-3549
11881,2-0026
11882,2-1221
11883,2-2775
11884,2-7233
11885,7-6454
11886,8-8504
11887,5-2609
11888,6-5058
11889,6-6984
11890,7-8776
11891,1-1317
11892,3-1562
11893,5-5280
11894,2-4987
11895,4-0032
11896,1-0935
11897,1-3257
11898,2-4869
11899,8-6818
11900,4-4987
11901,3-5849
11902,7-9337
11903,3-5826
11904,7-8346
11905,5-0141
11906,4-7125
11907,1-3560
11908,5-8767
11909,5-3597
11910,8-5631
11911,1-5412
11912,4-4704
11913,7-6141
11914,2-6194
11915,1-9078
11916,8-0666
11917,7-8520
11918,6-3910
11919,4-7750
11920,8-6144
11921,5-6216
11922,8-7568
11923,8-4034
11924,6-9640
11925,4-4181
11926,2-7134
11927,4-2456
11928,3-7218
11929,7-9143
11930,8-6349
11931,7-6654
11932,4-5076
11933,2-2620
11934,3-9758
11935,1-0714
11936,3-9433
11937,5-0164
11938,1-3267
11939,6-8802
11940,5-8654
11941,8-7697
11942,4-0306
11943,4-9955
11944,5-9773
11945,5-1428
11946,2-0318
11947,7-9682
11948,3-7901
11949,3-3947
11950,8-3835
11951,1-9476
11952,7-3663
11953,8-0009
11954,3-4576
11955,3-4104
11956,7-8418
11957,5-9041
11958,6-1981
11959,8-7080
11960,4-1653
11961,6-6033
11962,1-0655
11963,7-4112
11964,4-2329
11965,6-6168
11966,3-4710
11967,5-2549
11968,6-5635
11969,4-3605
11970,2-8082
11971,2-3365
11972,2-2323
11973,7-2219
11974,6-9884
11975,6-7997
11976,1-5404
11977,7-7574
11978,2-2990
11979,3-6241
11980,3-8819
11981,6-2373
11982,2-5252
11983,1-7276
11984,2-8998
11985,8-2657
11986,1-3472
11987,3-8474
11988,6-5576
11989,8-7206
11990,8-0417
11991,3-7790
11992,6-1362
11993,2-3385
11994,6-5646
11995,7-8582
11996,4-5561
11997,8-9673
11998,1-1742
11999,1-0174
12000,7-4672
12001,6-9152
12002,7-4661
12003,2-8844
12004,7-0787
12005,8-3987
12006,1-2596
12007,7-9466
12008,1-8587
12009,5-9307
12010,2-4181
12011,4-8206
12012,5-9790
12013,7-1701
12014,3-2050
12015,6-5467
12016,2-7012
12017,2-3884
12018,4-5029
12019,5-9215
12020,2-3171
12021,4-8711
12022,7-5166
12023,3-8960
12024,7-3321
12025,5-1716
12026,5-0653
12027,7-9440
12028,5-6102
12029,5-2645
12030,1-8184
12031,8-8808
12032,7-0367
12033,8-5921
12034,6-6071
12035,1-6876
12036,6-0044
12037,5-5263
12038,4-0212
12039,1-9993
12040,8-2290
12041,2-7502
12042,7-2853
12043,1-3475
12044,6-6215
12045,5-8812
12046,1-6480
12047,6-3670
12048,6-6980
12049,5-5336
12050,2-6801
12051,7-6699
12052,2-0806
12053,8-3107
12054,7-0366
12055,4-9470
12056,5-7346
12057,1-8038
12058,3-7228
12059,2-0390
12060,7-2481
12061,8-9371
12062,8-2816
12063,2-0226
12064,5-2738
12065,5-1308
12066,1-8136
12067,4-6187
12068,7-3516
12069,1-2842
12070,1-4038
12071,8-6834
12072,8-0597
12073,4-7650
12074,5-2360
12075,1-6980
12076,3-4587
12077,6-6734
12078,8-5502
12079,6-2732
12080,8-5472
12081,2-7182
12082,2-2172
12083,4-4951
12084,6-1030
12085,3-0561
12086,1-8477
12087,5-9979
12088,6-5172
12089,5-1038
12090,5-6158
12091,5-7805
12092,5-6984
12093,3-0403
12094,7-1201
12095,6-6902
12096,6-2729
12097,5-6620
12098,4-8942
12099,5-0414
12100,5-6727
12101,6-9774
12102,3-1825
12103,7-5093
12104,5-0401
12105,3-2650
12106,3-7595
12107,2-7575
12108,2-4478
12109,8-8674
12110,7-2944
12111,2-6064
12112,3-5186
12113,1-3671
12114,1-8083
12115,2-9368
12116,1-2747
12117,5-7044
12118,8-7726
12119,6-5944
12120,2-4964
12121,2-5230
12122,4-4359
12123,6-3314
12124,8-4908
12125,7-0845
12126,6-3855
12127,3-3712
12128,3-3776
12129,7-0331
12130,8-2443
12131,7-5001
12132,3-1228
12133,4-5121
12134,7-5822
12135,5-1775
12136,2-0441
12137,5-6993
12138,6-4703
12139,5-4742
12140,8-6332
12141,6-7010
12142,4-8477
12143,6-9582
12144,7-2158
12145,6-6060
12146,1-2156
12147,1-2063
12148,3-5457
12149,8-1761
12150,5-8831
12151,5-5581
12152,3-1983
12153,4-3283
12154,7-7449
12155,6-5919
12156,3-0406
12157,1-9788
12158,7-3214
12159,2-4268
12160,5-3232
12161,3-2779
12162,4-4315
12163,1-2714
12164,4-0729
12165,3-5011
12166,7-4915
12167,2-6221
12168,1-6065
12169,5-6737
12170,3-9322
12171,5-5943
12172,2-8217
12173,8-7104
12174,2-2612
12175,1-2865
12176,4-7676
12177,4-9445
12178,6-6728
12179,2-2090
12180,3-9651
12181,1-8029
12182,4-2663
12183,7-9181
12184,7-4707
12185,8-2503
12186,2-9897
12187,2-5702
12188,3-1428
12189,2-1476
12190,6-1170
12191,8-6627
12192,8-8651
12193,7-6624
12194,2-6176
12195,2-5922
12196,2-7415
12197,7-5318
12198,7-8431
12199,8-7270
12200,8-4798
12201,8-6477
12202,5-6670
12203,5-7918
12204,4-7328
12205,1-9986
12206,7-5605
12207,3-0200
12208,2-2023
12209,3-8086
12210,1-9367
12211,5-1164
12212,1-8610
12213,3-9607
12214,5-0225
12215,6-3553
12216,8-0259
12217,5-4931
12218,2-1088
12219,1-2425
12220,5-7704
12221,5-6908
12222,2-8483
12223,2-7151
12224,4-3897
12225,7-2518
12226,3-4432
12227,6-0186
12228,6-6896
12229,1-4225
12230,8-9293
12231,8-8763
12232,1-4383
12233,8-2407
12234,3-7929
12235,7-0653
12236,3-9375
12237,3-6771
12238,6-8568
12239,5-9740
12240,1-2316
12241,6-0092
12242,7-3913
12243,5-0469
12244,6-6740
12245,3-5936
12246,2-5604
12247,7-1228
12248,4-8862
12249,5-7345
12250,3-1907
12251,5-5250
12252,6-1383
12253,4-4259
12254,6-4511
12255,4-7087
12256,6-5616
12257,4-3157
12258,7-3122
12259,8-8800
12260,8-3816
12261,6-8257
12262,3-1117
12263,4-6859
12264,2-7509
12265,2-8866
12266,5-5318
12267,3-0234
12268,8-1385
12269,5-6555
12270,5-7745
12271,1-7359
12272,1-5648
12273,1-7433
12274,8-9873
12275,7-2448
12276,3-8202
12277,1-0114
12278,2-1259
12279,2-8803
12280,5-6521
12281,3-6316
12282,1-0013
12283,6-9317
12284,5-8561
12285,6-1273
12286,5-3454
12287,2-3474
12288,1-0433
12289,2-5738
12290,3-1922
12291,7-9780
12292,2-5748
12293,4-7460
12294,3-0689
12295,1-5392
12296,2-0410
12297,2-9239
12298,4-4093
12299,8-1597
12300,1-2240
12301,1-1792
12302,6-6767
12303,8-5905
12304,3-0516
12305,2-6362
12306,3-5946
12307,3-2305
12308,8-0935
12309,3-4407
12310,8-1335
12311,7-5603
12312,8-6853
12313,5-9547
12314,3-8325
12315,1-2064
12316,5-2315
12317,4-8385
12318,5-7870
12319,5-9574
12320,2-6748
12321,5-8950
12322,5-4985
12323,1-5018
12324,7-9138
12325,8-1217
12326,7-1791
12327,1-6773
12328,7-3791
12329,5-3826
12330,1-4510
12331,6-6342
12332,1-3432
12333,8-4267
12334,8-2278
12335,3-7656
12336,8-5658
12337,5-2727
12338,7-2372
12339,2-5396
12340,2-7720
12341,2-1966
12342,3-1860
12343,7-2882
12344,7-4904
12345,6-1727
12346,1-1990
12347,2-1384
12348,4-6390
12349,6-4931
12350,2-8418
12351,7-3976
12352,2-2829
12353,1-1683
12354,5-1782
12355,3-6444
12356,3-8578
12357,1-3083
12358,1-8313
12359,1-3589
12360,2-3086
12361,6-9715
12362,1-8159
12363,5-1845
12364,6-6685
12365,4-8286
12366,1-6180
12367,2-7801
12368,3-3276
12369,5-3589
12370,6-8332
12371,1-2209
12372,1-9727
12373,5-7778
12374,4-2960
12375,2-4208
12376,7-6643
12377,2-3381
12378,8-8469
12379,5-3087
12380,2-7337
12381,1-4337
12382,5-7093
12383,1-0344
12384,8-7002
12385,7-9990
12386,2-8748
12387,8-8918
12388,5-7447
12389,4-2363
12390,5-7518
12391,2-4290
12392,5-5260
12393,1-8051
12394,3-9358
12395,4-6487
12396,1-2556
12397,6-8755
12398,7-3162
12399,1-1979
12400,2-4513
12401,6-7098
12402,8-4612
12403,1-4864
12404,5-8828
12405,2-6169
12406,4-6068
12407,1-8986
12408,2-8545
12409,1-2731
12410,1-3264
12411,7-4022
12412,4-9363
12413,3-6810
12414,2-8914
12415,6-6537
12416,7-0129
12417,3-6523
12418,7-4521
12419,4-9564
12420,1-7365
12421,2-5325
12422,5-9556
12423,5-9443
12424,6-5342
12425,3-7224
12426,2-2756
12427,2-6205
12428,5-8513
12429,3-7635
12430,8-6589
12431,5-5449
12432,3-6117
12433,5-4139
12434,1-6956
12435,2-7900
12436,6-6741
12437,3-6895
12438,1-1345
12439,5-5479
12440,6-4524
12441,5-2284
12442,4-7275
12443,3-7386
12444,1-8422
12445,4-1053
12446,4-7338
12447,4-5721
12448,3-0611
12449,5-7114
12450,7-9090
12451,5-0266
12452,7-8538
12453,5-0136
12454,7-8231
12455,2-3092
12456,3-3811
12457,4-5897
12458,3-7093
12459,3-0644
12460,6-9379
12461,2-3495
12462,1-8265
12463,1-6491
12464,1-4107
12465,3-8548
12466,4-7823
12467,3-1854
12468,3-9198
12469,2-2697
12470,3-3266
12471,1-3037
12472,5-5135
12473,4-2406
12474,7-2650
12475,8-6079
12476,8-2615
12477,4-0079
12478,3-2471
12479,4-4322
12480,3-6514
12481,2-7334
12482,3-9967
12483,5-0724
12484,7-2627
12485,8-8860
12486,8-2911
12487,7-2612
12488,7-8417
12489,8-7525
12490,5-5847
12491,6-0339
12492,1-5139
12493,2-3711
12494,2-0837
12495,5-3961
12496,3-8906
12497,8-7433
12498,2-3412
12499,5-0239
12500,7-2552
12501,6-6819
12502,5-0887
12503,5-0367
12504,1-8286
12505,8-5952
12506,3-0585
12507,8-5994
12508,3-9192
12509,2-5355
12510,3-4071
12511,6-6058
12512,1-2108
12513,2-4979
12514,2-9982
12515,7-4608
12516,7-7118
12517,3-6098
12518,6-8594
12519,3-4304
12520,7-2618
12521,3-7304
12522,2-1172
12523,2-4248
12524,2-1281
12525,4-4880
12526,1-1560
12527,3-3365
12528,3-7940
12529,5-5414
12530,4-3282
12531,3-4550
12532,7-2239
12533,6-6841
12534,3-0150
12535,3-4454
12536,7-7167
12537,3-5888
12538,2-9846
12539,1-7217
12540,4-7122
12541,2-6255
12542,3-5629
12543,4-9986
12544,1-9023
12545,4-5320
12546,3-6249
12547,4-1321
12548,4-0671
12549,2-2750
12550,1-6149
12551,7-1351
12552,7-5139
12553,3-7357
12554,3-6023
12555,3-0088
12556,3-4513
12557,2-7841
12558,5-7786
12559,8-4162
12560,2-4588
12561,2-7662
12562,7-8918
12563,3-4665
12564,3-5562
12565,3-4043
12566,5-3183
12567,1-0680
12568,3-2221
12569,6-2212
12570,4-3914
12571,2-0798
12572,3-0671
12573,4-5998
12574,6-2231
12575,3-7456
12576,2-1927
12577,7-0420
12578,1-5502
12579,1-0965
12580,3-3297
12581,1-4979
12582,8-8279
12583,7-4099
12584,5-9313
12585,7-6765
12586,6-7846
12587,8-1723
12588,7-4774
12589,3-6325
12590,5-2190
12591,5-0079
12592,8-7432
12593,1-1556
12594,1-6391
12595,7-9104
12596,4-6781
12597,7-1169
12598,1-0985
12599,2-5395
12600,2-7763
12601,5-7248
12602,8-5711
12603,5-2039
12604,5-7961
12605,4-0360
12606,5-4488
12607,4-5446
12608,7-8998
12609,8-6530
12610,3-9486
12611,3-0128
12612,5-1372
12613,1-3268
12614,6-0782
12615,5-0103
12616,8-2584
12617,6-4195
12618,7-0329
12619,1-3281
12620,6-9457
12621,4-1895
12622,6-5675
12623,1-2183
12624,5-5795
12625,5-9507
12626,4-6089
12627,3-7801
12628,1-6409
12629,7-1928
12630,5-4069
12631,4-2077
12632,5-3336
12633,6-5449
12634,6-7428
12635,7-3560
12636,4-7206
12637,2-0163
12638,3-0260
12639,3-3524
12640,7-4563
12641,1-8648
12642,8-3433
12643,3-6003
12644,1-6085
12645,2-0089
12646,4-9520
12647,5-8268
12648,2-8534
12649,4-6752
12650,3-3943
12651,3-2915
12652,7-4011
12653,8-2427
12654,5-5829
12655,2-1341
12656,6-3513
12657,5-8640
12658,7-5295
12659,8-2676
12660,2-8957
12661,5-3544
12662,8-0432
12663,2-6873
12664,2-7860
12665,8-8424
12666,4-3782
12667,3-7219
12668,8-4044
12669,5-1700
12670,4-4794
12671,8-1078
12672,5-5488
12673,3-3957
12674,1-3144
12675,4-4013
12676,8-7133
12677,7-1720
12678,4-0220
12679,2-6938
12680,8-7081
12681,8-6402
12682,7-8532
12683,5-0094
12684,4-5671
12685,7-9829
12686,5-7619
12687,4-1324
12688,2-0571
12689,8-1697
12690,8-0434
12691,1-0368
12692,8-2494
12693,3-9769
12694,8-6356
12695,8-7324
12696,6-1231
12697,7-2159
12698,3-9773
12699,4-3948
12700,3-9269
12701,4-3319
12702,6-2670
12703,7-2847
12704,5-4260
12705,8-6327
12706,6-2812
12707,5-7967
12708,1-5847
12709,7-3413
12710,3-7722
12711,3-2148
12712,2-6928
12713,5-8040
12714,1-9204
12715,7-8666
12716,1-7326
12717,4-8595
12718,4-0191
12719,5-8013
12720,1-6187
12721,6-8535
12722,2-3926
12723,1-6779
12724,8-7021
12725,2-1806
12726,6-2057
12727,5-8370
12728,2-6537
12729,4-3062
12730,8-6007
12731,8-5142
12732,5-6160
12733,7-9132
12734,4-9344
12735,5-4228
12736,7-3301
12737,1-7917
12738,1-3410
12739,6-1379
12740,7-0622
12741,7-1025
12742,1-8241
12743,4-7954
12744,8-6698
12745,2-8676
12746,8-7317
12747,1-7185
12748,5-1325
12749,8-0584
12750,6-9615
12751,3-1507
12752,2-4243
12753,1-5455
12754,8-3457
12755,1-7780
12756,6-5615
12757,3-5530
12758,3-5483
12759,5-2262
12760,2-9532
12761,4-5886
12762,6-1654
12763,8-4586
12764,2-8167
12765,2-1998
12766,1-6522
12767,6-3205
12768,5-2597
12769,6-9318
12770,5-4342
12771,6-5778
12772,6-0090
12773,2-6327
12774,7-2966
12775,1-9094
12776,1-7743
12777,5-8132
12778,4-6399
12779,3-3888
12780,8-1907
12781,4-7450
12782,8-8673
12783,8-5468
12784,6-9529
12785,4-3768
12786,7-9592
12787,7-5245
12788,6-2062
12789,1-1872
12790,7-3271
12791,1-9690
12792,8-2938
12793,5-4601
12794,7-7413
12795,6-3767
12796,5-9920
12797,4-0481
12798,8-5613
12799,8-4776
12800,4-2899
12801,6-7665
12802,5-2150
12803,6-5630
12804,6-0529
12805,5-8358
12806,6-6084
12807,5-2707
12808,2-2844
12809,3-2834
12810,4-7544
12811,3-7065
12812,2-1240
12813,5-8515
12814,3-2912
12815,7-8319
12816,3-1180
12817,3-2476
12818,3-5634
12819,5-0669
12820,7-4908
12821,3-6586
12822,4-4838
12823,8-3237
12824,5-7845
12825,6-8771
12826,8-9616
12827,8-1100
12828,4-9522
12829,7-2738
12830,4-0873
12831,1-4753
12832,3-0738
12833,8-7220
12834,6-7549
12835,4-6195
12836,1-3199
12837,6-9820
12838,4-2162
12839,1-7627
12840,6-9671
12841,8-7374
12842,1-5950
12843,5-4809
12844,2-9573
12845,1-7761
12846,1-6790
12847,3-2669
12848,4-9507
12849,6-9506
12850,2-3343
12851,6-8997
12852,2-4853
12853,4-2120
12854,2-0394
12855,8-1315
12856,6-2264
12857,3-0411
12858,1-1661
12859,2-5727
12860,7-1270
12861,4-7422
12862,2-5685
12863,6-7865
12864,2-4224
12865,3-0255
12866,3-3704
12867,2-6298
12868,4-7894
12869,6-9998
12870,8-9889
12871,2-7615
12872,7-6356
12873,5-4548
12874,5-0579
12875,7-5218
12876,5-8721
12877,7-3796
12878,1-5475
12879,3-6539
12880,5-2157
12881,4-9661
12882,3-9421
12883,3-1901
12884,5-7632
12885,4-8132
12886,8-5829
12887,7-9113
12888,2-9407
12889,1-2367
12890,7-6434
12891,2-6472
12892,4-6746
12893,5-3204
12894,1-1840
12895,2-7273
12896,1-7208
12897,8-8888
12898,7-7654
12899,4-0651
12900,3-9082
12901,3-9862
12902,6-5548
12903,7-6142
12904,3-9514
12905,7-5359
12906,2-8415
12907,8-0446
12908,4-4967
12909,7-1208
12910,7-4687
12911,7-4681
12912,4-5343
12913,8-2168
12914,6-5140
12915,6-7515
12916,1-0285
12917,8-6761
12918,5-1311
12919,3-5933
12920,3-9602
12921,3-3599
12922,4-1972
12923,1-7561
12924,7-2663
12925,1-3190
12926,8-1414
12927,5-4576
12928,1-0580
12929,6-1848
12930,3-1181
12931,4-8929
12932,3-6559
12933,7-6706
12934,5-3746
12935,2-9877
12936,7-0159
12937,5-9496
12938,4-9621
12939,6-7565
12940,4-3508
12941,6-1735
12942,2-6227
12943,3-3991
12944,3-1133
12945,6-7455
12946,6-4663
12947,3-6203
12948,4-1850
12949,4-8642
12950,4-4092
12951,7-5497
12952,4-3810
12953,5-6024
12954,5-7716
12955,7-0437
12956,2-3430
12957,6-4746
12958,4-0784
12959,5-1389
12960,1-1295
12961,4-0859
12962,3-0823
12963,6-1256
12964,2-5609
12965,1-2898
12966,3-7236
12967,5-8156
12968,7-0460
12969,6-4186
12970,2-1177
12971,5-3891
12972,1-8484
12973,5-7315
12974,5-5004
12975,6-5551
12976,8-5715
12977,2-0353
12978,6-3800
12979,4-9655
12980,3-2588
12981,6-2270
12982,2-7216
12983,3-2548
12984,5-8429
12985,2-0759
12986,2-8753
12987,3-9068
12988,7-3874
12989,7-1753
12990,8-1873
12991,6-5471
12992,8-7741
12993,3-2614
12994,6-7496
12995,8-6448
12996,3-2323
12997,7-3610
12998,5-8408
12999,8-2868
13000,1-9260
13001,3-0551
13002,3-2542
13003,8-2653
13004,7-6483
13005,8-9855
13006,1-3700
13007,1-0855
13008,7-5283
13009,1-3061
13010,5-6872
13011,4-6445
13012,6-3459
13013,3-1289
13014,1-0205
13015,7-9708
13016,8-4883
13017,6-0578
13018,7-1320
13019,5-5689
13020,5-0319
13021,1-4450
13022,1-7075
13023,1-6751
13024,1-0794
13025,1-5257
13026,5-2708
13027,5-4599
13028,8-1689
13029,4-2111
13030,7-2097
13031,5-3626
13032,3-7318
13033,6-9126
13034,8-2791
13035,7-9710
13036,2-1032
13037,1-2089
13038,1-3954
13039,1-1572
13040,7-4076
13041,2-0085
13042,3-6102
13043,1-8226
13044,8-6683
13045,1-4845
13046,8-9862
13047,5-2800
13048,3-8546
13049,6-4341
13050,6-8884
13051,8-4000
13052,4-0042
13053,1-6233
13054,8-3304
13055,5-0487
13056,3-1327
13057,2-4782
13058,3-3780
13059,2-7754
13060,4-0178
13061,1-3867
13062,5-9361
13063,6-5283
13064,4-7484
13065,7-9286
13066,6-3182
13067,1-6965
13068,5-9306
13069,3-7248
13070,2-1209
13071,8-2295
13072,5-7305
13073,1-7679
13074,7-6126
13075,8-1344
13076,2-7908
13077,5-0220
13078,2-4445
13079,5-3983
13080,2-0159
13081,8-2111
13082,3-7280
13083,5-2003
13084,8-9588
13085,8-8803
13086,7-4288
13087,7-7538
13088,4-4927
13089,4-9191
13090,4-3344
13091,4-6674
13092,2-7372
13093,2-4109
13094,1-7306
13095,4-9345
13096,3-3574
13097,1-2752
13098,4-9072
13099,8-1726
13100,3-5022
13101,1-0791
13102,5-7002
13103,1-3876
13104,4-4186
13105,4-8520
13106,6-7356
13107,5-8349
13108,5-0901
13109,1-1242
13110,5-2331
13111,1-5758
13112,2-2019
13113,7-7694
13114,3-7344
13115,7-0185
13116,3-7114
13117,1-7731
13118,4-4968
13119,7-2022
13120,7-5010
13121,5-7956
13122,6-7138
13123,2-6567
13124,5-9611
13125,4-4750
13126,8-2303
13127,6-4612
13128,4-8448
13129,4-8863
13130,4-3091
13131,4-5046
13132,7-4400
13133,7-5544
13134,4-4644
13135,1-3340
13136,4-4643
13137,4-3594
13138,2-3887
13139,5-0203
13140,3-9008
13141,1-0405
13142,5-5860
13143,8-4679
13144,5-1502
13145,7-4667
13146,3-7687
13147,7-1706
13148,1-7364
13149,1-8679
13150,2-4576
13151,8-8055
13152,6-6673
13153,4-8469
13154,7-3048
13155,4-6188
13156,2-7284
13157,5-7769
13158,1-9244
13159,1-0077
13160,7-1424
13161,5-1128
13162,2-3049
13163,6-3072
13164,7-1946
13165,6-4755
13166,1-3682
13167,1-1328
13168,6-6380
13169,3-7996
13170,4-4324
13171,7-7031
13172,4-8327
13173,1-5860
13174,6-8096
13175,8-5991
13176,5-5788
13177,4-6907
13178,4-1111
13179,7-9676
13180,7-6297
13181,5-3525
13182,1-1456
13183,1-6515
13184,2-5327
13185,5-3259
13186,2-4788
13187,1-9894
13188,2-1005
13189,7-3158
13190,7-5936
13191,4-2793
13192,5-2909
13193,7-9718
13194,7-4101
13195,7-7894
13196,6-7398
13197,3-1398
13198,1-3473
13199,6-8588
13200,1-9182
13201,6-7448
13202,1-7769
13203,5-8683
13204,3-8862
13205,1-7318
13206,1-2445
13207,2-7544
13208,1-0555
13209,6-6944
13210,2-5575
13211,7-6875
13212,8-7986
13213,2-1879
13214,4-2000
13215,6-1833
13216,1-0206
13217,1-0409
13218,1-2526
13219,5-1949
13220,3-3390
13221,8-8126
13222,1-7489
13223,3-2800
13224,1-6488
13225,2-3692
13226,5-3490
13227,2-9029
13228,2-0534
13229,5-2081
13230,7-4324
13231,6-2807
13232,5-9015
13233,3-0967
13234,2-1439
13235,6-3415
13236,7-8825
13237,5-4865
13238,5-4303
13239,8-0189
13240,1-6746
13241,8-4177
13242,6-9320
13243,2-4211
13244,4-2193
13245,1-8325
13246,8-0829
13247,6-0931
13248,8-1982
13249,5-6357
13250,5-0855
13251,1-3259
13252,7-3106
13253,3-4634
13254,2-6986
13255,3-5829
13256,1-2416
13257,7-3813
13258,1-3506
13259,4-7472
13260,8-7619
13261,6-5846
13262,8-1793
13263,6-6766
13264,1-2058
13265,1-8100
13266,8-3765
13267,3-4531
13268,6-1003
13269,3-1501
13270,1-5483
13271,4-9738
13272,6-7405
13273,5-9969
13274,7-7806
13275,8-4951
13276,6-1615
13277,2-2547
13278,3-5362
13279,4-8126
13280,3-2304
13281,6-9161
13282,4-5495
13283,7-6359
13284,1-3440
13285,8-7564
13286,1-9160
13287,3-8380
13288,3-7696
13289,6-9563
13290,7-1236
13291,4-7562
13292,4-7333
13293,6-5925
13294,7-0798
13295,1-8947
13296,5-3269
13297,5-4200
13298,1-8402
13299,8-0941
13300,8-0125
13301,7-5500
13302,3-4108
13303,6-2935
13304,8-7965
13305,8-6579
13306,5-9478
13307,7-7418
13308,5-1555
13309,3-4786
13310,7-0379
13311,8-4574
13312,5-0557
13313,1-7992
13314,7-6595
13315,7-6002
13316,5-5556
13317,7-0164
13318,6-0322
13319,4-0510
13320,2-8859
13321,6-7383
13322,3-6142
13323,7-1222
13324,4-3523
13325,1-2267
13326,8-7852
13327,6-0274
13328,3-4054
13329,6-1444
13330,8-7467
13331,8-8077
13332,4-9959
13333,3-6329
13334,7-2603
13335,5-2849
13336,3-0827
13337,4-2923
13338,2-7547
13339,6-1040
13340,3-5740
13341,1-0212
13342,8-2890
13343,1-2073
13344,6-1832
13345,5-1025
13346,1-1175
13347,4-3423
13348,4-7364
13349,6-6866
13350,3-7991
13351,5-4141
13352,3-9204
13353,5-3377
13354,6-7040
13355,2-0953
13356,3-7299
13357,1-8298
13358,5-8114
13359,8-2585
13360,6-8850
13361,5-0865
13362,7-5141
13363,7-4470
13364,7-8994
13365,7-9199
13366,7-9047
13367,1-7304
13368,6-6173
13369,6-1644
13370,1-5805
13371,3-2565
13372,1-3534
13373,5-9468
13374,6-4613
13375,1-4589
13376,8-1767
13377,5-5889
13378,2-5815
13379,7-5254
13380,8-9881
13381,6-6195
13382,8-9661
13383,6-5785
13384,2-4300
13385,1-9322
13386,6-1113
13387,8-9077
13388,1-8109
13389,6-4529
13390,7-1183
13391,6-6459
13392,2-2173
13393,3-6833
13394,6-2972
13395,5-9456
13396,6-1736
13397,8-5483
13398,7-1337
13399,3-1534
13400,5-2020
13401,1-5261
13402,5-9503
13403,6-4403
13404,7-8721
13405,4-8652
13406,7-7493
13407,2-1173
13408,8-0553
13409,5-0412
13410,2-2814
13411,7-2674
13412,8-9284
13413,3-6852
13414,7-4811
13415,4-2215
13416,6-4008
13417,2-8379
13418,1-1001
13419,7-5290
13420,1-3095
13421,5-8105
13422,2-0610
13423,6-7262
13424,4-6344
13425,6-4430
13426,3-6890
13427,2-1631
13428,5-8323
13429,7-2164
13430,8-5353
13431,5-1937
13432,6-1760
13433,6-0682
13434,4-7389
13435,1-5687
13436,1-6646
13437,2-2888
13438,4-6307
13439,2-8361
13440,7-9359
13441,7-5885
13442,1-1565
13443,5-9739
13444,8-6340
13445,5-4845
13446,1-0462
13447,3-0126
13448,2-6321
13449,6-7269
13450,2-5581
13451,7-8811
13452,1-1821
13453,3-2527
13454,5-1932
13455,1-0350
13456,3-5674
13457,1-1378
13458,1-0658
13459,2-1867
13460,6-2861
13461,8-4694
13462,3-1445
13463,2-5633
13464,1-5214
13465,2-1369
13466,3-2762
13467,3-6436
13468,3-2197
13469,1-2864
13470,8-9273
13471,1-7210
13472,1-7580
13473,8-9765
13474,4-1277
13475,5-2963
13476,5-4892
13477,8-6422
13478,3-8732
13479,3-0609
13480,4-1024
13481,2-2428
13482,1-5551
13483,6-1333
13484,5-3608
13485,7-4766
13486,1-9479
13487,8-0802
13488,3-3044
13489,5-4866
13490,7-7475
13491,7-5334
13492,6-3512
13493,2-0618
13494,2-9371
13495,6-0124
13496,8-3571
13497,3-1247
13498,7-8090
13499,4-8562
13500,6-7631
13501,3-1739
13502,2-7506
13503,7-7025
13504,5-2164
13505,8-1268
13506,1-1920
13507,6-2213
13508,7-6110
13509,8-5403
13510,1-3374
13511,2-1432
13512,2-1519
13513,5-6416
13514,6-1316
13515,3-9225
13516,7-0542
13517,8-7677
13518,5-1594
13519,8-5419
13520,6-2351
13521,5-0351
13522,5-5145
13523,1-3346
13524,1-7515
13525,2-4314
13526,4-4211
13527,3-4299
13528,1-9920
13529,7-6339
13530,6-5639
13531,1-9891
13532,7-7620
13533,8-4907
13534,8-3591
13535,6-4140
13536,8-0056
13537,5-9766
13538,3-9898
13539,5-2626
13540,8-1109
13541,5-2799
13542,7-1679
13543,2-3149
13544,1-1095
13545,3-3690
13546,1-1239
13547,7-7006
13548,6-3622
13549,4-2900
13550,3-9315
13551,1-4948
13552,1-0652
13553,8-3914
13554,5-9741
13555,1-5933
13556,4-7658
13557,1-0348
13558,4-6505
13559,1-7236
13560,5-0480
13561,3-2729
13562,4-0519
13563,1-3128
13564,2-6042
13565,7-0980
13566,4-4449
13567,3-4925
13568,5-9760
13569,8-1425
13570,2-4282
13571,5-1606
13572,1-0258
13573,8-0505
13574,1-4324
13575,8-6824
13576,8-3694
13577,3-6111
13578,7-8755
13579,4-4076
13580,5-6659
13581,4-0061
13582,1-0057
13583,5-8207
13584,6-8409
13585,3-7162
13586,3-2911
13587,1-3278
13588,2-6209
13589,4-0447
13590,5-2811
13591,7-9944
13592,7-7606
13593,7-0772
13594,6-6476
13595,7-8084
13596,5-2622
13597,4-2924
13598,2-2495
13599,3-6856
13600,6-6670
13601,4-1041
13602,2-8397
13603,6-4141
13604,6-1811
13605,6-4936
13606,1-7468
13607,7-2931
13608,5-1265
13609,5-6226
13610,2-8535
13611,8-2041
13612,2-7892
13613,8-6479
13614,5-6809
13615,8-6919
13616,4-1376
13617,8-4838
13618,2-4883
13619,8-6000
13620,8-9440
13621,2-5760
13622,7-7274
13623,7-5646
13624,6-7068
13625,1-9495
13626,5-8981
13627,3-7514
13628,5-5095
13629,6-6791
13630,3-9530
13631,2-5077
13632,2-3465
13633,7-8715
13634,4-2464
13635,2-6888
13636,3-4736
13637,1-6539
13638,8-9346
13639,6-1574
13640,7-5467
13641,3-0204
13642,8-2025
13643,3-7863
13644,4-2902
13645,6-1145
13646,8-9128
13647,4-8728
13648,3-4489
13649,2-8085
13650,5-8848
13651,3-1244
13652,8-0317
13653,3-8735
13654,6-0403
13655,5-4787
13656,2-6718
13657,5-4237
13658,6-6437
13659,3-4888
13660,4-7346
13661,6-3223
13662,5-7759
13663,5-5977
13664,2-8312
13665,8-0167
13666,7-0750
13667,1-6851
13668,7-6058
13669,5-6380
13670,7-4859
13671,5-1956
13672,4-9970
13673,6-6109
13674,8-9558
13675,5-5044
13676,4-5616
13677,8-4355
13678,7-9136
13679,6-0867
13680,1-6946
13681,4-4662
13682,5-9186
13683,2-6559
13684,8-5820
13685,8-4498
13686,2-3297
13687,5-7737
13688,2-7105
13689,7-9972
13690,6-5586
13691,6-8682
13692,3-9132
13693,5-1675
13694,7-5738
13695,2-5874
13696,8-5490
13697,3-6408
13698,1-1581
13699,3-4573
13700,3-4468
13701,6-4095
13702,1-0930
13703,6-0297
13704,3-3607
13705,2-7328
13706,7-8866
13707,2-4568
13708,6-4798
13709,7-8617
13710,4-3085
13711,7-3064
13712,4-5968
13713,4-2981
13714,4-6141
13715,2-8841
13716,3-3613
13717,1-1437
13718,4-5120
13719,7-0933
13720,7-1629
13721,5-6084
13722,8-9348
13723,4-1981
13724,6-8584
13725,6-9862
13726,5-4333
13727,8-8470
13728,4-0003
13729,4-5308
13730,1-3462
13731,1-9708
13732,5-6829
13733,3-6773
13734,4-1914
13735,3-8265
13736,3-6259
13737,1-7626
13738,5-8418
13739,2-0133
13740,4-6177
13741,8-3205
13742,4-8244
13743,3-9248
13744,3-5745
13745,3-2300
13746,3-0888
13747,2-8179
13748,8-9649
13749,8-8989
13750,5-8051
13751,1-9781
13752,3-7168
13753,1-1607
13754,4-8891
13755,6-7256
13756,2-2318
13757,5-9583
13758,3-2973
13759,4-7414
13760,7-6218
13761,4-8508
13762,2-6955
13763,5-4769
13764,3-5486
13765,5-2373
13766,1-8890
13767,2-2940
13768,2-1932
13769,2-3255
13770,6-0538
13771,5-5656
13772,1-1996
13773,2-5950
13774,2-7888
13775,6-4011
13776,4-3397
13777,3-8248
13778,4-6384
13779,3-5229
13780,7-2568
13781,1-7946
13782,5-8927
13783,2-7909
13784,4-7215
13785,8-9247
13786,2-8650
13787,4-6863
13788,1-2012
13789,2-9433
13790,8-0354
13791,2-4758
13792,5-9894
13793,7-9455
13794,8-4996
13795,2-8763
13796,5-8276
13797,8-7905
13798,3-0751
13799,7-7067
13800,3-1771
13801,7-3958
13802,2-9380
13803,3-4115
13804,7-6502
13805,6-9280
13806,7-9237
13807,6-7307
13808,2-0110
13809,3-2814
13810,2-2494
13811,1-5197
13812,8-1450
13813,4-5717
13814,4-8343
13815,6-1283
13816,7-3591
13817,1-0041
13818,3-8507
13819,2-1430
13820,1-5989
13821,7-0982
13822,8-5901
13823,1-0592
13824,3-1817
13825,5-0612
13826,2-0489
13827,3-9454
13828,8-5858
13829,4-8614
13830,2-9053
13831,3-8688
13832,4-3453
13833,6-8491
13834,7-9387
13835,7-0337
13836,5-7139
13837,1-4167
13838,1-6652
13839,1-5520
13840,7-4884
13841,7-5966
13842,1-0202
13843,5-7497
13844,8-7809
13845,6-0625
13846,6-7615
13847,1-8625
13848,7-0959
13849,3-1868
13850,2-9738
13851,1-5200
13852,5-1518
13853,6-8127
13854,5-7075
13855,3-4647
13856,3-9007
13857,1-9058
13858,3-7503
13859,4-0910
13860,8-2306
13861,3-6116
13862,1-0547
13863,3-6661
13864,4-1189
13865,2-2331
13866,3-2021
13867,7-4180
13868,4-5226
13869,3-3176
13870,7-9948
13871,5-3473
13872,3-4892
13873,3-8604
13874,6-9404
13875,8-7688
13876,1-3112
13877,6-3584
13878,2-6756
13879,5-8033
13880,7-5421
13881,4-1915
13882,6-6933
13883,5-4493
13884,6-4073
13885,7-2404
13886,7-7912
13887,3-8621
13888,5-6270
13889,6-7711
13890,8-8510
13891,8-6027
13892,2-8291
13893,8-6639
13894,2-9891
13895,3-9260
13896,1-5996
13897,6-2391
13898,6-5185
13899,4-2866
13900,6-8315
13901,3-6918
13902,5-5539
13903,7-5229
13904,5-6531
13905,6-9679
13906,6-8498
13907,8-7724
13908,1-5510
13909,5-7650
13910,1-7487
13911,7-7370
13912,5-9260
13913,4-0351
13914,8-8552
13915,2-3690
13916,7-9634
13917,6-0214
13918,2-8853
13919,7-3000
13920,3-1475
13921,1-0005
13922,1-6584
13923,8-4803
13924,6-5473
13925,3-7036
13926,8-0555
13927,1-1155
13928,1-9377
13929,2-3275
13930,4-5632
13931,7-7249
13932,4-2029
13933,6-7755
13934,6-6149
13935,1-9438
13936,6-1755
13937,8-9192
13938,4-9709
13939,4-5744
13940,1-5524
13941,5-9020
13942,3-6051
13943,4-3281
13944,6-7517
13945,6-3319
13946,3-4652
13947,5-4803
13948,1-9043
13949,6-7029
13950,7-5260
13951,8-1278
13952,8-6315
13953,1-8106
13954,6-3773
13955,5-3794
13956,4-8119
13957,4-7408
13958,3-5466
13959,7-5676
13960,2-4417
13961,3-6949
13962,1-5231
13963,2-5797
13964,4-8322
13965,6-5069
13966,1-2996
13967,7-7802
13968,6-9309
13969,5-5421
13970,8-7499
13971,1-1269
13972,7-2789
13973,8-6345
13974,2-7463
13975,2-8759
13976,5-6394
13977,1-2579
13978,2-5841
13979,8-2845
13980,5-7800
13981,8-3911
13982,8-8186
13983,6-2824
13984,2-1174
13985,8-4190
13986,1-9772
13987,1-9686
13988,2-8407
13989,5-3223
13990,4-8095
13991,8-3623
13992,2-6126
13993,2-7367
13994,4-3858
13995,1-8529
13996,3-8057
13997,6-1774
13998,8-3808
13999,7-0012
14000,7-7170
14001,5-8245
14002,7-6590
14003,1-8223
14004,2-6201
14005,2-7404
14006,7-5792
14007,6-1421
14008,3-3382
14009,2-4650
14010,3-4940
14011,3-9175
14012,2-3890
14013,2-2329
14014,6-6934
14015,4-4856
14016,8-8305
14017,2-3063
14018,4-7069
14019,3-8402
14020,6-2359
14021,3-5783
14022,2-6880
14023,8-8744
14024,6-3764
14025,7-3091
14026,7-2648
14027,1-3760
14028,6-3927
14029,2-4369
14030,2-8733
14031,5-9196
14032,1-3341
14033,3-3657
14034,6-5806
14035,3-5803
14036,7-1643
14037,4-8358
14038,4-3511
14039,4-6500
14040,6-9208
14041,4-6972
14042,7-3133
14043,6-1837
14044,7-7384
14045,8-1776
14046,6-6593
14047,2-9609
14048,7-7762
14049,7-8153
14050,6-5794
14051,8-9234
14052,4-0287
14053,5-6974
14054,2-4698
14055,8-7968
14056,5-1061
14057,4-5248
14058,8-1174
14059,6-1328
14060,1-7690
14061,3-2884
14062,7-6629
14063,7-5573
14064,5-1465
14065,4-1839
14066,1-3101
14067,8-8346
14068,5-7498
14069,4-7293
14070,7-5474
14071,8-5643
14072,8-3460
14073,7-4622
14074,3-7699
14075,5-9175
14076,1-4102
14077,8-3072
14078,5-1765
14079,7-9374
14080,2-8277
14081,2-0233
14082,2-7676
14083,2-7588
14084,7-8269
14085,3-2413
14086,1-3165
14087,3-6270
14088,6-9981
14089,5-1543
14090,3-3262
14091,1-2631
14092,4-1884
14093,7-0347
14094,8-1875
14095,2-5634
14096,8-1298
14097,1-7221
14098,4-7546
14099,5-7187
14100,4-2066
14101,5-9993
14102,2-6863
14103,2-5273
14104,3-1355
14105,6-4481
14106,6-1052
14107,1-1300
14108,1-1940
14109,6-5343
14110,4-5972
14111,8-5508
14112,7-1793
14113,7-8465
14114,8-7747
14115,3-3672
14116,5-4322
14117,7-3617
14118,6-7195
14119,8-0208
14120,4-7905
14121,2-6732
14122,3-3764
14123,6-7887
14124,5-9222
14125,1-4309
14126,1-0800
14127,4-7745
14128,5-5487
14129,6-3004
14130,1-5323
14131,2-1862
14132,7-5572
14133,7-1075
14134,8-2362
14135,6-1460
14136,6-3174
14137,1-1125
14138,6-9775
14139,1-7920
14140,3-2264
14141,8-7228
14142,8-5449
14143,3-7781
14144,6-2106
14145,1-9633
14146,4-1195
14147,3-6589
14148,5-6648
14149,1-1123
14150,3-8459
14151,2-6066
14152,1-4868
14153,8-2486
14154,4-0578
14155,8-5521
14156,6-4627
14157,2-8617
14158,1-5555
14159,1-7717
14160,5-4779
14161,4-4609
14162,3-2208
14163,1-6816
14164,8-3044
14165,8-4513
14166,3-5426
14167,1-9790
14168,5-0598
14169,4-9101
14170,6-5826
14171,7-3269
14172,4-6738
14173,2-5757
14174,2-4437
14175,8-2720
14176,1-5980
14177,1-4056
14178,5-1315
14179,8-3013
14180,5-1728
14181,8-0492
14182,3-7833
14183,3-6428
14184,5-2149
14185,2-0484
14186,5-1336
14187,4-1597
14188,1-4903
14189,6-6350
14190,6-9596
14191,6-4013
14192,3-4869
14193,7-4567
14194,3-8652
14195,5-7898
14196,6-3487
14197,6-8251
14198,1-3408
14199,6-7363
14200,3-9689
14201,5-3569
14202,5-4336
14203,2-0262
14204,4-0110
14205,4-5484
14206,7-7952
14207,3-3845
14208,6-5580
14209,8-6656
14210,8-7803
14211,8-5537
14212,3-0757
14213,6-3359
14214,4-0260
14215,2-9747
14216,4-5946
14217,6-3053
14218,7-7985
14219,4-7857
14220,5-8691
14221,2-8865
14222,1-6808
14223,8-1792
14224,3-7123
14225,7-0689
14226,6-3737
14227,2-1011
14228,7-9711
14229,2-2419
14230,3-2329
14231,2-6381
14232,3-9072
14233,8-7389
14234,1-7693
14235,7-3127
14236,2-7183
14237,6-0115
14238,6-9131
14239,4-9848
14240,8-8096
14241,7-9194
14242,2-5137
14243,4-0801
14244,6-4582
14245,5-2153
14246,8-9932
14247,1-9716
14248,7-1085
14249,6-6961
14250,6-8925
14251,4-4049
14252,6-9707
14253,1-4026
14254,3-8808
14255,2-4958
14256,7-6405
14257,6-1440
14258,4-1865
14259,5-6649
14260,2-8095
14261,1-0010
14262,6-1779
14263,4-4302
14264,4-5700
14265,4-2292
14266,2-5504
14267,6-0503
14268,7-9182
14269,3-9751
14270,3-9466
14271,3-6319
14272,5-6955
14273,1-6559
14274,6-1513
14275,8-8403
14276,8-6535
14277,6-3950
14278,7-5731
14279,6-6725
14280,7-1340
14281,5-7599
14282,6-6114
14283,7-7347
14284,2-3955
14285,3-7975
14286,4-4905
14287,4-7962
14288,8-6478
14289,1-3507
14290,7-8850
14291,1-8792
14292,1-3968
14293,6-9726
14294,1-8768
14295,5-2951
14296,7-0557
14297,2-2214
14298,5-8283
14299,3-0747
14300,1-5352
14301,6-4987
14302,8-8190
14303,3-0057
14304,3-9610
14305,6-4753
14306,2-2482
14307,5-2780
14308,7-0594
14309,4-8139
14310,2-5124
14311,6-8232
14312,5-7326
14313,3-4416
14314,3-6549
14315,6-9986
14316,3-6543
14317,7-0200
14318,8-7172
14319,2-9270
14320,6-5086
14321,3-4306
14322,7-4213
14323,5-7616
14324,6-4278
14325,4-6527
14326,6-1705
14327,1-6319
14328,2-1500
14329,6-6871
14330,6-6568
14331,3-2719
14332,6-4554
14333,2-7661
14334,3-9320
14335,1-5662
14336,6-5452
14337,5-9246
14338,8-0758
14339,8-7431
14340,5-3231
14341,3-6836
14342,1-1830
14343,1-8154
14344,3-8997
14345,8-2566
14346,7-1040
14347,7-2482
14348,5-2098
14349,4-6272
14350,4-7606
14351,6-7639
14352,5-8343
14353,4-8405
14354,2-0255
14355,3-7561
14356,1-7065
14357,8-1363
14358,6-2881
14359,4-7009
14360,1-7565
14361,4-9811
14362,7-8140
14363,2-2160
14364,1-4413
14365,2-7106
14366,1-5877
14367,8-8907
14368,8-6472
14369,4-9463
14370,8-1354
14371,3-0108
14372,8-5973
14373,2-6161
14374,3-0755
14375,1-7348
14376,2-9962
14377,6-9057
14378,4-4640
14379,5-9265
14380,1-3400
14381,8-3769
14382,4-3092
14383,3-4579
14384,4-5900
14385,4-7534
14386,5-7446
14387,8-1043
14388,6-3057
14389,4-5489
14390,6-2606
14391,3-7414
14392,7-6062
14393,5-7598
14394,1-7673
14395,7-2964
14396,3-2339
14397,5-9865
14398,3-2972
14399,3-1872
14400,2-1614
14401,6-0057
14402,7-3754
14403,3-8740
14404,5-8354
14405,5-9084
14406,8-1386
14407,1-8486
14408,7-9336
14409,5-9654
14410,4-4457
14411,6-2396
14412,1-8457
14413,3-3856
14414,2-5413
14415,4-3633
14416,2-6246
14417,5-6040
14418,5-1898
14419,3-0649
14420,6-1493
14421,8-0890
14422,6-8371
14423,4-8087
14424,5-7492
14425,3-6902
14426,2-0526
14427,1-5353
14428,3-9303
14429,1-4546
14430,5-2832
14431,5-8069
14432,4-2160
14433,3-8163
14434,3-1276
14435,2-2950
14436,7-2626
14437,1-0225
14438,7-1689
14439,4-8501
14440,4-8787
14441,4-1400
14442,7-5051
14443,6-2250
14444,5-1015
14445,5-1133
14446,3-5215
14447,6-7004
14448,7-6096
14449,4-3435
14450,6-6234
14451,7-2973
14452,4-6685
14453,4-0553
14454,2-4628
14455,6-3630
14456,8-2540
14457,2-2197
14458,2-7518
14459,3-0215
14460,7-6497
14461,8-9481
14462,1-1327
14463,2-2192
14464,3-4292
14465,5-0502
14466,5-9438
14467,2-1282
14468,6-7255
14469,5-0791
14470,8-6508
14471,6-2865
14472,1-7924
14473,1-8281
14474,2-6625
14475,1-2244
14476,3-0119
14477,1-8415
14478,5-3268
14479,4-5622
14480,7-9315
14481,1-5514
14482,4-2917
14483,4-5813
14484,2-5447
14485,3-9058
14486,5-6369
14487,7-1184
14488,8-4484
14489,8-1667
14490,4-7448
14491,1-8214
14492,3-9216
14493,8-9912
14494,3-8484
14495,7-3359
14496,3-2496
14497,7-7677
14498,1-5105
14499,6-3949
14500,1-0841
14501,2-8333
14502,7-2180
14503,4-8654
14504,5-2448
14505,2-6316
14506,4-4320
14507,2-2491
14508,8-5635
14509,3-9763
14510,3-7675
14511,7-2726
14512,7-1927
14513,6-4333
14514,2-9399
14515,4-8470
14516,4-0138
14517,7-0963
14518,8-4871
14519,5-7003
14520,5-9268
14521,8-1083
14522,4-4524
14523,3-2688
14524,8-0907
14525,6-1414
14526,4-8850
14527,2-1035
14528,8-6566
14529,4-2284
14530,3-1878
14531,6-5715
14532,4-8245
14533,4-4892
14534,7-8589
14535,4-3304
14536,1-6466
14537,1-2258
14538,1-3552
14539,7-8323
14540,2-3056
14541,4-5859
14542,2-0533
14543,2-6160
14544,8-7011
14545,1-4132
14546,1-4255
14547,8-2535
14548,2-9527
14549,8-5334
14550,2-6872
14551,7-8072
14552,4-3576
14553,7-7900
14554,1-2733
14555,4-0762
14556,4-7400
14557,4-6991
14558,6-8505
14559,1-4239
14560,6-1503
14561,6-2017
14562,2-5778
14563,3-7034
14564,4-0384
14565,4-0577
14566,5-7231
14567,1-6780
14568,5-7327
14569,2-7401
14570,4-9822
14571,3-2932
14572,6-5337
14573,4-7902
14574,2-2932
14575,6-6547
14576,5-8537
14577,1-7034
14578,7-5424
14579,2-4197
14580,2-4707
14581,8-5704
14582,1-2319
14583,8-9979
14584,3-7130
14585,1-9306
14586,3-6466
14587,8-9978
14588,1-2870
14589,5-2430
14590,5-4750
14591,8-8326
14592,7-5401
14593,3-2192
14594,7-9613
14595,3-8666
14596,4-2073
14597,8-4412
14598,7-4877
14599,3-9126
14600,6-8632
14601,5-8896
14602,8-9730
14603,2-1326
14604,5-0344
14605,1-7046
14606,7-4625
14607,2-5278
14608,4-3186
14609,3-4758
14610,4-2524
14611,2-4831
14612,2-5112
14613,7-8650
14614,7-6855
14615,1-9233
14616,7-1422
14617,1-2216
14618,6-8005
14619,5-1417
14620,6-8685
14621,7-4802
14622,7-6829
14623,4-1317
14624,2-4316
14625,4-2870
14626,3-0813
14627,5-2432
14628,2-1438
14629,5-5791
14630,4-5939
14631,7-8980
14632,6-7769
14633,5-1903
14634,8-6828
14635,6-2680
14636,8-1071
14637,6-8088
14638,7-0334
14639,6-2917
14640,5-7212
14641,2-6435
14642,2-9521
14643,7-3046
14644,6-2489
14645,1-3615
14646,1-2958
14647,1-7699
14648,4-2594
14649,2-8840
14650,3-3656
14651,8-7084
14652,3-0761
14653,4-5171
14654,7-7861
14655,5-7579
14656,6-6572
14657,7-8278
14658,7-4062
14659,2-5783
14660,2-4813
14661,5-1612
14662,1-3389
14663,7-1612
14664,3-0384
14665,5-5319
14666,7-5944
14667,1-2188
14668,3-2367
14669,3-6717
14670,6-2296
14671,8-3336
14672,4-1524
14673,7-9978
14674,1-6568
14675,3-4580
14676,2-0523
14677,1-1521
14678,4-7152
14679,7-6013
14680,7-8944
14681,5-8846
14682,6-6755
14683,8-8443
14684,3-6208
14685,2-6857
14686,4-5653
14687,2-2522
14688,3-4419
14689,3-2299
14690,1-6577
14691,8-6216
14692,4-7500
14693,1-2060
14694,3-7435
14695,2-6681
14696,1-6414
14697,2-7419
14698,5-4269
14699,7-6955
14700,6-5348
14701,3-4493
14702,3-9842
14703,8-0422
14704,1-6878
14705,5-8589
14706,4-2158
14707,5-2230
14708,7-2762
14709,6-1424
14710,7-9351
14711,1-2082
14712,6-9470
14713,2-2715
14714,7-6191
14715,6-4551
14716,6-9507
14717,8-7007
14718,6-6103
14719,5-1938
14720,4-5158
14721,7-5585
14722,7-4885
14723,5-8227
14724,4-0464
14725,4-2264
14726,3-8763
14727,3-0286
14728,1-6075
14729,4-3542
14730,3-0115
14731,7-7568
14732,7-0627
14733,8-6861
14734,3-3220
14735,2-2676
14736,8-4418
14737,1-7347
14738,7-2638
14739,6-8690
14740,3-0795
14741,6-0505
14742,1-2372
14743,8-9402
14744,6-3647
14745,4-0279
14746,6-7396
14747,7-4764
14748,4-3391
14749,1-6082
14750,1-8023
14751,6-0213
14752,2-3987
14753,4-3678
14754,7-6824
14755,8-1732
14756,4-6653
14757,3-4047
14758,5-4408
14759,8-1097
14760,8-3641
14761,4-2734
14762,8-4987
14763,1-4900
14764,3-2611
14765,7-0976
14766,6-7793
14767,4-3417
14768,2-1936
14769,8-4058
14770,1-0529
14771,7-4021
14772,1-4867
14773,7-8759
14774,7-0401
14775,1-0696
14776,3-9418
14777,8-9283
14778,4-6295
14779,8-2255
14780,6-9092
14781,2-2057
14782,3-0805
14783,6-6578
14784,7-0224
14785,2-4388
14786,5-7735
14787,1-8707
14788,7-5981
14789,2-8454
14790,1-0842
14791,4-2200
14792,5-7381
14793,6-9732
14794,5-3141
14795,6-7322
14796,6-4933
14797,5-7373
14798,7-9021
14799,7-5761
14800,5-2124
14801,5-0420
14802,4-3214
14803,5-6747
14804,4-0611
14805,6-7192
14806,5-6508
14807,7-0526
14808,7-6007
14809,5-8189
14810,4-4683
14811,1-6076
14812,8-3445
14813,4-3383
14814,4-8224
14815,5-2227
14816,1-1051
14817,7-4292
14818,8-4008
14819,8-2838
14820,7-9724
14821,8-4370
14822,4-5104
14823,4-6528
14824,8-3635
14825,6-7877
14826,5-3209
14827,2-0469
14828,6-9183
14829,7-5108
14830,2-8586
14831,6-6034
14832,1-9218
14833,7-7387
14834,8-2394
14835,7-1058
14836,3-6708
14837,5-0788
14838,8-0670
14839,5-7016
14840,1-5321
14841,2-1504
14842,8-4751
14843,7-9339
14844,6-3694
14845,6-5092
14846,3-2820
14847,6-6250
14848,1-9442
14849,2-8293
14850,8-7291
14851,8-6817
14852,8-9761
14853,8-5489
14854,5-3696
14855,4-2896
14856,5-7505
14857,7-4770
14858,8-1567
14859,6-4039
14860,6-7136
14861,4-2058
14862,1-8897
14863,5-6813
14864,5-8553
14865,7-3565
14866,7-4555
14867,7-1976
14868,5-8760
14869,1-2787
14870,1-6739
14871,3-9920
14872,3-4895
14873,1-8903
14874,1-9818
14875,6-6031
14876,2-0297
14877,1-5276
14878,8-1478
14879,1-4045
14880,1-5809
14881,6-8873
14882,8-7211
14883,4-6471
14884,7-3579
14885,4-1070
14886,1-3116
14887,2-5453
14888,1-9079
14889,4-9218
14890,5-1301
14891,8-3820
14892,4-2737
14893,6-6376
14894,5-8117
14895,6-9581
14896,8-8018
14897,5-6386
14898,5-0876
14899,3-3944
14900,4-2170
14901,7-9393
14902,3-2596
14903,8-0036
14904,2-0531
14905,4-8476
14906,2-4752
14907,1-0821
14908,4-8204
14909,2-0404
14910,1-6444
14911,5-5275
14912,7-2978
14913,1-7599
14914,4-4653
14915,5-0363
14916,2-9278
14917,8-2053
14918,4-5491
14919,1-2697
14920,1-9696
14921,1-5589
14922,3-9674
14923,7-7231
14924,6-8198
14925,5-6838
14926,2-2096
14927,3-8776
14928,6-5723
14929,7-6623
14930,2-5214
14931,8-0777
14932,2-6315
14933,4-2379
14934,4-6560
14935,4-4116
14936,3-1342
14937,6-4336
14938,3-4672
14939,4-9001
14940,7-5103
14941,7-5287
14942,6-8848
14943,4-4764
14944,8-9172
14945,5-1073
14946,6-8273
14947,4-3935
14948,4-0478
14949,5-9756
14950,5-7026
14951,1-9852
14952,6-0364
14953,1-0940
14954,3-2356
14955,7-8981
14956,2-8247
14957,8-3510
14958,8-3043
14959,5-7080
14960,4-3696
14961,8-0641
14962,1-7431
14963,2-9391
14964,2-6375
14965,3-5236
14966,8-3730
14967,7-6906
14968,8-5441
14969,6-8902
14970,3-6866
14971,3-0508
14972,7-2770
14973,6-7476
14974,6-2932
14975,6-8595
14976,3-5986
14977,3-9956
14978,1-7009
14979,1-5102
14980,7-2859
14981,7-1798
14982,6-4555
14983,5-4012
14984,1-5318
14985,6-6062
14986,7-5597
14987,7-7399
14988,8-1837
14989,5-2526
14990,7-9922
14991,8-4361
14992,3-1832
14993,8-3902
14994,3-5887
14995,3-7060
14996,7-9303
14997,3-6317
14998,4-7344
14999,3-4163
15000,4-7197
15001,2-7777
15002,8-2098
15003,8-7130
15004,2-4674
15005,7-1363
15006,7-8070
15007,4-8582
15008,6-9761
15009,1-9576
15010,1-2810
15011,3-5473
15012,6-6919
15013,2-4348
15014,4-6284
15015,2-5115
15016,1-9539
15017,4-6365
15018,4-4935
15019,4-1382
15020,8-8577
15021,8-1598
15022,7-4036
15023,6-1299
15024,6-6894
15025,7-4217
15026,8-5621
15027,1-4055
15028,2-3714
15029,4-1552
15030,7-1288
15031,7-7176
15032,1-3913
15033,5-7951
15034,3-2522
15035,8-7243
15036,4-0109
15037,2-9700
15038,8-2641
15039,3-1632
15040,8-2522
15041,8-6148
15042,1-2300
15043,5-5207
15044,8-9271
15045,6-9739
15046,1-4244
15047,4-7439
15048,8-8476
15049,2-5605
15050,5-5589
15051,8-8276
15052,7-5737
15053,4-8062
15054,4-6853
15055,1-8770
15056,4-9052
15057,7-6516
15058,3-9394
15059,8-4964
15060,8-3318
15061,4-0849
15062,8-9880
15063,3-6617
15064,1-4343
15065,2-4275
15066,7-4437
15067,6-1221
15068,5-6086
15069,4-0045
15070,5-1470
15071,6-9289
15072,8-0650
15073,8-6941
15074,5-8259
15075,5-2216
15076,5-3646
15077,8-7422
15078,5-0719
15079,4-7680
15080,1-3899
15081,2-4554
15082,7-8321
15083,1-9462
15084,2-7352
15085,5-2196
15086,4-6728
15087,2-0544
15088,7-5526
15089,4-7754
15090,5-6421
15091,4-9604
15092,4-9638
15093,8-8285
15094,2-6560
15095,1-0187
15096,2-4403
15097,1-7126
15098,2-8329
15099,3-7784
15100,3-8152
15101,1-6086
15102,7-2735
15103,1-5183
15104,1-8589
15105,8-9052
15106,5-0607
15107,3-6964
15108,8-3005
15109,6-2788
15110,2-7309
15111,5-1641
15112,3-4848
15113,2-5513
15114,5-3900
15115,8-3265
15116,4-3902
15117,8-0117
15118,3-9925
15119,1-0970
15120,8-4724
15121,2-4878
15122,1-9540
15123,4-3816
15124,7-5540
15125,6-5920
15126,2-2398
15127,4-5786
15128,6-2043
15129,7-1135
15130,7-8860
15131,6-1851
15132,3-4539
15133,4-9878
15134,7-9476
15135,8-0577
15136,8-3091
15137,8-9368
15138,3-1670
15139,2-6589
15140,4-4175
15141,1-5738
15142,8-0127
15143,5-6240
15144,7-8966
15145,8-9267
15146,1-2883
15147,3-4551
15148,7-2170
15149,4-6909
15150,7-9082
15151,7-1246
15152,6-6258
15153,2-3318
15154,8-7827
15155,3-3934
15156,6-9743
15157,6-1484
15158,3-6772
15159,6-2995
15160,2-3006
15161,8-4813
15162,3-9912
15163,1-2668
15164,3-8370
15165,3-9086
15166,2-3736
15167,7-6917
15168,1-4843
15169,1-3930
15170,5-9400
15171,6-5805
15172,8-2598
15173,8-2170
15174,5-4690
15175,5-5655
15176,2-7296
15177,6-8050
15178,3-1255
15179,7-5683
15180,4-5034
15181,1-3039
15182,2-3300
15183,4-5910
15184,8-1341
15185,8-5864
15186,2-7825
15187,5-3388
15188,8-5713
15189,1-3351
15190,1-1360
15191,7-9565
15192,7-7927
15193,7-1414
15194,2-3361
15195,1-8654
15196,4-8414
15197,1-2734
15198,8-5048
15199,4-9696
15200,8-6858
15201,5-3057
15202,4-8415
15203,8-4733
15204,7-1614
15205,1-5335
15206,1-1406
15207,6-4570
15208,8-0811
15209,3-1422
15210,1-0731
15211,4-4520
15212,8-1797
15213,7-5034
15214,1-9380
15215,8-1686
15216,1-5372
15217,8-6532
15218,5-5629
15219,1-1941
15220,7-0270
15221,3-1163
15222,5-3004
15223,3-4813
15224,8-0699
15225,8-8423
15226,4-0227
15227,7-7027
15228,4-0706
15229,7-3662
15230,5-3079
15231,3-4085
15232,2-7629
15233,5-3542
15234,4-0749
15235,8-7531
15236,5-7154
15237,1-2699
15238,6-5082
15239,6-0199
15240,6-1843
15241,2-8283
15242,3-2414
15243,6-1245
15244,3-8804
15245,5-0347
15246,3-3966
15247,1-1893
15248,3-7464
15249,3-4951
15250,6-6623
15251,6-6688
15252,6-4004
15253,8-2515
15254,7-7598
15255,7-2675
15256,3-3340
15257,1-6344
15258,2-7120
15259,4-6148
15260,7-7680
15261,4-5019
15262,4-1930
15263,8-6020
15264,6-0491
15265,4-5391
15266,1-3113
15267,6-8924
15268,5-4733
15269,7-2077
15270,6-4443
15271,7-8135
15272,8-3861
15273,7-2881
15274,5-5702
15275,4-8905
15276,2-4408
15277,4-4657
15278,5-8576
15279,7-7112
15280,4-0536
15281,5-2632
15282,7-7241
15283,4-3726
15284,5-1384
15285,7-0860
15286,6-4871
15287,2-3437
15288,1-7958
15289,8-9490
15290,7-9919
15291,8-7500
15292,8-9831
15293,2-4422
15294,3-5367
15295,6-3228
15296,8-5916
15297,4-1109
15298,2-7911
15299,3-2181
15300,3-7811
15301,2-7048
15302,7-8619
15303,8-0464
15304,3-1940
15305,8-4328
15306,3-2115
15307,7-4389
15308,3-2203
15309,8-5785
15310,6-9527
15311,4-5305
15312,5-3226
15313,6-7946
15314,5-5377
15315,2-2031
15316,5-6988
15317,4-2064
15318,6-9817
15319,5-7288
15320,4-0101
15321,8-5009
15322,2-0594
15323,6-9740
15324,6-6868
15325,8-3463
15326,7-7750
15327,7-2378
15328,7-4695
15329,1-2600
15330,5-1431
15331,6-9977
15332,1-3755
15333,4-8170
15334,6-9491
15335,2-2198
15336,3-0504
15337,4-8462
15338,7-6944
15339,5-3733
15340,4-3714
15341,4-2187
15342,1-1201
15343,4-6170
15344,8-7144
15345,3-3883
15346,1-4321
15347,5-2326
15348,1-2952
15349,6-0633
15350,5-2942
15351,2-0840
15352,4-2965
15353,8-7706
15354,7-3403
15355,7-3346
15356,2-9032
15357,7-2421
15358,7-3291
15359,3-1419
15360,8-9615
15361,1-6850
15362,1-5712
15363,6-4366
15364,2-3282
15365,6-1088
15366,7-9526
15367,5-0941
15368,7-8043
15369,4-5941
15370,5-6946
15371,4-0568
15372,5-0387
15373,8-8118
15374,3-0900
15375,5-6732
15376,2-7760
15377,4-6943
15378,1-9350
15379,8-2004
15380,6-9055
15381,3-4742
15382,5-0117
15383,3-9414
15384,7-8250
15385,1-8090
15386,4-7347
15387,3-1637
15388,4-3755
15389,2-7436
15390,4-7930
15391,6-6444
15392,4-4145
15393,1-6061
15394,7-7524
15395,5-9553
15396,4-1529
15397,1-0796
15398,3-8909
15399,7-3155
15400,5-2546
15401,3-2013
15402,8-6140
15403,4-0561
15404,2-2652
15405,6-6436
15406,2-5780
15407,1-2291
15408,2-5753
15409,6-8799
15410,6-7124
15411,3-3570
15412,7-4983
15413,6-7487
15414,7-3042
15415,2-3540
15416,2-3291
15417,5-7392
15418,2-6648
15419,3-0014
15420,7-7855
15421,3-3119
15422,5-3447
15423,1-8234
15424,6-7244
15425,7-9723
15426,8-9343
15427,7-7860
15428,2-2704
15429,8-1258
15430,1-6830
15431,3-9716
15432,3-2751
15433,2-5465
15434,3-4686
15435,7-8903
15436,4-4401
15437,8-6993
15438,6-4485
15439,1-8444
15440,6-7985
15441,6-9203
15442,8-3253
15443,4-3335
15444,1-2848
15445,4-3142
15446,1-8401
15447,8-8513
15448,4-9122
15449,7-6130
15450,1-3602
15451,8-8356
15452,2-3606
15453,3-2894
15454,4-7373
15455,4-9262
15456,5-5711
15457,1-1374
15458,7-4253
15459,7-7499
15460,8-8375
15461,7-8215
15462,1-1678
15463,8-7960
15464,1-7623
15465,2-1138
15466,3-3556
15467,6-8493
15468,3-7291
15469,1-2547
15470,5-7750
15471,5-6674
15472,5-9566
15473,3-9948
15474,8-7123
15475,4-7573
15476,3-4633
15477,2-6415
15478,3-0216
15479,1-2127
15480,7-5836
15481,3-9157
15482,7-2596
15483,4-3317
15484,8-4125
15485,7-9096
15486,3-4867
15487,2-9041
15488,3-1436
15489,8-2614
15490,6-2289
15491,2-5334
15492,8-3194
15493,3-4440
15494,1-3885
15495,3-8761
15496,2-4963
15497,5-2939
15498,4-3828
15499,2-2451
15500,2-7359
15501,6-7927
15502,2-7052
15503,3-4107
15504,2-5515
15505,5-7210
15506,2-4161
15507,2-7349
15508,8-4723
15509,8-5259
15510,5-1923
15511,3-8661
15512,2-6563
15513,2-3909
15514,6-6672
15515,3-8616
15516,2-6942
15517,4-7407
15518,8-3235
15519,3-0839
15520,1-3754
15521,8-5898
15522,2-6367
15523,5-5768
15524,4-9529
15525,5-2350
15526,5-2766
15527,2-9801
15528,7-8317
15529,2-7370
15530,8-8206
15531,1-7624
15532,8-9135
15533,3-9836
15534,1-3096
15535,2-3602
15536,1-5626
15537,3-6313
15538,8-3583
15539,1-4825
15540,1-2257
15541,3-8120
15542,6-8437
15543,1-5351
15544,2-6850
15545,2-5118
15546,3-2907
15547,4-5601
15548,3-2646
15549,5-7108
15550,5-3015
15551,3-1088
15552,7-8239
15553,8-3774
15554,2-8300
15555,7-4244
15556,8-5857
15557,5-7541
15558,4-5275
15559,1-1031
15560,8-8698
15561,4-0203
15562,4-9042
15563,3-5983
15564,4-2634
15565,3-6633
15566,6-1344
15567,1-7120
15568,1-8944
15569,1-8064
15570,7-6269
15571,6-7700
15572,2-6249
15573,5-7410
15574,6-5534
15575,8-0835
15576,1-7810
15577,8-2215
15578,1-6066
15579,8-8826
15580,8-4924
15581,2-2361
15582,2-7530
15583,6-6467
15584,2-4184
15585,4-2433
15586,4-6423
15587,3-7667
15588,8-6595
15589,7-1032
15590,6-0653
15591,5-8094
15592,1-3202
15593,5-2187
15594,3-9978
15595,8-1987
15596,2-1016
15597,2-1571
15598,8-5158
15599,6-0634
15600,1-3566
15601,1-0830
15602,2-9076
15603,2-2002
15604,5-5960
15605,4-3728
15606,4-3269
15607,2-6498
15608,8-7855
15609,7-8685
15610,7-7309
15611,5-5569
15612,6-2970
15613,4-6064
15614,6-4609
15615,2-9207
15616,4-8946
15617,8-1007
15618,1-0062
15619,4-9849
15620,3-0037
15621,7-1682
15622,3-9719
15623,1-8189
15624,8-7171
15625,8-8974
15626,1-4652
15627,4-2997
15628,7-9207
15629,1-0422
15630,3-8756
15631,2-1121
15632,3-0327
15633,8-4348
15634,7-0866
15635,7-3991
15636,6-9242
15637,5-2111
15638,4-5731
15639,1-3104
15640,2-6844
15641,2-3920
15642,8-7482
15643,2-8538
15644,8-3039
15645,2-9960
15646,1-2306
15647,3-7576
15648,8-6831
15649,8-1595
15650,8-7966
15651,4-7416
15652,2-5512
15653,3-5057
15654,8-7783
15655,4-4997
15656,5-5592
15657,2-9292
15658,1-9005
15659,5-6176
15660,8-1372
15661,4-9844
15662,1-6623
15663,6-4942
15664,4-4614
15665,7-4413
15666,8-0143
15667,3-6478
15668,7-9424
15669,8-7224
15670,8-0340
15671,3-1450
15672,3-3765
15673,4-4948
15674,4-7973
15675,3-6304
15676,7-0851
15677,1-8560
15678,6-9018
15679,3-2798
15680,2-0942
15681,5-2336
15682,2-5261
15683,1-3392
15684,6-4464
15685,5-2180
15686,5-5513
15687,1-1828
15688,5-4120
15689,1-4983
15690,6-4173
15691,2-8573
15692,3-2440
15693,6-5622
15694,5-5312
15695,3-1500
15696,5-4063
15697,8-9367
15698,7-5908
15699,7-4738
15700,6-1294
15701,2-2299
15702,8-5279
15703,5-5904
15704,7-2592
15705,7-8972
15706,3-4991
15707,4-5535
15708,7-3627
15709,1-7010
15710,7-4236
15711,1-7032
15712,4-4008
15713,3-3686
15714,4-7668
15715,6-3403
15716,3-9679
15717,8-9467
15718,6-4874
15719,5-1049
15720,5-8065
15721,7-5323
15722,5-1691
15723,8-5585
15724,5-8015
15725,2-2073
15726,4-4895
15727,6-4176
15728,1-2974
15729,2-0504
15730,8-2923
15731,6-4314
15732,2-0430
15733,3-4592
15734,5-2241
15735,6-3496
15736,3-6310
15737,7-7942
15738,8-7373
15739,8-1062
15740,7-0725
15741,6-6255
15742,7-6487
15743,1-8956
15744,1-0780
15745,6-9425
15746,8-6098
15747,2-4215
15748,2-4955
15749,4-7310
15750,3-5867
15751,6-7833
15752,4-9169
15753,6-7227
15754,4-3124
15755,7-5515
15756,6-7376
15757,4-1607
15758,6-8337
15759,6-8031
15760,2-9445
15761,8-4399
15762,2-8118
15763,5-7501
15764,7-7851
15765,2-0171
15766,6-5568
15767,6-4711
15768,5-6679
15769,4-7984
15770,1-9988
15771,4-1105
15772,5-4023
15773,8-0800
15774,5-7351
15775,1-7707
15776,8-0080
15777,6-4626
15778,4-5624
15779,5-5391
15780,1-3662
15781,5-3286
15782,6-8920
15783,8-0627
15784,7-3673
15785,3-1396
15786,6-7749
15787,1-7855
15788,8-7877
15789,1-1248
15790,8-2414
15791,3-6720
15792,7-1205
15793,3-8757
15794,2-0600
15795,6-4918
15796,8-2477
15797,1-9106
15798,4-2051
15799,5-4273
15800,2-6900
15801,8-7913
15802,3-4106
15803,8-2280
15804,3-5288
15805,5-6500
15806,7-7368
15807,6-0398
15808,8-5119
15809,1-5642
15810,2-6504
15811,7-2127
15812,3-7499
15813,4-5140
15814,4-0638
15815,2-1997
15816,3-7262
15817,4-6339
15818,5-2581
15819,4-6576
15820,5-2494
15821,7-8737
15822,1-6708
15823,7-0094
15824,7-2912
15825,8-9339
15826,5-1520
15827,6-4281
15828,8-8052
15829,6-0669
15830,4-6349
15831,4-9456
15832,8-2208
15833,6-4340
15834,2-8267
15835,1-5975
15836,1-1819
15837,3-0315
15838,6-2210
15839,8-2529
15840,5-0565
15841,5-0081
15842,8-0643
15843,2-4175
15844,7-0564
15845,6-9673
15846,2-0661
15847,5-7262
15848,7-9480
15849,8-6825
15850,2-4771
15851,6-4816
15852,1-5836
15853,6-5624
15854,7-6134
15855,4-5657
15856,6-8350
15857,4-9913
15858,8-8741
15859,8-5467
15860,7-5560
15861,4-6347
15862,8-4842
15863,6-7305
15864,2-5496
15865,7-4335
15866,1-9542
15867,8-9171
15868,5-4222
15869,4-6199
15870,2-9567
15871,3-6822
15872,1-6571
15873,2-7368
15874,3-5963
15875,3-5696
15876,5-8817
15877,4-9578
15878,1-9557
15879,5-4445
15880,3-4165
15881,8-9538
15882,5-3478
15883,8-7732
15884,8-2560
15885,1-9231
15886,8-7973
15887,3-7498
15888,1-6978
15889,5-9230
15890,3-8695
15891,8-4358
15892,4-7298
15893,2-6308
15894,1-5161
15895,4-4558
15896,7-3131
15897,2-3420
15898,8-6558
15899,3-2371
15900,1-4650
15901,4-8068
15902,7-9282
15903,4-2049
15904,8-0495
15905,1-8922
15906,1-7697
15907,4-4739
15908,1-2867
15909,2-8426
15910,6-7119
15911,4-6791
15912,2-7412
15913,5-5423
15914,6-9683
15915,8-7538
15916,8-8993
15917,3-4313
15918,8-1563
15919,8-6443
15920,3-3243
15921,1-5011
15922,3-3640
15923,2-1776
15924,7-9976
15925,3-9658
15926,2-2493
15927,6-3618
15928,7-1362
15929,6-6750
15930,4-5499
15931,8-5147
15932,8-1827
15933,8-2336
15934,7-6273
15935,3-5330
15936,3-6710
15937,3-0720
15938,3-3159
15939,7-4106
15940,3-8143
15941,1-1860
15942,2-2872
15943,2-0177
15944,6-4434
15945,1-0577
15946,2-5904
15947,4-9678
15948,5-9109
15949,8-1931
15950,5-9192
15951,2-5248
15952,1-1099
15953,8-6796
15954,2-0979
15955,7-3440
15956,3-8435
15957,4-5911
15958,6-5600
15959,7-2947
15960,2-5367
15961,5-6582
15962,7-2600
15963,5-4643
15964,4-7887
15965,2-8212
15966,5-7819
15967,8-8845
15968,5-2575
15969,3-0586
15970,3-6815
15971,2-2272
15972,3-1125
15973,8-6673
15974,4-2700
15975,8-2460
15976,4-9540
15977,8-6174
15978,6-8727
15979,3-7202
15980,5-3186
15981,3-3167
15982,2-0511
15983,1-0534
15984,7-2747
15985,4-4725
15986,1-8397
15987,3-8460
15988,3-6934
15989,4-6626
15990,2-3244
15991,2-2146
15992,3-7207
15993,7-3859
15994,1-0353
15995,7-0126
15996,7-7000
15997,3-4059
15998,1-9897
15999,7-5005
16000,2-8928
16001,1-5144
16002,7-8584
16003,5-5060
16004,5-5385
16005,7-8429
16006,6-9915
16007,5-1703
16008,5-1275
16009,6-5966
16010,6-5143
16011,5-2883
16012,6-0179
16013,7-3562
16014,8-9504
16015,3-5881
16016,2-8613
16017,3-0895
16018,6-1876
16019,1-3424
16020,1-4409
16021,1-8678
16022,8-0455
16023,1-9435
16024,6-2582
16025,4-1729
16026,5-1032
16027,7-2737
16028,1-9164
16029,1-6048
16030,5-0123
16031,8-8480
16032,3-2081
16033,1-3293
16034,7-4348
16035,5-9809
16036,4-9942
16037,2-3910
16038,5-9793
16039,6-1395
16040,1-3069
16041,7-5042
16042,6-9883
16043,7-6105
16044,7-9992
16045,8-8086
16046,8-6729
16047,1-6481
16048,7-9532
16049,4-5749
16050,2-8641
16051,5-5483
16052,7-8370
16053,1-9861
16054,8-5069
16055,3-4430
16056,7-0453
16057,2-9197
16058,8-8245
16059,5-9053
16060,7-6321
16061,1-5807
16062,1-8724
16063,6-5883
16064,1-2056
16065,8-4383
16066,3-3922
16067,2-8631
16068,1-9616
16069,3-8063
16070,4-5983
16071,5-9227
16072,3-4615
16073,2-4436
16074,3-9680
16075,5-0847
16076,2-9833
16077,2-2381
16078,4-6362
16079,7-4208
16080,8-0239
16081,1-0878
16082,8-7936
16083,8-3183
16084,6-8145
16085,1-7316
16086,5-7311
16087,3-5165
16088,5-0115
16089,5-4730
16090,1-2911
16091,1-8919
16092,2-9311
16093,6-8964
16094,6-4168
16095,6-4149
16096,4-2721
16097,8-1171
16098,8-1705
16099,3-7077
16100,1-7488
16101,8-4271
16102,4-7869
16103,7-7937
16104,4-8524
16105,3-9502
16106,4-4365
16107,2-3750
16108,5-6691
16109,6-3211
16110,8-3075
16111,4-5599
16112,7-5978
16113,4-2297
16114,8-3420
16115,6-4583
16116,3-0252
16117,1-4810
16118,5-1400
16119,6-9354
16120,7-0065
16121,1-0267
16122,8-3812
16123,8-2819
16124,7-1794
16125,6-5025
16126,7-3530
16127,4-3574
16128,2-0830
16129,3-1856
16130,1-0691
16131,7-5177
16132,7-5310
16133,1-5799
16134,8-1734
16135,5-8657
16136,7-7804
16137,7-6278
16138,3-3311
16139,8-7463
16140,8-7137
16141,2-9225
16142,7-6507
16143,8-4320
16144,7-3308
16145,1-4792
16146,6-0820
16147,1-1504
16148,2-0696
16149,4-1968
16150,5-2769
16151,6-9599
16152,3-8299
16153,7-5162
16154,7-7227
16155,1-8175
16156,2-9323
16157,8-9846
16158,5-5801
16159,2-8492
16160,1-8198
16161,6-5666
16162,4-8071
16163,3-6638
16164,2-0068
16165,6-4204
16166,6-0814
16167,5-8324
16168,1-4251
16169,7-4697
16170,4-1902
16171,5-9838
16172,6-3640
16173,7-8101
16174,6-3989
16175,3-6632
16176,6-1157
16177,8-9743
16178,4-5423
16179,2-7582
16180,8-8955
16181,3-8573
16182,7-7205
16183,1-1709
16184,4-7174
16185,7-3961
16186,1-6722
16187,8-7849
16188,6-4635
16189,1-1783
16190,1-6526
16191,3-9937
16192,8-8775
16193,8-0155
16194,6-5305
16195,4-7990
16196,8-5374
16197,2-3012
16198,4-1593
16199,8-6188
16200,7-1330
16201,4-7771
16202,4-4202
16203,3-7334
16204,8-6610
16205,6-0216
16206,1-0671
16207,7-7596
16208,6-9935
16209,7-5524
16210,4-0134
16211,8-1650
16212,3-8614
16213,1-9156
16214,7-1226
16215,6-9257
16216,3-0471
16217,5-7069
16218,6-3937
16219,6-8599
16220,5-2851
16221,6-8852
16222,2-7429
16223,5-9340
16224,6-3562
16225,3-8565
16226,8-4146
16227,8-6210
16228,6-9218
16229,1-6502
16230,5-7088
16231,8-7911
16232,5-1014
16233,2-2060
16234,3-8383
16235,6-1017
16236,6-3646
16237,6-5823
16238,6-1995
16239,5-5748
16240,5-6760
16241,4-0993
16242,1-0526
16243,3-3265
16244,3-4356
16245,6-8748
16246,5-5526
16247,1-8846
16248,5-8901
16249,5-3061
16250,3-3338
16251,2-2278
16252,6-2853
16253,7-9742
16254,4-0734
16255,2-6553
16256,3-0706
16257,7-3983
16258,6-8871
16259,5-9176
16260,6-9863
16261,2-0493
16262,2-1219
16263,3-8938
16264,8-4814
16265,3-3066
16266,3-1551
16267,8-2424
16268,8-1102
16269,1-4276
16270,7-8263
16271,6-9897
16272,6-3884
16273,2-5092
16274,6-7602
16275,6-3665
16276,8-1798
16277,8-4489
16278,2-2087
16279,1-2210
16280,3-8444
16281,7-3955
16282,8-6915
16283,6-8717
16284,8-1852
16285,7-9260
16286,2-7970
16287,3-9556
16288,7-3690
16289,8-1850
16290,8-7393
16291,6-5695
16292,5-2079
16293,5-8285
16294,4-3845
16295,8-3243
16296,2-7807
16297,6-4671
16298,4-5847
16299,7-0269
16300,5-1981
16301,2-9497
16302,7-3163
16303,2-2387
16304,4-7356
16305,4-7274
16306,4-7314
16307,4-7147
16308,2-1348
16309,1-1009
16310,2-2540
16311,3-7269
16312,6-1102
16313,7-1393
16314,7-9299
16315,3-1260
16316,3-2493
16317,2-8945
16318,3-5512
16319,5-1135
16320,7-6683
16321,4-6561
16322,8-2528
16323,6-3366
16324,2-1014
16325,4-1087
16326,3-1679
16327,2-4725
16328,3-6162
16329,1-5913
16330,8-5531
16331,2-4185
16332,8-9622
16333,7-5291
16334,2-3119
16335,3-4435
16336,1-2368
16337,5-6323
16338,1-9729
16339,5-6917
16340,6-7261
16341,4-7913
16342,7-9788
16343,3-2146
16344,6-8354
16345,5-6472
16346,7-9826
16347,2-5298
16348,3-9130
16349,8-2125
16350,6-9427
16351,5-0125
16352,8-8683
16353,8-7895
16354,4-8303
16355,4-4370
16356,2-7759
16357,4-8237
16358,6-4197
16359,2-0018
16360,1-1302
16361,3-4191
16362,5-3074
16363,7-7195
16364,4-5264
16365,4-9302
16366,6-1190
16367,7-3875
16368,3-0103
16369,7-1101
16370,2-2169
16371,3-9847
16372,1-6636
16373,3-0589
16374,7-7185
16375,2-6058
16376,4-0117
16377,6-2780
16378,2-6641
16379,4-8399
16380,2-3850
16381,2-8640
16382,1-2233
16383,6-1346
16384,4-8429
16385,6-8832
16386,6-1432
16387,1-9419
16388,8-5454
16389,3-4203
16390,6-5395
16391,7-4408
16392,1-7983
16393,3-3443
16394,1-0712
16395,3-5796
16396,1-9092
16397,5-5783
16398,6-4167
16399,3-6176
16400,5-9411
16401,2-1514
16402,8-9062
16403,3-4102
16404,5-3751
16405,2-8594
16406,7-1767
16407,5-7126
16408,3-6063
16409,8-6295
16410,7-2183
16411,7-7222
16412,8-7892
16413,4-1480
16414,6-9674
16415,8-3602
16416,3-6654
16417,1-0358
16418,2-7493
16419,5-5892
16420,7-7439
16421,6-5188
16422,4-3610
16423,8-5759
16424,3-5216
16425,3-9251
16426,3-1108
16427,6-3444
16428,3-4934
16429,4-7288
16430,4-6297
16431,2-7324
16432,5-6153
16433,3-2966
16434,8-3839
16435,5-1300
16436,4-0835
16437,6-8615
16438,6-9066
16439,8-7293
16440,5-7952
16441,6-6041
16442,1-2178
16443,5-2271
16444,8-3501
16445,4-3921
16446,2-4461
16447,2-8036
16448,8-2454
16449,3-5480
16450,6-9182
16451,2-4073
16452,7-2873
16453,7-6830
16454,6-3139
16455,1-9074
16456,1-1180
16457,1-4371
16458,3-8936
16459,7-7822
16460,2-4371
16461,7-0864
16462,8-6674
16463,7-4998
16464,2-4355
16465,4-0160
16466,1-6927
16467,3-0769
16468,7-9921
16469,3-1389
16470,2-2422
16471,1-7471
16472,1-5495
16473,8-1292
16474,8-8486
16475,4-5329
16476,3-1634
16477,2-9986
16478,1-1657
16479,3-2506
16480,8-9205
16481,3-3315
16482,4-5214
16483,8-1276
16484,6-9261
16485,7-1811
16486,5-6499
16487,1-7107
16488,2-8779
16489,6-6787
16490,6-7054
16491,2-4868
16492,6-7246
16493,8-6625
16494,5-0733
16495,3-4618
16496,2-0169
16497,5-3548
16498,4-2261
16499,4-4086
16500,5-4964
16501,5-3641
16502,4-3993
16503,7-9870
16504,1-3798
16505,7-8586
16506,2-9917
16507,7-1877
16508,2-2161
16509,2-0902
16510,4-2400
16511,8-4546
16512,8-1508
16513,7-3919
16514,6-9232
16515,6-5631
16516,7-9699
16517,7-2595
16518,7-9276
16519,7-9114
16520,4-3469
16521,7-6474
16522,5-5396
16523,8-8159
16524,3-0853
16525,8-3229
16526,1-3272
16527,8-3873
16528,3-3475
16529,2-0046
16530,2-8817
16531,5-0908
16532,5-3310
16533,4-8294
16534,6-4491
16535,2-5064
16536,1-1490
16537,2-6687
16538,2-6148
16539,8-4260
16540,2-7852
16541,4-0421
16542,1-6032
16543,1-5601
16544,8-7831
16545,7-6645
16546,2-5839
16547,7-3547
16548,3-0314
16549,5-6114
16550,5-2539
16551,5-7146
16552,3-2767
16553,3-1198
16554,3-0426
16555,8-3984
16556,6-5921
16557,5-4412
16558,1-7078
16559,3-8357
16560,5-2637
16561,1-5708
16562,4-5415
16563,3-4388
16564,4-0845
16565,4-7267
16566,4-3925
16567,4-2968
16568,4-7096
16569,1-4856
16570,6-3229
16571,1-1997
16572,5-5997
16573,4-7311
16574,5-5277
16575,6-8708
16576,6-1836
16577,5-5971
16578,7-8244
16579,7-5679
16580,4-7132
16581,3-7909
16582,2-0605
16583,1-3831
16584,8-2752
16585,4-4488
16586,3-8807
16587,1-5189
16588,8-1543
16589,6-1584
16590,4-2595
16591,3-6298
16592,5-1369
16593,2-7743
16594,3-6542
16595,6-1085
16596,5-7792
16597,2-5582
16598,7-0357
16599,4-7968
16600,4-8054
16601,4-0904
16602,3-1258
16603,1-7723
16604,6-9353
16605,2-2812
16606,6-9677
16607,4-3588
16608,8-4070
16609,1-7704
16610,4-6253
16611,5-8435
16612,5-5660
16613,7-7798
16614,2-8616
16615,3-1845
16616,6-2986
16617,7-5372
16618,6-0422
16619,8-0401
16620,8-8967
16621,6-2572
16622,8-2058
16623,6-2547
16624,8-4402
16625,6-8271
16626,7-2874
16627,1-1357
16628,5-8235
16629,2-1749
16630,3-9277
16631,6-4120
16632,3-5856
16633,8-5364
16634,2-5657
16635,5-0008
16636,3-9057
16637,4-6639
16638,3-5785
16639,2-1450
16640,8-3443
16641,3-0775
16642,8-7574
16643,3-7680
16644,7-8404
16645,5-9093
16646,6-2098
16647,8-2148
16648,8-7286
16649,2-2876
16650,6-7736
16651,7-6547
16652,1-5271
16653,4-5167
16654,8-2374
16655,5-3178
16656,1-6546
16657,5-6870
16658,8-8793
16659,1-8447
16660,7-6378
16661,5-5148
16662,2-2755
16663,3-8931
16664,1-0873
16665,1-0262
16666,8-9995
16667,3-1503
16668,8-5587
16669,4-3744
16670,1-9805
16671,6-0332
16672,1-7838
16673,1-4787
16674,1-2912
16675,7-7333
16676,5-7475
16677,6-8134
16678,4-6601
16679,4-3777
16680,5-5363
16681,6-7063
16682,2-8648
16683,5-6979
16684,4-5145
16685,1-5457
16686,1-5374
16687,6-6044
16688,4-2729
16689,3-5241
16690,8-0895
16691,7-0298
16692,1-1995
16693,4-8257
16694,5-1910
16695,4-1740
16696,5-2723
16697,7-0468
16698,8-6681
16699,4-0303
16700,8-3982
16701,8-9331
16702,4-7433
16703,2-4003
16704,4-6373
16705,7-8777
16706,7-7917
16707,2-5518
16708,1-2235
16709,2-8563
16710,4-9371
16711,6-7579
16712,5-1343
16713,5-3241
16714,8-2243
16715,3-6206
16716,6-4477
16717,2-4125
16718,2-7262
16719,5-6060
16720,8-7653
16721,8-4173
16722,2-4271
16723,5-9617
16724,7-2199
16725,5-7275
16726,3-7640
16727,6-3525
16728,2-7534
16729,3-9503
16730,5-7686
16731,4-1518
16732,2-9823
16733,5-6927
16734,8-7209
16735,1-7937
16736,5-0428
16737,3-9483
16738,5-0959
16739,7-1956
16740,5-2552
16741,4-0914
16742,8-7780
16743,4-1986
16744,4-9356
16745,4-4975
16746,8-9117
16747,1-0303
16748,1-3788
16749,3-8758
16750,1-3567
16751,3-7759
16752,4-2695
16753,2-6947
16754,5-8552
16755,6-0714
16756,6-6346
16757,5-9785
16758,7-9558
16759,2-7583
16760,4-0607
16761,4-6643
16762,3-0280
16763,6-1236
16764,6-9901
16765,3-0681
16766,8-9585
16767,3-2988
16768,5-8588
16769,5-4552
16770,2-8609
16771,7-8145
16772,2-5406
16773,2-9616
16774,7-4759
16775,1-9445
16776,3-3879
16777,5-5456
16778,8-3657
16779,4-3483
16780,6-9665
16781,1-5706
16782,1-9812
16783,8-3893
16784,1-0432
16785,8-2008
16786,8-0832
16787,4-9552
16788,5-7317
16789,7-6627
16790,1-5304
16791,2-8204
16792,8-8816
16793,7-8276
16794,8-6379
16795,5-6498
16796,5-9651
16797,1-6538
16798,3-4497
16799,5-0646
16800,3-5025
16801,1-2234
16802,5-4567
16803,5-0842
16804,4-3019
16805,4-2298
16806,7-3729
16807,2-9985
16808,1-1019
16809,4-1790
16810,3-0067
16811,3-3674
16812,8-5097
16813,2-5105
16814,8-6298
16815,3-5909
16816,6-9482
16817,1-8686
16818,4-7843
16819,4-7699
16820,8-8525
16821,6-0125
16822,7-4840
16823,2-9668
16824,1-9596
16825,8-4641
16826,8-7710
16827,4-9833
16828,4-5277
16829,7-8787
16830,4-3843
16831,7-4258
16832,6-5982
16833,6-4359
16834,2-4911
16835,6-4504
16836,8-3778
16837,3-1522
16838,5-4028
16839,6-2147
16840,1-0747
16841,5-4581
16842,7-9284
16843,3-4853
16844,8-1637
16845,4-2710
16846,5-5763
16847,5-1863
16848,5-6297
16849,6-7360
16850,6-9712
16851,6-9676
16852,8-0278
16853,1-8977
16854,7-7893
16855,2-0302
16856,6-3203
16857,8-7039
16858,8-8294
16859,8-9005
16860,2-7295
16861,6-5142
16862,1-2196
16863,5-8246
16864,4-1695
16865,7-8466
16866,1-6020
16867,8-5811
16868,2-4503
16869,7-4981
16870,4-6871
16871,5-8509
16872,4-0103
16873,6-7146
16874,6-4150
16875,2-2622
16876,5-8467
16877,7-2496
16878,6-4021
16879,6-0193
16880,4-0677
16881,1-6620
16882,2-7622
16883,1-9960
16884,2-7247
16885,2-8703
16886,7-3451
16887,4-5921
16888,7-9396
16889,8-8696
16890,5-6951
16891,1-7399
16892,4-8988
16893,6-4213
16894,7-0587
16895,8-7859
16896,6-5760
16897,5-5836
16898,1-2352
16899,8-3935
16900,3-6353
16901,1-8600
16902,5-4602
16903,8-6807
16904,3-0066
16905,6-6528
16906,6-8758
16907,7-1325
16908,7-1474
16909,1-3792
16910,8-0729
16911,5-3024
16912,8-7687
16913,7-7967
16914,6-4018
16915,1-2254
16916,6-7011
16917,3-9824
16918,1-8812
16919,7-5647
16920,8-6407
16921,1-7413
16922,8-0244
16923,1-8667
16924,8-2074
16925,5-6145
16926,8-0437
16927,3-0412
16928,7-9740
16929,7-1845
16930,4-3704
16931,5-5574
16932,3-2524
16933,7-3124
16934,1-5846
16935,2-0692
16936,7-2960
16937,4-3357
16938,5-3243
16939,4-8250
16940,2-0072
16941,4-6303
16942,3-0287
16943,3-7968
16944,7-9193
16945,1-2976
16946,8-9444
16947,8-6112
16948,7-5043
16949,5-9037
16950,2-5454
16951,4-3468
16952,4-4031
16953,1-7026
16954,4-4661
16955,4-3606
16956,5-7667
16957,8-4026
16958,6-9323
16959,4-1898
16960,5-6662
16961,8-3651
16962,8-4897
16963,1-2145
16964,4-1733
16965,1-0838
16966,3-7396
16967,6-0230
16968,7-8214
16969,8-5525
16970,8-9682
16971,4-5869
16972,1-0893
16973,3-3279
16974,5-3124
16975,4-5849
16976,4-5012
16977,4-8309
16978,3-1942
16979,5-2580
16980,6-8132
16981,7-6423
16982,5-8375
16983,7-9382
16984,2-8171
16985,5-7143
16986,2-0607
16987,3-5718
16988,4-5663
16989,1-8569
16990,4-2353
16991,8-7801
16992,5-5627
16993,1-1765
16994,3-5679
16995,1-6264
16996,7-4020
16997,1-4611
16998,5-7173
16999,1-3898
17000,8-2214
17001,8-5256
17002,5-6843
17003,2-4431
17004,8-3451
17005,8-1035
17006,6-2831
17007,7-5119
17008,1-2129
17009,4-0112
17010,2-6561
17011,5-5766
17012,2-1752
17013,8-0916
17014,1-9100
17015,1-9237
17016,6-9086
17017,5-6983
17018,3-6423
17019,7-9300
17020,6-8511
17021,5-2069
17022,4-3691
17023,1-7775
17024,4-0096
17025,6-3122
17026,4-7010
17027,7-4024
17028,2-1746
17029,8-0755
17030,3-5494
17031,4-0381
17032,4-7851
17033,1-9193
17034,1-0051
17035,4-0923
17036,6-0976
17037,1-6044
17038,8-0635
17039,8-9492
17040,8-7174
17041,7-0728
17042,4-8949
17043,7-4462
17044,2-7202
17045,2-7823
17046,6-1781
17047,6-1510
17048,8-5837
17049,3-9992
17050,5-7393
17051,6-3892
17052,5-7239
17053,6-0035
17054,4-6340
17055,5-0205
17056,1-4119
17057,7-8606
17058,7-0688
17059,7-4156
17060,6-8003
17061,1-7682
17062,6-3417
17063,8-4512
17064,1-3710
17065,2-0875
17066,4-3004
17067,4-0696
17068,3-4011
17069,4-1323
17070,2-6573
17071,2-7008
17072,6-9476
17073,1-1993
17074,8-0312
17075,4-8522
17076,2-7064
17077,5-0015
17078,4-4667
17079,7-0260
17080,6-5495
17081,2-9632
17082,3-1112
17083,2-4849
17084,7-6296
17085,7-2835
17086,3-9699
17087,5-5877
17088,6-4549
17089,6-9577
17090,1-2001
17091,7-8654
17092,6-3292
17093,3-6974
17094,1-0996
17095,8-3488
17096,8-7475
17097,1-0922
17098,5-6856
17099,3-4620
17100,4-0669
17101,2-2707
17102,4-4493
17103,3-4992
17104,8-2313
17105,3-0035
17106,2-1263
17107,4-9495
17108,6-7638
17109,5-7180
17110,1-2451
17111,4-7931
17112,5-3196
17113,8-3349
17114,1-9902
17115,7-2957
17116,3-9202
17117,1-2895
17118,8-8459
17119,7-6201
17120,4-0305
17121,2-9143
17122,8-3078
17123,7-4910
17124,3-0033
17125,1-4558
17126,2-9564
17127,2-7630
17128,2-1828
17129,2-1021
17130,1-4277
17131,6-3635
17132,7-1613
17133,8-8146
17134,8-5564
17135,2-4745
17136,7-1191
17137,1-4993
17138,8-3120
17139,4-3842
17140,5-4839
17141,2-7870
17142,7-0624
17143,2-9724
17144,2-6016
17145,5-4316
17146,6-9926
17147,6-4800
17148,3-4462
17149,7-1447
17150,8-7693
17151,1-1986
17152,8-2725
17153,4-8464
17154,2-5863
17155,2-8103
17156,3-6714
17157,5-6168
17158,5-2912
17159,1-9113
17160,7-7361
17161,4-4937
17162,3-5781
17163,4-1725
17164,6-9298
17165,4-5469
17166,4-5444
17167,6-4899
17168,7-4923
17169,1-8699
17170,4-0390
17171,3-8422
17172,3-6897
17173,5-3000
17174,7-4442
17175,8-4211
17176,2-1413
17177,5-6756
17178,7-9608
17179,7-7902
17180,3-8646
17181,6-4052
17182,4-2116
17183,7-4271
17184,6-1093
17185,4-4820
17186,4-3069
17187,3-4136
17188,1-2251
17189,1-8459
17190,6-9956
17191,1-2168
17192,1-1931
17193,6-3963
17194,7-2929
17195,8-6920
17196,1-3557
17197,6-8284
17198,3-1025
17199,3-9300
17200,1-6028
17201,2-3948
17202,3-6394
17203,6-1929
17204,4-6886
17205,5-8213
17206,7-6086
17207,2-7407
17208,4-3740
17209,2-2835
17210,7-1530
17211,1-0866
17212,3-3103
17213,4-2192
17214,3-0550
17215,2-7587
17216,4-2224
17217,6-9005
17218,2-1320
17219,1-9795
17220,1-4534
17221,6-5075
17222,3-1723
17223,7-6004
17224,1-7073
17225,5-9961
17226,1-1026
17227,4-8138
17228,4-4869
17229,3-0849
17230,1-4759
17231,2-2513
17232,2-2599
17233,4-9901
17234,5-0906
17235,4-6690
17236,1-6529
17237,3-6847
17238,4-6463
17239,4-6305
17240,3-1889
17241,3-9997
17242,2-8720
17243,6-1056
17244,6-6768
17245,3-5853
17246,4-2579
17247,4-3685
17248,2-8294
17249,4-0616
17250,1-6296
17251,7-8367
17252,1-8258
17253,7-7914
17254,6-2906
17255,4-4675
17256,1-4642
17257,6-6551
17258,3-1788
17259,1-8352
17260,7-1781
17261,2-4945
17262,7-1373
17263,7-6383
17264,8-5543
17265,4-0692
17266,3-6172
17267,1-6257
17268,8-5335
17269,2-6776
17270,5-6982
17271,6-9826
17272,2-2148
17273,7-8393
17274,2-3047
17275,1-9555
17276,1-4197
17277,3-7475
17278,2-8990
17279,2-6318
17280,8-1182
17281,8-3792
17282,6-3914
17283,7-6593
17284,8-6786
17285,6-5777
17286,2-2458
17287,5-7057
17288,6-1104
17289,8-1250
17290,3-9669
17291,2-5882
17292,2-1061
17293,7-4883
17294,6-5154
17295,4-9605
17296,2-5848
17297,7-3800
17298,8-1606
17299,4-5295
17300,8-5566
17301,2-4205
17302,5-3987
17303,8-4541
17304,6-6522
17305,3-0282
17306,6-2924
17307,1-8263
17308,5-9274
17309,8-3985
17310,1-0863
17311,5-7435
17312,3-2368
17313,8-1824
17314,7-9805
17315,4-4537
17316,4-1101
17317,1-3036
17318,2-8173
17319,6-6855
17320,1-1629
17321,4-7624
17322,6-9075
17323,2-1071
17324,4-1208
17325,8-1590
17326,6-0948
17327,6-3103
17328,7-7087
17329,6-2437
17330,6-5220
17331,8-9885
17332,5-7982
17333,1-1425
17334,7-5353
17335,8-1249
17336,6-9930
17337,5-1618
17338,1-6394
17339,4-8558
17340,1-9046
17341,7-1938
17342,3-1273
17343,3-6354
17344,4-9647
17345,8-8832
17346,3-0838
17347,4-4241
17348,7-0778
17349,3-6018
17350,3-2439
17351,7-4675
17352,1-3016
17353,5-2621
17354,3-3327
17355,5-2405
17356,6-9996
17357,5-4380
17358,1-2589
17359,3-1207
17360,7-8333
17361,1-5915
17362,7-3179
17363,8-5697
17364,7-0800
17365,5-3514
17366,5-7102
17367,1-3772
17368,5-9142
17369,7-0387
17370,6-3309
17371,3-3998
17372,4-8635
17373,5-0038
17374,1-6413
17375,3-8259
17376,6-8209
17377,7-4032
17378,4-1301
17379,1-6092
17380,5-1895
17381,4-8605
17382,8-0181
17383,4-4454
17384,7-1982
17385,3-5169
17386,5-4617
17387,4-5974
17388,7-2915
17389,2-1673
17390,6-8166
17391,8-7484
17392,8-7510
17393,2-1442
17394,2-9707
17395,7-7141
17396,4-8246
17397,7-0919
17398,6-6872
17399,8-0778
17400,5-2078
17401,3-3447
17402,8-4637
17403,8-0721
17404,8-0864
17405,1-0213
17406,7-7358
17407,2-9736
17408,2-0040
17409,6-5859
17410,7-8868
17411,3-1622
17412,6-1332
17413,6-2436
17414,2-0842
17415,7-2224
17416,8-6199
17417,3-0879
17418,6-4979
17419,2-7745
17420,1-0944
17421,1-9210
17422,3-5454
17423,7-3495
17424,1-9236
17425,6-5120
17426,1-1283
17427,7-6634
17428,7-6515
17429,7-1872
17430,7-7105
17431,8-2829
17432,6-5240
17433,7-6104
17434,4-9668
17435,7-5473
17436,6-3677
17437,8-6827
17438,7-1188
17439,5-0137
17440,8-9807
17441,1-0294
17442,6-9837
17443,3-0253
17444,5-3230
17445,8-9388
17446,2-5941
17447,2-1868
17448,8-6252
17449,3-5932
17450,7-7731
17451,7-9853
17452,6-9796
17453,4-0521
17454,3-8554
17455,5-0113
17456,4-6450
17457,3-4300
17458,2-7487
17459,8-4517
17460,4-6498
17461,7-3869
17462,1-5813
17463,2-1317
17464,3-0996
17465,1-7393
17466,2-1722
17467,8-0718
17468,7-0457
17469,7-7523
17470,2-3899
17471,2-7599
17472,5-8190
17473,5-4620
17474,2-6497
17475,4-1713
17476,6-2080
17477,8-8814
17478,7-0891
17479,7-3676
17480,1-2429
17481,2-0336
17482,6-2791
17483,8-8313
17484,5-4837
17485,5-7646
17486,5-7385
17487,8-5749
17488,8-5752
17489,5-7167
17490,2-7056
17491,1-0250
17492,4-3589
17493,1-4959
17494,8-7384
17495,5-6919
17496,3-3807
17497,6-6882
17498,4-7081
17499,4-7818
17500,4-9524
17501,2-3433
17502,4-4417
17503,2-2561
17504,8-9643
17505,6-3518
17506,8-3314
17507,7-7528
17508,8-9313
17509,6-3486
17510,5-0051
17511,7-3501
17512,5-1713
17513,7-7824
17514,5-9464
17515,8-2640
17516,5-6093
17517,6-3786
17518,8-4201
17519,4-0371
17520,6-9391
17521,4-3697
17522,7-3313
17523,2-3415
17524,8-4422
17525,3-6919
17526,1-4741
17527,7-3847
17528,7-1988
17529,4-5378
17530,4-3687
17531,4-8731
17532,2-3531
17533,8-3929
17534,6-9744
17535,1-3129
17536,4-2971
17537,6-0605
17538,6-1036
17539,4-3042
17540,7-1951
17541,6-4802
17542,1-4832
17543,1-3242
17544,3-9207
17545,2-2554
17546,4-0766
17547,1-6831
17548,1-3511
17549,5-7483
17550,7-5148
17551,4-4445
17552,3-5815
17553,5-6632
17554,6-3761
17555,5-5262
17556,8-1882
17557,8-7366
17558,2-8139
17559,7-7782
17560,5-5011
17561,1-1573
17562,2-4456
17563,2-5893
17564,5-9515
17565,8-5949
17566,7-8354
17567,1-8722
17568,5-2935
17569,1-2034
17570,2-0366
17571,3-1847
17572,1-4982
17573,8-9255
17574,4-5263
17575,2-9722
17576,8-1431
17577,1-0239
17578,7-6111
17579,3-0064
17580,3-8796
17581,2-2591
17582,7-8143
17583,5-7469
17584,2-9496
17585,8-8187
17586,6-2795
17587,8-2516
17588,8-7812
17589,3-4792
17590,1-8907
17591,5-3780
17592,4-1523
17593,3-1170
17594,2-0356
17595,8-4321
17596,1-3850
17597,8-9155
17598,5-8991
17599,5-6713
17600,7-6222
17601,4-5894
17602,8-0529
17603,2-9037
17604,2-5768
17605,4-1242
17606,1-2945
17607,5-0555
17608,3-0726
17609,2-5159
17610,4-6731
17611,2-5555
17612,5-0332
17613,7-3753
17614,6-7889
17615,4-3844
17616,8-7368
17617,6-1805
17618,7-2172
17619,5-0518
17620,7-4878
17621,7-1813
17622,8-9413
17623,4-4111
17624,7-9752
17625,4-5245
17626,2-3108
17627,8-9381
17628,2-0112
17629,2-9762
17630,1-5138
17631,6-6496
17632,6-8342
17633,5-5644
17634,7-0365
17635,8-7379
17636,6-0203
17637,8-8645
17638,5-6748
17639,4-1452
17640,3-2270
17641,2-5019
17642,8-5022
17643,2-1131
17644,1-5966
17645,4-9301
17646,1-5849
17647,2-3640
17648,1-4076
17649,3-2215
17650,4-4140
17651,2-4540
17652,4-4652
17653,2-7965
17654,4-6762
17655,2-8441
17656,8-9919
17657,5-8412
17658,5-2700
17659,1-5116
17660,7-3221
17661,4-1702
17662,6-3397
17663,2-3983
17664,1-9141
17665,5-4545
17666,1-2573
17667,3-7705
17668,3-4949
17669,5-6663
17670,2-7199
17671,1-4773
17672,1-0514
17673,7-8456
17674,1-4527
17675,4-3102
17676,1-3546
17677,8-9001
17678,4-8936
17679,4-8389
17680,8-9143
17681,2-5905
17682,8-8686
17683,6-6087
17684,3-1353
17685,7-4375
17686,2-4491
17687,5-7178
17688,7-6790
17689,2-8977
17690,4-9136
17691,3-2159
17692,6-4448
17693,6-5947
17694,7-3872
17695,3-7303
17696,6-0543
17697,5-9348
17698,5-4272
17699,5-7935
17700,7-1576
17701,6-2597
17702,6-2563
17703,7-0810
17704,6-2746
17705,4-7867
17706,2-2343
17707,6-0407
17708,7-3023
17709,6-8063
17710,3-1220
17711,5-7375
17712,6-3166
17713,8-2171
17714,7-7764
17715,2-7589
17716,2-0118
17717,3-9668
17718,5-6359
17719,3-4805
17720,3-4092
17721,3-2138
17722,4-9203
17723,5-1330
17724,8-3870
17725,3-0265
17726,6-4684
17727,7-2050
17728,7-3035
17729,8-0574
17730,7-6098
17731,2-8233
17732,6-2683
17733,8-8067
17734,4-0982
17735,2-1427
17736,4-9545
17737,5-5737
17738,3-4063
17739,1-5333
17740,3-2078
17741,4-6982
17742,4-0953
17743,4-6273
17744,5-5076
17745,6-9235
17746,7-1715
17747,5-3928
17748,6-5739
17749,1-1890
17750,4-1245
17751,2-5013
17752,4-1834
17753,2-4350
17754,1-4444
17755,1-0182
17756,4-4453
17757,8-8812
17758,7-6102
17759,6-0968
17760,3-2280
17761,2-4318
17762,2-7432
17763,3-2566
17764,8-7370
17765,8-9249
17766,6-0760
17767,4-4647
17768,6-8680
17769,5-1026
17770,5-6219
17771,2-6709
17772,4-8974
17773,8-4078
17774,6-7317
17775,6-7285
17776,3-7612
17777,8-6325
17778,6-0607
17779,6-9889
17780,8-9940
17781,8-8602
17782,3-6372
17783,7-6030
17784,8-1015
17785,7-0161
17786,8-4596
17787,8-1197
17788,8-0304
17789,5-3423
17790,4-1365
17791,4-1219
17792,4-4347
17793,7-8551
17794,1-8200
17795,2-0332
17796,6-9494
17797,6-6845
17798,8-8853
17799,4-9606
17800,4-5177
17801,2-6446
17802,7-7378
17803,1-9883
17804,4-8722
17805,2-5373
17806,3-5197
17807,6-9493
17808,7-4894
17809,2-8790
17810,3-9988
17811,1-2501
17812,5-3767
17813,1-5633
17814,7-3700
17815,8-6632
17816,8-1279
17817,3-8432
17818,4-9417
17819,8-4988
17820,7-6860
17821,6-8988
17822,6-4903
17823,3-5001
17824,7-0952
17825,5-9520
17826,5-8834
17827,1-3819
17828,2-3856
17829,2-7521
17830,3-5800
17831,3-0754
17832,7-6871
17833,3-9914
17834,6-0116
17835,4-5989
17836,1-9858
17837,1-4805
17838,7-0965
17839,5-1065
17840,2-7929
17841,3-7316
17842,1-1002
17843,5-4751
17844,7-5912
17845,3-2491
17846,4-5233
17847,3-8861
17848,5-3338
17849,4-3180
17850,6-4028
17851,5-8441
17852,4-6126
17853,3-3819
17854,2-3235
17855,4-2616
17856,1-0437
17857,1-8882
17858,1-2498
17859,7-8119
17860,2-8476
17861,5-7610
17862,2-9857
17863,2-1193
17864,5-1434
17865,7-8896
17866,2-6120
17867,7-0992
17868,2-2487
17869,4-4920
17870,6-8749
17871,3-3992
17872,5-2760
17873,5-4177
17874,1-3468
17875,1-8801
17876,4-6586
17877,3-6324
17878,7-2202
17879,2-9840
17880,7-5587
17881,1-2135
17882,2-9020
17883,6-8482
17884,2-0383
17885,1-9700
17886,6-1715
17887,2-9018
17888,4-1674
17889,5-0709
17890,4-3984
17891,8-2129
17892,7-2419
17893,8-2999
17894,8-7329
17895,7-2910
17896,2-9321
17897,5-9830
17898,3-6993
17899,7-0966
17900,3-8991
17901,1-1146
17902,1-9712
17903,4-8270
17904,7-9297
17905,4-0120
17906,6-1667
17907,8-2748
17908,3-1944
17909,4-9189
17910,5-5972
17911,3-7366
17912,5-9975
17913,8-9568
17914,3-7290
17915,7-0972
17916,4-0235
17917,2-8435
17918,2-0277
17919,6-8230
17920,1-0208
17921,1-5595
17922,5-1484
17923,1-0130
17924,8-4577
17925,7-1176
17926,4-7774
17927,3-1278
17928,1-3776
17929,2-1762
17930,6-0256
17931,2-2359
17932,2-4703
17933,6-6313
17934,3-5703
17935,8-9863
17936,4-2685
17937,8-8136
17938,2-4791
17939,5-8695
17940,8-2431
17941,8-0162
17942,5-0926
17943,3-0655
17944,8-0002
17945,7-4765
17946,4-6100
17947,3-7823
17948,4-9483
17949,5-9069
17950,4-8985
17951,4-1344
17952,5-0994
17953,3-4906
17954,6-1309
17955,4-3578
17956,3-8305
17957,7-7705
17958,5-1445
17959,4-4432
17960,2-6238
17961,8-0951
17962,8-1045
17963,7-6730
17964,7-2063
17965,1-3769
17966,7-5533
17967,4-3591
17968,8-6707
17969,7-3491
17970,3-8883
17971,7-5317
17972,6-2082
17973,8-8906
17974,6-0211
17975,8-1180
17976,7-0495
17977,5-8529
17978,6-6354
17979,2-5459
17980,5-8726
17981,7-3239
17982,7-8316
17983,4-8360
17984,1-4708
17985,5-3828
17986,6-2704
17987,8-6122
17988,1-0754
17989,7-8900
17990,5-6603
17991,8-7491
17992,7-5037
17993,7-1523
17994,6-3822
17995,4-1978
17996,7-9664
17997,8-4331
17998,6-3731
17999,2-0612
18000,6-4012
18001,5-0671
18002,3-2423
18003,4-7399
18004,6-6598
18005,8-8656
18006,6-8903
18007,7-0561
18008,4-5316
18009,3-1610
18010,5-8451
18011,4-1560
18012,6-8546
18013,7-9343
18014,4-8108
18015,2-1470
18016,1-0561
18017,3-3086
18018,8-7154
18019,5-7172
18020,4-1052
18021,3-8210
18022,7-9517
18023,8-3675
18024,1-0643
18025,5-5173
18026,8-6954
18027,6-4694
18028,4-3436
18029,7-2980
18030,6-1251
18031,2-0856
18032,3-4688
18033,7-2555
18034,6-9422
18035,1-8362
18036,5-8947
18037,7-6848
18038,6-6813
18039,2-7919
18040,5-3228
18041,7-2137
18042,2-6507
18043,2-3563
18044,7-9693
18045,3-0355
18046,6-3957
18047,8-2924
18048,5-0716
18049,6-1956
18050,1-7243
18051,2-6254
18052,1-7137
18053,7-5226
18054,6-3244
18055,8-1482
18056,6-8401
18057,7-9779
18058,6-9575
18059,3-8903
18060,3-8495
18061,4-5615
18062,4-9414
18063,7-4372
18064,6-7474
18065,6-9750
18066,7-0695
18067,2-4194
18068,1-5562
18069,3-7555
18070,2-8195
18071,1-4963
18072,4-7555
18073,3-5337
18074,6-1127
18075,8-5265
18076,2-7268
18077,8-7713
18078,8-0233
18079,1-5211
18080,6-0301
18081,8-0784
18082,1-3077
18083,2-0976
18084,8-2297
18085,5-6474
18086,8-4869
18087,7-6345
18088,5-5800
18089,3-2502
18090,7-6568
18091,1-7953
18092,7-2379
18093,1-7520
18094,4-9373
18095,2-2274
18096,1-1867
18097,4-7405
18098,7-9991
18099,8-8509
18100,4-8539
18101,2-2760
18102,7-0802
18103,3-0523
18104,2-6430
18105,4-4579
18106,1-5325
18107,5-2530
18108,4-2762
18109,8-4750
18110,5-2562
18111,7-8120
18112,4-9487
18113,5-6940
18114,1-3591
18115,8-0867
18116,7-1848
18117,6-9612
18118,8-6266
18119,1-7860
18120,8-8149
18121,5-4795
18122,1-8210
18123,2-3253
18124,3-2645
18125,7-6357
18126,7-7208
18127,1-8005
18128,2-5132
18129,8-0656
18130,2-3731
18131,1-4053
18132,2-6101
18133,3-8637
18134,1-4802
18135,2-9981
18136,8-6410
18137,7-5590
18138,1-8338
18139,6-1479
18140,3-5305
18141,1-9206
18142,6-1750
18143,2-8749
18144,4-2390
18145,7-6983
18146,2-8630
18147,8-4334
18148,2-5219
18149,8-8609
18150,7-5546
18151,3-9476
18152,4-2202
18153,8-0168
18154,1-1714
18155,3-1789
18156,5-8908
18157,7-5271
18158,8-1068
18159,5-8292
18160,6-8367
18161,4-6988
18162,5-3986
18163,4-0387
18164,8-2093
18165,1-2908
18166,3-3669
18167,5-1786
18168,4-8788
18169,1-9573
18170,2-2803
18171,4-9197
18172,3-7199
18173,7-6658
18174,8-0887
18175,1-7342
18176,3-0032
18177,6-3049
18178,4-7528
18179,4-9905
18180,2-4967
18181,7-8125
18182,5-7152
18183,4-9151
18184,7-7015
18185,2-9906
18186,8-1446
18187,8-9785
18188,3-8225
18189,4-7404
18190,8-5455
18191,1-8426
18192,5-5650
18193,2-6950
18194,5-5565
18195,7-4958
18196,3-9422
18197,6-6015
18198,2-4427
18199,4-8732
18200,3-2598
18201,7-2285
18202,2-8514
18203,6-1683
18204,7-1296
18205,2-5328
18206,2-8876
18207,3-4276
18208,8-8233
18209,5-6241
18210,1-6679
18211,2-9127
18212,3-1380
18213,7-7310
18214,1-8982
18215,7-1105
18216,4-6726
18217,5-1596
18218,6-3939
18219,4-0676
18220,2-6124
18221,5-3389
18222,8-4151
18223,8-4309
18224,2-9042
18225,6-9807
18226,7-2283
18227,6-6640
18228,1-4588
18229,2-0355
18230,3-4649
18231,7-5668
18232,8-9505
18233,8-2799
18234,6-9623
18235,8-5789
18236,4-3351
18237,7-1378
18238,8-4699
18239,7-9372
18240,1-4713
18241,4-4562
18242,6-8791
18243,3-7988
18244,4-7044
18245,1-4694
18246,5-3472
18247,8-7029
18248,7-0096
18249,3-4020
18250,1-8186
18251,2-9880
18252,4-1910
18253,2-2286
18254,7-7362
18255,6-2899
18256,6-3411
18257,4-1304
18258,1-9396
18259,7-0267
18260,6-6922
18261,5-5279
18262,6-4847
18263,8-3786
18264,7-0699
18265,5-4705
18266,7-5902
18267,8-6652
18268,5-2255
18269,7-9318
18270,8-2895
18271,6-9990
18272,4-8040
18273,2-0485
18274,5-3547
18275,7-2999
18276,3-9238
18277,8-6582
18278,2-1853
18279,1-0047
18280,4-6407
18281,8-8564
18282,7-8098
18283,1-5301
18284,7-7111
18285,6-6129
18286,2-4487
18287,4-7334
18288,1-4299
18289,6-9880
18290,6-0436
18291,6-6999
18292,5-5440
18293,3-6587
18294,8-5491
18295,2-5223
18296,5-5873
18297,7-5571
18298,2-8140
18299,7-5797
18300,6-9294
18301,7-0634
18302,5-1958
18303,2-6992
18304,3-4890
18305,3-1642
18306,7-7788
18307,5-9178
18308,1-1613
18309,4-5877
18310,2-9460
18311,4-8970
18312,6-5546
18313,6-6786
18314,2-3278
18315,4-8236
18316,1-1164
18317,8-8211
18318,1-7116
18319,5-2776
18320,4-3445
18321,4-7937
18322,1-9287
18323,2-6716
18324,2-8707
18325,5-3251
18326,7-8064
18327,7-3294
18328,6-5138
18329,7-0003
18330,3-7047
18331,2-5544
18332,1-0468
18333,3-5787
18334,5-9292
18335,6-1330
18336,6-5998
18337,1-5521
18338,8-4877
18339,7-5602
18340,3-6036
18341,6-3535
18342,5-7576
18343,8-5425
18344,3-3615
18345,6-6152
18346,6-7378
18347,1-0457
18348,7-6295
18349,1-0192
18350,4-8189
18351,4-9595
18352,7-2896
18353,8-3561
18354,7-5832
18355,8-1099
18356,5-3560
18357,5-1918
18358,8-0942
18359,8-1211
18360,2-3509
18361,3-8038
18362,4-4087
18363,8-9860
18364,5-7771
18365,7-2054
18366,3-2655
18367,5-8976
18368,8-8142
18369,4-2148
18370,2-9031
18371,6-1164
18372,8-1059
18373,6-8083
18374,5-5291
18375,5-9529
18376,7-7074
18377,6-5754
18378,3-8553
18379,8-6103
18380,3-5631
18381,1-3543
18382,8-6740
18383,6-4355
18384,2-4105
18385,8-8053
18386,6-5745
18387,1-9625
18388,1-7701
18389,6-7915
18390,8-4275
18391,3-1915
18392,4-6554
18393,7-8050
18394,6-0099
18395,1-7293
18396,7-8833
18397,8-5856
18398,5-3554
18399,8-4942
18400,3-8212
18401,1-1206
18402,6-9869
18403,2-6494
18404,4-7195
18405,5-9677
18406,8-4335
18407,3-0871
18408,7-1370
18409,7-3172
18410,6-7528
18411,1-8470
18412,6-2858
18413,3-3152
18414,3-7967
18415,2-6628
18416,5-5149
18417,8-9671
18418,1-7646
18419,5-6073
18420,8-1561
18421,1-8739
18422,1-3639
18423,6-0361
18424,4-8453
18425,3-3618
18426,5-7479
18427,7-8571
18428,1-8938
18429,7-5165
18430,5-6397
18431,4-1989
18432,4-8691
18433,7-1531
18434,5-3008
18435,8-3866
18436,6-2400
18437,7-6468
18438,5-1043
18439,4-4461
18440,3-2981
18441,5-1406
18442,7-3280
18443,1-3427
18444,1-5910
18445,4-7956
18446,5-2959
18447,8-9498
18448,4-1007
18449,2-0973
18450,2-0063
18451,5-4432
18452,4-2707
18453,8-0115
18454,2-2181
18455,5-5605
18456,1-8931
18457,4-4333
18458,3-0439
18459,2-3416
18460,1-1438
18461,6-6517
18462,7-1357
18463,1-2669
18464,7-9161
18465,7-5004
18466,1-7811
18467,7-2895
18468,8-9905
18469,1-1448
18470,2-3599
18471,3-8410
18472,1-9640
18473,4-6852
18474,4-4153
18475,8-6631
18476,4-6461
18477,5-0883
18478,1-6494
18479,1-4283
18480,4-1389
18481,7-5330
18482,1-4679
18483,3-4378
18484,1-8386
18485,3-9024
18486,8-6309
18487,4-7568
18488,6-0500
18489,2-0785
18490,4-6634
18491,3-0628
18492,3-0424
18493,3-3219
18494,7-7338
18495,6-8054
18496,8-3137
18497,1-7385
18498,5-4390
18499,8-6517
18500,2-8102
18501,1-6844
18502,3-3509
18503,1-9753
18504,6-9999
18505,1-2617
18506,3-1206
18507,3-4899
18508,5-5372
18509,2-8544
18510,7-0856
18511,8-9217
18512,7-9458
18513,7-1108
18514,1-5101
18515,8-0697
18516,8-8093
18517,4-6182
18518,3-8020
18519,5-4263
18520,1-8181
18521,3-6180
18522,4-9691
18523,6-5669
18524,3-7665
18525,1-0551
18526,3-9149
18527,8-8194
18528,1-8671
18529,5-2291
18530,3-7013
18531,1-4552
18532,5-6495
18533,5-8803
18534,4-6230
18535,6-7069
18536,5-5059
18537,4-5399
18538,2-0330
18539,5-4573
18540,6-6051
18541,1-1107
18542,5-9638
18543,5-6851
18544,7-0797
18545,2-5707
18546,2-5106
18547,6-7751
18548,8-6711
18549,5-0910
18550,4-4984
18551,1-0290
18552,5-4729
18553,8-7424
18554,7-4194
18555,7-2868
18556,6-0480
18557,8-6411
18558,6-9853
18559,7-1133
18560,4-7820
18561,2-5192
18562,3-3823
18563,8-9193
18564,4-1571
18565,3-4436
18566,1-1238
18567,5-9771
18568,8-3904
18569,6-7694
18570,7-5062
18571,7-7879
18572,2-2427
18573,3-7319
18574,7-5953
18575,4-6240
18576,2-1100
18577,4-8925
18578,7-3718
18579,1-1810
18580,3-5071
18581,3-7778
18582,5-8144
18583,8-7170
18584,2-4890
18585,8-0468
18586,7-4176
18587,3-4199
18588,2-1654
18589,5-2897
18590,6-6485
18591,2-2167
18592,8-1716
18593,2-4312
18594,7-4618
18595,8-1695
18596,2-6349
18597,8-8332
18598,8-3499
18599,8-3413
18600,5-1762
18601,6-0592
18602,3-6526
18603,2-7609
18604,5-3425
18605,8-8921
18606,3-6838
18607,2-9749
18608,6-5563
18609,1-7776
18610,4-4413
18611,2-1321
18612,4-5407
18613,3-8947
18614,8-6458
18615,2-5755
18616,4-5223
18617,1-7366
18618,8-2665
18619,1-9923
18620,7-3045
18621,2-0937
18622,6-3485
18623,8-3394
18624,6-6507
18625,2-4904
18626,5-9007
18627,6-2978
18628,3-3538
18629,6-6873
18630,8-1759
18631,1-9416
18632,1-5389
18633,1-1086
18634,7-5101
18635,2-4044
18636,5-5141
18637,1-4869
18638,1-9075
18639,8-1773
18640,6-0086
18641,2-0140
18642,6-0094
18643,5-5842
18644,8-1502
18645,6-1235
18646,4-1093
18647,5-5755
18648,1-3914
18649,6-9150
18650,1-7951
18651,1-9513
18652,4-3811
18653,4-5464
18654,3-1703
18655,8-6891
18656,3-9109
18657,5-3670
18658,7-8574
18659,1-2499
18660,7-7047
18661,3-9868
18662,5-7851
18663,5-5710
18664,3-3568
18665,6-3095
18666,5-9802
18667,8-7259
18668,1-2077
18669,6-1663
18670,2-5733
18671,2-2966
18672,8-7996
18673,8-3619
18674,6-6388
18675,7-1262
18676,8-0525
18677,3-2459
18678,8-0152
18679,4-9963
18680,5-9272
18681,3-1824
18682,7-7769
18683,7-4444
18684,1-4099
18685,8-9865
18686,7-8326
18687,7-2559
18688,1-8008
18689,8-2945
18690,1-4895
18691,6-6665
18692,8-7755
18693,6-8408
18694,7-2516
18695,4-0918
18696,3-7762
18697,7-3839
18698,1-8621
18699,8-4686
18700,7-5154
18701,5-6318
18702,5-2541
18703,1-1131
18704,6-5840
18705,3-8376
18706,8-2020
18707,7-2677
18708,2-1781
18709,1-2502
18710,4-7028
18711,4-6615
18712,4-0588
18713,5-9045
18714,7-0172
18715,3-2437
18716,5-8391
18717,2-8615
18718,6-0311
18719,1-5641
18720,7-5045
18721,3-8582
18722,3-8390
18723,1-8914
18724,2-9777
18725,1-3017
18726,3-9725
18727,5-6627
18728,1-2722
18729,2-4304
18730,6-6395
18731,4-7350
18732,5-8521
18733,7-0886
18734,2-4473
18735,6-9304
18736,5-2423
18737,8-5181
18738,4-3021
18739,3-1299
18740,8-9544
18741,8-4861
18742,4-1040
18743,4-2715
18744,4-7030
18745,2-1994
18746,7-6399
18747,1-0902
18748,5-0832
18749,6-5333
18750,4-1808
18751,2-2500
18752,1-2715
18753,4-1375
18754,4-7335
18755,7-6754
18756,8-5277
18757,4-3733
18758,2-2903
18759,8-7943
18760,8-4567
18761,3-3903
18762,1-0572
18763,2-7921
18764,8-4247
18765,7-4316
18766,3-7343
18767,2-0634
18768,5-4554
18769,3-9880
18770,2-3542
18771,7-2654
18772,6-8922
18773,6-0956
18774,4-6734
18775,4-7612
18776,5-0623
18777,1-6186
18778,5-2642
18779,7-8474
18780,2-2295
18781,4-1817
18782,5-9414
18783,7-1852
18784,6-4241
18785,3-8634
18786,4-4691
18787,5-3861
18788,4-4009
18789,4-1784
18790,6-9630
18791,7-1492
18792,6-8080
18793,5-6573
18794,8-5678
18795,1-2197
18796,6-6914
18797,7-8012
18798,8-6033
18799,2-8056
18800,5-8073
18801,3-2896
18802,4-3901
18803,7-1364
18804,3-8456
18805,3-6120
18806,3-6399
18807,3-6071
18808,7-6782
18809,7-5031
18810,3-5422
18811,2-8375
18812,6-3744
18813,5-2915
18814,3-3624
18815,7-0404
18816,1-9232
18817,3-6279
18818,7-1971
18819,3-6862
18820,6-4234
18821,1-0639
18822,6-2665
18823,8-0512
18824,3-5706
18825,4-8962
18826,1-8255
18827,3-4214
18828,6-6196
18829,1-9680
18830,3-9311
18831,8-0051
18832,8-4319
18833,8-2182
18834,2-3544
18835,5-9276
18836,5-7267
18837,5-1353
18838,1-9826
18839,5-7512
18840,5-1629
18841,3-4060
18842,8-9987
18843,7-9787
18844,5-6178
18845,1-1894
18846,5-8604
18847,3-3099
18848,4-8432
18849,6-7423
18850,5-4943
18851,7-4907
18852,5-7014
18853,7-7632
18854,2-1725
18855,6-6661
18856,6-0152
18857,6-5187
18858,4-6075
18859,5-7394
18860,2-1681
18861,2-0704
18862,5-8297
18863,1-1075
18864,5-8462
18865,7-1973
18866,2-3774
18867,8-9008
18868,4-6533
18869,8-9604
18870,7-3463
18871,6-4125
18872,7-5705
18873,4-2850
18874,4-8105
18875,3-7969
18876,6-9941
18877,2-2202
18878,5-5204
18879,2-0053
18880,6-5207
18881,6-0984
18882,4-8718
18883,1-5776
18884,5-1834
18885,7-3598
18886,1-1321
18887,6-1617
18888,1-7715
18889,7-0027
18890,4-9665
18891,6-7329
18892,8-7146
18893,1-2567
18894,3-3422
18895,3-5393
18896,2-9431
18897,1-7338
18898,4-4311
18899,3-6662
18900,7-8357
18901,4-8156
18902,3-8099
18903,1-1368
18904,4-5521
18905,4-9911
18906,4-9772
18907,6-9228
18908,7-9342
18909,7-8305
18910,7-5025
18911,1-8487
18912,5-1969
18913,2-4261
18914,6-6210
18915,5-1843
18916,8-3459
18917,6-9143
18918,8-4499
18919,3-2670
18920,1-4493
18921,8-6948
18922,3-3736
18923,8-7800
18924,2-2751
18925,5-8344
18926,8-3085
18927,1-9340
18928,2-0369
18929,8-0293
18930,6-7882
18931,3-2572
18932,6-8536
18933,6-5108
18934,8-5651
18935,3-7141
18936,3-8731
18937,1-3789
18938,8-8230
18939,7-2035
18940,8-2316
18941,8-4433
18942,6-0498
18943,5-3205
18944,6-0254
18945,5-1513
18946,4-6299
18947,1-0469
18948,7-2442
18949,4-1614
18950,2-2763
18951,3-0921
18952,3-3375
18953,4-4510
18954,5-0235
18955,7-1198
18956,1-9844
18957,8-8804
18958,8-3764
18959,2-3306
18960,1-2745
18961,2-3515
18962,7-7019
18963,6-9046
18964,7-4296
18965,8-7513
18966,7-9867
18967,2-3556
18968,8-8864
18969,7-9692
18970,4-4318
18971,4-4380
18972,6-2574
18973,4-5022
18974,5-4242
18975,5-7828
18976,6-7060
18977,8-9569
18978,4-7509
18979,5-1526
18980,3-2255
18981,5-4816
18982,2-5241
18983,6-5898
18984,6-0337
18985,1-1057
18986,2-2236
18987,8-1822
18988,5-5420
18989,8-1941
18990,8-6364
18991,7-4973
18992,1-9295
18993,2-0739
18994,5-6337
18995,1-6759
18996,4-3485
18997,5-4667
18998,3-7231
18999,2-3924
19000,4-9368
19001,7-8760
19002,5-6450
19003,1-4687
19004,1-4913
19005,4-7027
19006,8-1492
19007,5-7849
19008,1-2344
19009,8-9963
19010,2-8792
19011,1-7989
19012,6-4347
19013,7-4103
19014,6-3355
19015,3-3309
19016,5-2265
19017,3-9756
19018,7-4003
19019,1-2452
19020,3-0446
19021,6-1177
19022,3-1137
19023,4-6960
19024,5-0973
19025,7-8648
19026,8-6471
19027,5-0651
19028,2-7571
19029,6-9089
19030,4-7622
19031,8-3825
19032,7-0078
19033,4-5709
19034,3-2318
19035,4-0520
19036,3-2900
19037,8-4565
19038,8-8536
19039,2-1659
19040,1-3997
19041,8-1257
19042,3-2577
19043,4-6497
19044,2-1224
19045,5-3829
19046,4-8989
19047,3-3383
19048,1-7425
19049,6-3516
19050,6-1375
19051,4-6744
19052,4-3518
19053,5-7032
19054,8-0370
19055,2-8897
19056,6-4189
19057,6-2722
19058,3-7805
19059,8-2245
19060,8-5232
19061,1-3583
19062,4-3295
19063,6-3865
19064,1-3512
19065,4-0047
19066,5-1016
19067,8-4277
19068,7-6354
19069,5-1737
19070,4-7086
19071,4-5480
19072,3-2069
19073,5-6690
19074,2-3057
19075,5-7481
19076,4-6262
19077,7-1991
19078,4-5369
19079,4-6323
19080,4-6676
19081,5-0333
19082,1-2486
19083,3-1744
19084,6-3720
19085,4-7768
19086,8-5661
19087,8-6545
19088,6-7669
19089,2-6963
19090,1-7007
19091,8-9751
19092,7-2927
19093,1-3648
19094,5-8791
19095,5-7371
19096,3-9345
19097,5-7135
19098,7-2103
19099,2-3942
19100,1-0102
19101,7-5808
19102,6-4424
19103,7-3267
19104,4-9201
19105,3-4533
19106,4-2245
19107,4-4713
19108,8-5285
19109,4-5743
19110,4-0753
19111,6-7055
19112,1-4332
19113,5-3235
19114,7-5521
19115,1-9353
19116,6-6785
19117,1-0146
19118,1-3559
19119,5-2634
19120,8-8912
19121,8-5686
19122,1-8966
19123,8-3889
19124,3-4114
19125,3-3946
19126,6-9969
19127,3-3987
19128,1-1480
19129,4-7362
19130,3-7145
19131,6-1358
19132,5-7153
19133,8-0734
19134,6-9300
19135,4-5693
19136,1-7277
19137,3-1366
19138,1-2592
19139,6-3152
19140,5-1119
19141,2-6881
19142,3-3380
19143,6-0106
19144,5-3266
19145,2-8839
19146,2-4325
19147,4-8527
19148,1-4698
19149,3-1097
19150,4-0085
19151,5-3832
19152,4-9895
19153,3-5692
19154,4-9049
19155,1-1875
19156,3-5708
19157,4-7660
19158,2-1909
19159,7-1352
19160,2-7126
19161,5-4124
19162,7-4874
19163,5-4062
19164,7-8150
19165,8-6028
19166,2-0253
19167,2-5152
19168,7-8469
19169,8-9302
19170,2-7713
19171,6-3711
19172,4-8578
19173,7-0110
19174,5-2181
19175,5-8864
19176,5-3055
19177,4-5008
19178,7-9640
19179,6-2803
19180,3-4129
19181,2-4980
19182,8-4833
19183,6-7268
19184,8-0618
19185,6-2519
19186,1-0640
19187,3-3995
19188,4-0989
19189,8-4533
19190,8-2583
19191,1-1308
19192,1-5295
19193,8-8033
19194,1-1337
19195,6-1648
19196,4-0575
19197,8-9494
19198,8-3077
19199,4-0274
19200,5-8639
19201,3-5839
19202,2-6882
19203,7-7579
19204,7-2918
19205,5-1591
19206,2-0298
19207,8-8846
19208,8-9317
19209,4-1358
19210,6-7364
19211,7-9131
19212,6-3953
19213,4-9244
19214,1-7237
19215,2-5399
19216,8-5394
19217,3-8078
19218,3-6458
19219,1-1796
19220,7-1404
19221,8-6254
19222,5-7970
19223,4-1137
19224,8-4265
19225,1-8366
19226,2-9298
19227,5-8674
19228,4-6959
19229,4-7898
19230,6-8602
19231,3-7068
19232,2-5021
19233,4-6431
19234,8-2823
19235,8-4410
19236,5-2664
19237,7-6993
19238,6-1768
19239,3-8049
19240,5-6069
19241,3-1585
19242,8-4378
19243,7-7193
19244,4-6430
19245,7-8116
19246,3-5488
19247,6-4267
19248,3-5046
19249,4-4303
19250,6-2845
19251,4-8274
19252,5-1233
19253,6-4277
19254,1-1430
19255,7-9518
19256,1-8663
19257,1-2388
19258,1-2644
19259,3-7376
19260,3-6124
19261,3-3182
19262,6-6726
19263,3-1344
19264,7-7304
19265,4-9360
19266,1-1736
19267,6-3178
19268,6-5384
19269,8-6944
19270,7-3544
19271,2-8068
19272,5-1267
19273,4-2624
19274,1-7159
19275,6-1718
19276,5-1946
19277,4-5913
19278,2-2370
19279,5-5434
19280,1-0683
19281,2-2583
19282,6-0215
19283,1-9515
19284,6-3898
19285,7-8548
19286,2-9481
19287,4-3479
19288,2-6400
19289,7-1326
19290,7-1581
19291,3-7563
19292,6-3021
19293,8-0781
19294,6-6397
19295,5-7530
19296,1-1710
19297,1-7269
19298,8-3344
19299,4-8085
19300,4-7813
19301,7-9719
19302,7-0210
19303,4-9660
19304,5-9317
19305,4-2893
19306,1-5384
19307,8-4213
19308,4-1106
19309,8-6251
19310,3-9145
19311,4-0791
19312,7-9761
19313,6-8796
19314,8-3799
19315,1-7659
19316,8-2953
19317,7-6380
19318,6-6263
19319,3-0040
19320,1-2834
19321,3-1062
19322,2-9726
19323,2-3961
19324,8-7914
19325,1-9360
19326,5-7201
19327,1-9025
19328,7-8197
19329,4-6460
19330,6-3224
19331,5-5540
19332,5-9406
19333,5-5114
19334,6-0286
19335,2-4095
19336,6-0831
19337,3-3542
19338,3-4246
19339,5-6471
19340,8-8697
19341,7-1392
19342,6-3373
19343,8-6598
19344,2-6654
19345,5-4595
19346,3-9211
19347,4-4853
19348,5-1710
19349,3-3407
19350,2-8048
19351,5-6910
19352,2-5091
19353,8-2712
19354,6-0848
19355,1-9036
19356,3-6067
19357,8-5326
19358,4-9469
19359,5-8393
19360,4-9484
19361,2-0065
19362,5-8805
19363,1-1034
19364,8-2501
19365,4-9736
19366,7-2134
19367,5-1569
19368,4-3778
19369,4-1520
19370,6-7073
19371,1-2805
19372,7-3376
19373,1-6098
19374,4-6520
19375,7-7271
19376,4-4330
19377,6-5866
19378,1-2530
19379,5-1152
19380,2-6988
19381,7-1868
19382,5-5612
19383,5-7865
19384,2-6230
19385,8-8316
19386,8-7829
19387,7-6069
19388,2-6295
19389,4-1407
19390,3-9080
19391,4-5181
19392,5-7708
19393,3-4744
19394,2-6079
19395,4-7817
19396,3-9346
19397,6-8512
19398,2-8341
19399,7-7391
19400,5-7103
19401,4-3134
19402,1-3322
19403,5-8719
19404,4-3166
19405,4-2588
19406,1-4208
19407,1-3540
19408,6-1923
19409,2-0223
19410,6-9756
19411,2-8593
19412,6-3470
19413,8-6040
19414,2-6789
19415,1-9449
19416,5-7802
19417,5-8284
19418,6-6207
19419,7-8573
19420,7-6192
19421,3-5495
19422,4-8556
19423,8-7587
19424,4-0473
19425,3-0774
19426,8-1119
19427,2-4245
19428,7-7116
19429,7-2901
19430,2-9033
19431,2-3860
19432,7-4196
19433,3-9538
19434,2-4209
19435,7-9776
19436,5-3591
19437,1-0776
19438,4-7860
19439,8-5234
19440,4-7119
19441,2-8625
19442,1-0558
19443,6-0437
19444,5-5113
19445,1-4668
19446,3-6927
19447,6-4815
19448,8-0471
19449,1-0110
19450,8-7837
19451,2-9329
19452,8-4661
19453,1-8749
19454,7-3310
19455,2-0914
19456,8-6427
19457,6-4374
19458,7-0804
19459,8-1960
19460,7-9934
19461,2-8579
19462,1-2449
19463,6-4578
19464,8-9082
19465,6-5757
19466,2-7484
19467,8-0134
19468,8-8388
19469,6-1465
19470,6-6283
19471,1-3020
19472,8-2220
19473,2-7708
19474,5-8773
19475,8-3478
19476,2-2726
19477,5-8520
19478,7-8361
19479,7-3355
19480,3-2199
19481,6-1425
19482,4-6785
19483,8-9583
19484,4-0370
19485,5-4055
19486,7-0938
19487,1-0001
19488,6-8384
19489,2-9992
19490,7-7434
19491,2-2625
19492,6-7402
19493,4-9118
19494,1-6050
19495,4-8969
19496,3-6056
19497,2-7675
19498,4-5488
19499,5-7989
19500,7-1746
19501,2-3224
19502,1-3600
19503,1-1268
19504,7-2630
19505,4-2921
19506,3-0946
19507,4-2201
19508,4-9984
19509,8-6322
19510,4-9694
19511,4-7411
19512,6-0975
19513,8-5615
19514,6-2973
19515,3-5228
19516,8-9986
19517,4-8398
19518,4-1970
19519,2-2155
19520,2-1765
19521,2-7774
19522,1-6336
19523,2-9019
19524,4-0891
19525,2-1106
19526,8-9921
19527,2-5917
19528,1-5619
19529,8-6493
19530,8-0215
19531,6-5674
19532,2-6876
19533,7-4991
19534,8-3249
19535,2-0429
19536,1-5328
19537,4-5373
19538,4-1027
19539,3-8555
19540,8-5269
19541,5-5366
19542,3-4098
19543,8-7958
19544,2-3754
19545,7-9544
19546,5-6478
19547,6-5983
19548,1-8833
19549,5-2722
19550,4-9297
19551,4-7214
19552,2-4512
19553,6-0778
19554,6-5817
19555,1-9970
19556,5-3605
19557,7-4961
19558,7-3807
19559,1-7144
19560,7-0133
19561,2-7227
19562,6-0481
19563,8-8185
19564,7-9668
19565,2-2849
19566,4-3108
19567,8-0163
19568,4-5291
19569,7-5241
19570,2-0831
19571,6-9173
19572,8-9500
19573,1-8283
19574,5-5311
19575,1-3149
19576,3-4825
19577,6-1738
19578,5-0661
19579,1-6373
19580,7-2368
19581,3-6156
19582,3-8833
19583,7-6261
19584,6-4290
19585,8-8584
19586,3-6520
19587,4-8251
19588,3-3863
19589,2-2306
19590,1-0214
19591,5-3139
19592,4-8284
19593,2-2241
19594,4-0271
19595,2-4386
19596,6-7411
19597,1-4401
19598,8-2179
19599,4-3659
19600,1-9909
19601,2-0107
19602,2-8879
19603,4-0122
19604,3-0885
19605,4-9982
19606,6-7251
19607,6-7498
19608,2-7833
19609,7-1218
19610,7-1857
19611,1-3840
19612,7-5806
19613,4-7617
19614,1-0589
19615,7-9791
19616,5-1112
19617,6-9102
19618,6-7343
19619,3-5897
19620,4-8575
19621,7-6197
19622,6-7716
19623,7-7183
19624,1-0427
19625,1-7703
19626,8-9376
19627,3-9319
19628,2-0342
19629,2-6825
19630,7-0915
19631,3-3828
19632,5-9532
19633,2-5507
19634,8-9804
19635,3-2003
19636,7-9322
19637,4-3995
19638,7-4810
19639,5-3967
19640,7-4246
19641,2-7887
19642,5-0955
19643,8-9353
19644,4-2044
19645,7-3838
19646,7-2849
19647,6-7817
19648,5-3279
19649,7-3318
19650,7-5697
19651,5-5013
19652,6-9694
19653,3-8955
19654,3-2806
19655,5-1943
19656,4-7600
19657,4-2901
19658,8-9637
19659,4-5199
19660,6-3719
19661,1-2171
19662,3-4797
19663,4-2848
19664,7-5847
19665,5-3393
19666,3-9905
19667,1-9482
19668,5-2488
19669,1-1988
19670,8-3148
19671,5-1086
19672,2-4042
19673,8-9991
19674,8-7806
19675,4-6201
19676,4-4688
19677,7-0448
19678,5-1579
19679,2-3032
19680,4-4581
19681,7-7001
19682,5-9664
19683,5-1989
19684,6-7790
19685,6-4522
19686,3-3895
19687,8-7152
19688,8-4732
19689,3-5753
19690,5-6583
19691,5-7555
19692,4-3140
19693,7-4754
19694,2-2204
19695,3-1606
19696,6-0043
19697,4-5426
19698,5-9561
19699,3-2360
19700,3-9296
19701,6-5523
19702,2-3025
19703,5-5206
19704,3-7426
19705,1-5309
19706,8-4256
19707,6-1977
19708,7-4137
19709,8-7024
19710,6-8413
19711,7-3957
19712,7-7149
19713,4-1642
19714,8-9737
19715,6-3530
19716,6-3328
19717,5-6877
19718,6-4996
19719,8-9438
19720,7-7471
19721,3-4496
19722,8-5254
19723,6-5225
19724,2-7388
19725,3-8415
19726,5-7521
19727,4-6716
19728,6-6663
19729,7-5168
19730,3-8144
19731,6-5732
19732,7-3283
19733,7-7850
19734,6-8593
19735,6-7935
19736,1-3753
19737,1-7430
19738,4-4974
19739,8-5892
19740,8-0222
19741,6-8490
19742,3-1850
19743,1-8180
19744,6-5233
19745,4-3946
19746,5-8413
19747,7-3814
19748,8-5011
19749,2-1705
19750,5-8215
19751,4-3039
19752,8-8475
19753,4-8808
19754,3-6059
19755,4-0318
19756,5-7450
19757,3-6144
19758,7-2544
19759,2-5089
19760,8-9387
19761,7-7631
19762,2-6720
19763,1-2439
19764,4-6130
19765,7-8439
19766,4-6534
19767,7-1439
19768,4-4486
19769,8-8762
19770,8-0077
19771,4-8612
19772,6-4790
19773,2-5405
19774,2-0193
19775,1-4140
19776,5-9099
19777,3-5082
19778,2-7529
19779,4-2619
19780,1-3680
19781,1-5627
19782,3-3389
19783,1-9721
19784,7-1004
19785,4-9233
19786,2-1117
19787,2-9961
19788,8-2769
19789,8-7634
19790,5-3152
19791,5-4312
19792,7-1350
19793,5-9837
19794,4-5605
19795,8-0460
19796,2-8015
19797,8-3208
19798,4-5825
19799,6-3420
19800,8-8471
19801,3-0822
19802,7-7151
19803,6-0321
19804,4-1472
19805,6-4047
19806,2-6268
19807,3-6204
19808,4-9438
19809,7-9331
19810,8-3603
19811,7-6705
19812,6-8660
19813,4-3690
19814,1-7258
19815,4-7952
19816,7-6016
19817,4-6072
19818,8-1818
19819,1-6668
19820,5-8341
19821,1-2475
19822,2-5338
19823,3-6235
19824,4-7499
19825,7-7298
19826,6-1685
19827,6-0751
19828,4-9327
19829,4-6548
19830,6-8697
19831,4-7199
19832,5-0506
19833,2-7792
19834,7-1271
19835,2-1913
19836,4-9277
19837,1-2871
19838,7-3215
19839,4-6987
19840,2-0055
19841,6-8974
19842,8-2729
19843,3-6703
19844,4-9062
19845,5-3541
19846,8-6390
19847,8-8717
19848,8-5823
19849,6-5626
19850,4-0861
19851,2-9892
19852,4-7761
19853,1-2331
19854,1-8301
19855,8-9633
19856,6-4368
19857,2-9299
19858,5-9927
19859,7-2069
19860,2-6004
19861,5-5616
19862,2-5014
19863,6-6762
19864,4-9349
19865,3-4044
19866,2-6749
19867,8-6706
19868,4-2545
19869,7-5363
19870,7-7009
19871,2-5983
19872,1-8504
19873,3-5669
19874,1-6029
19875,5-7474
19876,4-0219
19877,5-1432
19878,2-4053
19879,1-2179
19880,2-6225
19881,3-8874
19882,8-4280
19883,5-3661
19884,1-6448
19885,1-3176
19886,7-0400
19887,3-4088
19888,2-6735
19889,1-9475
19890,2-3140
19891,3-4887
19892,4-3463
19893,2-0278
19894,7-1049
19895,6-6305
19896,1-9983
19897,1-9191
19898,3-0957
19899,4-4358
19900,4-9888
19901,3-3696
19902,4-4623
19903,7-0103
19904,5-7789
19905,2-7617
19906,2-0471
19907,6-1865
19908,2-0267
19909,3-6921
19910,5-2671
19911,5-4867
19912,6-6625
19913,4-0328
19914,4-6801
19915,7-5368
19916,3-0572
19917,5-6350
19918,7-8797
19919,5-8873
19920,2-3596
19921,8-3887
19922,5-5571
19923,6-0317
19924,5-0356
19925,8-1408
19926,2-6317
19927,1-0191
19928,2-9920
19929,3-3441
19930,7-5554
19931,2-9164
19932,6-0008
19933,6-3071
19934,8-2096
19935,5-9042
19936,5-5560
19937,1-3306
19938,8-1028
19939,6-9265
19940,2-4843
19941,3-3862
19942,5-8693
19943,6-7300
19944,6-5199
19945,3-4441
19946,6-0288
19947,8-6476
19948,2-8857
19949,1-6723
19950,6-9584
19951,4-9965
19952,3-9676
19953,5-8630
19954,6-4974
19955,2-5307
19956,4-0466
19957,6-9393
19958,5-2579
19959,7-1421
19960,7-8295
19961,2-3913
19962,4-6422
19963,7-4056
19964,3-3434
19965,1-9312
19966,1-9171
19967,4-1152
19968,8-1536
19969,2-0130
19970,7-9633
19971,8-0419
19972,2-9219
19973,2-0186
19974,1-4402
19975,5-0442
19976,7-3057
19977,5-3825
19978,4-0631
19979,4-7035
19980,6-4193
19981,2-5263
19982,4-3829
19983,7-3721
19984,6-7606
19985,2-3169
19986,3-5206
19987,1-0461
19988,4-2941
19989,6-8448
19990,2-4349
19991,5-6854
19992,8-5728
19993,3-7278
19994,7-5619
19995,1-4087
19996,7-5974
19997,3-4148
19998,1-7204
19999,1-7575
20000,2-6958
20001,2-9919
20002,7-9862
20003,5-8402
20004,5-8698
20005,3-4113
20006,4-5020
20007,6-7452
20008,5-8853
20009,5-2790
20010,4-4854
20011,8-0138
20012,6-2836
20013,7-4503
20014,1-6456
20015,2-4826
20016,8-4893
20017,3-2234
20018,8-3210
20019,1-1349
20020,3-9463
20021,3-2084
20022,2-0880
20023,3-7725
20024,4-4496
20025,7-0120
20026,1-9658
20027,1-0686
20028,1-3945
20029,5-1787
20030,4-8377
20031,8-8119
20032,5-1096
20033,3-1354
20034,5-6481
20035,7-2011
20036,4-9716
20037,1-0946
20038,5-5493
20039,4-8304
20040,4-3738
20041,5-9959
20042,8-1592
20043,3-6885
20044,1-1544
20045,6-5106
20046,2-3414
20047,6-4900
20048,6-4391
20049,4-9362
20050,1-8503
20051,2-2128
20052,7-4508
20053,1-9934
20054,6-8912
20055,4-8009
20056,6-9647
20057,4-5904
20058,2-9160
20059,2-0845
20060,7-7363
20061,4-4986
20062,4-6368
20063,7-4511
20064,5-5762
20065,1-8750
20066,3-2155
20067,2-9087
20068,3-3792
20069,6-2837
20070,7-8472
20071,4-5331
20072,7-3336
20073,2-7955
20074,1-5178
20075,4-9226
20076,6-4685
20077,4-3462
20078,1-3014
20079,3-8451
20080,7-7982
20081,1-2022
20082,3-1791
20083,5-7880
20084,6-5327
20085,8-6421
20086,2-6071
20087,6-9458
20088,1-8651
20089,7-3097
20090,2-1245
20091,7-7072
20092,1-1998
20093,7-6310
20094,7-7134
20095,5-2070
20096,4-3495
20097,6-0632
20098,7-3979
20099,8-4111
20100,3-3175
20101,5-3799
20102,1-6287
20103,6-9372
20104,3-4244
20105,7-5962
20106,8-2491
20107,3-8510
20108,1-3886
20109,2-1664
20110,5-7672
20111,3-5484
20112,7-2029
20113,8-0598
20114,6-1326
20115,7-9410
20116,7-8413
20117,6-7989
20118,6-6374
20119,5-0335
20120,1-2252
20121,5-3604
20122,3-9655
20123,1-0111
20124,2-0111
20125,7-1223
20126,1-3382
20127,3-7039
20128,6-3077
20129,6-2279
20130,7-7068
20131,2-7107
20132,3-7648
20133,5-8126
20134,2-9915
20135,2-7867
20136,7-1800
20137,8-7334
20138,2-4047
20139,8-7988
20140,5-3316
20141,2-9370
20142,3-5225
20143,7-3406
20144,6-4365
20145,4-1205
20146,5-4398
20147,8-6080
20148,5-1108
20149,4-5878
20150,8-9191
20151,3-3606
20152,8-3405
20153,8-8648
20154,3-2562
20155,6-4563
20156,1-0854
20157,2-0078
20158,4-9125
20159,3-0723
20160,7-1145
20161,6-7281
20162,3-2210
20163,2-2301
20164,4-3267
20165,6-0212
20166,3-9297
20167,5-5594
20168,8-7395
20169,7-2472
20170,1-5658
20171,3-2416
20172,2-3478
20173,8-9485
20174,8-0622
20175,2-6848
20176,8-9020
20177,3-3403
20178,6-6793
20179,3-2593
20180,3-8801
20181,1-0145
20182,5-0548
20183,2-9094
20184,5-5922
20185,8-0130
20186,4-4383
20187,3-5041
20188,8-6884
20189,2-1573
20190,6-2585
20191,5-8769
20192,6-3749
20193,5-0435
20194,1-3305
20195,7-7863
20196,1-6797
20197,4-6174
20198,5-5924
20199,8-9689
20200,8-0665
20201,2-1736
20202,4-9537
20203,6-2789
20204,8-9190
20205,8-5599
20206,5-4857
20207,7-2336
20208,2-4034
20209,4-8537
20210,7-9847
20211,7-0868
20212,8-7346
20213,8-3347
20214,6-3456
20215,4-7724
20216,2-9905
20217,4-2243
20218,4-1272
20219,4-5665
20220,2-9783
20221,7-5036
20222,8-7193
20223,2-6204
20224,5-6949
20225,4-1504
20226,2-0812
20227,2-1006
20228,8-3526
20229,3-8719
20230,8-5963
20231,1-1194
20232,5-7241
20233,1-3796
20234,1-2033
20235,8-9390
20236,3-1608
20237,7-2426
20238,8-7614
20239,3-6410
20240,7-7400
20241,2-5098
20242,3-2479
20243,3-2343
20244,3-4766
20245,2-5415
20246,3-2903
20247,8-0248
20248,5-5170
20249,6-3886
20250,8-8850
20251,2-3021
20252,6-4251
20253,4-7704
20254,5-2015
20255,2-0257
20256,6-8204
20257,8-4884
20258,5-8861
20259,4-2560
20260,2-5331
20261,7-4941
20262,1-4217
20263,1-9535
20264,1-8620
20265,7-5880
20266,8-1135
20267,5-8676
20268,1-0520
20269,3-1232
20270,5-9847
20271,8-5866
20272,4-2651
20273,3-2559
20274,7-8128
20275,6-7431
20276,4-7725
20277,6-8939
20278,6-8042
20279,7-6755
20280,2-9531
20281,3-6358
20282,5-1802
20283,4-9391
20284,2-4746
20285,8-3398
20286,6-0923
20287,1-5907
20288,8-7455
20289,3-2843
20290,4-4281
20291,3-8369
20292,8-9534
20293,4-3030
20294,4-1548
20295,5-9910
20296,4-9897
20297,6-6445
20298,6-7467
20299,8-3732
20300,4-2576
20301,8-2135
20302,5-7645
20303,6-8716
20304,5-3858
20305,3-8803
20306,3-1251
20307,7-0848
20308,2-2078
20309,3-1458
20310,1-4025
20311,7-0935
20312,5-2801
20313,7-7343
20314,6-6435
20315,6-5756
20316,1-0458
20317,4-0688
20318,8-6453
20319,5-3466
20320,1-5892
20321,5-0389
20322,1-5692
20323,6-0713
20324,2-5079
20325,8-2611
20326,5-8197
20327,6-9589
20328,7-5710
20329,7-2942
20330,8-9165
20331,5-9645
20332,8-0449
20333,7-8432
20334,1-8571
20335,5-0730
20336,8-1332
20337,1-6981
20338,7-4911
20339,1-0721
20340,4-6186
20341,3-7471
20342,7-2444
20343,3-4040
20344,3-4595
20345,6-6353
20346,4-9494
20347,7-3994
20348,5-4826
20349,2-5779
20350,3-6165
20351,4-6057
20352,5-4480
20353,6-1423
20354,1-2122
20355,3-5157
20356,6-2247
20357,3-5756
20358,6-1171
20359,1-0910
20360,8-1970
20361,5-6300
20362,2-3231
20363,6-4649
20364,8-1917
20365,6-2482
20366,8-3740
20367,1-2830
20368,1-9249
20369,5-6731
20370,3-2144
20371,4-3247
20372,4-2194
20373,5-7491
20374,6-1079
20375,6-3471
20376,7-8763
20377,7-4272
20378,2-2779
20379,7-8683
20380,6-4121
20381,7-5506
20382,3-4365
20383,7-6066
20384,8-6119
20385,7-6546
20386,1-2716
20387,7-8874
20388,7-5156
20389,6-6428
20390,7-2271
20391,7-8498
20392,4-6517
20393,7-3197
20394,7-2167
20395,2-7925
20396,7-4250
20397,6-0837
20398,8-1515
20399,6-7265
20400,4-2092
20401,6-5798
20402,6-0402
20403,5-5217
20404,4-6624
20405,1-5679
20406,8-3570
20407,2-8531
20408,5-9139
20409,6-1132
20410,4-8012
20411,3-2135
20412,5-5718
20413,1-7777
20414,6-8996
20415,8-3020
20416,7-2292
20417,6-6053
20418,1-9281
20419,7-8476
20420,5-3001
20421,8-1313
20422,7-1420
20423,6-4727
20424,3-5660
20425,7-0332
20426,6-4379
20427,5-6892
20428,7-8484
20429,5-4296
20430,5-0129
20431,4-7064
20432,8-1165
20433,4-9858
20434,6-3613
20435,2-7844
20436,7-6458
20437,2-9346
20438,6-2018
20439,2-3327
20440,5-2228
20441,2-8392
20442,3-3237
20443,8-3805
20444,1-7241
20445,5-1257
20446,7-5956
20447,6-6765
20448,2-2470
20449,3-4470
20450,8-0888
20451,3-4380
20452,6-3105
20453,2-7271
20454,5-8081
20455,3-4522
20456,4-9237
20457,4-9103
20458,6-9922
20459,6-6836
20460,6-3689
20461,8-9003
20462,3-2971
20463,4-3265
20464,2-7034
20465,5-6191
20466,7-7411
20467,3-0485
20468,7-5439
20469,2-4285
20470,3-1050
20471,4-3047
20472,5-9004
20473,3-9664
20474,8-7781
20475,2-2121
20476,7-4773
20477,2-2927
20478,7-0313
20479,5-2245
20480,1-8624
20481,5-4042
20482,6-4604
20483,3-9718
20484,3-3841
20485,4-0451
20486,3-5173
20487,4-3181
20488,1-3354
20489,1-9228
20490,5-9567
20491,5-1154
20492,5-9863
20493,7-1889
20494,4-2940
20495,7-5903
20496,3-8748
20497,6-6534
20498,6-1302
20499,4-0610
20500,2-8401
20501,7-6611
20502,4-4185
20503,3-0588
20504,6-0825
20505,3-9305
20506,2-5029
20507,3-9103
20508,5-2490
20509,1-0681
20510,8-8032
20511,1-7854
20512,6-7162
20513,1-4953
20514,3-0326
20515,5-0268
20516,2-8739
20517,8-5584
20518,8-8209
20519,3-1246
20520,4-1658
20521,8-3637
20522,3-2659
20523,8-4462
20524,3-3683
20525,8-9377
20526,3-6965
20527,3-7385
20528,3-9376
20529,2-8892
20530,3-2071
20531,5-7389
20532,5-4401
20533,1-4816
20534,7-7148
20535,8-9697
20536,8-7716
20537,4-1767
20538,2-8647
20539,7-5266
20540,6-6607
20541,4-4097
20542,4-9067
20543,2-2598
20544,3-6475
20545,4-2838
20546,6-3156
20547,8-8810
20548,2-4438
20549,4-4929
20550,6-5650
20551,2-0778
20552,8-5995
20553,4-6981
20554,6-8640
20555,7-2464
20556,3-0456
20557,8-0257
20558,8-5183
20559,6-7504
20560,5-4808
20561,2-7941
20562,4-0124
20563,2-3257
20564,7-4228
20565,8-7038
20566,6-1020
20567,8-5436
20568,4-2067
20569,2-4255
20570,2-6103
20571,7-9295
20572,4-7510
20573,7-0146
20574,5-9449
20575,3-7200
20576,2-7905
20577,8-2810
20578,6-0674
20579,7-4166
20580,6-9374
20581,6-4447
20582,1-8555
20583,6-8140
20584,6-7662
20585,4-2376
20586,8-2189
20587,7-6121
20588,1-7229
20589,4-0940
20590,4-1875
20591,8-4835
20592,7-4476
20593,7-2258
20594,1-0120
20595,8-2874
20596,1-8590
20597,7-8975
20598,6-3918
20599,3-5579
20600,1-6520
20601,5-3676
20602,6-7194
20603,6-5682
20604,2-8712
20605,7-1707
20606,2-6417
20607,1-8955
20608,6-1893
20609,2-5320
20610,5-5514
20611,7-7837
20612,3-2363
20613,3-6943
20614,7-9895
20615,8-5451
20616,2-5553
20617,7-9189
20618,3-5267
20619,5-8085
20620,4-2575
20621,5-3464
20622,8-1892
20623,8-5933
20624,1-8066
20625,7-9689
20626,7-9611
20627,6-1603
20628,1-7676
20629,8-9811
20630,5-7580
20631,4-6619
20632,7-5320
20633,7-0926
20634,6-5718
20635,8-7557
20636,3-8855
20637,4-0992
20638,8-3030
20639,5-9616
20640,2-4655
20641,5-4495
20642,6-6408
20643,7-8614
20644,4-4367
20645,7-6659
20646,5-9090
20647,2-9824
20648,5-9165
20649,3-2983
20650,4-1685
20651,1-8327
20652,4-7137
20653,4-6551
20654,5-4324
20655,2-4256
20656,4-3713
20657,3-2402
20658,3-1883
20659,8-2661
20660,7-4131
20661,8-6788
20662,8-4737
20663,4-6020
20664,5-9159
20665,6-8741
20666,2-8117
20667,6-8263
20668,6-9312
20669,5-9259
20670,1-7368
20671,1-1886
20672,5-7523
20673,4-6971
20674,1-7018
20675,7-9796
20676,2-6883
20677,8-7842
20678,5-0869
20679,7-5032
20680,4-2756
20681,5-8684
20682,4-6346
20683,7-1856
20684,2-2734
20685,5-8677
20686,2-9839
20687,1-1312
20688,2-4335
20689,8-8507
20690,1-9294
20691,7-9809
20692,7-8583
20693,6-8751
20694,6-7271
20695,7-7761
20696,6-3916
20697,3-8703
20698,2-9944
20699,6-4112
20700,7-4658
20701,3-2984
20702,4-3364
20703,2-9397
20704,4-0268
20705,5-1303
20706,7-0676
20707,4-2797
20708,4-6378
20709,2-0896
20710,6-4807
20711,8-1435
20712,6-5767
20713,7-5624
20714,3-7830
20715,2-2433
20716,6-1202
20717,5-2063
20718,3-7293
20719,6-5464
20720,1-9910
20721,1-2846
20722,6-2044
20723,5-3126
20724,2-0337
20725,7-8499
20726,7-3641
20727,1-5153
20728,7-3262
20729,4-6807
20730,6-1010
20731,3-7960
20732,6-2161
20733,8-1886
20734,7-0541
20735,6-2236
20736,4-4645
20737,3-8089
20738,3-0874
20739,2-1293
20740,1-0257
20741,5-6411
20742,7-6170
20743,2-0720
20744,7-0581
20745,2-8368
20746,1-0210
20747,7-4690
20748,3-7120
20749,2-8220
20750,2-4294
20751,4-5592
20752,7-5161
20753,3-5029
20754,1-3978
20755,4-6109
20756,7-7355
20757,5-0806
20758,6-7974
20759,2-8335
20760,5-6017
20761,4-6019
20762,5-2309
20763,7-1768
20764,5-1324
20765,2-9921
20766,2-0070
20767,2-3232
20768,7-4518
20769,7-1346
20770,1-5651
20771,1-3365
20772,8-2016
20773,2-2868
20774,2-9240
20775,8-3698
20776,5-1185
20777,4-7505
20778,3-5075
20779,5-4308
20780,3-5639
20781,4-4993
20782,5-1021
20783,7-2339
20784,1-7218
20785,6-0282
20786,7-2131
20787,2-7843
20788,6-8999
20789,5-8275
20790,2-1423
20791,6-8757
20792,4-9925
20793,5-6365
20794,6-7022
20795,4-6832
20796,1-7067
20797,8-6198
20798,3-6183
20799,5-7476
20800,4-4434
20801,4-7166
20802,1-3501
20803,4-3270
20804,8-4779
20805,5-0183
20806,3-1884
20807,3-4655
20808,8-2532
20809,5-2032
20810,7-4181
20811,3-6751
20812,5-7484
20813,8-8035
20814,5-9310
20815,8-9296
20816,1-0256
20817,6-0313
20818,1-6136
20819,2-3373
20820,7-1593
20821,6-4474
20822,7-2850
20823,5-7302
20824,1-6099
20825,5-0794
20826,8-0745
20827,8-4479
20828,1-0741
20829,2-2355
20830,1-6167
20831,2-9205
20832,2-4545
20833,2-5201
20834,3-4865
20835,5-6104
20836,1-7999
20837,6-8044
20838,1-3697
20839,5-2146
20840,8-0255
20841,2-7237
20842,6-4208
20843,3-1336
20844,2-7444
20845,6-5937
20846,1-0993
20847,8-6721
20848,4-4331
20849,6-1215
20850,3-7369
20851,1-5265
20852,3-5171
20853,1-0269
20854,5-4768
20855,4-4109
20856,2-3274
20857,3-1362
20858,6-2796
20859,2-3153
20860,7-9449
20861,5-1812
20862,4-7169
20863,1-9432
20864,8-0166
20865,4-6636
20866,8-6463
20867,6-7243
20868,6-0112
20869,2-4291
20870,3-5948
20871,4-1239
20872,8-1308
20873,5-3520
20874,1-0591
20875,5-5890
20876,3-8606
20877,8-6442
20878,2-7031
20879,2-9849
20880,2-1444
20881,5-7949
20882,2-8612
20883,5-4810
20884,6-7379
20885,3-5185
20886,1-9558
20887,5-7736
20888,3-9941
20889,2-8952
20890,5-0454
20891,7-4337
20892,7-4466
20893,6-8085
20894,3-3739
20895,1-0441
20896,8-7887
20897,3-8166
20898,4-2765
20899,8-4189
20900,5-8183
20901,8-6643
20902,1-3514
20903,6-9947
20904,8-7267
20905,4-0237
20906,6-1403
20907,2-2725
20908,1-6090
20909,2-0228
20910,4-0772
20911,7-7317
20912,2-2417
20913,4-4697
20914,6-3326
20915,7-8383
20916,3-0553
20917,1-8544
20918,4-1439
20919,5-1066
20920,5-8176
20921,4-0666
20922,5-8173
20923,6-9914
20924,6-6898
20925,7-5718
20926,4-9855
20927,4-2623
20928,5-0932
20929,2-4395
20930,3-7103
20931,5-8780
20932,2-7011
20933,1-6694
20934,8-8000
20935,4-7321
20936,6-1793
20937,2-2683
20938,7-7259
20939,8-2487
20940,8-4464
20941,8-7766
20942,3-2819
20943,6-6928
20944,7-7504
20945,6-5584
20946,4-7583
20947,7-7487
20948,5-6278
20949,1-8131
20950,1-2469
20951,8-9326
20952,6-1878
20953,8-0136
20954,4-9952
20955,7-3312
20956,4-0825
20957,8-0133
20958,1-5213
20959,7-1494
20960,1-0730
20961,2-8436
20962,6-9723
20963,8-9199
20964,7-1423
20965,3-5132
20966,1-6727
20967,8-2360
20968,2-4070
20969,6-2690
20970,2-2660
20971,1-0929
20972,6-3020
20973,1-5312
20974,1-1824
20975,8-9677
20976,1-6302
20977,5-3260
20978,4-8648
20979,8-1871
20980,4-8650
20981,7-8130
20982,8-7735
20983,3-4756
20984,8-6688
20985,7-8889
20986,4-4278
20987,5-6654
20988,6-5890
20989,2-3190
20990,6-7165
20991,6-3114
20992,6-2773
20993,5-6398
20994,5-5602
20995,7-8938
20996,8-4270
20997,4-4868
20998,1-6312
20999,1-8078
21000,4-9367
21001,5-7715
21002,5-8195
21003,7-9418
21004,2-6802
21005,2-6554
21006,3-0544
21007,8-2163
21008,8-1353
21009,8-1427
21010,5-6614
21011,1-7469
21012,4-9437
21013,6-9002
21014,6-5694
21015,3-0803
21016,1-3378
21017,5-6608
21018,6-7870
21019,3-1588
21020,4-8191
21021,1-3098
21022,7-9925
21023,6-9192
21024,4-0951
21025,7-1999
21026,5-0874
21027,2-8281
21028,6-8310
21029,8-7931
21030,6-1614
21031,2-5474
21032,6-7715
21033,4-9403
21034,5-1204
21035,6-7993
21036,4-7184
21037,5-6331
21038,7-4188
21039,8-4810
21040,8-1150
21041,3-3221
21042,3-7736
21043,4-4861
21044,3-7586
21045,7-1044
21046,2-3558
21047,6-2180
21048,5-6802
21049,8-7461
21050,4-4848
21051,8-3710
21052,6-6639
21053,8-6230
21054,4-0147
21055,6-5820
21056,1-6777
21057,1-6123
21058,6-7191
21059,7-5302
21060,8-1231
21061,8-9664
21062,5-9538
21063,1-6771
21064,7-9602
21065,5-9213
21066,1-1976
21067,7-3972
21068,6-6904
21069,2-3218
21070,3-6154
21071,7-4385
21072,8-2300
21073,6-8277
21074,8-3664
21075,6-2939
21076,8-9031
21077,4-8954
21078,3-8438
21079,1-1229
21080,8-9508
21081,7-1611
21082,5-3975
21083,3-1298
21084,7-3658
21085,7-5734
21086,6-1852
21087,5-8615
21088,7-4851
21089,6-7998
21090,7-6739
21091,6-7821
21092,1-1154
21093,5-2145
21094,3-8671
21095,5-8835
21096,1-7505
21097,3-6626
21098,8-7158
21099,3-8117
21100,8-7903
21101,1-7315
21102,2-7408
21103,7-3151
21104,6-2907
21105,1-3835
21106,4-2687
21107,2-7906
21108,2-6474
21109,8-9160
21110,3-3310
21111,5-9056
21112,3-1980
21113,3-2772
21114,2-0674
21115,6-9733
21116,6-5135
21117,8-2902
21118,7-9659
21119,4-1626
21120,4-4033
21121,2-6451
21122,1-8998
21123,6-7327
21124,1-7308
21125,3-7678
21126,1-1570
21127,4-3603
21128,4-0709
21129,8-4553
21130,1-8308
21131,8-1945
21132,6-3824
21133,4-5454
21134,6-8986
21135,5-5142
21136,5-9158
21137,2-3315
21138,1-3155
21139,3-4572
21140,1-2794
21141,6-3873
21142,1-6177
21143,7-0759
21144,1-3756
21145,6-2668
21146,7-1095
21147,2-3045
21148,5-2850
21149,2-4549
21150,2-9334
21151,6-5571
21152,1-1152
21153,4-4902
21154,2-6314
21155,2-5456
21156,2-7446
21157,3-5650
21158,7-2185
21159,2-3080
21160,2-2159
21161,7-0727
21162,4-5568
21163,6-2763
21164,4-2882
21165,8-3703
21166,4-8183
21167,1-4027
21168,7-2538
21169,7-0513
21170,2-7242
21171,1-7092
21172,7-2456
21173,6-4248
21174,8-8127
21175,7-6868
21176,5-8120
21177,3-5515
21178,6-8794
21179,4-6663
21180,6-1797
21181,8-8608
21182,3-7852
21183,6-3753
21184,6-3794
21185,4-1471
21186,4-1613
21187,8-9182
21188,8-7069
21189,5-8345
21190,4-1551
21191,1-4504
21192,1-8445
21193,5-4714
21194,5-8505
21195,5-6328
21196,6-6567
21197,5-3474
21198,1-1266
21199,4-4015
21200,3-2617
21201,7-4768
21202,2-5168
21203,2-4823
21204,7-3648
21205,4-5280
21206,4-0263
21207,8-3773
21208,5-0400
21209,2-9691
21210,5-9247
21211,4-1303
21212,8-3135
21213,2-4220
21214,8-4945
21215,3-3210
21216,2-3525
21217,8-5466
21218,7-0618
21219,3-4333
21220,5-5118
21221,1-1835
21222,4-8995
21223,8-3150
21224,5-2770
21225,3-0616
21226,2-7016
21227,1-2626
21228,6-8815
21229,8-5674
21230,3-0904
21231,6-3835
21232,3-1827
21233,2-6219
21234,7-8673
21235,4-6386
21236,2-4841
21237,5-7012
21238,6-0834
21239,7-6292
21240,4-0470
21241,4-2079
21242,2-1931
21243,7-5821
21244,4-3403
21245,6-0229
21246,3-7416
21247,5-2148
21248,6-6139
21249,2-6171
21250,3-4707
21251,2-0677
21252,6-2460
21253,6-1741
21254,4-0074
21255,3-6610
21256,1-9626
21257,1-2317
21258,4-4872
21259,6-5293
21260,8-9695
21261,1-1329
21262,5-6469
21263,8-0630
21264,1-1014
21265,1-3966
21266,8-9529
21267,3-1808
21268,8-6996
21269,7-8032
21270,8-4100
21271,2-7811
21272,2-4966
21273,5-5618
21274,2-0518
21275,4-6263
21276,8-0980
21277,6-5864
21278,5-6133
21279,5-0490
21280,5-7837
21281,7-2162
21282,7-1978
21283,7-4980
21284,1-5215
21285,6-4166
21286,1-8860
21287,8-8435
21288,1-1545
21289,1-0709
21290,2-7964
21291,2-8023
21292,5-9652
21293,4-1366
21294,8-8088
21295,7-8564
21296,7-7807
21297,1-0169
21298,7-4596
21299,7-7173
21300,4-8959
21301,3-0509
21302,4-3963
21303,4-0986
21304,7-2065
21305,6-1613
21306,1-8631
21307,1-8368
21308,4-0936
21309,2-0413
21310,2-8047
21311,1-9966
21312,4-6705
21313,2-5846
21314,4-2139
21315,2-2657
21316,3-8521
21317,4-6753
21318,7-3834
21319,2-4412
21320,3-2535
21321,8-1823
21322,3-6152
21323,5-5663
21324,1-5650
21325,3-4094
21326,8-0897
21327,7-1804
21328,6-3578
21329,4-3561
21330,1-6016
21331,2-5961
21332,5-9079
21333,1-9168
21334,2-7771
21335,7-6504
21336,2-0859
21337,7-6370
21338,7-8117
21339,6-4144
21340,7-7918
21341,3-1631
21342,8-4931
21343,4-3054
21344,1-8416
21345,7-4141
21346,2-2325
21347,7-5379
21348,3-4997
21349,5-8960
21350,2-9818
21351,3-2579
21352,5-0913
21353,3-6691
21354,8-0949
21355,2-9258
21356,6-5306
21357,6-5719
21358,1-1111
21359,8-8592
21360,1-4463
21361,3-0211
21362,1-9063
21363,2-4907
21364,4-0732
21365,8-1465
21366,4-2511
21367,6-4723
21368,2-5858
21369,5-3081
21370,5-6657
21371,4-4954
21372,5-8231
21373,5-4486
21374,6-7230
21375,1-8916
21376,6-0516
21377,7-2506
21378,8-9300
21379,1-0583
21380,7-2377
21381,6-9205
21382,4-4860
21383,7-0102
21384,7-8678
21385,3-1229
21386,1-9575
21387,3-8247
21388,1-0627
21389,5-9821
21390,8-8434
21391,8-4970
21392,6-4637
21393,8-1321
21394,5-5298
21395,1-8277
21396,6-5444
21397,4-0901
21398,5-1717
21399,5-8897
21400,3-8386
21401,6-5147
21402,2-5235
21403,1-3319
21404,4-9601
21405,1-1734
21406,6-5294
21407,3-1131
21408,1-8112
21409,2-5691
21410,7-4628
21411,7-5013
21412,2-8428
21413,3-5059
21414,6-4473
21415,6-3296
21416,6-9439
21417,7-3945
21418,3-7646
21419,3-1863
21420,4-7577
21421,2-0695
21422,4-0183
21423,7-5399
21424,8-1913
21425,4-4382
21426,7-5987
21427,7-3832
21428,4-6315
21429,5-7418
21430,8-1355
21431,5-4166
21432,6-9148
21433,5-3816
21434,3-3820
21435,7-6377
21436,3-5686
21437,4-8676
21438,7-0820
21439,5-2004
21440,3-6518
21441,2-6383
21442,7-9713
21443,3-8034
21444,8-2693
21445,4-6172
21446,7-4892
21447,2-3324
21448,4-4178
21449,1-4047
21450,7-8984
21451,3-1746
21452,6-7418
21453,1-6126
21454,7-6042
21455,8-0151
21456,5-5218
21457,7-6326
21458,2-4187
21459,1-8808
21460,5-6970
21461,3-1816
21462,3-7267
21463,6-9241
21464,2-4480
21465,1-6994
21466,8-0336
21467,6-3011
21468,7-2205
21469,3-6473
21470,7-3490
21471,4-8766
21472,3-6619
21473,1-8825
21474,7-8458
21475,6-3038
21476,8-9085
21477,6-7208
21478,3-2549
21479,8-6514
21480,4-1634
21481,2-4542
21482,3-6214
21483,8-1412
21484,6-7456
21485,3-1690
21486,6-2527
21487,2-4409
21488,4-5129
21489,5-5103
21490,1-2124
21491,2-4636
21492,6-4911
21493,3-3145
21494,4-2383
21495,8-2571
21496,5-9341
21497,3-3216
21498,4-1076
21499,5-0801
21500,2-0974
21501,6-4841
21502,2-1864
21503,6-7964
21504,6-5085
21505,7-9496
21506,8-7037
21507,2-7473
21508,3-6247
21509,8-3917
21510,4-8662
21511,1-2831
21512,1-9694
21513,6-2005
21514,3-2211
21515,6-3202
21516,2-9185
21517,3-7659
21518,4-8920
21519,1-2748
21520,8-0265
21521,3-3877
21522,3-2012
21523,2-3129
21524,7-7561
21525,5-3068
21526,4-3278
21527,5-4749
21528,4-5474
21529,6-6666
21530,7-5064
21531,6-3991
21532,2-2575
21533,6-8756
21534,2-8644
21535,5-8582
21536,2-1808
21537,3-8822
21538,1-8222
21539,5-2606
21540,6-5421
21541,8-9167
21542,1-1817
21543,8-8061
21544,4-1424
21545,5-4716
21546,3-1692
21547,5-1755
21548,6-5178
21549,3-1941
21550,7-8254
21551,3-2217
21552,7-5169
21553,3-6831
21554,3-3231
21555,3-1394
21556,8-1971
21557,3-0414
21558,1-0124
21559,6-6798
21560,5-2593
21561,5-8592
21562,7-5938
21563,2-8254
21564,3-7412
21565,8-5604
21566,6-1214
21567,8-8962
21568,4-3050
21569,2-4924
21570,7-2962
21571,1-4445
21572,3-5122
21573,4-1003
21574,6-1713
21575,1-4536
21576,1-5864
21577,5-9036
21578,7-2270
21579,2-2560
21580,4-7835
21581,3-0660
21582,8-6733
21583,4-5563
21584,6-9141
21585,1-0977
21586,7-9949
21587,7-2350
21588,3-0197
21589,7-5523
21590,7-4223
21591,6-0696
21592,6-3766
21593,5-6501
21594,5-3562
21595,3-1300
21596,3-4457
21597,4-4472
21598,5-5741
21599,3-5239
21600,2-1798
21601,1-1611
21602,2-7596
21603,8-8248
21604,5-9685
21605,6-9836
21606,1-6988
21607,2-4662
21608,8-9774
21609,4-0967
21610,6-9699
21611,6-0656
21612,4-5447
21613,3-3371
21614,5-1210
21615,1-5782
21616,7-8892
21617,6-5513
21618,3-1775
21619,2-4900
21620,3-4570
21621,2-5383
21622,8-0396
21623,2-9913
21624,6-5068
21625,7-9926
21626,7-5814
21627,8-4830
21628,6-0325
21629,1-9577
21630,6-3274
21631,5-2890
21632,2-6395
21633,1-5916
21634,2-7386
21635,2-1277
21636,3-1556
21637,8-0876
21638,6-4817
21639,6-1803
21640,8-9315
21641,4-4943
21642,7-9641
21643,5-5531
21644,4-8370
21645,6-4905
21646,1-6933
21647,8-0457
21648,2-4601
21649,8-6087
21650,4-4350
21651,8-5838
21652,7-3071
21653,7-2921
21654,8-9434
21655,5-0423
21656,5-9988
21657,2-3500
21658,8-1032
21659,7-2355
21660,4-3148
21661,8-4451
21662,7-9619
21663,4-3882
21664,1-3120
21665,6-7057
21666,7-4407
21667,1-3603
21668,6-8534
21669,7-0775
21670,7-1332
21671,8-9136
21672,8-3407
21673,2-4056
21674,7-7094
21675,6-3641
21676,1-4649
21677,4-7057
21678,5-6704
21679,1-7753
21680,2-3113
21681,4-2152
21682,1-6341
21683,4-4525
21684,5-6358
21685,7-4535
21686,8-7446
21687,4-4223
21688,2-3776
21689,1-7802
21690,3-2750
21691,4-2998
21692,7-6194
21693,3-7258
21694,2-4506
21695,7-7587
21696,4-9023
21697,4-5806
21698,1-1686
21699,5-2661
21700,5-2809
21701,2-4985
21702,5-9527
21703,5-2184
21704,4-4777
21705,7-7752
21706,7-6933
21707,2-8821
21708,8-8393
21709,3-3397
21710,7-5453
21711,1-0460
21712,7-6131
21713,5-9458
21714,1-2629
21715,5-3968
21716,7-9927
21717,7-3136
21718,7-7424
21719,2-6575
21720,1-0816
21721,4-0838
21722,3-3678
21723,3-0078
21724,6-5201
21725,1-7981
21726,8-1550
21727,7-8844
21728,1-0413
21729,4-7975
21730,1-8107
21731,5-7364
21732,5-5956
21733,2-3597
21734,2-5341
21735,1-8585
21736,7-7132
21737,7-8436
21738,1-2375
21739,1-8346
21740,2-5349
21741,6-0654
21742,1-9102
21743,4-8809
21744,1-3621
21745,6-4082
21746,2-7994
21747,4-4695
21748,2-6452
21749,1-9142
21750,2-5097
21751,2-0096
21752,2-5016
21753,4-6137
21754,7-7645
21755,2-7121
21756,5-5725
21757,3-6119
21758,5-3636
21759,2-7628
21760,5-7578
21761,4-2313
21762,6-7758
21763,7-0986
21764,1-2712
21765,6-6742
21766,2-9543
21767,4-8017
21768,2-4925
21769,6-0977
21770,8-7947
21771,6-7470
21772,6-5703
21773,4-2238
21774,6-0474
21775,6-8416
21776,5-5009
21777,7-2085
21778,7-4109
21779,2-0329
21780,6-0924
21781,2-6885
21782,4-5867
21783,4-2021
21784,2-9943
21785,6-5320
21786,4-3012
21787,6-0020
21788,6-5372
21789,8-8174
21790,8-8070
21791,6-2694
21792,5-4000
21793,7-3884
21794,2-0311
21795,8-6242
21796,7-3206
21797,2-3022
21798,4-7810
21799,3-5874
21800,3-0713
21801,6-8454
21802,4-4518
21803,8-7309
21804,7-1756
21805,3-1908
21806,5-3058
21807,2-7423
21808,7-0925
21809,1-4907
21810,7-5019
21811,2-5198
21812,3-1967
21813,8-5175
21814,8-5663
21815,3-3571
21816,8-4583
21817,2-7050
21818,8-5867
21819,2-2243
21820,5-6976
21821,4-4676
21822,1-3964
21823,4-2357
21824,1-7564
21825,8-8317
21826,8-8312
21827,5-1624
21828,1-5722
21829,3-0168
21830,1-6942
21831,3-9368
21832,5-9242
21833,7-8773
21834,7-2360
21835,5-8709
21836,8-1299
21837,4-4032
21838,1-7321
21839,7-3636
21840,5-6873
21841,5-6419
21842,8-6244
21843,8-7910
21844,3-5291
21845,1-3564
21846,3-0859
21847,5-3804
21848,8-7862
21849,7-3989
21850,7-1550
21851,3-4280
21852,1-4639
21853,7-3128
21854,3-4711
21855,7-4803
21856,6-2037
21857,7-8523
21858,1-2051
21859,2-2056
21860,8-9352
21861,5-5306
21862,5-6719
21863,4-6523
21864,7-6869
21865,2-3775
21866,8-5918
21867,6-7224
21868,4-8748
21869,6-5173
21870,5-2210
21871,6-1515
21872,1-3289
21873,1-1093
21874,1-8195
21875,5-0938
21876,7-2109
21877,7-2204
21878,1-7859
21879,2-5824
21880,4-8154
21881,3-0845
21882,2-4609
21883,6-4478
21884,5-7387
21885,4-9804
21886,3-9232
21887,3-3718
21888,5-7105
21889,5-0272
21890,5-3096
21891,3-2830
21892,2-4320
21893,5-5119
21894,2-9227
21895,2-7053
21896,4-3425
21897,8-5685
21898,5-0458
21899,1-9928
21900,4-5095
21901,4-0580
21902,1-5362
21903,6-3421
21904,3-2022
21905,3-4939
21906,6-7100
21907,2-7698
21908,1-9893
21909,4-9235
21910,8-3865
21911,7-7410
21912,6-7794
21913,8-0901
21914,8-5889
21915,7-0182
21916,2-1939
21917,8-2913
21918,3-1492
21919,1-2503
21920,3-5599
21921,6-9921
21922,3-2733
21923,2-0374
21924,8-7222
21925,3-2307
21926,6-9927
21927,5-5553
21928,5-6446
21929,6-6561
21930,5-7911
21931,8-7581
21932,6-1697
21933,4-1810
21934,4-2452
21935,1-9650
21936,2-6830
21937,1-4919
21938,3-1921
21939,1-3957
21940,3-4137
21941,5-1745
21942,4-9825
21943,4-1090
21944,1-6073
21945,7-5239
21946,8-4366
21947,7-4953
21948,1-5972
21949,5-3045
21950,6-3043
21951,1-6728
21952,1-8602
21953,1-6411
21954,6-7178
21955,4-8289
21956,8-9955
21957,4-9788
21958,5-0703
21959,7-2418
21960,6-4436
21961,7-3946
21962,6-4517
21963,2-5191
21964,1-0261
21965,2-0782
21966,7-9264
21967,8-6239
21968,3-4212
21969,8-2027
21970,8-4983
21971,4-9313
21972,1-6721
21973,2-9886
21974,5-1683
21975,1-3681
21976,2-0620
21977,6-9662
21978,4-0843
21979,6-4245
21980,5-6673
21981,6-0118
21982,5-8160
21983,3-6774
21984,7-0560
21985,4-8440
21986,1-4648
21987,8-0470
21988,2-1360
21989,7-2099
21990,3-2712
21991,2-1784
21992,8-9051
21993,1-8964
21994,7-3142
21995,7-7115
21996,2-6060
21997,8-2266
21998,8-0021
21999,5-6363
22000,5-0597
22001,4-2637
22002,1-6137
22003,3-6733
22004,2-1509
22005,4-8857
22006,6-5916
22007,1-6605
22008,7-9391
22009,4-7920
22010,2-5176
22011,6-5517
22012,8-5863
22013,6-8785
22014,2-5517
22015,4-2426
22016,3-7045
22017,5-5138
22018,2-7157
22019,8-5815
22020,5-0255
22021,1-0955
22022,7-6172
22023,1-8612
22024,7-9797
22025,4-8893
22026,1-1660
22027,2-5389
22028,1-4495
22029,1-4265
22030,5-8539
22031,8-7414
22032,5-1551
22033,2-4510
22034,8-6953
22035,2-3811
22036,6-6155
22037,6-0680
22038,5-2670
22039,2-0714
22040,5-0382
22041,3-0664
22042,4-0939
22043,1-3337
22044,8-3879
22045,1-9612
22046,3-8425
22047,7-1713
22048,7-2474
22049,6-5776
22050,4-9784
22051,1-0900
22052,3-3868
22053,5-4937
22054,1-9019
22055,3-1741
22056,3-7371
22057,2-7647
22058,7-6211
22059,5-0640
22060,5-3053
22061,8-0742
22062,2-8242
22063,3-3098
22064,2-3099
22065,3-7878
22066,4-8738
22067,6-8269
22068,2-8357
22069,4-1857
22070,6-2697
22071,8-1977
22072,7-3811
22073,2-3481
22074,1-3547
22075,6-0055
22076,1-7044
22077,6-7628
22078,4-0961
22079,7-7103
22080,4-8990
22081,6-2782
22082,4-8167
22083,3-1038
22084,4-7397
22085,5-0537
22086,8-2593
22087,5-3007
22088,6-2644
22089,7-8420
22090,7-3183
22091,4-8607
22092,8-4448
22093,5-3006
22094,4-7702
22095,5-8827
22096,3-2109
22097,4-5633
22098,1-8734
22099,4-2016
22100,3-0002
22101,1-2213
22102,3-8908
22103,7-5873
22104,2-9268
22105,8-6709
22106,1-5939
22107,4-2711
22108,5-4585
22109,2-1827
22110,8-4300
22111,5-8477
22112,1-1096
22113,1-9597
22114,7-4190
22115,4-7337
22116,7-3432
22117,1-5207
22118,6-8108
22119,2-1475
22120,3-2172
22121,4-9450
22122,3-2803
22123,5-5012
22124,1-5967
22125,1-4697
22126,4-8022
22127,6-5522
22128,2-6418
22129,5-0132
22130,4-1413
22131,7-6741
22132,8-3661
22133,7-4493
22134,8-9829
22135,7-3786
22136,8-5518
22137,4-1903
22138,3-4354
22139,6-9975
22140,5-4956
22141,7-7327
22142,4-1727
22143,5-8386
22144,5-6319
22145,3-3884
22146,2-7866
22147,1-8409
22148,5-3745
22149,6-0994
22150,1-6825
22151,1-6321
22152,6-4842
22153,6-3461
22154,3-6827
22155,5-1040
22156,4-2197
22157,4-9706
22158,1-4628
22159,4-5962
22160,5-1462
22161,1-8880
22162,2-3827
22163,3-3240
22164,5-1075
22165,8-8738
22166,2-4546
22167,1-6968
22168,6-7464
22169,5-2475
22170,6-4995
22171,7-2639
22172,1-7618
22173,8-0145
22174,5-7606
22175,2-2741
22176,3-6907
22177,6-5644
22178,5-2467
22179,5-7944
22180,7-4761
22181,5-8298
22182,8-1826
22183,2-9073
22184,2-9388
22185,6-6718
22186,6-7906
22187,4-5957
22188,1-3513
22189,3-7005
22190,7-0458
22191,7-2894
22192,3-2545
22193,7-6657
22194,8-0385
22195,1-2735
22196,5-4774
22197,7-1227
22198,1-5978
22199,6-9934
22200,1-3442
22201,2-1276
22202,2-2105
22203,8-8113
22204,8-2117
22205,1-2932
22206,7-1098
22207,2-5184
22208,2-5945
22209,7-1824
22210,2-4863
22211,8-9772
22212,5-1801
22213,8-2900
22214,4-1290
22215,5-8422
22216,2-0917
22217,7-2522
22218,3-3033
22219,6-7530
22220,3-3141
22221,8-8959
22222,8-1376
22223,4-7684
22224,6-4830
22225,8-8927
22226,2-3661
22227,6-8163
22228,8-6932
22229,1-9623
22230,6-4546
22231,4-0736
22232,7-9390
22233,3-3479
22234,6-6465
22235,8-4832
22236,7-4723
22237,6-7507
22238,5-2121
22239,1-9510
22240,3-0634
22241,6-9065
22242,7-1741
22243,4-0544
22244,8-0500
22245,1-7791
22246,3-9605
22247,5-7896
22248,3-2512
22249,1-2228
22250,2-2630
22251,5-4928
22252,8-1306
22253,3-4211
22254,3-3699
22255,3-7505
22256,4-4980
22257,8-7923
22258,8-7390
22259,3-7565
22260,6-0348
22261,1-5210
22262,7-4876
22263,1-2873
22264,8-3186
22265,2-8269
22266,1-6323
22267,1-6572
22268,7-3379
22269,3-1143
22270,1-7545
22271,7-3246
22272,6-8107
22273,3-2432
22274,4-4600
22275,4-7014
22276,5-1375
22277,4-1780
22278,7-9309
22279,4-9275
22280,4-3822
22281,6-8414
22282,7-9563
22283,3-2755
22284,7-6670
22285,3-7428
22286,4-2031
22287,1-7446
22288,5-9898
22289,7-6413
22290,8-7657
22291,2-6525
22292,7-5077
22293,3-6215
22294,4-9845
22295,4-7464
22296,5-2910
22297,7-9370
22298,4-6372
22299,8-7176
22300,1-0884
22301,1-9068
22302,6-8981
22303,5-1592
22304,4-4456
22305,2-5215
22306,1-8217
22307,5-4832
22308,4-4766
22309,5-6393
22310,2-3076
22311,6-8180
22312,2-7549
22313,4-5452
22314,5-6787
22315,6-2601
22316,6-0406
22317,8-6553
22318,5-3182
22319,3-8071
22320,1-9176
22321,5-9061
22322,4-2407
22323,3-0746
22324,2-9810
22325,8-5043
22326,1-1537
22327,5-1677
22328,3-3898
22329,1-9015
22330,2-2519
22331,3-9563
22332,2-0139
22333,5-0348
22334,5-8329
22335,6-9194
22336,3-8998
22337,7-4014
22338,3-7160
22339,5-5191
22340,7-5304
22341,6-8784
22342,4-6189
22343,2-9608
22344,1-5034
22345,1-5575
22346,4-5136
22347,1-7867
22348,5-4465
22349,2-2667
22350,5-4101
22351,2-2126
22352,8-0403
22353,7-8434
22354,1-1809
22355,1-2237
22356,3-2094
22357,4-2716
22358,6-9281
22359,5-6420
22360,6-1971
22361,3-8609
22362,7-5930
22363,6-1653
22364,2-0761
22365,2-6621
22366,3-3414
22367,2-2735
22368,5-1093
22369,4-1904
22370,6-4348
22371,2-3397
22372,6-5367
22373,1-8056
22374,5-2261
22375,8-6004
22376,1-0905
22377,2-6156
22378,4-0344
22379,5-8943
22380,4-7822
22381,3-7478
22382,5-2976
22383,5-3916
22384,7-1513
22385,8-1494
22386,5-7444
22387,1-1227
22388,7-0770
22389,3-4424
22390,4-9119
22391,6-5620
22392,1-6891
22393,3-5113
22394,3-6496
22395,2-1338
22396,6-9483
22397,3-6199
22398,8-2071
22399,6-2770
22400,4-8160
22401,4-3666
22402,1-9925
22403,6-6499
22404,2-4308
22405,4-2255
22406,6-6822
22407,6-4409
22408,3-1337
22409,4-4823
22410,1-1947
22411,6-1920
22412,5-8199
22413,8-9918
22414,4-5175
22415,8-7874
22416,5-8884
22417,8-8601
22418,7-1766
22419,5-6476
22420,7-5639
22421,4-0448
22422,5-7983
22423,4-9967
22424,1-3181
22425,1-4671
22426,1-8360
22427,1-2727
22428,8-0037
22429,7-2774
22430,6-1512
22431,4-4206
22432,7-5862
22433,8-1390
22434,2-9836
22435,2-4567
22436,2-4727
22437,1-7436
22438,4-0036
22439,4-0820
22440,2-2282
22441,2-3966
22442,4-9559
22443,7-1281
22444,1-3985
22445,8-7562
22446,5-5046
22447,6-0026
22448,4-1107
22449,3-5020
22450,5-4476
22451,8-0269
22452,8-9420
22453,3-5355
22454,7-2911
22455,4-8406
22456,5-8746
22457,2-3506
22458,7-7831
22459,3-2388
22460,5-3384
22461,1-0068
22462,5-5859
22463,3-7793
22464,1-4560
22465,1-0092
22466,3-5962
22467,8-5763
22468,1-7071
22469,4-7837
22470,6-1137
22471,2-5061
22472,2-6980
22473,6-0329
22474,5-1875
22475,7-3326
22476,6-1864
22477,5-6836
22478,7-5931
22479,8-9910
22480,1-3739
22481,3-3354
22482,2-5870
22483,4-9148
22484,5-3709
22485,8-1191
22486,8-1990
22487,4-2416
22488,1-1733
22489,5-6824
22490,8-9049
22491,3-4738
22492,1-8488
22493,5-7722
22494,1-5640
22495,1-5922
22496,5-2001
22497,3-1263
22498,2-1545
22499,5-8021
22500,4-1588
22501,4-9352
22502,7-2358
22503,2-7778
22504,2-7979
22505,4-3109
22506,6-7803
22507,7-5430
22508,1-0868
22509,2-9438
22510,2-5024
22511,8-8034
22512,3-9648
22513,5-4011
22514,1-5026
22515,7-4033
22516,5-4777
22517,5-6817
22518,4-9196
22519,6-4794
22520,4-9431
22521,3-3921
22522,7-0732
22523,6-8637
22524,5-6781
22525,3-8860
22526,7-8513
22527,3-0303
22528,7-8876
22529,4-9751
22530,7-8948
22531,7-1827
22532,7-8415
22533,7-4955
22534,7-9965
22535,8-2962
22536,6-1704
22537,6-2742
22538,1-5760
22539,7-0145
22540,6-0582
22541,2-3112
22542,2-7685
22543,7-9763
22544,7-1528
22545,2-8686
22546,7-8861
22547,1-7039
22548,3-1311
22549,7-4870
22550,8-9747
22551,4-7623
22552,6-6153
22553,6-5926
22554,6-8226
22555,2-7116
22556,4-3095
22557,4-7012
22558,8-1513
22559,4-6233
22560,3-9571
22561,5-3625
22562,3-4431
22563,7-1585
22564,2-0770
22565,6-0788
22566,2-1235
22567,6-2016
22568,4-3129
22569,2-2669
22570,3-5141
22571,8-1131
22572,4-4297
22573,1-4512
22574,3-6782
22575,7-4438
22576,7-0941
22577,3-1689
22578,2-5714
22579,3-9410
22580,3-2263
22581,6-9356
22582,7-9816
22583,7-0515
22584,7-3226
22585,8-6629
22586,1-9061
22587,7-1912
22588,1-5145
22589,4-4343
22590,1-1745
22591,7-2742
22592,2-3718
22593,1-4320
22594,1-0477
22595,5-1197
22596,4-5197
22597,5-0741
22598,8-2392
22599,5-6929
22600,8-2973
22601,1-8804
22602,4-8447
22603,5-4356
22604,4-2304
22605,7-4045
22606,5-4632
22607,5-2104
22608,4-5236
22609,6-9044
22610,6-5057
22611,8-7612
22612,6-8149
22613,7-8152
22614,6-2760
22615,4-3059
22616,7-0188
22617,7-0001
22618,8-8417
22619,2-5455
22620,6-5876
22621,4-0039
22622,2-8307
22623,5-0786
22624,8-4695
22625,6-2070
22626,7-6958
22627,3-4275
22628,4-8624
22629,8-1889
22630,7-2534
22631,7-0663
22632,3-0071
22633,1-5914
22634,8-7723
22635,1-7402
22636,3-3079
22637,7-3726
22638,8-2796
22639,3-8713
22640,6-3255
22641,2-4235
22642,1-0665
22643,4-2507
22644,7-0838
22645,1-0473
22646,3-0239
22647,2-7118
22648,2-4715
22649,1-4989
22650,1-9699
22651,6-7930
22652,7-3118
22653,5-5633
22654,6-8187
22655,8-5100
22656,1-2400
22657,7-7565
22658,1-5150
22659,3-6609
22660,3-3198
22661,7-2772
22662,7-5983
22663,3-9731
22664,8-8758
22665,1-8706
22666,2-2923
22667,5-7190
22668,4-9205
22669,1-9487
22670,2-9212
22671,4-3515
22672,6-5941
22673,2-8791
22674,6-6147
22675,1-3758
22676,1-7900
22677,2-5888
22678,6-3912
22679,5-8338
22680,5-0130
22681,4-4130
22682,4-7283
22683,5-0456
22684,3-3035
22685,7-6882
22686,6-7092
22687,2-8506
22688,3-0969
22689,3-2166
22690,1-5311
22691,4-8804
22692,7-1518
22693,4-6082
22694,4-9332
22695,8-0975
22696,6-5987
22697,6-4645
22698,2-7815
22699,6-0684
22700,8-7327
22701,3-2529
22702,8-5544
22703,2-8413
22704,6-0602
22705,5-5288
22706,8-3748
22707,4-0198
22708,5-8214
22709,2-7684
22710,6-9489
22711,6-2930
22712,5-0265
22713,2-4942
22714,6-5499
22715,3-3451
22716,5-7280
22717,3-9736
22718,6-0562
22719,8-3170
22720,1-9107
22721,3-9777
22722,6-7899
22723,4-6844
22724,4-7226
22725,1-8932
22726,2-9871
22727,7-4526
22728,5-9686
22729,7-2813
22730,1-1906
22731,8-7597
22732,7-2685
22733,8-2340
22734,8-3127
22735,4-6958
22736,3-7697
22737,8-4937
22738,2-0195
22739,3-0388
22740,8-9125
22741,7-5340
22742,8-7332
22743,6-1938
22744,8-3200
22745,3-9518
22746,6-4769
22747,1-4659
22748,8-9477
22749,8-0330
22750,6-4710
22751,8-4617
22752,3-8707
22753,7-1782
22754,3-0735
22755,7-9566
22756,8-0726
22757,1-0738
22758,6-9336
22759,6-6581
22760,6-2446
22761,4-6143
22762,1-6574
22763,2-1983
22764,3-3342
22765,6-2645
22766,7-0002
22767,2-8007
22768,3-4761
22769,1-0200
22770,4-3656
22771,2-2703
22772,8-7120
22773,3-9389
22774,3-9169
22775,5-8342
22776,8-1560
22777,4-5600
22778,4-2888
22779,8-1159
22780,4-6711
22781,6-6852
22782,1-1443
22783,1-4230
22784,5-1977
22785,8-6860
22786,4-7874
22787,5-8858
22788,5-2629
22789,4-7955
22790,6-7982
22791,1-0122
22792,5-3372
22793,6-7762
22794,3-3719
22795,2-8583
22796,2-9228
22797,7-7430
22798,6-1772
22799,4-6910
22800,7-6750
22801,7-6952
22802,6-1160
22803,2-0559
22804,8-5922
22805,2-2440
22806,7-7747
22807,2-5444
22808,4-1983
22809,4-7055
22810,7-5841
22811,6-4017
22812,1-1682
22813,5-1045
22814,8-0381
22815,3-9217
22816,4-6774
22817,3-9786
22818,8-8684
22819,4-9492
22820,3-6936
22821,5-7809
22822,4-6296
22823,3-2435
22824,8-8298
22825,2-5703
22826,2-9173
22827,6-2126
22828,1-5497
22829,7-5575
22830,2-5955
22831,5-2882
22832,5-0077
22833,1-2448
22834,7-3067
22835,8-6296
22836,2-5431
22837,6-5125
22838,7-5071
22839,6-4709
22840,2-0947
22841,4-2529
22842,4-7367
22843,4-3251
22844,4-8425
22845,5-9683
22846,6-5713
22847,1-3222
22848,7-1012
22849,1-7844
22850,8-8843
22851,2-2498
22852,2-1511
22853,4-5831
22854,6-4883
22855,5-7562
22856,1-5828
22857,1-7822
22858,7-1379
22859,4-2236
22860,1-1536
22861,8-0243
22862,1-4555
22863,6-7779
22864,4-4414
22865,5-1392
22866,5-5303
22867,4-8008
22868,5-8631
22869,8-3646
22870,6-4305
22871,5-0174
22872,8-3389
22873,6-3123
22874,8-7714
22875,2-8566
22876,5-6601
22877,8-2564
22878,2-6622
22879,7-6390
22880,6-7743
22881,6-8410
22882,5-0617
22883,1-0320
22884,1-7270
22885,6-7596
22886,7-8185
22887,5-6699
22888,7-6394
22889,2-3950
22890,4-8438
22891,4-2966
22892,2-6265
22893,4-4037
22894,7-2823
22895,3-5222
22896,5-5580
22897,3-6788
22898,8-0412
22899,1-8171
22900,6-6622
22901,8-6855
22902,6-8293
22903,4-6044
22904,5-0453
22905,8-6687
22906,2-1780
22907,2-7805
22908,3-2662
22909,6-2458
22910,4-1397
22911,2-4166
22912,7-7389
22913,3-6482
22914,7-3727
22915,2-2995
22916,1-5408
22917,2-9045
22918,7-5487
22919,6-6048
22920,3-4228
22921,1-2924
22922,5-3016
22923,3-6073
22924,6-6190
22925,2-9187
22926,6-4859
22927,8-5883
22928,4-9969
22929,7-9551
22930,6-2867
22931,7-6924
22932,6-8908
22933,1-8491
22934,6-3110
22935,3-3541
22936,5-8169
22937,8-0646
22938,7-5375
22939,5-6667
22940,5-6417
22941,2-1490
22942,3-2538
22943,7-4094
22944,4-8149
22945,2-7082
22946,1-2795
22947,8-3790
22948,8-2741
22949,4-1811
22950,7-5623
22951,7-2255
22952,2-5789
22953,7-7200
22954,5-2872
22955,3-3171
22956,8-3071
22957,7-8382
22958,6-2542
22959,4-9556
22960,6-5004
22961,4-1912
22962,2-9768
22963,2-9198
22964,2-0861
22965,8-7256
22966,4-4681
22967,8-6665
22968,6-2762
22969,8-4856
22970,3-9438
22971,8-6895
22972,5-6115
22973,8-6951
22974,2-9503
22975,4-9909
22976,2-8871
22977,6-1322
22978,1-3775
22979,5-3516
22980,4-6239
22981,1-5964
22982,7-2365
22983,1-2292
22984,3-9092
22985,2-1620
22986,1-6993
22987,6-6730
22988,6-8019
22989,7-3960
22990,3-6842
22991,3-6230
22992,2-6595
22993,1-9847
22994,8-0900
22995,3-4811
22996,3-3135
22997,4-1428
22998,4-8675
22999,4-1470
23000,3-3876
23001,1-1226
23002,4-9992
23003,1-0186
23004,4-7733
23005,1-3503
23006,2-1789
23007,4-7798
23008,1-7789
23009,5-2767
23010,7-2470
23011,2-2000
23012,8-6950
23013,3-0288
23014,7-5618
23015,6-7791
23016,6-1557
23017,3-1121
23018,8-2898
23019,5-7842
23020,4-4563
23021,8-6276
23022,7-2515
23023,2-1206
23024,6-7313
23025,7-4239
23026,1-2529
23027,2-5927
23028,7-1685
23029,5-9881
23030,3-5396
23031,7-0519
23032,1-4358
23033,3-8298
23034,2-6673
23035,6-0753
23036,1-2737
23037,3-7356
23038,5-7973
23039,2-8778
23040,2-1891
23041,8-1113
23042,6-0155
23043,6-3007
23044,3-9673
23045,7-9997
23046,7-1061
23047,8-5174
23048,5-9823
23049,4-7630
23050,5-8671
23051,6-2813
23052,5-9455
23053,4-1831
23054,2-3744
23055,3-4525
23056,2-2580
23057,2-8235
23058,6-4779
23059,4-9140
23060,2-9046
23061,8-6762
23062,5-4153
23063,3-8821
23064,4-2822
23065,4-9872
23066,4-6326
23067,4-7290
23068,7-8038
23069,6-6471
23070,8-1817
23071,3-7061
23072,8-6337
23073,6-7589
23074,4-8552
23075,6-3807
23076,7-4187
23077,3-1041
23078,4-3076
23079,8-8370
23080,6-6162
23081,2-8473
23082,8-6719
23083,5-5722
23084,3-7406
23085,8-1713
23086,5-5494
23087,3-1570
23088,8-6483
23089,3-3158
23090,4-2153
23091,4-5287
23092,3-1633
23093,3-0989
23094,7-8558
23095,3-9879
23096,3-5750
23097,1-3233
23098,1-1751
23099,8-4176
23100,7-9625
23101,7-3099
23102,7-7828
23103,5-3852
23104,8-1646
23105,2-9183
23106,2-8608
23107,6-2312
23108,4-6311
23109,3-9201
23110,4-0938
23111,5-0763
23112,1-5020
23113,3-5026
23114,5-7098
23115,3-6390
23116,1-0447
23117,8-0754
23118,4-9382
23119,8-1610
23120,8-9985
23121,1-2334
23122,4-1528
23123,4-6213
23124,5-0591
23125,2-2512
23126,8-5765
23127,7-4104
23128,6-5556
23129,8-1317
23130,1-4419
23131,1-9121
23132,8-2989
23133,7-0208
23134,2-8834
23135,1-1913
23136,1-4566
23137,8-6072
23138,3-3682
23139,8-2721
23140,6-9116
23141,3-5627
23142,6-0133
23143,6-7784
23144,7-9402
23145,1-6322
23146,7-2820
23147,1-3988
23148,4-3893
23149,4-3073
23150,4-3421
23151,2-8096
23152,1-3779
23153,6-8071
23154,3-7532
23155,5-0531
23156,4-9730
23157,6-5851
23158,1-6266
23159,7-5875
23160,2-7660
23161,1-5634
23162,1-6251
23163,7-1820
23164,2-9504
23165,2-0300
23166,6-6573
23167,8-2788
23168,2-0645
23169,1-6862
23170,1-0913
23171,1-0043
23172,5-5462
23173,8-4453
23174,2-9902
23175,1-9978
23176,5-0289
23177,2-9088
23178,2-3586
23179,4-9021
23180,2-0780
23181,6-1381
23182,7-0685
23183,8-9235
23184,5-1340
23185,1-9963
23186,4-7743
23187,2-1743
23188,6-7920
23189,4-1909
23190,3-2442
23191,5-0251
23192,3-8404
23193,8-5540
23194,6-7939
23195,6-4970
23196,5-0885
23197,4-7935
23198,3-9258
23199,6-0148
23200,4-2213
23201,4-2937
23202,4-3910
23203,4-5903
23204,2-9201
23205,1-7730
23206,3-2397
23207,7-3466
23208,1-2482
23209,5-6288
23210,5-0673
23211,3-9867
23212,1-2694
23213,3-8070
23214,7-4285
23215,8-8769
23216,2-1634
23217,5-0753
23218,5-5075
23219,5-7577
23220,6-3201
23221,7-9274
23222,1-1666
23223,7-4970
23224,6-2886
23225,3-6437
23226,2-0583
23227,1-4228
23228,7-8169
23229,8-9169
23230,3-5038
23231,4-2037
23232,8-1391
23233,2-3084
23234,7-4649
23235,7-2177
23236,4-1951
23237,3-4080
23238,8-3759
23239,7-3567
23240,8-4604
23241,7-8155
23242,3-3369
23243,1-4033
23244,6-7216
23245,8-4638
23246,3-5333
23247,1-3154
23248,8-3298
23249,1-5818
23250,4-3406
23251,3-4013
23252,8-3117
23253,7-4930
23254,8-8297
23255,6-7157
23256,2-2233
23257,6-4864
23258,2-6056
23259,7-9302
23260,5-9441
23261,1-9782
23262,2-3167
23263,1-6343
23264,8-7703
23265,3-8599
23266,5-9750
23267,7-1664
23268,8-3739
23269,4-6820
23270,4-4283
23271,7-4037
23272,4-3045
23273,8-2128
23274,2-2210
23275,2-1682
23276,1-3430
23277,6-9461
23278,4-9177
23279,8-4039
23280,5-3546
23281,4-1936
23282,7-9831
23283,4-3476
23284,2-3972
23285,5-7754
23286,5-3258
23287,1-0744
23288,4-5572
23289,4-6245
23290,1-1994
23291,6-7065
23292,5-5764
23293,2-0705
23294,4-1121
23295,4-0462
23296,5-7465
23297,8-8957
23298,6-5237
23299,4-1416
23300,7-8883
23301,8-8013
23302,5-8920
23303,6-5483
23304,3-6407
23305,1-3847
23306,4-8093
23307,4-4400
23308,2-8800
23309,6-5257
23310,8-3164
23311,8-5434
23312,1-1600
23313,5-0563
23314,4-4971
23315,5-8801
23316,4-3159
23317,1-5982
23318,2-2444
23319,7-7381
23320,6-3413
23321,7-8220
23322,7-3967
23323,2-7505
23324,5-8071
23325,7-3075
23326,8-4306
23327,5-0112
23328,4-7782
23329,1-0395
23330,1-0471
23331,2-5699
23332,5-4017
23333,7-4719
23334,6-6655
23335,3-5103
23336,3-1774
23337,3-9459
23338,8-8037
23339,7-2460
23340,4-2233
23341,1-4422
23342,8-6982
23343,5-6932
23344,5-8796
23345,2-0095
23346,3-6226
23347,3-8355
23348,4-3649
23349,5-6291
23350,6-2651
23351,5-3036
23352,2-9671
23353,6-3798
23354,8-4520
23355,3-8867
23356,2-9556
23357,7-5896
23358,7-6446
23359,1-8656
23360,7-9849
23361,8-2485
23362,8-4929
23363,2-5658
23364,6-4732
23365,3-6747
23366,1-9157
23367,8-5524
23368,6-3931
23369,2-9600
23370,5-0269
23371,7-5150
23372,5-9344
23373,6-2533
23374,4-1355
23375,4-3998
23376,6-8255
23377,2-7280
23378,2-0584
23379,6-8153
23380,1-4348
23381,8-5317
23382,8-3822
23383,2-5561
23384,6-6457
23385,6-3845
23386,1-2720
23387,6-4720
23388,7-8180
23389,2-5876
23390,2-9354
23391,7-5225
23392,4-7036
23393,5-8372
23394,4-3287
23395,2-2813
23396,5-2998
23397,5-7779
23398,6-0786
23399,2-3794
23400,1-5790
23401,3-6889
23402,7-5531
23403,5-2686
23404,1-7235
23405,6-7458
23406,3-4090
23407,4-3658
23408,4-3366
23409,5-8638
23410,5-9755
23411,2-6661
23412,6-3068
23413,2-8315
23414,3-8102
23415,4-6813
23416,7-3502
23417,3-5837
23418,8-5041
23419,1-4318
23420,4-6967
23421,6-1650
23422,4-2979
23423,5-2973
23424,3-3471
23425,4-8331
23426,8-9185
23427,7-9810
23428,5-0271
23429,7-8053
23430,8-0040
23431,7-4809
23432,7-1732
23433,1-7994
23434,5-6556
23435,5-3999
23436,6-1814
23437,5-6561
23438,4-0739
23439,7-7453
23440,3-1658
23441,4-1285
23442,2-1473
23443,6-5425
23444,6-0078
23445,7-2413
23446,4-4977
23447,6-0392
23448,1-6901
23449,8-6324
23450,3-5493
23451,7-8756
23452,2-3442
23453,1-5882
23454,6-7577
23455,1-6845
23456,2-7156
23457,8-0520
23458,3-7703
23459,2-6945
23460,6-8617
23461,6-0523
23462,6-2553
23463,4-9401
23464,7-9463
23465,1-5544
23466,7-0315
23467,7-0969
23468,2-9337
23469,1-5488
23470,2-4106
23471,8-4973
23472,4-1201
23473,1-5005
23474,7-3981
23475,5-3632
23476,7-4468
23477,6-0759
23478,1-1737
23479,6-8295
23480,7-4479
23481,6-5689
23482,4-9962
23483,2-0401
23484,4-0684
23485,7-4747
23486,8-2204
23487,8-6574
23488,8-1138
23489,6-2481
23490,3-8167
23491,6-2637
23492,1-4820
23493,6-9540
23494,3-3500
23495,2-5111
23496,4-2628
23497,4-3949
23498,5-4862
23499,6-7828
23500,6-9443
23501,6-7919
23502,7-8600
23503,4-0759
23504,3-7753
23505,5-4940
23506,2-3518
23507,2-5741
23508,7-9882
23509,4-4478
23510,5-5949
23511,2-8472
23512,1-9711
23513,8-4308
23514,5-9035
23515,4-1565
23516,2-1660
23517,2-1268
23518,1-9876
23519,6-6227
23520,1-1760
23521,6-5807
23522,6-4115
23523,7-3910
23524,2-2229
23525,6-0024
23526,3-1360
23527,8-4119
23528,3-4026
23529,1-3948
23530,4-3471
23531,1-8985
23532,8-6520
23533,3-5680
23534,6-6267
23535,7-7938
23536,1-6810
23537,5-4582
23538,4-4064
23539,1-9227
23540,2-2310
23541,4-1458
23542,4-5036
23543,4-8229
23544,6-4467
23545,1-9738
23546,8-8176
23547,5-6765
23548,6-3153
23549,8-9378
23550,5-4109
23551,5-8198
23552,3-8416
23553,7-2175
23554,1-4850
23555,1-0259
23556,1-8011
23557,3-2320
23558,5-6467
23559,8-8047
23560,4-8347
23561,2-3364
23562,5-4149
23563,5-5437
23564,6-2192
23565,1-9006
23566,3-3827
23567,8-5548
23568,8-8551
23569,4-6173
23570,4-1932
23571,8-9308
23572,1-1211
23573,6-0013
23574,1-0845
23575,7-4938
23576,2-3289
23577,7-3340
23578,3-4954
23579,4-6385
23580,6-7752
23581,2-3203
23582,4-6735
23583,1-4920
23584,5-1115
23585,8-2667
23586,7-7591
23587,6-8816
23588,8-9373
23589,6-4932
23590,2-9098
23591,5-4575
23592,1-1196
23593,1-6110
23594,2-7674
23595,1-4725
23596,3-4807
23597,3-6330
23598,8-8259
23599,4-3516
23600,2-0179
23601,5-9233
23602,6-5155
23603,1-6429
23604,5-9582
23605,8-4045
23606,1-4360
23607,8-4217
23608,7-4080
23609,7-1846
23610,5-8311
23611,6-2319
23612,5-1181
23613,5-6387
23614,3-6829
23615,3-5093
23616,3-1835
23617,8-1052
23618,6-9980
23619,2-1948
23620,2-4795
23621,4-7861
23622,6-5828
23623,1-3901
23624,7-7038
23625,5-8409
23626,5-5927
23627,7-1360
23628,8-5627
23629,8-1405
23630,4-9557
23631,7-7374
23632,6-4733
23633,5-7360
23634,7-7997
23635,7-3469
23636,4-0257
23637,6-0752
23638,6-7446
23639,5-6764
23640,3-8476
23641,8-3300
23642,7-0397
23643,7-3931
23644,5-9498
23645,8-3925
23646,7-9363
23647,4-8841
23648,4-2693
23649,2-6930
23650,1-7008
23651,8-3543
23652,2-8532
23653,3-0350
23654,7-5617
23655,8-5166
23656,1-1671
23657,6-9091
23658,6-3801
23659,4-9553
23660,6-1451
23661,2-9021
23662,7-1601
23663,7-7771
23664,4-9841
23665,7-9073
23666,7-8752
23667,7-3260
23668,5-5332
23669,8-8818
23670,3-1519
23671,8-7736
23672,8-7655
23673,2-1403
23674,4-4154
23675,1-6089
23676,6-6282
23677,5-3688
23678,1-0981
23679,8-9840
23680,6-0953
23681,5-3417
23682,3-2271
23683,6-3356
23684,3-7952
23685,7-7024
23686,2-7285
23687,8-5745
23688,6-8635
23689,3-0082
23690,2-2375
23691,7-7421
23692,2-0212
23693,1-8774
23694,7-7888
23695,1-0042
23696,1-9461
23697,5-0011
23698,2-5761
23699,2-0631
23700,2-3396
23701,6-0768
23702,8-8903
23703,4-8397
23704,2-2397
23705,2-8830
23706,3-8863
23707,6-6832
23708,5-0041
23709,5-5257
23710,7-1757
23711,4-7156
23712,7-8035
23713,2-3264
23714,1-3516
23715,8-8143
23716,3-6141
23717,5-6423
23718,4-1464
23719,2-5560
23720,4-0436
23721,7-9304
23722,3-9794
23723,5-1610
23724,5-3485
23725,1-2935
23726,2-3066
23727,4-9181
23728,5-5355
23729,6-1047
23730,3-3959
23731,7-0719
23732,7-9964
23733,8-3271
23734,2-4912
23735,6-0462
23736,8-0372
23737,2-2914
23738,3-1022
23739,5-9794
23740,4-8597
23741,7-7433
23742,2-8302
23743,6-7922
23744,4-7171
23745,1-2027
23746,8-6406
23747,3-1323
23748,1-4891
23749,4-1266
23750,7-2924
23751,5-4828
23752,4-7286
23753,6-8458
23754,2-9190
23755,7-8107
23756,2-5075
23757,6-2136
23758,5-4930
23759,1-9730
23760,3-0179
23761,8-1947
23762,6-6788
23763,2-3031
23764,7-8917
23765,5-5753
23766,8-3341
23767,7-6652
23768,2-3042
23769,3-1471
23770,4-2638
23771,2-8968
23772,6-0764
23773,8-5230
23774,7-3833
23775,4-9182
23776,4-1521
23777,8-4092
23778,2-5869
23779,1-1693
23780,4-2827
23781,7-9479
23782,7-8635
23783,8-9395
23784,3-8509
23785,2-6043
23786,7-4300
23787,8-3242
23788,2-3613
23789,5-8753
23790,8-3108
23791,4-9771
23792,5-7527
23793,1-8971
23794,4-3233
23795,6-2444
23796,5-8365
23797,7-1356
23798,5-8837
23799,8-6249
23800,3-4702
23801,8-2904
23802,7-0330
23803,2-6829
23804,2-4435
23805,4-6096
23806,5-4883
23807,1-2053
23808,4-8835
23809,8-7436
23810,8-1033
23811,5-4614
23812,2-1126
23813,8-2184
23814,1-5123
23815,2-5558
23816,7-3533
23817,7-2401
23818,4-6913
23819,4-8587
23820,1-2847
23821,5-2928
23822,4-0100
23823,5-7358
23824,4-7453
23825,2-4643
23826,7-8754
23827,6-3589
23828,6-8638
23829,7-8700
23830,3-2332
23831,3-4774
23832,8-4649
23833,8-5112
23834,6-8403
23835,2-9570
23836,2-2919
23837,5-6859
23838,8-3734
23839,2-3221
23840,2-9711
23841,1-3665
23842,8-3022
23843,3-0123
23844,8-2227
23845,6-3339
23846,4-3826
23847,5-5962
23848,3-0142
23849,7-7655
23850,3-9239
23851,4-4828
23852,2-8558
23853,7-0981
23854,1-1140
23855,5-3048
23856,1-6561
23857,2-4906
23858,6-2771
23859,1-8225
23860,7-4171
23861,5-0545
23862,3-4487
23863,4-0779
23864,5-9500
23865,4-5803
23866,2-2439
23867,7-2829
23868,7-5173
23869,1-0544
23870,6-2656
23871,8-2656
23872,4-6985
23873,6-5186
23874,7-6463
23875,8-7031
23876,8-3513
23877,2-1355
23878,2-7442
23879,6-2221
23880,5-6965
23881,3-9765
23882,7-6530
23883,8-7939
23884,1-8007
23885,4-7670
23886,2-4108
23887,7-6039
23888,5-7677
23889,1-0698
23890,6-8800
23891,4-2012
23892,8-3289
23893,6-8029
23894,1-0098
23895,3-1593
23896,5-8957
23897,1-3276
23898,1-8814
23899,3-4562
23900,4-5024
23901,2-9392
23902,7-1385
23903,2-4414
23904,6-8709
23905,5-8155
23906,3-7424
23907,1-2759
23908,3-8654
23909,7-6916
23910,7-1475
23911,7-6137
23912,8-3410
23913,1-0067
23914,6-5511
23915,8-9879
23916,3-8139
23917,6-0513
23918,3-2790
23919,2-1001
23920,7-1219
23921,1-2068
23922,1-4426
23923,4-8659
23924,8-5843
23925,5-0735
23926,8-2509
23927,1-8972
23928,7-1239
23929,4-1954
23930,5-6482
23931,6-5451
23932,4-0781
23933,1-2779
23934,1-3453
23935,8-5053
23936,3-1157
23937,6-7592
23938,5-1743
23939,1-2290
23940,1-9624
23941,5-5104
23942,3-6040
23943,8-4805
23944,1-5500
23945,1-9128
23946,4-6979
23947,4-7675
23948,4-6489
23949,1-5621
23950,5-1571
23951,7-3780
23952,2-0933
23953,7-2001
23954,6-3629
23955,1-1927
23956,4-9322
23957,5-7301
23958,1-1417
23959,5-7289
23960,8-0429
23961,4-4293
23962,6-3395
23963,3-1512
23964,1-6635
23965,4-6992
23966,3-7174
23967,5-6857
23968,5-8982
23969,2-6686
23970,8-8835
23971,7-0589
23972,8-7872
23973,5-8484
23974,2-3941
23975,2-9213
23976,8-8650
23977,5-6523
23978,1-8673
23979,2-1753
23980,8-3479
23981,5-2604
23982,5-3889
23983,5-7602
23984,6-9799
23985,6-1066
23986,5-6893
23987,1-8892
23988,8-9072
23989,1-4077
23990,8-9755
23991,1-6131
23992,3-4466
23993,4-2312
23994,7-3341
23995,4-9034
23996,8-7252
23997,4-9215
23998,2-5597
23999,7-3238
24000,6-0223
24001,8-0373
24002,4-0216
24003,6-2875
24004,1-7290
24005,5-6963
24006,7-3249
24007,8-3908
24008,6-8610
24009,2-7338
24010,7-8289
24011,5-9597
24012,7-2744
24013,3-2028
24014,8-0711
24015,3-5914
24016,5-3896
24017,5-2371
24018,1-9489
24019,5-6842
24020,5-2961
24021,4-7309
24022,4-6739
24023,6-6776
24024,4-9787
24025,5-7776
24026,2-7307
24027,2-3159
24028,6-0441
24029,2-9598
24030,3-9555
24031,6-9237
24032,6-1682
24033,7-5933
24034,1-8836
24035,3-2585
24036,5-9673
24037,2-6809
24038,7-6999
24039,8-4082
24040,7-7061
24041,3-9406
24042,4-7667
24043,8-1884
24044,1-9994
24045,2-6281
24046,1-7557
24047,6-0354
24048,1-7897
24049,1-9918
24050,7-7146
24051,5-4686
24052,6-1240
24053,2-5973
24054,4-1934
24055,7-4594
24056,2-1640
24057,6-1967
24058,2-0791
24059,1-2688
24060,6-8649
24061,5-8262
24062,1-5023
24063,4-8196
24064,6-4880
24065,1-1505
24066,5-1963
24067,1-2786
24068,7-3763
24069,2-6826
24070,6-6975
24071,1-2943
24072,6-6028
24073,8-7502
24074,2-3656
24075,4-0946
24076,1-9532
24077,3-5637
24078,8-8654
24079,5-2701
24080,6-6669
24081,1-5844
24082,7-8448
24083,3-2986
24084,8-2056
24085,4-7273
24086,6-1469
24087,3-7869
24088,4-7673
24089,7-8920
24090,3-7545
24091,7-3660
24092,3-2752
24093,3-9174
24094,8-3604
24095,1-6434
24096,5-5544
24097,2-2577
24098,6-3157
24099,5-1634
24100,8-2314
24101,4-3041
24102,3-5535
24103,8-7869
24104,5-1348
24105,5-8963
24106,4-9531
24107,1-0931
24108,1-3574
24109,4-0258
24110,7-2763
24111,2-0865
24112,1-2553
24113,5-2059
24114,1-4798
24115,7-4842
24116,3-4935
24117,3-5377
24118,6-8501
24119,2-4024
24120,2-7208
24121,2-2679
24122,7-1480
24123,3-9106
24124,8-3826
24125,5-2343
24126,8-5165
24127,2-7560
24128,8-3106
24129,5-9606
24130,1-3785
24131,1-7352
24132,5-2923
24133,7-3277
24134,1-4680
24135,1-4932
24136,6-0642
24137,5-5775
24138,6-9373
24139,3-0386
24140,3-9343
24141,8-4946
24142,7-2903
24143,7-7884
24144,7-4350
24145,8-9374
24146,7-1141
24147,1-8592
24148,8-8133
24149,1-2072
24150,6-4393
24151,3-2020
24152,6-8603
24153,4-3568
24154,4-9412
24155,4-4329
24156,3-1698
24157,6-8265
24158,6-0626
24159,6-5102
24160,6-6323
24161,8-8412
24162,7-9172
24163,5-1798
24164,7-5582
24165,5-1887
24166,1-1257
24167,2-6969
24168,2-1814
24169,4-3824
24170,8-6338
24171,2-4142
24172,5-3513
24173,3-7289
24174,2-9378
24175,2-8494
24176,3-6917
24177,7-7238
24178,6-1551
24179,2-3891
24180,4-7963
24181,7-6697
24182,1-6495
24183,3-3293
24184,5-0912
24185,1-2211
24186,5-9580
24187,6-8467
24188,6-9685
24189,3-3241
24190,4-0133
24191,1-7550
24192,8-3556
24193,7-5405
24194,1-4284
24195,2-7710
24196,7-2328
24197,5-1222
24198,3-0952
24199,5-3499
24200,5-7742
24201,1-8124
24202,3-5133
24203,3-0686
24204,7-1954
24205,3-6938
24206,8-5786
24207,4-6596
24208,7-1745
24209,7-8106
24210,4-7204
24211,5-6613
24212,6-3446
24213,8-4226
24214,3-9029
24215,6-5209
24216,6-3351
24217,6-2177
24218,2-7135
24219,4-0635
24220,8-8724
24221,1-5806
24222,5-1195
24223,5-7557
24224,2-0451
24225,3-7466
24226,6-8844
24227,5-1735
24228,6-2698
24229,7-8605
24230,1-7763
24231,7-2278
24232,2-4204
24233,1-1233
24234,5-6553
24235,5-2161
24236,2-8822
24237,3-6333
24238,1-9877
24239,2-8073
24240,3-6515
24241,7-0156
24242,6-3231
24243,6-2197
24244,4-6805
24245,4-3370
24246,8-8759
24247,4-2903
24248,4-4267
24249,2-7040
24250,7-5336
24251,8-0367
24252,7-3825
24253,2-7510
24254,8-7369
24255,4-0412
24256,6-1943
24257,2-6267
24258,3-5722
24259,8-6110
24260,5-6196
24261,3-9529
24262,8-2991
24263,6-4392
24264,3-8208
24265,3-6742
24266,2-9717
24267,2-4196
24268,4-9850
24269,3-3203
24270,2-8667
24271,4-7260
24272,5-2555
24273,8-4390
24274,1-8506
24275,7-4827
24276,5-0523
24277,2-3632
24278,2-2983
24279,5-8900
24280,6-7582
24281,7-1831
24282,7-5299
24283,5-3612
24284,1-8791
24285,8-9107
24286,3-6303
24287,1-0356
24288,8-1576
24289,7-7633
24290,3-4231
24291,7-7651
24292,2-6835
24293,4-6890
24294,7-8905
24295,2-3927
24296,5-0325
24297,7-4480
24298,5-6638
24299,8-7338
24300,4-5476
24301,3-7266
24302,3-1536
24303,8-9549
24304,2-0983
24305,8-4607
24306,2-9293
24307,7-8177
24308,3-3747
24309,5-7477
24310,5-3249
24311,6-7407
24312,2-1115
24313,2-5363
24314,2-2627
24315,7-8338
24316,4-1498
24317,1-0076
24318,7-9395
24319,5-0396
24320,2-6339
24321,3-2282
24322,5-5209
24323,8-3562
24324,7-5074
24325,4-8759
24326,4-8547
24327,1-5216
24328,4-8512
24329,5-1809
24330,3-3832
24331,5-9709
24332,5-2225
24333,3-1235
24334,5-7998
24335,4-1116
24336,3-6158
24337,2-0988
24338,8-5384
24339,5-3302
24340,7-5277
24341,2-1602
24342,3-5446
24343,4-1257
24344,6-7286
24345,6-1860
24346,3-9921
24347,5-5058
24348,7-6789
24349,6-2115
24350,6-0181
24351,5-0010
24352,8-2820
24353,2-2886
24354,2-4284
24355,3-2526
24356,1-8061
24357,6-8668
24358,2-1651
24359,2-0858
24360,4-9207
24361,4-7427
24362,5-3963
24363,6-5842
24364,3-8294
24365,6-9238
24366,4-1809
24367,7-9279
24368,7-7875
24369,7-9947
24370,5-1107
24371,1-4182
24372,8-6116
24373,7-6678
24374,3-7425
24375,6-2859
24376,5-0088
24377,8-3867
24378,1-2245
24379,4-4309
24380,2-0503
24381,1-8516
24382,6-0347
24383,4-1030
24384,5-0317
24385,3-3936
24386,4-9225
24387,8-0111
24388,5-7517
24389,7-9598
24390,5-9626
24391,2-5410
24392,7-4404
24393,5-2746
24394,4-1971
24395,6-8502
24396,3-9268
24397,2-8037
24398,2-7376
24399,5-4451
24400,2-6983
24401,8-8121
24402,3-7377
24403,3-0695
24404,7-2327
24405,1-7343
24406,4-1603
24407,5-8829
24408,1-5656
24409,6-0905
24410,4-0374
24411,6-9096
24412,5-4203
24413,4-1225
24414,2-6781
24415,2-5717
24416,1-9948
24417,7-5762
24418,1-1695
24419,4-1636
24420,4-9460
24421,6-9727
24422,7-8967
24423,1-6670
24424,5-4164
24425,3-4139
24426,8-0458
24427,5-0764
24428,7-2477
24429,2-7492
24430,1-9474
24431,1-0307
24432,1-2025
24433,2-3068
24434,7-7051
24435,4-2744
24436,7-5128
24437,2-1733
24438,7-6831
24439,5-8645
24440,2-5526
24441,8-9814
24442,1-5158
24443,2-4068
24444,7-0229
24445,5-4288
24446,4-7308
24447,4-0876
24448,2-5059
24449,7-3412
24450,8-3101
24451,4-7692
24452,4-8444
24453,8-4906
24454,5-2926
24455,6-3827
24456,3-9844
24457,2-4035
24458,5-5620
24459,2-0012
24460,5-1187
24461,2-9195
24462,6-7435
24463,5-0485
24464,8-3449
24465,1-0904
24466,2-7094
24467,4-1254
24468,4-3058
24469,1-2744
24470,1-1085
24471,8-0107
24472,6-3492
24473,6-0496
24474,6-9260
24475,6-2490
24476,2-2312
24477,2-0395
24478,7-8039
24479,6-2409
24480,1-8161
24481,3-7748
24482,4-4970
24483,2-2418
24484,4-7862
24485,6-1037
24486,2-9947
24487,2-2841
24488,5-1804
24489,8-3483
24490,6-3167
24491,1-9290
24492,1-0228
24493,3-0371
24494,3-0986
24495,6-2356
24496,7-8097
24497,1-0532
24498,8-1654
24499,6-1635
24500,2-5489
24501,5-5881
24502,6-4888
24503,3-7301
24504,4-4002
24505,8-4033
24506,7-4002
24507,3-7163
24508,1-6417
24509,7-1952
24510,4-2429
24511,2-8905
24512,4-9708
24513,6-1488
24514,7-8134
24515,7-2661
24516,3-4482
24517,1-4365
24518,5-5570
24519,3-6328
24520,7-3604
24521,1-1578
24522,7-1895
24523,4-4091
24524,3-8296
24525,1-4349
24526,7-5349
24527,3-4283
24528,4-9587
24529,2-6909
24530,3-1024
24531,1-0620
24532,4-8308
24533,5-3819
24534,4-8049
24535,7-2384
24536,7-5446
24537,1-5275
24538,3-4028
24539,8-4013
24540,5-4458
24541,5-7635
24542,8-0857
24543,3-5156
24544,8-8323
24545,1-5678
24546,7-3837
24547,1-0850
24548,6-2392
24549,3-7796
24550,1-8435
24551,5-9669
24552,3-2448
24553,7-5477
24554,5-4172
24555,7-0977
24556,8-0251
24557,5-9933
24558,6-6403
24559,1-1510
24560,8-3151
24561,2-6864
24562,8-2658
24563,2-3535
24564,7-3762
24565,8-7995
24566,1-8583
24567,3-3130
24568,6-5435
24569,5-9189
24570,3-8902
24571,6-6555
24572,2-5979
24573,5-6798
24574,2-8290
24575,6-1262
24576,6-4400
24577,8-6863
24578,4-3498
24579,6-8701
24580,3-4065
24581,2-1770
24582,3-4074
24583,7-0088
24584,3-0806
24585,3-1349
24586,2-1563
24587,8-4142
24588,5-8115
24589,6-6918
24590,3-2370
24591,3-6940
24592,8-6320
24593,2-2538
24594,3-6607
24595,4-0950
24596,3-4362
24597,7-9777
24598,5-1057
24599,2-8624
24600,7-3710
24601,1-2354
24602,6-6272
24603,1-0557
24604,3-0163
24605,2-7469
24606,4-8554
24607,7-2121
24608,6-3935
24609,3-6274
24610,1-3732
24611,2-2341
24612,4-0650
24613,2-6313
24614,8-4531
24615,6-6126
24616,3-5688
24617,7-0158
24618,8-8081
24619,3-9150
24620,6-8139
24621,5-6535
24622,7-2187
24623,4-5313
24624,7-3624
24625,7-6728
24626,4-8783
24627,6-8389
24628,6-8001
24629,8-7908
24630,4-6300
24631,4-8045
24632,8-4644
24633,1-0571
24634,1-2083
24635,4-0564
24636,3-7009
24637,3-7865
24638,2-4244
24639,6-4123
24640,4-7378
24641,4-4642
24642,4-4464
24643,2-0626
24644,8-9358
24645,1-1885
24646,1-9131
24647,5-4906
24648,5-4611
24649,2-6593
24650,7-3070
24651,4-4799
24652,2-5148
24653,8-5517
24654,7-0892
24655,3-1778
24656,1-6192
24657,5-5776
24658,3-2151
24659,2-8458
24660,4-0929
24661,4-6357
24662,3-5419
24663,2-7624
24664,7-6520
24665,7-9732
24666,7-2471
24667,6-4397
24668,2-7969
24669,8-4982
24670,2-9011
24671,1-3034
24672,8-2075
24673,7-3227
24674,8-6806
24675,1-4263
24676,2-4751
24677,7-9673
24678,7-0076
24679,4-8818
24680,6-7765
24681,8-1192
24682,6-9851
24683,6-7653
24684,6-7123
24685,5-0256
24686,8-8595
24687,5-4388
24688,6-6532
24689,3-3419
24690,7-2935
24691,6-1900
24692,6-1734
24693,5-6027
24694,6-4428
24695,2-5719
24696,6-2743
24697,6-9214
24698,4-7445
24699,8-8737
24700,5-7171
24701,1-0301
24702,8-5178
24703,6-5751
24704,4-3120
24705,7-9778
24706,8-7922
24707,1-2071
24708,5-9437
24709,3-1493
24710,8-8834
24711,8-1004
24712,5-5316
24713,8-4130
24714,7-9717
24715,4-7588
24716,5-3524
24717,1-0052
24718,5-3781
24719,3-7144
24720,7-0531
24721,2-9220
24722,3-9574
24723,4-4312
24724,3-2389
24725,6-3883
24726,6-0049
24727,1-8780
24728,4-0320
24729,4-0737
24730,4-6664
24731,3-7911
24732,6-7690
24733,6-3748
24734,7-3234
24735,2-5995
24736,7-7513
24737,2-1728
24738,4-4392
24739,7-1501
24740,7-2117
24741,1-3713
24742,3-1542
24743,3-3753
24744,2-9637
24745,7-0302
24746,5-4748
24747,7-9675
24748,2-3708
24749,1-6678
24750,5-0188
24751,4-6819
24752,7-1562
24753,1-9080
24754,8-4128
24755,6-7497
24756,6-1931
24757,7-1755
24758,1-8208
24759,7-6772
24760,6-2678
24761,3-4110
24762,4-1632
24763,1-5315
24764,5-9074
24765,4-6243
24766,4-6594
24767,8-3172
24768,7-9270
24769,7-0038
24770,4-6162
24771,3-6346
24772,7-3865
24773,7-2152
24774,2-9297
24775,7-3866
24776,8-7490
24777,7-7440
24778,4-6396
24779,8-7323
24780,8-7458
24781,6-8907
24782,6-9291
24783,4-1357
24784,8-8430
24785,7-7375
24786,3-4230
24787,1-8433
24788,3-1200
24789,8-5409
24790,2-7782
24791,2-6291
24792,3-6744
24793,8-3262
24794,8-3729
24795,5-8813
24796,8-2975
24797,4-4214
24798,5-2737
24799,5-5929
24800,1-7437
24801,8-8606
24802,1-9863
24803,8-9203
24804,2-9318
24805,2-1222
24806,8-8416
24807,3-9465
24808,5-1307
24809,2-8764
24810,4-8316
24811,2-9015
24812,4-4163
24813,1-2446
24814,1-3107
24815,4-7579
24816,5-9641
24817,8-5192
24818,2-8858
24819,3-7105
24820,7-1089
24821,6-6120
24822,8-2832
24823,6-6583
24824,1-6316
24825,6-0671
24826,7-2369
24827,5-0083
24828,3-7451
24829,1-2327
24830,8-1422
24831,7-5637
24832,6-4461
24833,8-4064
24834,3-8160
24835,5-6962
24836,1-5875
24837,5-7876
24838,2-5892
24839,6-6560
24840,2-0616
24841,1-3366
24842,1-0927
24843,4-1807
24844,7-5145
24845,4-0233
24846,1-5249
24847,3-6859
24848,4-5126
24849,3-3280
24850,7-8924
24851,2-7325
24852,3-2426
24853,7-3937
24854,3-9435
24855,1-1834
24856,8-2185
24857,8-9075
24858,2-5110
24859,6-7874
24860,4-2861
24861,4-9328
24862,3-2956
24863,8-1662
24864,1-7686
24865,8-8068
24866,3-6713
24867,5-6036
24868,4-8729
24869,1-4926
24870,7-5303
24871,4-1168
24872,5-8723
24873,3-3431
24874,2-9988
24875,8-5401
24876,5-1653
24877,6-8104
24878,2-5877
24879,7-0162
24880,3-8008
24881,1-3778
24882,2-6701
24883,7-2718
24884,4-5112
24885,6-1458
24886,8-0479
24887,8-6752
24888,4-3145
24889,1-5755
24890,4-1749
24891,4-0956
24892,2-3595
24893,2-1367
24894,8-5290
24895,3-1004
24896,4-9831
24897,6-9378
24898,7-0518
24899,1-2726
24900,2-5003
24901,5-3793
24902,8-5849
24903,6-8604
24904,7-7603
24905,3-1697
24906,4-5614
24907,5-5219
24908,5-8557
24909,6-8718
24910,7-8387
24911,6-5304
24912,2-7715
24913,3-3583
24914,4-9588
24915,4-2922
24916,4-3325
24917,4-4950
24918,5-6823
24919,2-9524
24920,2-9237
24921,4-3803
24922,4-1781
24923,7-6490
24924,8-3140
24925,8-3112
24926,8-1585
24927,5-2772
24928,5-1557
24929,7-8414
24930,6-5496
24931,7-8063
24932,1-6941
24933,1-5478
24934,5-1405
24935,6-9652
24936,6-2364
24937,4-5087
24938,1-8374
24939,7-9350
24940,1-5732
24941,5-9765
24942,3-2849
24943,5-3890
24944,4-8446
24945,1-6711
24946,2-1418
24947,2-1168
24948,1-5888
24949,5-5961
24950,8-4454
24951,8-5267
24952,3-6074
24953,7-7588
24954,3-8413
24955,2-5720
24956,4-1771
24957,8-7188
24958,5-7042
24959,4-3110
24960,6-6174
24961,5-4209
24962,7-7562
24963,6-7656
24964,4-8717
24965,4-7394
24966,1-3105
24967,8-4573
24968,5-6222
24969,3-3664
24970,6-4994
24971,2-0574
24972,6-1694
24973,4-9910
24974,4-9398
24975,8-5202
24976,7-9020
24977,7-6894
24978,2-5619
24979,5-3619
24980,7-7159
24981,1-3631
24982,8-6955
24983,7-2040
24984,3-7044
24985,5-0148
24986,4-2591
24987,2-7327
24988,4-8947
24989,8-4665
24990,2-6733
24991,3-1351
24992,4-3981
24993,2-5773
24994,7-2262
24995,4-4360
24996,3-3681
24997,7-6348
24998,5-9871
24999,6-4300
25000,4-2865
25001,3-1683
25002,1-5787
25003,6-4389
25004,6-5953
25005,4-8745
25006,2-0417
25007,6-0575
25008,7-5104
25009,6-2257
25010,3-3940
25011,6-3698
25012,6-9782
25013,7-7209
25014,8-3367
25015,1-8901
25016,1-7576
25017,1-4553
25018,6-8984
25019,4-3028
25020,2-3611
25021,4-3013
25022,5-0592
25023,2-6592
25024,2-9461
25025,2-0540
25026,5-1082
25027,2-0946
25028,2-9784
25029,7-5743
25030,1-0523
25031,1-8028
25032,2-2647
25033,4-2190
25034,3-4777
25035,4-3354
25036,6-9245
25037,6-4364
25038,4-0630
25039,4-8128
25040,3-5697
25041,7-4553
25042,2-9409
25043,7-0276
25044,3-9565
25045,3-8728
25046,2-9621
25047,6-2048
25048,3-9025
25049,7-4151
25050,5-9381
25051,3-3154
25052,5-1397
25053,8-3578
25054,2-9856
25055,2-0846
25056,3-5174
25057,6-5885
25058,4-4275
25059,7-9709
25060,1-2389
25061,1-7744
25062,2-9463
25063,1-5411
25064,3-0353
25065,8-4290
25066,6-3112
25067,4-1684
25068,6-1607
25069,3-6057
25070,3-8467
25071,7-6885
25072,3-7179
25073,8-5248
25074,7-3365
25075,4-1264
25076,3-7432
25077,2-8877
25078,4-7525
25079,2-7750
25080,3-5810
25081,8-1552
25082,2-7688
25083,8-1766
25084,3-0133
25085,6-1219
25086,7-5690
25087,6-3806
25088,2-4902
25089,5-4450
25090,1-1533
25091,3-9688
25092,8-4254
25093,6-3610
25094,2-9151
25095,1-8628
25096,1-8835
25097,2-6351
25098,8-2043
25099,8-0929
25100,7-4357
25101,2-0138
25102,3-0620
25103,4-6879
25104,4-8705
25105,4-5520
25106,4-6043
25107,6-8328
25108,4-2328
25109,1-4118
25110,7-9917
25111,2-9664
25112,4-0289
25113,6-3360
25114,6-9626
25115,2-6323
25116,2-8910
25117,8-0925
25118,1-6193
25119,5-7618
25120,6-6674
25121,8-3088
25122,7-4353
25123,1-8215
25124,4-7808
25125,5-4371
25126,4-2621
25127,3-9694
25128,2-0745
25129,7-7181
25130,7-4486
25131,2-0464
25132,5-1759
25133,7-1942
25134,1-2505
25135,3-8009
25136,8-8631
25137,7-9874
25138,4-6999
25139,7-0521
25140,8-6585
25141,1-5600
25142,7-7793
25143,3-1203
25144,3-6759
25145,7-0527
25146,8-8580
25147,3-3233
25148,2-6821
25149,4-5573
25150,5-7504
25151,1-0774
25152,5-2194
25153,8-3728
25154,8-7975
25155,6-3185
25156,3-3767
25157,3-3728
25158,6-3151
25159,3-4168
25160,4-2752
25161,7-7923
25162,1-3437
25163,1-5769
25164,3-7870
25165,2-9814
25166,6-2141
25167,2-6798
25168,6-8024
25169,1-0116
25170,6-1958
25171,2-6075
25172,5-9425
25173,5-4425
25174,8-2652
25175,3-1707
25176,2-8126
25177,6-1550
25178,2-9487
25179,4-5244
25180,6-9885
25181,8-8905
25182,3-8348
25183,7-3324
25184,8-3166
25185,8-3684
25186,7-4218
25187,4-9068
25188,6-9855
25189,3-5813
25190,1-7470
25191,7-3894
25192,1-4171
25193,7-3951
25194,6-9944
25195,1-5048
25196,8-3081
25197,6-9911
25198,1-0790
25199,6-3261
25200,6-9030
25201,3-8028
25202,5-1960
25203,2-2364
25204,1-9508
25205,2-7784
25206,1-5940
25207,5-4443
25208,7-8842
25209,6-3044
25210,6-8098
25211,1-7936
25212,8-0129
25213,1-0548
25214,8-5219
25215,7-7272
25216,1-6854
25217,6-5923
25218,4-8184
25219,8-3508
25220,7-5715
25221,2-3242
25222,5-4261
25223,6-4104
25224,6-2146
25225,8-5159
25226,4-7192
25227,6-1318
25228,2-0996
25229,6-0580
25230,8-6207
25231,2-3817
25232,6-3569
25233,1-8072
25234,7-0470
25235,1-2281
25236,3-4703
25237,2-4739
25238,6-6328
25239,4-9408
25240,4-7475
25241,1-5891
25242,1-3587
25243,8-8585
25244,5-8710
25245,3-2219
25246,3-3138
25247,3-5051
25248,4-1693
25249,6-3869
25250,6-5428
25251,6-2983
25252,1-4975
25253,3-2252
25254,8-4521
25255,2-1899
25256,1-7597
25257,3-0714
25258,1-6197
25259,2-2649
25260,8-6436
25261,8-1351
25262,1-3940
25263,6-0168
25264,1-8809
25265,4-4618
25266,2-7507
25267,5-8339
25268,5-4297
25269,8-8554
25270,8-9801
25271,6-7934
25272,5-3359
25273,6-8702
25274,8-9722
25275,2-1393
25276,2-1152
25277,4-0888
25278,5-6235
25279,5-5691
25280,4-5621
25281,1-8596
25282,4-2013
25283,2-0561
25284,7-8701
25285,4-4656
25286,8-5004
25287,4-0020
25288,5-4386
25289,4-4771
25290,6-1766
25291,7-3640
25292,1-5826
25293,8-9788
25294,1-0392
25295,5-0765
25296,2-2641
25297,4-9623
25298,4-5302
25299,8-7190
25300,5-1849
25301,2-4855
25302,3-2231
25303,3-4141
25304,4-5906
25305,5-1239
25306,8-1287
25307,7-6979
25308,3-6137
25309,3-7957
25310,4-1037
25311,1-2874
25312,7-8789
25313,3-0089
25314,5-7254
25315,1-2798
25316,4-4231
25317,1-2086
25318,6-7594
25319,5-9472
25320,3-7180
25321,6-6295
25322,4-8076
25323,7-1412
25324,7-1835
25325,2-3547
25326,4-5497
25327,1-2028
25328,1-2880
25329,8-7097
25330,6-7008
25331,3-8547
25332,6-8516
25333,7-3513
25334,2-1683
25335,8-5897
25336,2-7558
25337,6-1147
25338,5-7228
25339,8-8755
25340,5-5304
25341,5-5678
25342,6-9668
25343,5-5496
25344,8-2173
25345,2-7201
25346,4-0991
25347,1-8818
25348,5-1134
25349,7-4177
25350,2-6675
25351,4-7210
25352,2-8904
25353,6-9127
25354,8-3124
25355,8-2764
25356,4-6854
25357,5-6289
25358,6-1419
25359,4-4719
25360,1-5239
25361,7-0245
25362,5-1413
25363,8-4476
25364,1-0718
25365,6-3308
25366,6-7036
25367,3-0132
25368,3-4001
25369,8-6329
25370,8-7912
25371,7-1090
25372,6-0293
25373,5-7793
25374,1-2784
25375,5-5314
25376,2-8524
25377,7-2193
25378,7-8693
25379,4-6510
25380,5-5197
25381,2-3648
25382,4-6827
25383,6-4951
25384,1-5704
25385,8-2141
25386,2-2718
25387,8-9552
25388,6-9635
25389,8-7802
25390,3-4641
25391,3-0047
25392,2-9869
25393,8-0739
25394,5-9801
25395,8-5304
25396,2-5614
25397,6-0228
25398,8-6125
25399,6-3040
25400,7-1721
25401,1-9655
25402,5-9798
25403,8-8562
25404,4-8098
25405,2-8894
25406,7-4473
25407,5-4723
25408,3-0447
25409,6-8829
25410,3-3078
25411,2-3115
25412,5-3756
25413,4-5629
25414,8-9038
25415,7-8970
25416,1-4839
25417,7-0555
25418,3-3737
25419,1-8736
25420,2-2936
25421,5-8288
25422,2-6382
25423,5-9565
25424,1-7613
25425,5-1150
25426,7-1138
25427,8-2552
25428,1-0609
25429,3-2453
25430,6-2407
25431,3-5860
25432,6-2406
25433,3-2700
25434,4-6926
25435,4-9810
25436,4-6903
25437,5-4224
25438,6-4401
25439,6-4812
25440,2-1374
25441,5-6418
25442,1-2821
25443,3-0413
25444,8-8866
25445,8-9032
25446,4-6588
25447,1-7148
25448,3-2624
25449,1-6022
25450,1-1352
25451,4-2988
25452,1-6684
25453,5-1180
25454,4-3748
25455,1-9393
25456,6-0277
25457,2-8810
25458,2-3079
25459,8-4242
25460,3-3942
25461,8-3753
25462,3-9012
25463,7-8480
25464,2-7464
25465,7-1019
25466,2-2821
25467,2-5836
25468,4-0907
25469,5-2512
25470,6-7288
25471,6-8048
25472,7-5085
25473,5-4403
25474,1-9089
25475,4-9016
25476,4-7482
25477,5-6898
25478,4-2612
25479,1-1064
25480,3-2175
25481,5-2398
25482,2-3993
25483,6-0370
25484,4-7789
25485,7-5570
25486,3-9807
25487,1-8586
25488,6-9792
25489,1-0048
25490,5-1464
25491,1-8120
25492,7-6144
25493,5-0942
25494,1-3967
25495,3-4799
25496,5-4446
25497,1-1340
25498,8-8566
25499,5-2138
25500,4-7473
25501,2-5470
25502,2-8412
25503,4-5105
25504,3-5507
25505,4-6221
25506,7-4693
25507,5-1931
25508,3-8219
25509,4-9643
25510,8-4578
25511,5-8635
25512,6-9295
25513,1-9361
25514,6-4688
25515,2-2897
25516,2-1843
25517,1-6798
25518,3-8649
25519,8-7241
25520,3-4176
25521,4-3616
25522,5-2911
25523,6-5914
25524,2-1230
25525,3-0901
25526,8-6094
25527,2-7277
25528,1-4376
25529,3-8184
25530,4-2834
25531,7-3284
25532,5-9885
25533,5-3929
25534,5-5151
25535,1-3926
25536,5-2239
25537,1-1445
25538,7-7908
25539,5-5699
25540,3-4957
25541,8-4182
25542,7-5442
25543,6-9399
25544,4-0535
25545,7-3195
25546,6-6968
25547,4-7476
25548,3-0811
25549,2-9956
25550,7-3095
25551,3-8222
25552,2-9940
25553,7-0222
25554,4-5583
25555,8-3518
25556,7-0214
25557,3-8400
25558,1-9634
25559,2-3295
25560,5-8208
25561,6-7626
25562,2-7001
25563,2-4058
25564,4-5030
25565,8-2785
25566,2-0048
25567,6-4316
25568,6-8155
25569,5-4315
25570,4-9434
25571,8-7142
25572,5-4047
25573,7-7775
25574,5-4033
25575,3-1233
25576,5-2762
25577,2-0935
25578,4-7381
25579,4-2445
25580,4-6070
25581,3-6735
25582,6-4699
25583,5-7128
25584,6-1305
25585,4-2356
25586,7-5717
25587,7-4590
25588,4-1047
25589,4-6337
25590,6-3741
25591,8-6570
25592,5-4771
25593,2-0224
25594,5-1192
25595,2-1923
25596,1-4199
25597,6-9868
25598,7-8946
25599,4-9307
25600,4-0899
25601,8-6176
25602,6-8229
25603,4-6464
25604,8-8347
25605,4-5808
25606,1-5254
25607,6-7142
25608,7-4779
25609,8-4258
25610,5-5086
25611,3-1064
25612,1-9395
25613,1-2274
25614,4-0853
25615,1-4351
25616,6-3704
25617,3-2261
25618,2-0641
25619,7-6068
25620,4-6888
25621,8-3350
25622,6-4408
25623,6-6648
25624,8-5935
25625,8-2342
25626,5-5478
25627,2-9972
25628,4-9272
25629,2-9344
25630,4-9278
25631,7-9030
25632,5-6579
25633,6-2715
25634,7-7221
25635,5-5241
25636,5-5586
25637,7-5331
25638,3-8533
25639,1-9990
25640,3-4267
25641,6-4983
25642,6-4480
25643,4-3734
25644,5-3730
25645,1-9069
25646,3-2380
25647,5-6944
25648,2-3610
25649,4-5000
25650,4-7134
25651,3-7651
25652,1-7449
25653,7-0553
25654,5-3871
25655,7-1905
25656,3-0046
25657,5-4511
25658,8-5985
25659,5-6867
25660,4-4215
25661,4-5084
25662,7-6928
25663,3-5274
25664,3-4073
25665,6-1204
25666,1-1658
25667,6-9786
25668,1-8824
25669,3-3147
25670,6-1191
25671,1-8657
25672,2-8775
25673,4-3758
25674,4-0127
25675,8-0038
25676,1-7835
25677,3-9372
25678,1-1748
25679,4-0926
25680,1-4956
25681,1-0079
25682,3-8999
25683,6-6132
25684,7-1307
25685,5-7739
25686,2-2799
25687,4-8404
25688,7-0734
25689,5-3918
25690,2-8746
25691,8-8449
25692,5-1281
25693,8-1722
25694,1-3409
25695,6-8451
25696,2-4080
25697,5-3712
25698,1-8615
25699,5-2624
25700,2-3382
25701,5-6053
25702,2-3530
25703,1-5042
25704,7-9357
25705,8-3252
25706,4-7118
25707,6-4139
25708,3-6787
25709,2-1109
25710,1-4806
25711,2-2143
25712,2-7756
25713,4-9635
25714,2-9241
25715,1-7466
25716,6-2267
25717,6-9073
25718,3-8520
25719,4-4282
25720,3-5469
25721,1-1534
25722,1-5008
25723,8-4391
25724,5-2126
25725,7-5116
25726,7-5547
25727,2-3566
25728,6-2844
25729,4-3859
25730,4-9413
25731,7-6839
25732,7-4070
25733,1-8556
25734,1-9373
25735,6-1242
25736,1-6583
25737,7-2135
25738,5-9803
25739,7-5123
25740,1-2516
25741,1-6839
25742,6-1621
25743,2-2154
25744,8-0467
25745,8-6880
25746,5-2787
25747,6-2292
25748,7-5170
25749,1-0072
25750,7-5080
25751,4-9750
25752,5-0690
25753,5-0873
25754,7-6167
25755,2-1552
25756,8-4713
25757,5-9218
25758,4-4229
25759,6-7513
25760,7-0706
25761,3-1821
25762,6-3499
25763,5-6739
25764,3-7364
25765,3-4178
25766,7-1072
25767,1-8227
25768,3-8278
25769,4-4772
25770,8-3852
25771,3-3107
25772,4-2856
25773,8-0822
25774,8-2654
25775,4-9917
25776,8-5782
25777,4-0314
25778,8-4218
25779,5-4753
25780,7-1900
25781,3-9014
25782,3-3993
25783,3-5523
25784,2-0285
25785,3-8623
25786,3-2042
25787,4-4690
25788,5-0556
25789,4-6313
25790,5-4262
25791,2-9367
25792,8-6135
25793,5-4115
25794,7-7965
25795,5-3875
25796,6-0615
25797,2-1697
25798,3-8287
25799,1-5960
25800,5-2556
25801,1-5223
25802,4-4939
25803,4-8259
25804,8-5589
25805,1-6917
25806,8-8302
25807,4-4345
25808,5-9768
25809,1-7462
25810,6-1716
25811,4-2777
25812,1-3987
25813,1-9033
25814,1-6576
25815,4-2393
25816,7-9941
25817,5-5619
25818,8-1701
25819,3-7779
25820,4-0924
25821,2-6626
25822,5-3633
25823,2-1354
25824,1-6307
25825,4-8881
25826,5-4125
25827,3-4700
25828,1-9319
25829,3-2041
25830,4-8918
25831,6-9207
25832,3-7096
25833,3-5581
25834,7-3243
25835,7-5059
25836,8-4340
25837,3-3735
25838,5-1726
25839,5-8371
25840,2-4561
25841,8-0564
25842,8-5498
25843,5-0866
25844,6-2259
25845,6-5364
25846,3-6357
25847,2-7018
25848,1-6582
25849,6-3826
25850,3-7814
25851,7-6793
25852,4-3204
25853,8-8256
25854,7-4092
25855,8-6277
25856,4-1115
25857,5-4784
25858,6-7041
25859,7-2984
25860,1-1254
25861,1-3492
25862,2-6548
25863,2-4479
25864,3-9893
25865,4-3860
25866,7-0610
25867,7-6196
25868,4-8386
25869,3-3585
25870,3-2425
25871,7-3132
25872,4-2446
25873,2-0181
25874,5-8090
25875,3-6412
25876,4-2210
25877,5-4909
25878,3-0069
25879,6-1407
25880,8-1107
25881,8-6355
25882,5-4559
25883,8-2388
25884,5-2515
25885,1-9158
25886,7-6873
25887,3-1387
25888,3-3308
25889,7-0228
25890,2-9411
25891,5-2396
25892,4-2385
25893,4-9577
25894,7-4222
25895,2-7703
25896,6-1392
25897,6-6591
25898,1-1594
25899,4-9575
25900,7-6128
25901,6-9912
25902,5-7415
25903,2-3154
25904,4-8896
25905,2-8120
25906,6-3899
25907,5-7868
25908,2-2086
25909,3-3756
25910,6-1402
25911,7-6505
25912,6-2025
25913,2-4467
25914,6-9931
25915,7-5998
25916,1-1936
25917,6-7664
25918,8-0792
25919,5-9629
25920,3-0470
25921,5-0249
25922,5-6541
25923,3-0263
25924,1-8854
25925,2-9626
25926,3-7544
25927,3-7049
25928,3-8895
25929,5-4360
25930,7-9702
25931,3-9010
25932,5-6865
25933,7-9185
25934,1-5284
25935,7-2024
25936,4-0455
25937,7-1974
25938,3-6785
25939,2-0077
25940,1-3049
25941,1-6929
25942,5-9971
25943,7-6884
25944,3-1296
25945,3-7321
25946,3-2982
25947,3-7621
25948,4-2873
25949,6-0629
25950,6-7733
25951,3-0041
25952,6-8094
25953,6-1975
25954,4-5035
25955,7-2547
25956,3-8463
25957,7-3512
25958,2-4407
25959,6-4737
25960,3-9943
25961,4-8173
25962,8-7949
25963,3-1826
25964,6-0812
25965,5-9953
25966,4-6415
25967,5-6445
25968,6-8455
25969,3-8524
25970,8-2523
25971,7-4122
25972,2-6868
25973,6-0547
25974,5-1654
25975,7-9697
25976,6-3829
25977,6-1176
25978,7-5298
25979,8-7131
25980,2-0922
25981,5-4079
25982,3-6945
25983,8-0016
25984,1-8266
25985,4-4495
25986,2-1254
25987,1-4627
25988,4-1128
25989,3-5852
25990,1-8817
25991,2-4313
25992,8-7244
25993,6-1763
25994,3-8982
25995,2-4916
25996,1-4046
25997,5-0978
25998,5-7996
25999,5-3512
26000,4-7943
26001,3-1275
26002,3-3313
26003,2-1493
26004,5-6810
26005,6-0598
26006,4-6623
26007,7-8208
26008,8-1199
26009,4-0596
26010,6-4704
26011,8-5101
26012,7-2100
26013,5-2183
26014,5-6729
26015,7-4897
26016,7-8002
26017,6-4782
26018,4-1517
26019,6-0872
26020,8-2419
26021,4-0383
26022,8-2500
26023,7-5412
26024,1-7804
26025,2-4626
26026,4-0646
26027,6-9642
26028,6-1555
26029,2-0542
26030,8-1782
26031,4-6006
26032,7-5999
26033,2-1846
26034,4-9527
26035,5-6588
26036,2-3053
26037,5-0280
26038,1-9226
26039,2-3090
26040,4-6184
26041,1-7362
26042,1-1134
26043,7-1456
26044,7-4499
26045,1-0649
26046,1-1719
26047,7-6154
26048,7-0516
26049,4-2089
26050,5-3643
26051,7-4490
26052,2-6232
26053,3-0619
26054,7-5949
26055,2-3098
26056,1-3106
26057,2-8668
26058,8-5943
26059,3-9969
26060,1-0988
26061,5-2425
26062,4-7353
26063,4-1388
26064,6-2682
26065,7-3942
26066,6-9026
26067,3-5511
26068,1-8318
26069,7-4060
26070,7-0571
26071,2-6852
26072,2-5234
26073,7-5860
26074,4-7193
26075,5-9167
26076,6-5815
26077,7-8690
26078,8-9764
26079,8-9006
26080,6-0557
26081,7-7842
26082,4-0479
26083,8-5063
26084,1-9878
26085,1-5677
26086,5-5863
26087,8-6307
26088,5-6432
26089,2-0613
26090,5-7076
26091,6-6029
26092,1-1818
26093,7-3890
26094,4-3807
26095,7-9884
26096,8-5705
26097,3-5927
26098,2-8261
26099,8-1091
26100,8-5262
26101,1-1457
26102,4-0348
26103,5-9302
26104,4-6251
26105,6-3603
26106,7-8179
26107,6-7021
26108,5-4366
26109,1-1231
26110,6-0726
26111,2-6143
26112,4-9610
26113,8-0294
26114,6-3012
26115,2-5823
26116,6-6412
26117,5-7089
26118,6-2175
26119,1-1253
26120,2-8275
26121,4-3459
26122,4-1867
26123,6-6746
26124,2-3055
26125,3-0410
26126,7-6960
26127,5-1609
26128,2-3831
26129,6-0725
26130,7-6400
26131,4-3202
26132,4-1952
26133,4-1062
26134,1-0812
26135,8-3996
26136,8-5171
26137,5-8535
26138,4-3521
26139,6-8442
26140,7-0390
26141,7-4065
26142,6-3725
26143,5-5984
26144,6-1847
26145,7-4967
26146,1-0925
26147,3-6426
26148,4-1557
26149,7-7507
26150,4-1295
26151,7-9967
26152,2-5728
26153,8-1926
26154,7-5184
26155,1-4706
26156,4-0683
26157,4-1866
26158,4-4787
26159,1-6195
26160,7-0443
26161,6-9834
26162,8-0245
26163,5-2797
26164,6-5114
26165,7-5307
26166,1-7560
26167,5-8001
26168,3-9420
26169,7-7322
26170,1-4114
26171,4-0794
26172,2-1751
26173,6-7546
26174,6-9226
26175,8-5386
26176,1-7410
26177,8-4186
26178,6-5481
26179,2-0651
26180,1-4630
26181,7-1955
26182,1-9152
26183,6-6890
26184,6-0676
26185,3-6756
26186,6-3996
26187,1-4443
26188,5-3880
26189,5-5049
26190,4-9669
26191,5-1986
26192,3-7054
26193,6-7642
26194,6-4676
26195,8-3504
26196,5-9183
26197,3-0385
26198,5-5201
26199,6-7103
26200,6-2635
26201,5-4031
26202,3-5560
26203,6-2377
26204,7-7570
26205,8-3161
26206,2-4811
26207,7-2512
26208,6-1312
26209,6-2427
26210,8-4394
26211,4-8609
26212,2-1187
26213,8-8021
26214,7-3505
26215,6-9882
26216,5-6462
26217,2-9517
26218,3-4491
26219,8-1640
26220,2-5133
26221,5-4695
26222,8-3218
26223,2-5827
26224,1-5585
26225,1-5838
26226,8-5276
26227,1-0503
26228,2-0558
26229,4-8589
26230,5-5072
26231,2-8246
26232,1-2540
26233,3-6368
26234,4-4420
26235,8-7168
26236,4-5818
26237,2-6019
26238,7-8406
26239,2-8860
26240,5-3070
26241,2-4857
26242,4-9012
26243,3-5155
26244,6-9521
26245,4-2052
26246,3-5354
26247,2-8607
26248,2-8385
26249,4-8548
26250,7-4680
26251,2-9097
26252,6-3062
26253,7-8686
26254,4-2963
26255,8-6537
26256,2-4149
26257,1-0118
26258,5-8655
26259,4-1039
26260,8-2545
26261,1-6368
26262,7-0852
26263,4-3620
26264,4-0395
26265,1-8728
26266,6-9169
26267,6-6908
26268,7-7152
26269,2-4616
26270,7-4290
26271,2-8443
26272,5-5222
26273,1-5653
26274,5-2479
26275,1-1902
26276,8-1318
26277,4-5790
26278,7-9722
26279,5-8238
26280,7-5365
26281,4-6047
26282,7-5725
26283,8-3231
26284,1-5523
26285,1-1859
26286,5-7018
26287,4-4326
26288,8-5261
26289,3-4005
26290,7-5919
26291,7-1008
26292,8-5310
26293,3-7483
26294,7-2779
26295,3-7235
26296,7-1134
26297,8-9439
26298,2-0955
26299,3-8632
26300,8-7775
26301,2-3429
26302,2-9068
26303,8-9641
26304,6-5436
26305,2-7021
26306,7-4309
26307,6-7347
26308,8-2019
26309,1-4716
26310,4-3209
26311,1-7614
26312,3-8044
26313,5-0750
26314,3-8051
26315,8-1772
26316,6-2195
26317,7-8099
26318,1-7593
26319,7-5920
26320,2-8180
26321,4-3429
26322,7-2344
26323,7-8088
26324,6-4858
26325,4-7280
26326,7-4454
26327,7-3527
26328,5-9592
26329,6-0940
26330,7-9320
26331,7-5100
26332,7-3506
26333,4-4705
26334,7-3581
26335,5-6366
26336,8-8183
26337,8-2190
26338,1-4572
26339,3-3481
26340,3-8939
26341,2-9948
26342,2-7437
26343,8-1348
26344,6-1951
26345,7-0378
26346,3-4936
26347,7-1552
26348,1-0053
26349,3-3070
26350,6-6410
26351,1-0978
26352,2-6785
26353,8-5110
26354,3-7890
26355,5-9759
26356,2-5683
26357,5-4813
26358,5-6171
26359,1-6436
26360,8-5804
26361,3-8232
26362,6-4866
26363,5-0208
26364,2-8978
26365,8-6533
26366,3-1756
26367,4-8150
26368,5-0021
26369,6-0618
26370,7-8080
26371,6-6387
26372,3-0840
26373,1-5307
26374,3-5476
26375,2-8777
26376,1-3450
26377,8-9773
26378,1-8119
26379,5-6801
26380,1-0065
26381,5-1113
26382,5-5193
26383,1-1073
26384,2-1887
26385,2-0375
26386,2-5978
26387,1-9234
26388,5-8603
26389,2-1940
26390,3-7216
26391,3-5544
26392,4-3526
26393,8-1711
26394,3-2698
26395,1-8140
26396,4-0331
26397,1-5063
26398,8-0279
26399,3-6929
26400,3-5672
26401,6-8114
26402,6-7786
26403,6-5572
26404,7-2702
26405,5-4922
26406,2-2796
26407,7-0323
26408,8-1746
26409,7-0321
26410,7-5607
26411,6-5536
26412,4-5449
26413,6-1487
26414,4-3709
26415,6-6566
26416,5-1607
26417,3-8853
26418,8-6783
26419,7-2680
26420,5-0425
26421,1-3801
26422,3-2592
26423,7-9362
26424,1-1491
26425,4-8065
26426,3-9344
26427,4-8921
26428,1-7540
26429,2-3104
26430,2-4702
26431,3-5442
26432,2-8320
26433,5-0825
26434,6-5593
26435,7-7556
26436,6-9402
26437,5-7307
26438,5-4158
26439,8-5617
26440,1-1981
26441,6-0747
26442,4-4613
26443,7-9823
26444,5-9929
26445,8-4272
26446,2-4638
26447,8-1629
26448,7-8341
26449,8-0510
26450,6-8901
26451,5-5202
26452,7-6880
26453,5-3645
26454,1-8853
26455,6-1018
26456,2-7022
26457,5-5272
26458,1-4022
26459,7-2027
26460,2-5506
26461,3-1126
26462,3-7281
26463,6-4657
26464,3-7332
26465,8-8693
26466,1-3902
26467,1-1801
26468,1-2019
26469,4-2216
26470,3-4337
26471,8-6350
26472,7-9607
26473,1-0351
26474,7-3974
26475,3-6261
26476,5-8044
26477,3-3826
26478,5-7422
26479,8-3566
26480,1-6383
26481,3-0160
26482,5-9349
26483,7-8915
26484,1-7103
26485,3-6207
26486,7-7214
26487,4-6381
26488,2-9469
26489,8-0003
26490,5-1009
26491,2-1122
26492,4-9721
26493,4-5125
26494,3-1160
26495,4-8521
26496,7-4664
26497,8-2390
26498,4-2911
26499,8-7230
26500,4-3878
26501,1-1639
26502,6-1255
26503,6-2154
26504,4-3237
26505,8-9116
26506,5-0836
26507,6-8479
26508,8-0878
26509,1-4043
26510,1-8826
26511,5-4969
26512,1-2385
26513,7-9694
26514,2-9330
26515,7-1749
26516,6-9017
26517,6-9163
26518,8-3248
26519,2-0537
26520,7-8741
26521,4-7848
26522,3-6442
26523,1-2198
26524,3-3165
26525,6-5034
26526,4-8708
26527,7-7396
26528,1-1342
26529,2-7737
26530,1-4105
26531,8-3458
26532,7-5109
26533,5-0593
26534,6-5382
26535,5-1399
26536,1-3178
26537,4-1686
26538,3-8948
26539,3-6649
26540,5-3698
26541,2-6332
26542,7-9450
26543,5-4468
26544,1-9565
26545,7-4158
26546,5-1088
26547,1-3251
26548,2-6768
26549,5-3422
26550,4-3933
26551,7-0368
26552,6-0253
26553,2-8802
26554,2-2783
26555,1-2708
26556,5-9746
26557,6-2598
26558,4-1046
26559,8-7217
26560,7-1097
26561,6-3848
26562,5-5942
26563,1-7845
26564,7-3572
26565,3-6860
26566,4-3988
26567,1-7301
26568,3-6707
26569,3-8108
26570,8-7442
26571,6-4967
26572,7-5228
26573,2-2412
26574,3-9047
26575,6-6779
26576,7-8186
26577,6-1871
26578,3-2120
26579,4-5303
26580,6-1731
26581,2-1157
26582,6-5786
26583,4-2449
26584,2-9379
26585,5-4244
26586,1-5608
26587,6-8256
26588,1-1740
26589,7-3081
26590,1-6801
26591,3-5384
26592,8-0198
26593,6-2343
26594,8-7285
26595,8-2084
26596,2-1055
26597,4-8047
26598,1-6198
26599,4-6021
26600,4-6045
26601,3-5716
26602,7-4102
26603,1-2574
26604,7-9364
26605,4-8382
26606,4-0084
26607,1-8485
26608,1-7634
26609,4-2072
26610,4-6018
26611,1-1199
26612,5-2416
26613,8-9218
26614,5-3763
26615,2-2065
26616,4-7218
26617,5-7023
26618,1-6385
26619,1-5206
26620,6-9978
26621,5-2436
26622,7-3950
26623,4-9183
26624,7-9366
26625,8-6896
26626,8-4579
26627,4-0746
26628,7-2008
26629,6-8102
26630,7-4593
26631,6-9400
26632,6-1815
26633,3-3088
26634,1-0451
26635,2-3663
26636,2-6234
26637,4-3005
26638,2-5639
26639,7-0249
26640,2-0562
26641,2-5066
26642,2-7595
26643,3-1485
26644,5-6502
26645,2-4170
26646,6-7908
26647,4-0364
26648,2-8970
26649,6-7482
26650,8-3436
26651,6-4844
26652,5-6689
26653,6-7720
26654,2-7882
26655,4-4114
26656,8-3814
26657,6-0467
26658,3-8702
26659,7-4994
26660,8-8006
26661,7-7906
26662,6-6858
26663,6-1446
26664,5-1625
26665,3-1249
26666,4-7312
26667,7-5680
26668,1-4221
26669,8-6213
26670,8-0764
26671,3-0750
26672,4-7291
26673,3-7581
26674,4-1025
26675,1-6676
26676,3-8586
26677,6-6102
26678,7-7768
26679,2-3985
26680,3-3908
26681,6-9209
26682,4-2527
26683,2-8431
26684,6-1008
26685,2-0465
26686,2-9797
26687,5-8533
26688,3-4281
26689,2-2558
26690,4-4207
26691,5-2134
26692,2-5488
26693,8-6622
26694,3-1639
26695,4-6093
26696,8-1172
26697,4-9033
26698,2-0237
26699,4-4135
26700,3-5289
26701,3-9932
26702,5-8986
26703,6-6552
26704,1-0950
26705,4-1997
26706,1-1529
26707,8-1577
26708,1-0199
26709,5-9922
26710,8-2702
26711,7-1383
26712,2-7187
26713,7-3672
26714,3-9125
26715,7-8802
26716,4-2436
26717,5-3615
26718,8-4990
26719,4-0670
26720,1-5994
26721,2-8591
26722,1-9303
26723,5-9747
26724,7-2067
26725,8-9310
26726,4-7659
26727,6-2112
26728,1-5831
26729,2-8501
26730,5-6722
26731,5-9354
26732,4-1434
26733,3-8290
26734,5-2084
26735,7-1254
26736,4-1696
26737,5-4264
26738,3-0902
26739,7-0574
26740,3-5848
26741,6-2127
26742,8-2828
26743,3-4027
26744,4-8181
26745,2-7826
26746,4-0855
26747,1-8783
26748,7-2870
26749,6-5505
26750,6-3746
26751,7-2122
26752,3-6915
26753,2-7957
26754,8-2218
26755,6-3527
26756,8-0070
26757,7-8957
26758,8-0325
26759,6-3336
26760,4-3374
26761,1-9743
26762,3-3047
26763,6-2946
26764,7-0918
26765,8-3032
26766,7-0005
26767,1-9300
26768,7-1464
26769,6-2363
26770,2-0995
26771,5-9187
26772,5-3498
26773,6-6246
26774,5-3275
26775,2-6660
26776,4-8297
26777,3-4229
26778,7-9954
26779,3-7769
26780,4-2975
26781,1-2695
26782,7-0444
26783,8-2942
26784,6-7598
26785,6-4042
26786,7-8488
26787,5-8781
26788,8-4629
26789,2-0649
26790,6-2131
26791,6-6110
26792,4-8109
26793,5-1085
26794,8-1267
26795,8-0569
26796,1-4594
26797,4-5702
26798,4-7160
26799,1-3367
26800,1-3084
26801,7-1733
26802,1-3207
26803,3-9671
26804,5-1048
26805,7-8212
26806,6-4917
26807,8-4416
26808,6-7859
26809,1-3150
26810,3-4704
26811,4-1505
26812,2-0119
26813,8-3770
26814,4-2451
26815,7-8029
26816,3-9984
26817,8-2138
26818,1-1415
26819,6-7468
26820,7-2959
26821,1-8081
26822,8-5319
26823,4-9084
26824,8-9188
26825,2-7679
26826,7-0665
26827,6-4879
26828,4-5065
26829,1-0734
26830,3-4575
26831,6-5927
26832,1-7927
26833,4-7121
26834,2-9313
26835,2-3906
26836,3-1211
26837,4-6375
26838,3-4636
26839,4-7556
26840,1-1542
26841,8-5598
26842,1-3747
26843,1-1398
26844,7-0763
26845,4-0244
26846,6-9741
26847,6-8110
26848,6-4349
26849,6-8937
26850,1-3420
26851,5-9225
26852,5-8542
26853,8-3452
26854,8-9411
26855,6-4716
26856,1-9872
26857,2-2857
26858,8-7048
26859,1-3976
26860,2-2650
26861,4-5940
26862,2-6805
26863,7-0476
26864,4-0098
26865,7-3980
26866,1-6634
26867,2-8827
26868,1-5399
26869,1-5003
26870,5-7506
26871,8-6998
26872,8-0410
26873,2-6256
26874,4-2455
26875,4-7465
26876,8-2352
26877,1-0587
26878,4-4444
26879,5-3032
26880,6-0456
26881,8-8583
26882,3-6581
26883,4-6287
26884,2-2610
26885,6-5790
26886,4-2961
26887,1-9797
26888,4-4909
26889,4-4931
26890,1-4152
26891,7-1129
26892,6-8545
26893,6-6161
26894,3-8391
26895,7-2118
26896,8-9263
26897,7-0112
26898,1-6734
26899,3-5551
26900,1-2043
26901,1-6259
26902,4-5896
26903,7-3836
26904,7-8313
26905,7-6807
26906,2-5958
26907,1-2284
26908,5-4058
26909,8-9632
26910,2-2566
26911,6-5419
26912,4-6180
26913,1-0359
26914,2-3328
26915,2-3251
26916,1-7570
26917,2-0280
26918,2-0968
26919,1-7160
26920,4-5498
26921,2-4671
26922,1-4751
26923,1-0069
26924,1-1615
26925,7-2324
26926,6-1859
26927,4-2852
26928,6-4652
26929,2-4083
26930,3-7348
26931,8-9214
26932,3-0281
26933,3-0953
26934,3-6216
26935,3-7295
26936,8-2542
26937,1-3262
26938,1-0538
26939,3-0039
26940,4-9664
26941,7-1387
26942,4-0777
26943,6-6333
26944,3-4210
26945,6-9713
26946,5-8444
26947,4-3729
26948,2-4076
26949,7-0771
26950,4-8934
26951,2-4265
26952,7-3347
26953,4-2862
26954,5-8994
26955,7-9397
26956,2-4469
26957,7-9243
26958,4-2226
26959,4-8871
26960,3-3357
26961,6-0901
26962,1-0316
26963,7-0639
26964,5-9462
26965,5-1537
26966,1-8720
26967,6-6748
26968,3-7634
26969,3-0931
26970,2-5795
26971,4-8116
26972,4-4136
26973,8-2530
26974,5-2924
26975,3-5741
26976,7-6692
26977,3-0417
26978,3-4058
26979,2-4096
26980,1-1365
26981,3-6091
26982,7-2049
26983,8-1503
26984,2-0826
26985,2-0487
26986,3-2082
26987,6-7647
26988,5-8912
26989,6-7120
26990,1-8138
26991,7-2887
26992,3-2235
26993,2-1481
26994,2-2319
26995,3-1773
26996,1-1151
26997,2-1499
26998,2-6118
26999,1-9112
27000,1-8015
27001,3-9894
27002,2-0923
27003,7-6887
27004,5-0098
27005,4-4477
27006,8-5347
27007,8-5203
27008,1-2756
27009,3-4945
27010,5-3118
27011,5-9125
27012,3-8651
27013,4-9025
27014,3-7912
27015,5-3678
27016,2-3254
27017,8-4618
27018,5-5042
27019,4-8518
27020,1-9020
27021,7-1162
27022,7-0487
27023,6-9778
27024,4-1798
27025,5-7990
27026,8-5217
27027,4-8024
27028,4-8887
27029,7-2505
27030,4-8430
27031,2-5443
27032,7-7895
27033,1-0943
27034,5-1936
27035,6-7586
27036,5-4997
27037,6-6023
27038,5-2638
27039,1-5084
27040,4-4368
27041,6-2711
27042,5-4235
27043,4-2855
27044,8-3672
27045,2-1064
27046,2-6517
27047,4-6259
27048,2-3560
27049,1-6034
27050,3-6590
27051,1-4336
27052,5-0023
27053,8-6050
27054,4-4194
27055,6-4662
27056,5-9981
27057,6-0061
27058,1-5092
27059,6-4296
27060,7-3129
27061,5-6392
27062,7-0592
27063,1-1946
27064,3-4690
27065,3-6362
27066,7-4345
27067,6-7297
27068,7-2195
27069,1-5937
27070,4-6254
27071,2-2025
27072,6-4119
27073,2-4819
27074,4-9596
27075,5-4927
27076,8-2436
27077,3-4308
27078,2-5909
27079,8-7814
27080,1-9705
27081,6-0104
27082,5-9355
27083,6-1599
27084,8-8727
27085,5-4526
27086,7-6467
27087,2-1166
27088,3-3526
27089,7-1154
27090,3-6900
27091,8-8195
27092,6-7367
27093,8-0898
27094,8-7202
27095,5-9101
27096,7-6293
27097,1-9459
27098,6-4579
27099,2-5402
27100,1-6664
27101,2-3125
27102,7-4966
27103,6-7264
27104,8-3746
27105,4-5890
27106,1-4447
27107,3-5385
27108,4-4611
27109,4-9066
27110,6-3504
27111,5-2984
27112,3-4630
27113,6-2823
27114,8-4783
27115,4-3861
27116,5-6431
27117,8-3577
27118,1-6157
27119,4-2310
27120,5-9692
27121,7-8784
27122,2-3837
27123,3-3700
27124,7-6101
27125,4-3358
27126,6-1111
27127,1-8153
27128,4-4421
27129,8-1966
27130,2-2957
27131,4-3249
27132,2-8657
27133,2-7439
27134,5-6770
27135,8-3317
27136,2-5183
27137,8-8701
27138,8-5352
27139,4-0341
27140,6-5410
27141,4-5675
27142,1-9021
27143,4-2854
27144,1-2302
27145,2-7514
27146,1-8787
27147,7-3683
27148,8-0126
27149,3-2587
27150,2-7914
27151,2-7365
27152,7-7722
27153,6-2327
27154,3-4428
27155,5-7384
27156,8-2279
27157,2-7899
27158,4-7062
27159,7-2501
27160,6-3947
27161,4-3869
27162,1-4198
27163,6-7352
27164,4-5048
27165,5-2981
27166,6-6647
27167,1-1852
27168,1-9213
27169,1-4586
27170,3-6334
27171,6-4616
27172,3-0270
27173,1-3234
27174,5-6404
27175,5-4052
27176,6-2011
27177,7-7956
27178,3-5733
27179,6-3522
27180,7-5400
27181,6-3426
27182,6-9576
27183,8-3869
27184,3-7738
27185,1-2615
27186,7-0767
27187,5-5682
27188,8-8275
27189,5-7765
27190,7-3689
27191,3-1539
27192,3-4680
27193,6-6690
27194,5-7391
27195,4-4655
27196,3-2110
27197,4-7514
27198,4-4512
27199,8-6626
27200,8-9416
27201,8-8718
27202,1-0354
27203,3-5557
27204,1-3303
27205,7-8521
27206,4-0043
27207,5-8320
27208,7-4283
27209,3-2770
27210,1-8820
27211,5-9256
27212,1-9399
27213,6-2071
27214,8-8382
27215,7-4537
27216,6-8973
27217,4-6858
27218,2-3186
27219,1-7672
27220,1-0435
27221,8-2090
27222,6-0563
27223,2-1716
27224,4-4773
27225,3-7380
27226,7-6417
27227,5-1839
27228,6-8394
27229,4-9343
27230,1-6026
27231,4-6054
27232,1-1974
27233,5-5874
27234,3-1625
27235,1-3280
27236,2-4726
27237,4-2953
27238,7-0914
27239,6-4567
27240,8-1396
27241,2-8060
27242,1-5582
27243,1-6041
27244,4-1386
27245,1-6737
27246,4-1602
27247,5-3870
27248,4-8604
27249,8-0767
27250,8-9891
27251,7-7830
27252,6-3335
27253,8-1641
27254,8-6849
27255,7-9729
27256,2-7153
27257,7-8997
27258,3-4175
27259,2-2792
27260,2-0230
27261,1-2392
27262,8-6559
27263,8-2382
27264,3-7516
27265,2-7366
27266,4-0153
27267,3-8040
27268,8-3492
27269,3-6684
27270,3-4993
27271,3-5135
27272,8-2253
27273,3-7252
27274,2-1489
27275,6-0405
27276,5-3349
27277,7-2435
27278,5-5081
27279,1-7319
27280,8-0128
27281,5-3686
27282,2-1870
27283,6-0952
27284,5-7703
27285,6-0942
27286,2-2284
27287,5-0577
27288,6-2933
27289,3-1092
27290,4-5037
27291,3-0617
27292,4-9348
27293,8-6195
27294,2-0142
27295,6-3706
27296,2-0636
27297,1-1723
27298,2-8751
27299,1-6228
27300,7-9855
27301,4-2489
27302,3-8176
27303,2-0816
27304,6-7721
27305,8-1840
27306,5-6239
27307,7-5278
27308,8-7318
27309,1-7246
27310,2-7968
27311,6-6205
27312,6-6390
27313,6-5396
27314,2-2777
27315,2-4084
27316,8-8132
27317,2-2413
27318,2-9234
27319,7-5081
27320,7-0934
27321,5-2253
27322,7-3795
27323,5-4378
27324,4-5524
27325,7-6929
27326,7-1235
27327,1-9531
27328,6-7712
27329,1-8744
27330,8-6359
27331,2-3176
27332,6-1198
27333,4-8584
27334,8-4508
27335,6-1234
27336,8-1398
27337,7-0118
27338,2-4126
27339,1-1845
27340,4-1063
27341,4-9452
27342,5-0446
27343,2-7206
27344,3-5908
27345,3-4221
27346,3-3261
27347,3-8978
27348,2-6817
27349,8-0747
27350,1-5941
27351,7-9092
27352,7-7124
27353,7-0143
27354,8-1587
27355,2-5121
27356,1-9239
27357,5-4226
27358,8-6147
27359,6-5482
27360,5-9501
27361,8-7398
27362,2-1656
27363,1-9124
27364,2-2322
27365,2-7640
27366,8-5852
27367,7-2577
27368,4-7539
27369,6-1965
27370,7-2728
27371,5-0670
27372,7-2151
27373,7-0538
27374,1-6858
27375,5-6593
27376,6-7818
27377,1-1163
27378,3-8409
27379,5-8747
27380,4-3211
27381,2-8937
27382,2-5170
27383,4-4804
27384,1-5137
27385,3-1032
27386,1-3958
27387,3-2218
27388,2-0885
27389,3-8021
27390,7-8229
27391,7-3279
27392,7-8599
27393,1-1497
27394,6-1006
27395,8-0494
27396,4-0751
27397,4-5627
27398,2-2436
27399,5-8580
27400,2-4934
27401,1-6163
27402,4-3813
27403,5-0438
27404,4-7151
27405,4-4500
27406,4-7592
27407,7-6435
27408,8-6160
27409,7-6865
27410,2-1924
27411,7-9636
27412,3-8489
27413,4-3814
27414,7-2803
27415,4-8637
27416,2-4968
27417,3-2528
27418,4-4412
27419,8-6902
27420,4-3753
27421,5-3677
27422,7-2676
27423,8-7067
27424,8-5766
27425,8-4995
27426,1-2194
27427,1-2020
27428,2-4951
27429,3-2511
27430,7-3618
27431,5-3477
27432,2-4659
27433,7-9933
27434,6-4394
27435,7-5527
27436,1-0164
27437,2-1807
27438,8-2010
27439,3-5231
27440,8-1209
27441,1-7412
27442,2-6536
27443,4-8733
27444,5-2242
27445,7-9635
27446,2-2120
27447,2-8765
27448,3-1221
27449,5-3574
27450,4-6190
27451,2-8087
27452,2-8811
27453,3-0999
27454,3-0063
27455,3-9413
27456,1-8367
27457,2-2901
27458,6-9809
27459,5-7620
27460,1-2987
27461,8-6541
27462,3-2351
27463,6-5783
27464,8-6495
27465,7-3738
27466,2-8727
27467,2-0587
27468,6-6289
27469,2-8496
27470,1-3995
27471,5-1661
27472,3-2828
27473,5-8366
27474,4-3884
27475,6-3585
27476,7-2692
27477,1-7746
27478,2-5765
27479,3-2338
27480,5-6901
27481,8-3006
27482,5-7960
27483,8-4632
27484,4-9415
27485,2-0992
27486,1-4686
27487,3-1653
27488,3-1100
27489,5-0106
27490,8-8765
27491,2-4845
27492,6-0628
27493,6-5506
27494,7-1038
27495,1-6516
27496,4-5885
27497,2-9328
27498,5-9745
27499,7-6948
27500,2-4225
27501,5-6833
27502,8-1347
27503,5-3374
27504,7-3012
27505,7-3697
27506,4-0329
27507,4-4274
27508,5-4414
27509,2-5322
27510,7-0343
27511,4-2065
27512,1-6229
27513,7-9585
27514,2-6652
27515,8-8349
27516,6-4220
27517,1-6667
27518,1-0740
27519,8-8613
27520,3-0867
27521,3-3334
27522,7-0840
27523,6-7849
27524,1-5908
27525,1-8767
27526,2-4340
27527,7-0660
27528,7-0335
27529,1-8129
27530,7-9105
27531,5-5036
27532,2-8908
27533,5-4381
27534,6-3540
27535,4-0614
27536,1-9967
27537,4-3027
27538,4-7846
27539,5-0679
27540,4-2145
27541,3-5573
27542,4-2580
27543,2-2113
27544,2-8850
27545,1-9672
27546,5-1693
27547,1-1715
27548,5-2468
27549,6-5174
27550,2-2773
27551,3-3494
27552,7-2671
27553,5-4967
27554,4-4025
27555,1-6419
27556,7-4121
27557,6-1476
27558,7-2210
27559,6-4276
27560,5-6828
27561,4-8131
27562,3-9087
27563,4-0256
27564,8-7571
27565,4-9941
27566,8-8791
27567,4-5694
27568,8-0871
27569,4-3268
27570,2-9963
27571,6-7001
27572,4-2150
27573,2-3205
27574,7-0192
27575,6-3070
27576,1-8573
27577,3-6870
27578,8-7964
27579,3-3395
27580,5-2352
27581,7-0812
27582,4-9864
27583,1-4988
27584,7-1122
27585,3-1529
27586,8-0232
27587,2-7456
27588,3-7362
27589,1-3810
27590,4-6238
27591,1-6027
27592,3-9806
27593,1-4398
27594,8-5951
27595,3-9006
27596,5-4644
27597,5-4654
27598,1-5742
27599,5-9485
27600,6-5701
27601,6-1107
27602,2-1938
27603,4-6646
27604,3-3392
27605,3-7447
27606,5-8564
27607,8-1046
27608,4-9977
27609,7-1620
27610,5-8905
27611,1-8099
27612,7-9940
27613,8-6725
27614,2-2345
27615,1-0795
27616,1-2638
27617,4-1249
27618,5-5000
27619,3-8785
27620,7-8965
27621,3-7679
27622,8-4693
27623,6-6973
27624,1-6284
27625,1-1333
27626,4-9987
27627,1-4955
27628,2-0202
27629,7-2644
27630,4-4741
27631,4-8846
27632,6-2948
27633,2-5628
27634,2-7619
27635,7-8453
27636,6-5216
27637,1-7426
27638,8-5090
27639,4-3031
27640,2-2503
27641,7-9147
27642,5-8528
27643,2-9790
27644,4-3353
27645,6-5867
27646,2-4865
27647,7-5124
27648,4-9502
27649,6-3450
27650,2-3144
27651,4-8700
27652,4-7815
27653,6-6216
27654,6-0127
27655,6-0717
27656,8-0773
27657,7-3381
27658,7-3047
27659,1-3629
27660,3-2918
27661,4-1699
27662,4-5482
27663,2-8547
27664,7-3548
27665,5-4860
27666,6-5684
27667,4-3318
27668,8-5389
27669,2-6995
27670,3-0072
27671,7-6936
27672,7-9865
27673,1-5431
27674,2-3051
27675,5-3149
27676,1-3742
27677,7-2462
27678,7-4614
27679,7-7390
27680,3-6224
27681,5-8218
27682,8-3470
27683,7-0983
27684,8-8616
27685,1-8981
27686,7-1455
27687,5-9721
27688,8-5099
27689,3-4767
27690,3-2622
27691,2-6796
27692,5-0599
27693,2-7752
27694,3-1770
27695,2-3710
27696,3-3909
27697,3-5462
27698,8-1428
27699,1-0829
27700,8-6386
27701,5-5422
27702,7-3020
27703,1-8609
27704,1-9667
27705,1-1313
27706,6-7704
27707,8-0544
27708,5-8765
27709,3-3473
27710,4-5107
27711,1-4596
27712,3-8624
27713,2-0190
27714,3-3875
27715,4-5157
27716,5-1463
27717,8-9327
27718,1-0872
27719,7-6314
27720,5-7995
27721,7-2305
27722,4-7541
27723,2-2231
27724,1-7457
27725,1-8785
27726,4-6235
27727,6-5049
27728,8-7207
27729,8-0353
27730,1-5373
27731,3-2288
27732,4-3475
27733,6-8046
27734,1-1843
27735,5-2451
27736,3-8790
27737,5-9909
27738,6-7710
27739,4-8276
27740,4-9749
27741,6-9543
27742,4-4079
27743,1-8074
27744,8-7673
27745,3-1914
27746,4-6718
27747,1-2812
27748,3-3931
27749,8-2738
27750,5-9088
27751,7-4516
27752,7-5768
27753,3-2541
27754,5-0242
27755,2-4634
27756,1-7096
27757,6-1222
27758,5-7831
27759,5-7816
27760,1-5198
27761,4-7840
27762,1-8000
27763,8-5195
27764,4-2782
27765,8-1288
27766,1-1292
27767,1-4543
27768,2-0648
27769,8-2941
27770,7-7083
27771,7-3709
27772,1-1868
27773,3-9259
27774,2-8467
27775,4-8052
27776,7-8932
27777,8-5327
27778,5-9559
27779,6-5657
27780,3-8466
27781,1-7355
27782,7-7057
27783,6-3440
27784,3-8150
27785,4-3743
27786,3-0172
27787,6-9224
27788,4-6545
27789,4-3639
27790,8-9175
27791,8-6052
27792,3-7582
27793,1-9888
27794,8-0275
27795,6-1415
27796,3-9843
27797,3-5166
27798,1-7612
27799,5-8734
27800,6-1954
27801,8-5305
27802,5-2823
27803,5-0911
27804,6-4527
27805,3-9224
27806,3-9452
27807,8-5093
27808,4-8852
27809,1-3336
27810,5-7904
27811,7-9055
27812,1-6705
27813,2-1148
27814,1-9710
27815,6-4429
27816,1-1061
27817,5-4419
27818,3-0962
27819,4-8413
27820,5-2027
27821,8-8069
27822,2-7910
27823,6-8853
27824,2-2275
27825,5-2329
27826,4-9600
27827,4-9440
27828,4-5815
27829,8-0855
27830,4-1014
27831,4-9493
27832,2-9103
27833,6-9583
27834,8-3534
27835,6-5821
27836,3-9143
27837,3-0819
27838,4-8387
27839,8-6846
27840,5-2710
27841,8-9924
27842,3-4897
27843,6-4509
27844,1-3265
27845,7-3916
27846,4-9211
27847,4-6112
27848,3-1288
27849,1-1447
27850,6-3005
27851,6-9349
27852,6-0334
27853,3-8109
27854,3-8304
27855,7-8684
27856,6-3307
27857,3-9321
27858,6-9502
27859,6-5361
27860,3-1322
27861,4-8721
27862,6-3142
27863,6-7101
27864,2-2040
27865,2-9737
27866,4-8629
27867,3-8350
27868,4-2242
27869,6-0315
27870,6-5119
27871,4-8363
27872,6-5878
27873,5-1362
27874,1-8898
27875,7-0902
27876,6-8122
27877,6-4791
27878,8-3021
27879,6-0800
27880,7-4604
27881,7-0874
27882,2-8867
27883,1-7511
27884,2-8546
27885,2-4697
27886,3-4920
27887,4-4376
27888,7-0309
27889,7-5665
27890,3-1423
27891,7-6733
27892,3-6250
27893,3-3343
27894,2-0746
27895,1-5871
27896,8-5853
27897,5-0508
27898,1-3454
27899,7-0402
27900,7-3353
27901,2-4296
27902,6-1885
27903,8-3877
27904,1-9037
27905,2-3390
27906,3-8966
27907,7-0097
27908,1-4887
27909,1-1950
27910,1-8288
27911,4-5532
27912,1-2705
27913,6-5893
27914,1-1054
27915,2-9498
27916,3-7867
27917,6-0047
27918,1-9631
27919,8-9068
27920,3-2980
27921,7-5120
27922,6-0712
27923,1-9968
27924,6-8370
27925,8-2476
27926,6-0927
27927,6-7687
27928,5-4725
27929,1-9125
27930,8-0131
27931,8-3419
27932,1-6051
27933,2-8499
27934,8-7641
27935,6-2536
27936,1-8391
27937,6-8889
27938,6-5801
27939,1-4564
27940,2-7483
27941,6-2378
27942,3-6745
27943,6-1404
27944,7-8272
27945,5-9650
27946,1-8383
27947,6-2021
27948,8-3558
27949,1-9599
27950,1-2800
27951,4-3545
27952,2-9794
27953,2-2170
27954,1-9010
27955,6-5149
27956,6-2610
27957,4-8814
27958,6-3116
27959,7-0744
27960,8-9567
27961,4-1652
27962,7-6459
27963,2-6384
27964,5-9141
27965,6-7477
27966,5-1034
27967,3-2665
27968,8-3763
27969,2-2629
27970,4-3068
27971,6-6163
27972,3-8321
27973,1-1495
27974,5-2572
27975,2-1666
27976,4-2763
27977,7-8315
27978,2-1950
27979,6-7916
27980,8-6280
27981,4-8338
27982,8-1885
27983,1-2493
27984,1-4762
27985,4-8992
27986,2-4476
27987,3-9272
27988,3-9964
27989,6-8944
27990,1-6645
27991,4-0641
27992,8-6569
27993,8-4944
27994,6-0083
27995,3-0693
27996,3-6314
27997,6-0012
27998,2-2298
27999,8-6241
28000,6-4927
28001,7-4087
28002,8-7585
28003,5-9842
28004,7-6460
28005,3-4948
28006,3-3324
28007,2-7459
28008,6-3024
28009,7-5194
28010,8-2151
28011,6-3594
28012,8-3758
28013,7-1323
28014,1-2863
28015,8-4889
28016,5-8741
28017,1-5380
28018,5-3056
28019,8-9594
28020,3-9796
28021,2-8034
28022,3-2746
28023,8-0952
28024,8-9269
28025,7-4530
28026,7-7637
28027,3-7361
28028,4-4955
28029,1-8718
28030,3-5002
28031,6-6995
28032,5-4650
28033,4-3911
28034,3-0436
28035,6-8470
28036,2-6878
28037,7-1039
28038,2-1795
28039,6-2218
28040,3-0451
28041,7-4674
28042,1-2167
28043,5-5237
28044,3-2823
28045,1-1770
28046,3-4364
28047,4-3239
28048,2-0530
28049,2-3954
28050,6-1698
28051,8-2866
28052,4-7447
28053,2-7834
28054,1-0788
28055,2-0038
28056,2-5934
28057,6-8833
28058,6-6193
28059,3-0187
28060,8-4332
28061,7-8217
28062,6-0603
28063,2-6551
28064,5-7719
28065,7-4714
28066,1-9833
28067,5-7848
28068,6-7196
28069,7-7404
28070,1-9563
28071,2-8542
28072,4-8103
28073,2-8113
28074,7-2143
28075,5-8181
28076,4-8599
28077,3-5642
28078,1-6806
28079,2-1954
28080,3-5850
28081,5-3458
28082,5-5809
28083,3-1448
28084,1-2738
28085,3-5415
28086,7-6239
28087,6-2664
28088,6-9419
28089,1-2224
28090,8-0047
28091,8-1628
28092,8-1430
28093,7-2732
28094,3-9886
28095,7-4142
28096,1-8025
28097,8-0684
28098,1-1522
28099,7-8988
28100,7-4150
28101,3-6797
28102,1-4957
28103,4-2109
28104,3-8531
28105,8-1122
28106,3-4259
28107,6-1154
28108,2-0279
28109,6-9573
28110,4-1926
28111,5-0114
28112,2-3877
28113,5-1604
28114,7-1146
28115,2-3759
28116,5-8274
28117,8-3871
28118,1-4137
28119,8-7770
28120,4-0243
28121,7-5376
28122,3-7264
28123,7-7329
28124,2-8137
28125,5-3648
28126,3-2810
28127,2-3522
28128,1-0382
28129,2-4645
28130,5-6825
28131,4-3661
28132,2-5300
28133,4-6053
28134,2-2069
28135,2-7243
28136,4-9213
28137,7-6972
28138,5-8248
28139,4-2014
28140,7-5505
28141,4-7003
28142,3-9620
28143,4-9620
28144,4-4976
28145,8-7577
28146,3-5028
28147,4-7138
28148,1-9277
28149,8-6805
28150,8-2776
28151,4-6833
28152,1-9589
28153,1-5378
28154,5-5736
28155,7-6298
28156,5-0624
28157,6-1842
28158,6-7077
28159,8-2970
28160,5-3563
28161,1-2679
28162,4-7649
28163,8-2402
28164,7-2622
28165,3-6903
28166,1-2900
28167,5-1751
28168,6-0447
28169,3-3021
28170,6-0826
28171,7-8878
28172,8-5528
28173,1-8040
28174,8-2318
28175,8-3928
28176,2-6583
28177,3-2761
28178,4-4934
28179,8-4486
28180,6-0793
28181,7-7692
28182,2-3715
28183,2-6973
28184,5-3690
28185,8-1710
28186,1-3241
28187,4-6150
28188,6-5316
28189,8-8664
28190,7-6332
28191,7-9863
28192,3-7417
28193,3-6236
28194,2-8339
28195,1-4595
28196,4-1979
28197,2-8963
28198,6-7772
28199,8-2607
28200,8-6154
28201,8-0421
28202,2-6350
28203,8-2031
28204,6-1012
28205,3-0988
28206,2-7413
28207,1-4744
28208,1-1937
28209,6-2096
28210,2-0889
28211,8-6439
28212,2-8123
28213,4-1364
28214,4-5864
28215,2-6026
28216,1-6333
28217,2-6941
28218,5-2116
28219,2-1892
28220,4-3849
28221,3-5798
28222,2-7977
28223,1-3813
28224,8-6145
28225,7-8160
28226,7-6077
28227,4-0265
28228,6-1846
28229,3-9846
28230,2-4336
28231,3-7126
28232,7-8363
28233,3-0186
28234,4-1514
28235,1-9984
28236,2-1039
28237,3-3415
28238,1-2892
28239,7-7691
28240,5-9799
28241,5-4648
28242,8-8453
28243,4-5364
28244,4-4265
28245,2-6240
28246,3-9123
28247,3-0099
28248,6-2491
28249,6-2456
28250,8-5251
28251,8-9703
28252,2-5293
28253,8-1273
28254,5-6122
28255,1-4462
28256,4-3482
28257,1-2754
28258,5-4459
28259,2-1919
28260,5-1689
28261,7-1641
28262,2-2227
28263,5-1466
28264,6-6875
28265,6-0129
28266,8-6316
28267,8-4930
28268,1-7642
28269,4-9803
28270,7-3109
28271,4-4999
28272,1-0080
28273,6-0685
28274,7-8459
28275,2-0294
28276,4-1779
28277,4-0828
28278,8-7064
28279,5-4252
28280,4-9741
28281,2-9148
28282,8-3927
28283,5-3309
28284,6-6642
28285,7-4041
28286,7-0160
28287,6-1664
28288,8-6185
28289,4-3155
28290,6-4534
28291,7-9345
28292,4-8982
28293,7-9408
28294,5-7855
28295,5-7547
28296,4-9153
28297,5-1961
28298,8-0091
28299,2-6293
28300,5-2380
28301,6-6631
28302,8-2677
28303,7-6318
28304,8-0011
28305,8-6314
28306,3-0911
28307,5-5837
28308,2-6665
28309,5-1744
28310,7-7792
28311,4-2641
28312,6-7768
28313,2-9703
28314,8-5486
28315,5-5740
28316,2-2740
28317,8-7501
28318,7-4074
28319,6-4371
28320,7-8262
28321,4-2704
28322,5-9091
28323,2-5598
28324,6-0836
28325,5-9282
28326,8-9044
28327,1-6508
28328,2-8460
28329,6-9277
28330,7-2191
28331,3-7372
28332,1-1410
28333,6-5590
28334,1-1541
28335,3-3361
28336,6-5959
28337,4-0029
28338,2-6334
28339,7-9962
28340,7-1114
28341,6-1543
28342,8-5164
28343,2-2687
28344,8-3878
28345,3-7984
28346,1-8979
28347,6-6157
28348,4-0680
28349,5-1100
28350,7-3756
28351,2-5549
28352,2-5173
28353,5-8985
28354,3-5883
28355,4-4796
28356,8-7979
28357,7-2356
28358,2-8322
28359,3-0098
28360,4-2544
28361,4-5800
28362,4-1229
28363,3-7522
28364,6-5323
28365,3-1443
28366,7-0029
28367,2-6744
28368,1-1649
28369,3-7239
28370,4-0343
28371,3-8642
28372,5-6594
28373,6-0697
28374,1-4644
28375,1-9051
28376,7-3668
28377,6-5081
28378,6-7559
28379,7-4124
28380,1-5004
28381,4-9166
28382,8-1479
28383,4-6792
28384,2-0477
28385,2-8417
28386,1-1837
28387,2-2631
28388,5-7836
28389,3-8081
28390,6-6292
28391,8-9970
28392,5-8816
28393,8-9759
28394,2-2543
28395,5-3791
28396,3-0194
28397,8-1325
28398,3-1691
28399,5-5672
28400,7-0788
28401,6-3333
28402,1-3676
28403,7-0964
28404,8-7559
28405,1-8303
28406,8-6377
28407,2-5231
28408,7-7431
28409,8-8975
28410,5-2016
28411,2-5391
28412,7-4448
28413,1-7395
28414,6-3183
28415,1-0844
28416,7-6358
28417,7-8845
28418,5-2789
28419,1-0621
28420,3-1643
28421,4-0818
28422,3-9314
28423,3-5955
28424,7-7463
28425,7-4637
28426,3-7178
28427,5-2338
28428,7-0174
28429,3-6347
28430,8-4098
28431,4-9633
28432,7-7940
28433,7-6219
28434,6-5160
28435,7-0701
28436,1-6528
28437,8-6022
28438,2-6155
28439,6-3867
28440,5-3437
28441,3-3081
28442,2-2460
28443,8-9580
28444,4-8362
28445,7-0238
28446,1-1961
28447,4-8699
28448,5-4119
28449,7-2969
28450,2-8083
28451,6-9717
28452,8-0961
28453,5-9486
28454,2-2520
28455,3-1966
28456,8-6758
28457,8-2754
28458,1-4453
28459,6-3549
28460,3-4714
28461,4-9585
28462,5-6111
28463,1-0825
28464,8-5512
28465,4-0407
28466,6-6521
28467,8-7456
28468,4-5604
28469,2-1550
28470,3-9634
28471,5-4509
28472,5-0144
28473,1-3022
28474,3-6844
28475,8-8468
28476,4-2373
28477,6-2726
28478,6-1924
28479,3-3848
28480,8-9230
28481,6-8582
28482,1-5485
28483,4-1089
28484,5-7047
28485,4-6630
28486,6-8125
28487,3-3491
28488,5-7396
28489,4-0530
28490,4-9386
28491,3-4352
28492,6-7144
28493,7-1007
28494,3-8361
28495,2-5101
28496,7-1588
28497,8-2250
28498,6-7543
28499,1-4483
28500,4-5934
28501,1-2984
28502,2-9872
28503,6-2622
28504,4-5490
28505,2-8131
28506,2-2416
28507,2-9124
28508,3-7482
28509,6-7973
28510,3-7623
28511,8-3363
28512,6-1915
28513,5-6964
28514,4-3643
28515,1-1017
28516,7-1950
28517,2-4808
28518,4-1947
28519,5-1984
28520,8-7976
28521,2-4622
28522,5-0950
28523,4-0113
28524,6-6691
28525,1-7837
28526,6-8774
28527,6-3568
28528,2-8930
28529,2-2743
28530,7-0849
28531,6-5500
28532,4-8844
28533,8-7987
28534,1-0035
28535,3-6705
28536,6-7977
28537,6-3502
28538,4-4224
28539,4-4253
28540,2-0777
28541,5-1556
28542,5-7181
28543,7-3175
28544,1-6047
28545,3-3953
28546,4-3820
28547,3-6950
28548,4-2130
28549,6-0342
28550,2-4837
28551,6-1535
28552,8-4139
28553,8-3053
28554,8-9680
28555,3-0868
28556,6-3681
28557,8-6633
28558,1-1858
28559,2-8606
28560,2-9563
28561,5-9239
28562,6-9890
28563,7-6440
28564,8-6258
28565,1-3260
28566,7-4582
28567,1-9579
28568,6-0366
28569,8-3900
28570,6-4283
28571,6-5946
28572,6-9954
28573,1-9186
28574,3-9293
28575,7-8922
28576,8-0958
28577,2-4274
28578,8-6572
28579,4-8125
28580,2-7248
28581,1-6661
28582,1-9454
28583,1-0270
28584,1-1071
28585,4-0531
28586,7-1920
28587,5-6097
28588,8-9874
28589,5-3174
28590,5-6806
28591,4-4940
28592,1-4511
28593,7-5350
28594,2-2463
28595,3-5387
28596,7-1036
28597,1-2527
28598,5-8179
28599,5-6785
28600,6-3346
28601,3-4024
28602,2-1318
28603,4-6651
28604,8-7469
28605,6-9000
28606,4-5165
28607,4-6529
28608,2-3058
28609,7-8764
28610,3-5547
28611,1-4446
28612,3-1599
28613,1-5266
28614,8-2464
28615,3-5710
28616,4-6144
28617,1-1113
28618,1-5529
28619,3-8988
28620,1-1063
28621,7-1112
28622,2-3705
28623,5-8613
28624,5-8125
28625,6-8934
28626,7-5549
28627,8-7521
28628,5-4946
28629,8-8822
28630,5-4935
28631,7-6655
28632,1-4733
28633,3-3506
28634,6-3338
28635,6-4196
28636,7-3616
28637,8-8311
28638,1-8111
28639,4-8758
28640,2-5837
28641,6-6543
28642,1-3228
28643,1-4012
28644,6-5104
28645,4-8491
28646,3-2193
28647,4-2860
28648,2-9168
28649,7-1695
28650,7-3041
28651,6-1693
28652,8-9015
28653,6-5359
28654,3-7411
28655,2-2834
28656,4-2581
28657,4-1008
28658,5-4586
28659,3-8880
28660,5-0295
28661,6-3214
28662,1-0594
28663,7-3188
28664,3-8189
28665,3-4721
28666,2-6369
28667,6-4875
28668,3-5349
28669,5-6943
28670,4-8775
28671,5-1789
28672,7-5979
28673,3-8107
28674,2-8919
28675,5-3173
28676,6-4916
28677,6-7538
28678,1-4079
28679,2-4606
28680,5-6443
28681,5-4131
28682,4-9011
28683,8-7539
28684,3-8882
28685,3-0673
28686,1-3562
28687,4-7957
28688,5-2211
28689,4-5326
28690,6-7247
28691,1-3539
28692,3-3535
28693,7-0648
28694,8-1707
28695,5-8941
28696,1-2604
28697,6-4459
28698,7-5183
28699,1-5340
28700,8-4600
28701,1-2993
28702,6-8813
28703,8-2413
28704,4-3063
28705,1-1272
28706,6-2089
28707,6-5351
28708,8-5647
28709,8-5649
28710,3-4941
28711,5-8433
28712,1-4451
28713,7-8572
28714,5-6516
28715,3-4096
28716,7-0949
28717,2-6131
28718,4-8739
28719,3-7159
28720,8-1714
28721,8-6630
28722,6-1696
28723,1-2097
28724,2-4604
28725,6-2398
28726,7-8682
28727,6-9382
28728,4-9137
28729,3-8111
28730,7-4866
28731,6-5480
28732,8-5302
28733,6-0475
28734,5-7570
28735,3-6667
28736,8-9725
28737,1-6570
28738,8-2156
28739,6-6003
28740,1-5558
28741,8-1245
28742,1-9520
28743,3-6564
28744,8-0848
28745,2-6328
28746,1-4781
28747,8-5726
28748,3-0631
28749,3-9901
28750,3-7658
28751,7-0211
28752,4-6708
28753,7-5921
28754,4-8127
28755,6-6784
28756,4-3551
28757,4-1454
28758,6-0202
28759,5-2508
28760,5-4966
28761,5-1194
28762,4-1703
28763,3-8891
28764,6-4019
28765,8-7640
28766,4-3936
28767,1-0027
28768,6-1887
28769,4-8475
28770,1-4752
28771,3-5277
28772,1-8515
28773,3-3566
28774,5-7068
28775,4-8885
28776,5-3027
28777,5-7213
28778,1-0896
28779,7-8871
28780,4-9758
28781,1-1100
28782,2-1598
28783,3-8817
28784,4-1274
28785,5-3837
28786,5-5744
28787,6-0173
28788,3-8683
28789,1-4910
28790,4-2648
28791,1-7061
28792,4-6459
28793,1-1053
28794,1-2204
28795,6-5076
28796,7-4575
28797,6-3092
28798,4-5787
28799,2-5743
28800,7-5714
28801,8-1110
28802,5-7013
28803,1-5242
28804,2-7838
28805,6-9368
28806,7-8909
28807,3-9037
28808,5-7607
28809,5-4987
28810,5-1731
28811,3-3460
28812,8-1582
28813,6-3301
28814,7-1529
28815,7-5046
28816,3-9118
28817,7-0824
28818,3-0013
28819,4-7436
28820,1-9737
28821,2-5472
28822,7-8443
28823,1-1808
28824,8-8611
28825,3-9550
28826,3-4762
28827,2-4551
28828,3-6647
28829,7-9457
28830,3-1988
28831,6-1072
28832,8-7113
28833,6-0945
28834,4-1331
28835,6-8318
28836,4-5701
28837,2-9192
28838,2-4163
28839,4-3399
28840,5-7287
28841,1-9326
28842,2-3819
28843,2-5172
28844,6-8760
28845,5-4807
28846,2-5959
28847,7-8348
28848,5-1278
28849,4-7825
28850,3-0294
28851,5-8431
28852,3-9313
28853,8-1789
28854,8-7791
28855,7-1637
28856,3-4070
28857,6-8905
28858,7-7508
28859,5-9350
28860,1-1696
28861,3-5427
28862,4-6655
28863,8-5176
28864,5-5189
28865,3-9621
28866,4-1316
28867,2-8101
28868,7-8879
28869,4-3765
28870,3-6614
28871,1-5506
28872,1-2337
28873,4-7495
28874,4-3590
28875,8-5354
28876,3-4162
28877,4-8158
28878,7-5831
28879,8-2337
28880,3-9467
28881,8-4582
28882,6-0519
28883,8-2262
28884,1-2797
28885,1-7721
28886,5-2894
28887,4-0885
28888,5-3824
28889,7-6746
28890,8-9545
28891,4-7073
28892,2-6370
28893,6-1078
28894,5-1306
28895,1-3977
28896,8-7262
28897,3-7227
28898,5-6048
28899,2-8169
28900,8-7750
28901,8-0680
28902,7-0493
28903,5-0510
28904,8-5268
28905,1-8404
28906,3-5886
28907,2-1052
28908,6-0794
28909,5-7224
28910,7-4682
28911,6-6146
28912,7-4449
28913,8-4858
28914,7-8540
28915,2-6810
28916,2-5708
28917,5-5557
28918,2-5484
28919,8-7674
28920,5-7937
28921,5-1589
28922,5-3860
28923,7-8829
28924,6-0183
28925,6-9638
28926,3-4443
28927,6-0853
28928,3-8197
28929,3-9515
28930,1-9175
28931,4-4276
28932,1-5290
28933,4-6025
28934,1-8302
28935,6-4601
28936,4-8930
28937,8-5014
28938,8-6763
28939,1-5001
28940,5-6146
28941,5-0230
28942,7-1940
28943,8-0413
28944,5-1647
28945,3-2990
28946,8-1621
28947,5-1724
28948,5-8789
28949,5-5936
28950,8-3130
28951,2-6558
28952,1-1252
28953,4-1982
28954,2-2421
28955,8-6336
28956,2-4785
28957,3-8095
28958,4-0255
28959,4-2403
28960,5-6745
28961,8-8168
28962,2-5929
28963,5-9660
28964,3-0980
28965,7-6320
28966,1-4689
28967,2-4618
28968,8-3598
28969,4-2063
28970,1-3575
28971,7-1213
28972,1-4721
28973,3-1429
28974,2-8029
28975,6-8711
28976,1-4732
28977,2-1727
28978,6-2217
28979,6-9682
28980,1-5508
28981,2-4862
28982,1-3355
28983,1-8567
28984,5-5346
28985,8-0592
28986,7-6089
28987,8-1451
28988,4-6249
28989,2-5684
28990,2-7318
28991,7-1468
28992,2-4552
28993,7-0114
28994,8-7191
28995,8-0374
28996,2-0245
28997,5-6285
28998,2-4861
28999,2-0524
29000,6-4001
29001,1-6260
29002,8-4478
29003,3-5326
29004,2-6203
29005,5-7702
29006,4-3347
29007,7-9024
29008,5-9311
29009,2-5816
29010,4-1221
29011,1-6766
29012,1-9728
29013,2-0944
29014,6-0224
29015,2-9184
29016,3-5721
29017,7-6923
29018,8-0775
29019,3-3602
29020,1-8231
29021,5-0521
29022,4-6722
29023,5-4474
29024,5-9514
29025,3-9423
29026,2-1882
29027,7-6299
29028,2-0878
29029,7-9745
29030,2-3425
29031,2-1618
29032,5-2048
29033,1-6311
29034,2-5119
29035,1-1187
29036,6-2951
29037,2-0510
29038,6-3115
29039,7-6901
29040,3-1958
29041,1-2678
29042,4-3978
29043,1-9205
29044,5-9403
29045,5-1747
29046,6-9020
29047,5-3373
29048,6-2959
29049,2-0994
29050,6-6859
29051,2-1612
29052,3-3458
29053,4-1051
29054,7-8987
29055,8-5877
29056,5-0835
29057,2-4263
29058,6-5066
29059,3-6602
29060,2-4188
29061,8-9972
29062,1-8305
29063,6-9369
29064,8-9559
29065,7-1358
29066,7-1801
29067,8-2139
29068,1-9641
29069,2-5726
29070,5-7723
29071,7-7465
29072,2-7946
29073,1-0877
29074,4-6318
29075,2-3763
29076,7-7495
29077,2-0593
29078,7-3169
29079,6-1165
29080,5-9886
29081,6-1527
29082,5-4722
29083,5-7022
29084,5-2023
29085,7-9638
29086,1-6527
29087,3-1167
29088,8-0725
29089,7-4584
29090,3-7963
29091,7-9422
29092,8-1132
29093,5-4766
29094,2-6078
29095,3-7787
29096,4-3907
29097,2-4619
29098,8-9391
29099,7-9627
29100,4-5638
29101,8-3944
29102,1-6697
29103,2-5936
29104,8-2193
29105,1-3375
29106,2-7336
29107,8-6067
29108,4-5132
29109,2-3707
29110,3-0934
29111,3-9642
29112,3-6220
29113,4-0011
29114,1-9070
29115,5-5935
29116,6-1884
29117,4-0321
29118,8-2003
29119,6-5290
29120,1-4488
29121,3-6174
29122,8-1954
29123,8-0059
29124,7-6064
29125,3-4215
29126,4-5404
29127,4-0730
29128,3-3703
29129,7-0795
29130,7-6859
29131,2-1086
29132,6-3460
29133,1-5129
29134,5-4437
29135,6-8306
29136,2-4345
29137,7-4370
29138,8-3742
29139,6-9813
29140,2-4731
29141,2-6456
29142,7-2032
29143,3-9330
29144,1-4489
29145,2-9843
29146,3-0419
29147,6-0517
29148,4-7900
29149,8-4628
29150,7-7129
29151,5-0306
29152,2-5356
29153,4-9801
29154,1-4949
29155,3-5343
29156,4-0524
29157,6-5074
29158,2-3717
29159,6-6223
29160,1-4696
29161,2-9903
29162,8-0541
29163,3-1478
29164,1-6782
29165,5-0787
29166,3-5668
29167,7-1311
29168,7-0481
29169,8-1506
29170,2-2556
29171,4-7995
29172,3-9548
29173,3-6484
29174,7-5050
29175,3-4601
29176,5-4318
29177,7-3745
29178,7-5771
29179,3-7351
29180,2-5045
29181,8-5964
29182,4-8179
29183,8-9992
29184,6-0368
29185,2-2022
29186,3-8834
29187,4-2892
29188,5-1584
29189,4-6906
29190,1-0755
29191,1-9614
29192,2-6680
29193,4-7842
29194,5-1803
29195,8-6960
29196,7-1934
29197,4-0652
29198,2-4323
29199,6-6407
29200,6-9872
29201,8-6494
29202,2-3293
29203,7-3767
29204,7-2168
29205,7-4242
29206,1-0531
29207,5-2698
29208,5-8340
29209,6-2633
29210,5-0365
29211,4-2252
29212,4-0606
29213,5-8420
29214,5-6083
29215,4-7508
29216,1-2293
29217,5-6079
29218,7-1033
29219,8-6908
29220,1-9632
29221,4-6056
29222,5-0940
29223,1-1041
29224,6-3632
29225,6-3000
29226,6-7472
29227,5-0694
29228,1-5278
29229,1-6918
29230,1-4393
29231,8-3138
29232,4-3608
29233,7-9378
29234,1-7806
29235,4-8861
29236,5-6751
29237,2-9493
29238,6-5433
29239,8-6367
29240,7-4295
29241,5-2529
29242,4-9070
29243,8-7602
29244,7-2128
29245,8-4369
29246,6-3812
29247,2-2232
29248,4-8141
29249,8-5577
29250,4-7530
29251,5-1138
29252,4-3972
29253,5-9861
29254,2-2532
29255,2-7292
29256,6-2504
29257,8-1212
29258,2-9515
29259,4-5901
29260,8-1688
29261,7-5255
29262,2-1748
29263,2-8263
29264,3-5163
29265,5-9663
29266,2-5998
29267,1-2106
29268,5-1416
29269,3-1013
29270,7-0286
29271,3-5176
29272,2-1600
29273,7-3772
29274,5-7004
29275,8-6505
29276,8-7417
29277,2-4132
29278,5-0260
29279,6-6708
29280,5-1668
29281,2-6326
29282,4-6142
29283,4-5841
29284,5-8485
29285,1-8045
29286,8-5712
29287,1-7074
29288,4-5401
29289,2-4736
29290,7-7720
29291,1-5862
29292,5-9883
29293,6-6940
29294,2-4930
29295,7-7751
29296,5-1149
29297,4-5209
29298,4-2322
29299,1-8505
29300,5-8428
29301,4-5762
29302,4-9315
29303,4-6541
29304,7-1076
29305,2-1286
29306,7-0374
29307,5-4210
29308,8-1545
29309,8-1938
29310,7-6666
29311,3-1717
29312,8-8432
29313,1-0287
29314,5-4362
29315,3-2595
29316,4-2947
29317,1-1147
29318,6-1376
29319,4-4700
29320,3-8482
29321,7-6245
29322,8-7225
29323,5-1533
29324,4-3794
29325,5-9387
29326,4-4957
29327,3-7527
29328,3-8774
29329,6-7461
29330,7-6169
29331,8-2198
29332,4-4255
29333,4-4834
29334,7-2181
29335,5-0167
29336,2-3851
29337,6-8954
29338,1-4770
29339,2-8422
29340,5-9595
29341,7-0644
29342,1-5077
29343,8-0788
29344,4-1882
29345,6-0944
29346,7-4351
29347,2-8249
29348,5-3019
29349,1-8881
29350,5-5451
29351,1-0624
29352,2-3462
29353,3-6893
29354,3-4278
29355,7-7229
29356,7-6271
29357,6-4147
29358,1-9188
29359,5-2118
29360,2-5802
29361,5-7138
29362,2-3228
29363,7-0565
29364,8-4576
29365,8-8917
29366,3-1438
29367,2-9254
29368,1-3588
29369,6-0372
29370,2-5458
29371,1-9311
29372,1-5060
29373,4-4956
29374,8-4943
29375,3-5212
29376,1-5525
29377,5-3479
29378,1-4613
29379,8-7884
29380,3-9030
29381,5-5120
29382,8-6261
29383,7-5073
29384,5-9734
29385,1-2246
29386,8-4905
29387,7-9883
29388,8-4219
29389,7-1290
29390,2-7160
29391,5-9094
29392,3-5607
29393,4-5355
29394,6-3466
29395,3-0244
29396,5-0658
29397,2-1505
29398,5-9054
29399,5-1249
29400,2-4301
29401,4-4936
29402,2-4102
29403,2-2909
29404,4-5719
29405,1-9871
29406,6-3008
29407,4-5386
29408,3-6555
29409,5-1697
29410,6-2344
29411,5-3090
29412,6-8550
29413,1-4946
29414,4-8324
29415,8-9110
29416,6-6225
29417,6-4826
29418,8-1057
29419,6-8093
29420,7-6920
29421,2-4877
29422,3-5217
29423,5-3519
29424,4-0743
29425,1-6786
29426,2-0774
29427,6-1282
29428,2-5940
29429,2-3722
29430,7-5422
29431,2-0904
29432,8-8110
29433,1-0086
29434,1-6400
29435,1-6512
29436,3-6908
29437,6-0617
29438,3-2977
29439,8-3490
29440,6-5455
29441,7-8694
29442,6-9004
29443,4-0400
29444,6-0015
29445,7-3954
29446,6-9856
29447,3-2201
29448,1-4214
29449,4-1507
29450,1-2906
29451,2-7607
29452,1-5107
29453,2-3855
29454,5-2987
29455,3-8385
29456,7-4091
29457,4-7543
29458,3-6053
29459,7-5003
29460,8-2935
29461,5-2318
29462,2-0872
29463,4-1444
29464,2-5494
29465,3-9757
29466,5-8932
29467,4-8777
29468,2-3410
29469,6-9421
29470,6-9465
29471,6-8231
29472,2-1788
29473,8-5555
29474,1-8048
29475,2-9036
29476,5-1162
29477,8-1452
29478,5-2434
29479,7-8872
29480,1-5355
29481,2-7431
29482,2-9250
29483,1-5536
29484,8-1484
29485,5-4747
29486,1-7674
29487,1-2910
29488,4-5419
29489,1-7358
29490,8-6735
29491,6-6212
29492,1-0820
29493,4-5686
29494,4-5385
29495,5-6804
29496,1-2419
29497,8-0899
29498,4-0757
29499,5-6473
29500,1-6714
29501,5-5953
29502,6-1737
29503,6-0813
29504,2-6526
29505,7-2409
29506,4-9093
29507,4-2931
29508,6-2432
29509,3-6818
29510,1-5507
29511,4-2832
29512,7-3882
29513,5-8487
29514,8-6546
29515,6-3653
29516,7-0887
29517,2-2363
29518,2-5229
29519,3-0497
29520,5-2083
29521,8-0346
29522,3-1402
29523,3-8363
29524,6-2277
29525,1-6067
29526,7-7820
29527,5-0862
29528,2-9208
29529,7-0839
29530,8-7042
29531,3-6359
29532,2-6040
29533,4-3426
29534,5-7850
29535,3-2052
29536,3-7413
29537,2-6851
29538,5-7706
29539,6-5167
29540,6-0892
29541,2-0750
29542,6-7462
29543,6-5325
29544,8-9577
29545,5-8378
29546,3-7196
29547,6-6128
29548,7-7950
29549,1-7849
29550,3-6971
29551,2-4416
29552,6-4452
29553,3-9792
29554,2-2287
29555,5-2759
29556,7-0170
29557,3-9327
29558,3-6416
29559,7-0398
29560,1-8389
29561,7-5904
29562,3-9121
29563,5-4904
29564,1-6209
29565,3-5930
29566,5-8439
29567,8-0909
29568,8-9145
29569,3-5040
29570,3-0701
29571,2-9893
29572,6-8726
29573,6-5170
29574,5-9113
29575,3-1279
29576,3-4800
29577,6-4730
29578,6-2320
29579,2-3747
29580,6-7182
29581,2-9287
29582,2-2009
29583,3-7084
29584,4-5143
29585,7-8697
29586,5-1837
29587,3-9641
29588,4-9846
29589,1-8212
29590,3-0926
29591,5-0056
29592,7-8704
29593,1-5097
29594,4-2810
29595,6-0259
29596,1-5316
29597,2-3039
29598,3-1819
29599,5-0027
29600,2-6179
29601,1-2999
29602,2-0033
29603,7-4619
29604,2-7949
29605,5-5089
29606,3-0876
29607,5-7235
29608,7-3606
29609,6-9487
29610,7-9684
29611,4-0984
29612,3-8030
29613,8-3313
29614,3-1662
29615,1-6732
29616,7-7542
29617,5-0550
29618,7-8156
29619,4-8320
29620,4-5791
29621,2-4464
29622,6-4762
29623,2-9659
29624,4-0163
29625,4-4085
29626,6-7766
29627,4-8238
29628,5-2237
29629,8-2207
29630,6-2618
29631,4-2317
29632,2-8837
29633,2-7224
29634,1-3953
29635,1-7621
29636,8-0490
29637,4-2377
29638,3-2870
29639,2-4784
29640,4-8281
29641,4-4469
29642,3-3590
29643,5-6223
29644,2-9456
29645,8-3109
29646,6-4980
29647,3-2170
29648,1-1032
29649,6-0072
29650,2-0551
29651,6-9636
29652,6-3896
29653,2-7513
29654,8-0302
29655,1-0493
29656,6-0550
29657,5-2553
29658,5-3018
29659,6-3404
29660,4-6325
29661,5-8793
29662,4-6478
29663,7-8687
29664,5-4760
29665,3-4560
29666,8-6727
29667,7-6745
29668,8-3093
29669,1-2377
29670,8-2177
29671,2-5879
29672,8-5220
29673,4-9812
29674,7-3216
29675,6-6865
29676,4-2568
29677,7-9204
29678,3-9559
29679,6-0251
29680,2-1054
29681,5-5301
29682,3-6012
29683,2-6337
29684,5-1318
29685,8-5919
29686,5-5786
29687,7-4701
29688,2-9005
29689,4-3302
29690,7-4287
29691,7-5067
29692,1-5480
29693,6-4989
29694,3-1377
29695,7-0369
29696,4-0353
29697,7-2953
29698,6-2529
29699,2-3358
29700,6-2036
29701,8-7536
29702,6-3273
29703,2-7256
29704,1-0611
29705,5-2065
29706,8-1762
29707,7-7969
29708,2-5102
29709,3-5150
29710,3-2152
29711,8-2862
29712,3-0812
29713,2-2634
29714,2-4201
29715,1-5076
29716,2-5679
29717,6-2374
29718,2-5528
29719,8-3957
29720,8-9948
29721,1-4059
29722,7-2660
29723,5-6653
29724,8-3187
29725,4-9938
29726,3-5202
29727,2-2578
29728,7-4989
29729,4-4922
29730,8-7108
29731,2-7270
29732,4-9779
29733,4-5860
29734,3-2483
29735,1-9901
29736,1-9330
29737,6-3860
29738,5-9338
29739,6-1739
29740,8-7963
29741,4-0197
29742,5-7897
29743,6-2153
29744,8-5633
29745,8-2779
29746,4-5078
29747,2-2499
29748,3-7415
29749,1-2347
29750,8-9425
29751,3-0058
29752,2-9941
29753,1-6999
29754,2-4428
29755,4-9854
29756,7-8867
29757,2-5774
29758,2-3418
29759,7-0993
29760,6-9158
29761,5-7713
29762,1-3645
29763,7-8509
29764,3-7633
29765,3-9499
29766,2-2230
29767,4-3694
29768,3-3653
29769,2-1244
29770,2-6711
29771,8-4844
29772,4-0836
29773,7-9679
29774,6-2125
29775,5-9459
29776,8-7326
29777,1-9889
29778,2-6006
29779,2-6911
29780,8-7774
29781,1-9184
29782,4-7855
29783,2-2196
29784,2-9807
29785,5-4225
29786,8-4166
29787,5-8153
29788,3-3962
29789,2-7633
29790,6-3501
29791,2-4687
29792,7-2314
29793,1-8796
29794,1-7295
29795,5-8687
29796,2-8799
29797,3-9682
29798,2-9302
29799,4-7255
29800,8-3913
29801,7-2002
29802,6-3713
29803,8-5513
29804,1-1987
29805,5-9315
29806,4-8113
29807,1-7971
29808,3-4741
29809,3-2060
29810,4-7542
29811,3-8458
29812,5-9299
29813,8-0260
29814,7-0030
29815,5-6258
29816,3-5073
29817,5-5214
29818,7-3083
29819,7-5555
29820,1-5868
29821,7-7108
29822,4-1649
29823,6-1304
29824,1-3133
29825,4-0088
29826,6-4484
29827,2-8596
29828,2-2695
29829,2-0898
29830,3-5747
29831,1-4390
29832,6-5555
29833,4-9800
29834,1-3428
29835,5-7336
29836,3-0238
29837,6-8683
29838,5-7333
29839,8-3789
29840,5-2731
29841,4-2087
29842,3-7142
29843,1-9610
29844,4-4760
29845,6-7067
29846,6-0989
29847,8-3997
29848,3-9666
29849,2-6813
29850,5-4569
29851,8-8851
29852,5-6395
29853,6-2832
29854,1-6800
29855,8-6121
29856,8-1140
29857,5-1730
29858,6-8397
29859,2-0261
29860,4-3277
29861,1-1222
29862,8-4430
29863,4-7561
29864,1-6919
29865,2-4894
29866,5-9866
29867,8-9990
29868,6-0172
29869,5-1599
29870,4-6438
29871,8-7990
29872,7-0406
29873,8-3076
29874,1-9503
29875,7-5428
29876,4-7271
29877,4-3037
29878,3-7946
29879,1-1325
29880,3-7028
29881,8-2040
29882,8-1900
29883,7-8730
29884,5-5125
29885,2-8092
29886,7-9200
29887,8-3223
29888,7-8438
29889,4-4356
29890,5-9418
29891,6-1295
29892,1-6059
29893,7-8929
29894,1-6482
29895,8-5941
29896,5-1380
29897,3-4455
29898,5-4481
29899,7-0409
29900,1-8343
29901,8-4980
29902,6-0324
29903,1-6265
29904,3-1531
29905,1-9181
29906,8-8338
29907,5-6624
29908,6-7018
29909,3-7420
29910,7-9542
29911,3-3110
29912,2-7604
29913,7-1636
29914,5-3073
29915,7-0093
29916,8-0733
29917,1-7914
29918,2-6719
29919,2-2608
29920,5-2607
29921,7-9519
29922,5-8752
29923,6-2288
29924,3-8018
29925,4-0830
29926,7-3096
29927,3-1047
29928,7-8355
29929,1-3590
29930,6-3311
29931,6-2066
29932,3-7826
29933,6-3701
29934,6-6115
29935,5-8794
29936,4-8277
29937,2-9027
29938,5-3043
29939,5-4005
29940,2-4071
29941,6-8469
29942,2-3479
29943,8-0513
29944,6-5065
29945,6-2662
29946,3-5403
29947,4-6559
29948,1-2599
29949,8-6152
29950,3-8230
29951,2-4521
29952,6-0891
29953,8-5186
29954,4-6642
29955,5-0627
29956,6-5020
29957,8-6177
29958,8-1005
29959,3-9172
29960,3-5824
29961,6-0138
29962,1-8530
29963,3-8236
29964,3-9588
29965,7-6991
29966,4-5706
29967,2-6115
29968,7-1968
29969,2-9074
29970,4-6688
29971,6-8611
29972,4-2551
29973,1-1274
29974,2-4193
29975,6-2985
29976,2-1415
29977,2-9345
29978,2-2720
29979,8-7062
29980,2-4451
29981,6-0526
29982,1-5305
29983,3-9196
29984,8-1194
29985,6-9331
29986,3-7035
29987,1-9118
29988,5-8859
29989,4-9944
29990,2-1608
29991,2-9594
29992,7-5775
29993,5-1959
29994,5-8352
29995,1-4865
29996,1-8125
29997,8-4140
29998,4-3404
29999,7-2672
30000,3-8397
30001,1-7174
30002,5-0991
30003,5-8314
30004,5-4998
30005,8-3307
30006,7-8447
30007,6-3636
30008,5-0985
30009,6-3817
30010,6-8539
30011,4-8557
30012,6-1384
30013,4-2742
30014,2-7770
30015,4-2154
30016,1-6795
30017,2-4504
30018,8-0365
30019,8-6963
30020,6-8695
30021,5-0093
30022,5-0720
30023,4-6689
30024,5-3504
30025,6-3434
30026,4-1519
30027,7-3549
30028,2-3675
30029,6-6341
30030,5-0403
30031,2-9322
30032,7-9034
30033,5-5282
30034,6-0285
30035,7-0853
30036,7-4078
30037,6-6099
30038,3-6655
30039,7-3860
30040,3-2978
30041,4-6725
30042,5-8784
30043,7-5132
30044,2-8129
30045,6-1840
30046,7-3415
30047,6-8427
30048,1-4826
30049,6-1529
30050,4-6139
30051,1-4179
30052,3-9484
30053,1-5126
30054,4-2826
30055,3-9443
30056,4-6784
30057,2-3225
30058,1-3735
30059,2-8009
30060,8-7956
30061,1-1097
30062,7-7929
30063,2-2883
30064,8-0253
30065,8-0277
30066,7-5898
30067,7-4881
30068,8-6485
30069,5-7499
30070,2-9619
30071,6-2130
30072,5-5597
30073,2-5460
30074,7-8709
30075,4-1019
30076,3-5743
30077,7-3827
30078,5-7955
30079,6-1675
30080,7-4504
30081,4-4481
30082,3-5233
30083,7-5809
30084,7-6396
30085,2-3801
30086,8-0420
30087,3-8237
30088,3-0268
30089,4-3008
30090,6-4406
30091,6-9544
30092,1-4822
30093,8-5501
30094,2-1154
30095,5-7866
30096,8-3693
30097,7-7882
30098,8-9445
30099,2-6506
30100,2-2896
30101,1-4681
30102,6-4323
30103,6-2870
30104,2-1414
30105,4-5816
30106,5-3805
30107,4-3125
30108,7-8691
30109,7-7678
30110,1-9815
30111,1-1363
30112,1-3326
30113,5-3158
30114,1-3832
30115,5-1388
30116,6-6306
30117,6-4572
30118,6-6420
30119,2-6892
30120,7-4642
30121,1-5334
30122,5-1626
30123,3-5290
30124,5-9973
30125,8-9945
30126,8-8228
30127,5-5390
30128,3-1152
30129,5-1666
30130,6-6829
30131,6-2145
30132,6-9795
30133,4-4597
30134,4-0958
30135,4-6421
30136,4-6165
30137,5-4674
30138,1-4439
30139,5-5639
30140,4-3009
30141,3-7894
30142,1-0229
30143,8-4138
30144,3-3582
30145,6-5136
30146,2-9537
30147,3-4998
30148,3-2975
30149,5-9389
30150,8-2348
30151,3-6498
30152,4-3307
30153,1-0603
30154,8-6107
30155,7-3054
30156,2-1327
30157,3-3588
30158,7-9618
30159,1-7345
30160,6-9446
30161,1-0014
30162,1-0265
30163,8-5648
30164,2-1815
30165,5-9528
30166,5-1131
30167,5-0240
30168,2-3657
30169,6-0850
30170,2-1999
30171,4-8644
30172,2-2088
30173,7-4763
30174,2-0555
30175,7-0742
30176,4-4284
30177,6-1970
30178,4-1124
30179,4-3573
30180,1-0345
30181,6-7600
30182,6-6247
30183,7-0633
30184,5-1881
30185,7-1103
30186,3-5924
30187,7-8609
30188,8-5130
30189,8-5362
30190,6-7613
30191,8-2465
30192,3-4248
30193,7-5598
30194,5-4295
30195,8-6425
30196,8-9969
30197,5-5651
30198,3-6006
30199,1-9692
30200,5-7281
30201,6-1397
30202,8-0850
30203,2-8181
30204,2-9665
30205,1-8552
30206,8-5938
30207,3-9778
30208,1-8272
30209,7-8545
30210,1-6273
30211,3-1955
30212,7-3553
30213,1-3981
30214,2-9779
30215,4-6071
30216,4-3113
30217,7-8542
30218,2-9139
30219,8-5725
30220,7-6707
30221,3-8589
30222,8-8383
30223,4-4901
30224,6-8731
30225,3-8961
30226,6-0693
30227,2-6603
30228,7-1292
30229,4-6806
30230,5-3863
30231,7-4238
30232,3-2935
30233,7-5066
30234,1-5985
30235,4-0988
30236,5-7188
30237,5-0696
30238,8-7573
30239,3-6037
30240,6-3374
30241,2-0931
30242,8-6267
30243,6-1031
30244,2-0473
30245,5-9535
30246,5-3190
30247,2-6379
30248,4-1616
30249,7-8798
30250,2-8414
30251,7-3749
30252,8-6275
30253,2-0656
30254,8-4738
30255,5-3224
30256,1-7695
30257,1-0614
30258,5-2835
30259,7-3184
30260,5-2866
30261,6-9572
30262,2-3733
30263,6-8069
30264,8-5019
30265,3-6879
30266,2-3127
30267,1-0347
30268,1-0329
30269,3-1334
30270,1-9903
30271,3-1524
30272,3-1675
30273,5-7500
30274,7-5387
30275,3-6197
30276,4-8695
30277,3-7037
30278,4-3001
30279,8-3894
30280,8-2664
30281,6-3396
30282,1-5936
30283,2-3219
30284,4-8532
30285,4-6769
30286,8-3954
30287,5-9372
30288,7-9677
30289,5-7695
30290,7-8030
30291,4-5850
30292,2-9562
30293,2-2280
30294,5-3981
30295,2-3571
30296,2-5199
30297,4-8681
30298,1-7910
30299,2-3618
30300,2-5677
30301,5-5871
30302,2-4929
30303,7-4962
30304,2-3883
30305,4-7424
30306,3-6835
30307,4-6579
30308,7-9771
30309,2-6427
30310,5-0095
30311,8-1498
30312,3-0062
30313,3-2411
30314,2-8996
30315,8-1050
30316,7-5236
30317,2-0907
30318,4-8285
30319,4-6552
30320,8-1549
30321,8-2526
30322,3-5015
30323,8-2629
30324,6-8215
30325,2-3248
30326,1-4883
30327,8-7604
30328,4-9379
30329,3-4556
30330,2-8962
30331,5-3672
30332,6-8648
30333,5-1925
30334,1-8443
30335,1-9351
30336,4-7387
30337,7-5061
30338,7-6569
30339,4-5716
30340,2-5074
30341,5-4321
30342,8-8546
30343,1-3414
30344,3-3412
30345,2-4524
30346,2-0883
30347,3-4154
30348,7-6776
30349,3-5130
30350,2-8899
30351,4-5741
30352,2-3507
30353,8-2244
30354,4-8653
30355,8-8488
30356,6-5232
30357,3-8946
30358,2-5313
30359,4-5152
30360,5-7654
30361,3-2093
30362,5-4399
30363,5-8045
30364,2-5770
30365,8-9909
30366,8-9790
30367,3-8952
30368,8-8073
30369,2-9332
30370,7-4399
30371,4-6278
30372,5-7885
30373,5-6141
30374,4-2337
30375,5-0995
30376,5-0827
30377,3-6307
30378,5-5289
30379,7-1566
30380,1-6513
30381,3-7331
30382,7-9770
30383,7-0842
30384,8-9138
30385,6-6188
30386,4-9253
30387,8-3755
30388,2-5721
30389,7-4786
30390,6-9171
30391,8-6237
30392,6-1233
30393,5-0963
30394,6-2462
30395,6-8909
30396,2-8002
30397,3-2048
30398,1-8123
30399,2-9740
30400,2-2807
30401,2-9582
30402,4-5740
30403,3-0966
30404,1-7389
30405,1-9018
30406,8-2089
30407,4-0129
30408,5-1421
30409,5-6981
30410,6-4421
30411,7-5269
30412,1-5983
30413,1-2112
30414,8-6512
30415,8-0908
30416,4-9357
30417,8-2977
30418,5-9343
30419,3-3576
30420,8-8225
30421,2-9728
30422,4-8409
30423,8-3385
30424,3-7259
30425,3-7233
30426,7-7096
30427,6-0356
30428,3-1768
30429,5-8456
30430,7-6078
30431,3-2518
30432,1-8715
30433,6-1955
30434,2-3617
30435,2-9793
30436,8-3681
30437,3-2194
30438,4-8013
30439,4-2625
30440,3-5648
30441,6-9632
30442,5-1060
30443,3-7780
30444,8-0617
30445,2-3226
30446,5-0505
30447,6-8676
30448,6-5446
30449,4-7085
30450,8-1804
30451,3-8478
30452,6-4136
30453,5-0285
30454,6-3555
30455,7-6674
30456,8-7680
30457,5-3278
30458,1-4691
30459,5-9983
30460,8-1424
30461,2-9291
30462,6-0246
30463,7-3993
30464,8-7523
30465,5-8622
30466,6-3010
30467,8-2612
30468,5-3084
30469,1-1729
30470,3-8317
30471,6-4044
30472,8-3236
30473,3-8852
30474,6-7510
30475,7-6862
30476,8-0406
30477,5-2904
30478,3-0478
30479,6-4784
30480,3-7620
30481,8-8705
30482,7-9293
30483,4-7999
30484,5-3803
30485,7-7248
30486,7-1190
30487,7-0894
30488,6-0399
30489,1-1042
30490,6-4744
30491,7-4371
30492,5-9812
30493,4-7494
30494,7-5720
30495,2-6610
30496,3-6004
30497,7-3909
30498,6-6198
30499,8-9983
30500,7-7719
30501,5-2513
30502,3-4409
30503,3-3912
30504,8-7339
30505,8-6685
30506,4-5111
30507,5-5862
30508,2-2432
30509,3-9735
30510,4-2318
30511,4-9976
30512,5-2424
30513,6-9624
30514,3-8765
30515,1-5264
30516,2-6085
30517,4-5579
30518,4-6034
30519,2-1844
30520,3-6020
30521,2-5055
30522,3-7285
30523,6-7061
30524,3-1057
30525,6-0555
30526,2-3548
30527,1-8894
30528,2-2662
30529,8-4461
30530,6-4030
30531,2-6921
30532,8-2839
30533,5-2238
30534,7-8086
30535,7-4007
30536,7-0826
30537,5-9058
30538,7-8256
30539,4-0555
30540,8-9428
30541,2-6990
30542,3-6958
30543,8-1375
30544,7-4557
30545,3-8320
30546,8-1084
30547,8-1499
30548,5-9470
30549,5-3362
30550,7-4359
30551,4-6698
30552,8-9224
30553,4-0052
30554,1-4124
30555,5-7556
30556,5-8694
30557,8-3628
30558,5-6684
30559,5-8107
30560,8-7135
30561,4-6961
30562,3-1977
30563,2-0736
30564,5-0445
30565,7-5632
30566,8-6875
30567,1-5294
30568,4-2110
30569,7-5256
30570,6-6055
30571,8-5280
30572,8-9243
30573,5-4136
30574,3-7485
30575,4-9130
30576,7-9324
30577,2-4875
30578,5-5588
30579,8-8242
30580,8-2577
30581,3-5448
30582,7-4520
30583,7-5395
30584,2-2136
30585,6-3401
30586,3-2925
30587,5-4423
30588,6-9206
30589,2-4937
30590,1-3773
30591,8-3639
30592,4-9276
30593,7-7675
30594,8-6055
30595,3-3969
30596,1-8406
30597,4-8685
30598,8-0140
30599,1-1088
30600,8-3752
30601,7-5807
30602,5-8653
30603,3-3121
30604,5-3653
30605,2-4229
30606,2-0575
30607,1-3217
30608,6-5468
30609,2-7451
30610,3-7063
30611,5-6526
30612,8-3515
30613,4-1379
30614,1-6631
30615,8-3293
30616,3-4982
30617,5-2281
30618,1-8411
30619,6-9313
30620,6-1368
30621,7-7247
30622,8-3388
30623,2-5063
30624,8-9462
30625,7-0943
30626,1-8708
30627,6-9407
30628,7-4396
30629,2-0440
30630,1-8523
30631,4-6504
30632,5-1377
30633,2-8243
30634,6-4623
30635,3-2690
30636,6-3959
30637,3-0639
30638,4-1716
30639,7-5028
30640,1-1293
30641,5-2179
30642,5-7595
30643,3-8746
30644,6-4327
30645,7-9368
30646,4-3749
30647,1-9529
30648,7-6280
30649,1-7231
30650,8-0820
30651,7-2679
30652,3-1624
30653,1-1046
30654,8-5559
30655,4-0339
30656,2-2115
30657,6-9768
30658,5-2285
30659,7-3917
30660,8-0351
30661,2-4587
30662,6-5742
30663,4-2881
30664,8-0959
30665,8-8082
30666,6-8133
30667,1-2490
30668,4-6135
30669,5-0610
30670,2-8433
30671,1-6468
30672,3-9526
30673,3-1243
30674,7-4382
30675,7-9025
30676,6-7143
30677,6-1636
30678,7-0929
30679,3-4240
30680,8-5761
30681,3-7994
30682,5-2994
30683,7-4464
30684,6-6441
30685,3-4325
30686,2-4172
30687,5-6525
30688,6-4114
30689,1-6156
30690,8-0295
30691,6-4246
30692,4-4678
30693,4-1639
30694,2-4615
30695,3-9097
30696,3-7154
30697,4-4738
30698,4-1348
30699,4-1445
30700,8-4941
30701,4-6285
30702,8-4974
30703,6-3232
30704,6-5865
30705,6-6280
30706,1-6905
30707,8-6285
30708,8-9073
30709,5-9602
30710,1-0484
30711,1-2069
30712,5-8659
30713,2-9455
30714,2-8138
30715,2-3097
30716,3-2223
30717,6-5869
30718,6-2347
30719,6-8037
30720,4-9797
30721,1-5856
30722,5-7049
30723,5-4671
30724,3-6588
30725,3-3124
30726,1-9115
30727,5-2712
30728,7-2723
30729,8-7672
30730,1-8103
30731,3-5049
30732,8-1118
30733,4-5811
30734,1-1506
30735,4-1398
30736,4-8727
30737,1-1603
30738,4-8966
30739,4-1061
30740,7-7883
30741,2-1447
30742,3-6816
30743,8-2261
30744,6-4543
30745,5-4387
30746,2-0754
30747,2-3283
30748,8-5869
30749,1-1546
30750,8-4279
30751,2-4221
30752,3-5204
30753,8-8828
30754,5-7031
30755,3-9520
30756,5-9248
30757,7-0901
30758,4-6747
30759,1-3396
30760,8-8331
30761,2-4207
30762,3-3077
30763,8-6794
30764,5-6529
30765,3-0024
30766,8-4684
30767,7-5532
30768,6-0790
30769,4-2607
30770,7-1663
30771,3-1655
30772,4-1861
30773,2-1533
30774,2-4420
30775,6-3756
30776,2-9038
30777,2-7203
30778,6-9142
30779,4-4555
30780,7-2424
30781,1-9196
30782,2-8541
30783,5-7380
30784,7-1958
30785,6-1941
30786,2-5574
30787,3-0854
30788,1-7131
30789,6-7760
30790,7-8041
30791,6-5638
30792,6-2429
30793,7-9163
30794,1-4148
30795,3-1550
30796,4-4761
30797,2-2434
30798,8-6259
30799,2-4941
30800,7-6485
30801,1-0218
30802,4-3368
30803,8-8640
30804,6-2968
30805,2-8182
30806,7-8237
30807,4-9742
30808,6-7174
30809,6-1033
30810,8-4689
30811,8-9617
30812,2-8012
30813,2-6584
30814,7-1437
30815,6-9248
30816,5-4539
30817,5-2974
30818,7-0867
30819,8-5628
30820,1-7424
30821,2-9534
30822,2-9062
30823,7-2493
30824,5-7698
30825,4-2119
30826,7-6047
30827,1-3707
30828,2-3286
30829,4-5639
30830,1-1416
30831,4-3739
30832,5-6121
30833,3-8545
30834,8-4018
30835,6-6815
30836,5-8102
30837,8-8676
30838,1-3163
30839,1-2013
30840,3-4394
30841,8-0184
30842,3-5794
30843,4-6158
30844,7-4001
30845,4-4142
30846,8-5180
30847,5-5532
30848,8-3940
30849,2-5577
30850,6-4868
30851,5-0793
30852,6-8523
30853,7-0113
30854,5-6152
30855,2-2415
30856,3-9732
30857,3-7757
30858,4-2481
30859,6-3361
30860,7-6552
30861,6-6202
30862,8-0355
30863,3-6106
30864,6-7909
30865,5-4806
30866,5-3207
30867,7-2003
30868,7-0015
30869,6-5338
30870,8-7544
30871,8-8604
30872,2-0731
30873,6-7971
30874,8-3588
30875,1-2263
30876,4-0999
30877,6-4893
30878,8-4401
30879,6-9308
30880,4-2085
30881,8-1228
30882,7-7567
30883,3-9441
30884,7-6967
30885,5-1293
30886,2-2861
30887,3-8046
30888,2-6470
30889,1-5690
30890,4-3493
30891,3-3871
30892,1-8670
30893,3-6396
30894,7-5650
30895,5-8097
30896,6-0746
30897,3-1457
30898,6-7539
30899,5-3100
30900,3-6016
30901,4-7386
30902,1-0777
30903,4-9744
30904,4-2748
30905,2-4372
30906,3-4167
30907,7-4702
30908,2-1684
30909,1-9698
30910,4-0428
30911,8-0751
30912,4-6539
30913,7-0056
30914,1-2666
30915,4-9723
30916,2-3000
30917,8-9233
30918,1-6755
30919,3-0392
30920,2-1266
30921,5-7932
30922,6-0856
30923,3-5254
30924,3-1965
30925,2-9383
30926,7-1543
30927,3-4220
30928,6-4326
30929,7-7519
30930,1-3142
30931,2-5448
30932,5-8373
30933,4-7522
30934,8-6726
30935,1-7622
30936,3-5505
30937,5-5658
30938,7-3554
30939,8-1991
30940,2-0592
30941,2-7427
30942,8-8314
30943,4-6302
30944,6-1019
30945,4-0097
30946,6-9264
30947,4-3176
30948,8-3402
30949,5-2379
30950,4-1772
30951,2-1958
30952,3-9163
30953,1-9358
30954,1-4674
30955,2-3863
30956,7-2436
30957,1-0997
30958,1-0945
30959,2-8603
30960,3-1887
30961,4-9365
30962,7-5835
30963,3-8566
30964,5-3040
30965,8-2072
30966,8-0988
30967,6-9023
30968,5-2785
30969,3-8889
30970,4-5649
30971,4-2976
30972,6-8319
30973,8-5787
30974,1-9103
30975,8-3345
30976,1-7296
30977,3-6891
30978,2-0936
30979,8-2335
30980,6-0830
30981,3-9903
30982,7-9888
30983,1-6951
30984,4-8248
30985,1-9922
30986,4-4624
30987,3-6276
30988,1-6484
30989,5-2344
30990,3-3009
30991,2-2395
30992,5-0207
30993,5-6559
30994,1-2721
30995,3-4989
30996,8-6284
30997,7-8268
30998,8-9754
30999,2-9727
31000,4-4404
31001,1-3928
31002,1-6128
31003,7-5562
31004,4-5953
31005,7-2431
31006,4-6191
31007,4-0425
31008,5-2885
31009,2-3304
31010,4-2773
31011,4-4058
31012,7-3430
31013,3-6536
31014,8-0649
31015,6-5932
31016,4-7941
31017,2-2477
31018,7-9911
31019,3-4144
31020,7-1697
31021,8-8304
31022,1-2942
31023,7-8004
31024,8-0497
31025,5-9675
31026,5-5975
31027,2-5620
31028,5-1836
31029,6-9783
31030,3-8956
31031,6-7432
31032,1-2152
31033,7-9036
31034,7-9617
31035,6-0100
31036,8-3168
31037,3-1701
31038,3-4414
31039,5-7399
31040,7-5115
31041,1-9084
31042,2-9188
31043,2-2956
31044,2-6182
31045,5-1800
31046,7-9873
31047,4-3791
31048,6-5553
31049,1-5560
31050,2-8796
31051,5-0236
31052,3-8913
31053,4-9808
31054,2-5393
31055,6-7035
31056,2-7102
31057,2-0967
31058,6-8609
31059,1-9389
31060,3-2171
31061,3-3316
31062,2-0943
31063,1-3019
31064,4-6265
31065,8-0099
31066,7-1048
31067,5-5728
31068,3-1614
31069,6-0021
31070,6-6379
31071,3-2141
31072,1-1376
31073,4-9050
31074,3-5563
31075,7-7649
31076,4-6317
31077,6-5709
31078,1-5764
31079,2-7990
31080,5-4182
31081,6-3902
31082,4-0311
31083,1-4718
31084,2-3359
31085,3-0333
31086,7-9201
31087,1-6656
31088,3-2387
31089,1-1526
31090,2-2119
31091,8-7061
31092,5-1884
31093,4-6970
31094,7-1214
31095,2-9834
31096,6-9925
31097,7-0723
31098,2-7356
31099,5-7798
31100,3-8242
31101,4-3248
31102,8-9336
31103,2-9218
31104,4-6171
31105,2-9101
31106,1-7792
31107,6-9249
31108,5-7513
31109,4-2307
31110,6-6577
31111,4-9112
31112,5-9123
31113,3-7217
31114,6-8540
31115,1-2318
31116,2-2457
31117,6-6621
31118,5-2592
31119,2-3064
31120,3-7158
31121,6-7723
31122,5-0838
31123,5-4048
31124,6-9804
31125,7-3496
31126,1-6864
31127,4-5176
31128,7-1917
31129,3-6502
31130,5-5309
31131,1-9974
31132,8-0200
31133,6-1591
31134,3-8681
31135,5-0807
31136,3-6280
31137,2-5994
31138,8-2827
31139,4-3699
31140,1-5714
31141,2-5424
31142,7-3156
31143,7-0432
31144,3-8499
31145,5-5172
31146,1-9639
31147,7-1297
31148,7-6258
31149,5-0851
31150,7-5568
31151,1-9374
31152,1-8740
31153,1-3992
31154,7-6180
31155,8-8565
31156,5-3246
31157,7-1752
31158,4-1184
31159,3-3928
31160,4-4150
31161,2-2475
31162,6-3783
31163,2-6903
31164,3-2277
31165,3-0205
31166,8-4438
31167,1-8490
31168,2-5130
31169,2-2505
31170,1-3100
31171,1-3284
31172,1-2340
31173,4-9674
31174,7-7522
31175,5-7316
31176,5-4285
31177,1-5824
31178,2-6546
31179,2-0961
31180,1-2123
31181,1-2575
31182,5-3108
31183,6-5837
31184,2-2530
31185,2-8190
31186,6-7200
31187,1-5398
31188,6-4438
31189,5-5323
31190,3-9701
31191,4-6733
31192,1-5415
31193,7-0419
31194,8-7719
31195,5-5751
31196,2-2177
31197,1-0143
31198,7-6646
31199,4-6994
31200,6-6361
31201,6-6405
31202,6-7172
31203,1-8876
31204,8-3552
31205,5-1669
31206,2-5032
31207,2-3426
31208,7-0878
31209,2-2320
31210,4-5411
31211,5-5163
31212,1-2373
31213,8-8728
31214,3-0383
31215,5-1886
31216,6-2111
31217,3-2817
31218,5-6805
31219,6-6352
31220,4-1058
31221,8-0883
31222,4-3336
31223,2-0683
31224,1-2743
31225,2-9709
31226,8-7147
31227,7-9564
31228,7-6029
31229,1-4772
31230,8-9576
31231,1-2513
31232,5-5724
31233,5-6672
31234,1-2652
31235,6-4766
31236,5-4015
31237,5-1231
31238,3-8088
31239,1-6274
31240,2-7036
31241,6-6903
31242,3-9909
31243,2-5672
31244,5-9849
31245,3-5594
31246,1-6630
31247,8-7419
31248,5-3715
31249,3-6413
31250,6-9616
31251,5-1076
31252,6-2731
31253,2-0579
31254,6-3149
31255,7-7423
31256,5-0903
31257,2-7351
31258,2-3888
31259,8-1418
31260,8-6599
31261,2-1886
31262,7-5274
31263,7-1626
31264,4-4000
31265,3-3235
31266,5-6903
31267,4-5208
31268,1-5296
31269,2-6250
31270,5-5621
31271,1-0600
31272,4-0158
31273,3-3956
31274,1-2569
31275,4-1182
31276,5-8468
31277,4-4822
31278,8-3524
31279,4-2095
31280,1-8403
31281,5-9642
31282,1-4305
31283,1-0060
31284,5-5632
31285,5-8159
31286,1-9007
31287,2-8700
31288,6-7925
31289,6-6371
31290,4-5443
31291,5-9038
31292,7-3944
31293,3-7463
31294,1-7445
31295,1-7376
31296,7-2125
31297,5-1702
31298,7-1535
31299,7-6149
31300,5-5534
31301,6-8138
31302,1-7588
31303,4-9086
31304,1-9619
31305,3-2401
31306,1-8312
31307,7-7815
31308,3-9419
31309,8-5072
31310,8-1725
31311,2-3791
31312,4-8794
31313,5-5357
31314,4-0076
31315,8-5914
31316,3-5251
31317,6-6628
31318,8-5929
31319,6-3722
31320,2-1075
31321,4-4160
31322,7-3647
31323,6-5319
31324,5-5667
31325,2-6055
31326,1-7863
31327,6-4909
31328,4-3645
31329,1-4020
31330,3-5497
31331,3-3001
31332,8-0013
31333,2-5593
31334,1-0088
31335,4-5745
31336,6-4016
31337,1-6106
31338,7-0669
31339,6-3577
31340,7-5230
31341,1-2230
31342,6-4952
31343,5-7567
31344,5-0181
31345,7-9765
31346,8-5493
31347,5-3166
31348,7-3065
31349,7-7583
31350,6-5855
31351,5-6101
31352,7-4533
31353,7-3276
31354,7-3418
31355,4-4354
31356,3-6295
31357,2-5490
31358,3-9897
31359,2-9701
31360,3-2182
31361,6-0560
31362,8-8418
31363,7-1667
31364,7-9959
31365,7-0300
31366,2-8518
31367,1-2474
31368,6-3599
31369,3-9582
31370,4-3873
31371,5-8942
31372,8-9533
31373,3-0156
31374,5-5643
31375,7-5954
31376,7-5795
31377,8-7921
31378,1-6682
31379,1-6966
31380,3-4763
31381,3-7549
31382,2-2818
31383,2-9813
31384,4-2974
31385,8-5699
31386,4-0592
31387,1-1555
31388,3-9168
31389,3-1546
31390,1-6493
31391,4-4682
31392,6-4014
31393,7-4676
31394,4-7327
31395,7-0050
31396,5-7247
31397,6-2323
31398,7-2139
31399,5-1335
31400,5-4485
31401,7-9028
31402,7-4341
31403,2-9826
31404,7-4606
31405,8-5162
31406,1-1850
31407,2-4792
31408,7-4431
31409,2-7578
31410,1-9912
31411,1-2044
31412,2-2488
31413,6-5596
31414,4-9031
31415,8-8655
31416,2-9716
31417,4-9883
31418,5-8980
31419,7-8749
31420,2-8633
31421,2-9022
31422,4-2331
31423,6-4081
31424,1-3650
31425,2-8660
31426,2-2781
31427,2-0722
31428,7-6108
31429,6-7567
31430,2-1025
31431,3-7980
31432,1-7556
31433,7-3050
31434,5-7839
31435,6-3700
31436,8-9922
31437,1-6408
31438,2-2030
31439,7-2802
31440,4-8018
31441,3-0460
31442,6-4862
31443,4-1690
31444,6-2747
31445,5-0840
31446,8-1736
31447,8-3083
31448,4-4441
31449,5-1597
31450,6-0032
31451,5-0004
31452,7-7554
31453,5-9133
31454,1-6525
31455,5-8556
31456,4-3847
31457,7-5445
31458,5-2280
31459,8-9729
31460,5-9787
31461,2-9974
31462,2-6460
31463,8-4043
31464,5-9994
31465,5-6117
31466,6-8136
31467,7-7550
31468,4-0347
31469,2-9805
31470,8-2100
31471,4-1833
31472,6-8983
31473,2-1759
31474,5-4505
31475,6-9412
31476,1-0702
31477,5-5299
31478,3-4534
31479,8-8059
31480,4-1683
31481,4-4759
31482,4-0768
31483,7-7275
31484,7-6200
31485,8-2324
31486,7-5687
31487,3-9989
31488,6-1195
31489,8-8042
31490,5-9917
31491,6-0016
31492,5-5458
31493,3-2224
31494,2-7913
31495,3-9365
31496,4-3320
31497,7-1747
31498,1-0843
31499,7-8207
31500,8-6291
31501,4-6197
31502,4-6424
31503,2-7819
31504,4-8374
31505,6-3608
31506,6-5401
31507,3-7998
31508,2-5947
31509,2-5572
31510,1-4587
31511,5-1401
31512,5-1752
31513,2-9209
31514,7-2268
31515,6-2571
31516,2-9667
31517,6-7135
31518,5-6790
31519,2-1487
31520,7-5342
31521,1-5326
31522,6-3408
31523,6-5314
31524,7-1633
31525,2-5663
31526,1-9265
31527,1-3553
31528,2-1110
31529,4-0648
31530,7-6879
31531,5-3177
31532,4-2267
31533,7-3244
31534,7-5149
31535,1-3458
31536,1-6465
31537,4-7773
31538,6-5803
31539,4-3053
31540,8-1690
31541,2-1597
31542,7-3990
31543,1-9211
31544,4-3823
31545,4-5267
31546,6-2587
31547,7-9984
31548,8-2425
31549,8-5504
31550,7-8782
31551,6-9651
31552,1-8937
31553,1-6992
31554,1-2298
31555,1-7843
31556,2-5828
31557,6-5309
31558,6-1260
31559,7-4126
31560,1-7507
31561,6-9297
31562,6-5161
31563,5-9902
31564,4-0082
31565,2-6186
31566,4-9503
31567,5-9699
31568,3-9482
31569,6-4928
31570,2-2980
31571,3-3575
31572,5-3659
31573,3-3008
31574,5-4707
31575,8-4615
31576,8-1434
31577,6-8228
31578,5-7656
31579,4-2552
31580,2-5630
31581,1-3288
31582,3-3091
31583,7-2361
31584,7-7022
31585,1-8082
31586,8-4048
31587,6-1448
31588,7-4585
31589,8-4192
31590,5-2077
31591,5-7452
31592,1-7696
31593,6-1122
31594,4-0733
31595,1-7748
31596,6-2368
31597,8-5859
31598,6-8266
31599,6-6010
31600,7-8285
31601,3-6460
31602,7-3846
31603,1-3344
31604,7-2395
31605,7-7838
31606,8-8591
31607,1-7268
31608,1-7891
31609,4-6976
31610,1-1235
31611,5-5771
31612,1-6686
31613,6-4937
31614,6-0900
31615,8-3717
31616,6-2562
31617,8-4134
31618,7-3654
31619,3-2842
31620,2-8153
31621,1-0781
31622,3-7606
31623,7-9060
31624,2-7545
31625,1-3705
31626,5-2456
31627,3-7021
31628,3-1066
31629,7-7865
31630,4-5937
31631,2-9262
31632,1-3261
31633,1-9189
31634,6-0970
31635,3-0065
31636,2-3236
31637,1-7274
31638,3-5737
31639,3-8322
31640,8-4824
31641,5-5147
31642,7-4168
31643,3-5364
31644,3-4377
31645,2-0807
31646,7-6737
31647,8-7060
31648,5-0201
31649,5-5747
31650,4-5777
31651,5-9060
31652,2-1480
31653,7-1215
31654,7-7334
31655,1-8387
31656,1-6612
31657,8-2833
31658,8-4273
31659,2-0803
31660,8-9531
31661,5-7485
31662,4-7011
31663,5-8108
31664,7-1714
31665,8-5523
31666,2-3316
31667,4-6015
31668,5-9482
31669,7-5800
31670,3-7928
31671,4-2537
31672,7-4721
31673,8-3159
31674,2-0187
31675,5-6391
31676,2-9100
31677,5-3063
31678,4-5473
31679,6-7663
31680,1-1959
31681,4-8266
31682,1-0725
31683,8-9766
31684,3-3483
31685,4-6864
31686,4-5766
31687,7-6398
31688,7-9669
31689,3-0249
31690,1-7948
31691,4-8336
31692,4-4442
31693,6-4776
31694,7-8753
31695,1-6609
31696,7-6805
31697,6-2333
31698,4-2404
31699,8-1540
31700,5-6692
31701,4-4248
31702,6-4653
31703,6-3006
31704,3-4827
31705,8-0849
31706,5-4756
31707,6-9814
31708,1-0176
31709,6-6700
31710,2-9279
31711,2-1412
31712,6-4577
31713,4-7402
31714,2-0766
31715,5-1347
31716,4-8907
31717,6-2602
31718,5-6707
31719,4-7661
31720,5-6916
31721,5-1151
31722,5-8469
31723,1-9477
31724,2-8245
31725,5-3761
31726,5-2534
31727,4-4517
31728,8-7357
31729,8-1177
31730,5-7454
31731,7-0499
31732,6-5780
31733,1-3882
31734,4-1709
31735,5-7278
31736,1-8766
31737,6-8721
31738,8-2196
31739,7-4650
31740,6-3983
31741,6-5303
31742,8-9140
31743,2-5601
31744,4-9046
31745,4-1863
31746,7-5438
31747,3-9711
31748,8-1151
31749,2-7712
31750,3-8483
31751,8-8227
31752,8-5330
31753,3-3391
31754,6-9974
31755,6-8292
31756,2-4642
31757,3-8096
31758,2-1066
31759,8-1124
31760,6-2888
31761,7-2977
31762,1-8340
31763,3-2023
31764,7-6171
31765,8-8615
31766,4-5172
31767,5-7169
31768,7-7543
31769,2-4774
31770,7-5153
31771,6-3159
31772,1-1307
31773,8-5694
31774,7-1488
31775,4-3799
31776,6-8176
31777,3-4145
31778,2-5364
31779,7-6340
31780,6-4566
31781,4-8583
31782,6-2505
31783,6-7357
31784,7-4562
31785,7-2028
31786,8-7010
31787,1-6615
31788,5-0513
31789,8-9778
31790,7-2225
31791,1-1583
31792,4-4250
31793,2-0513
31794,3-6218
31795,1-5550
31796,6-2872
31797,1-6217
31798,5-2480
31799,3-7078
31800,2-5128
31801,6-7956
31802,3-4023
31803,4-8789
31804,2-1824
31805,3-4541
31806,6-7202
31807,3-2244
31808,7-2407
31809,8-3535
31810,5-2779
31811,3-8077
31812,1-2649
31813,3-3388
31814,5-4817
31815,4-7145
31816,5-7826
31817,1-5530
31818,8-6465
31819,1-3635
31820,4-1836
31821,5-5797
31822,4-2863
31823,4-1992
31824,3-0708
31825,8-6001
31826,6-0971
31827,8-2386
31828,6-5331
31829,8-4324
31830,3-4990
31831,6-2334
31832,4-4334
31833,4-1216
31834,4-0585
31835,7-5961
31836,6-9706
31837,7-4895
31838,8-8020
31839,7-2298
31840,6-1710
31841,3-2438
31842,2-5156
31843,5-0782
31844,1-6936
31845,3-1461
31846,3-1277
31847,2-8394
31848,2-0595
31849,4-2283
31850,2-5626
31851,6-6530
31852,6-2249
31853,1-8059
31854,1-7325
31855,6-6070
31856,8-8365
31857,4-4177
31858,4-7633
31859,7-3903
31860,8-7515
31861,6-0756
31862,8-8824
31863,4-5384
31864,4-4332
31865,2-8509
31866,2-8452
31867,6-0972
31868,4-1569
31869,5-0581
31870,1-6306
31871,5-3697
31872,5-5198
31873,5-9059
31874,4-2497
31875,5-7283
31876,5-1692
31877,8-1983
31878,2-4762
31879,8-1739
31880,4-9754
31881,4-2431
31882,3-2640
31883,4-5588
31884,6-3597
31885,7-8123
31886,7-5065
31887,3-7297
31888,1-8405
31889,5-2756
31890,7-2647
31891,7-7279
31892,6-5269
31893,4-7233
31894,7-8716
31895,4-6727
31896,6-5659
31897,7-9817
31898,5-2029
31899,7-2684
31900,1-5509
31901,7-6953
31902,3-6783
31903,4-3581
31904,1-8732
31905,6-5440
31906,4-1837
31907,5-9322
31908,3-3930
31909,5-7461
31910,4-7045
31911,2-7610
31912,2-8569
31913,4-8976
31914,3-0519
31915,8-3795
31916,7-3735
31917,4-2280
31918,7-3213
31919,4-6908
31920,4-0767
31921,7-1261
31922,3-9873
31923,7-0942
31924,5-9412
31925,5-4908
31926,5-1670
31927,7-3241
31928,5-2086
31929,1-8973
31930,4-9567
31931,1-5045
31932,2-1350
31933,8-3042
31934,4-7120
31935,6-3987
31936,2-9372
31937,6-2209
31938,3-8516
31939,1-6182
31940,6-4679
31941,3-3502
31942,2-8901
31943,4-3617
31944,4-7359
31945,1-3993
31946,5-8549
31947,7-9377
31948,6-5208
31949,3-1934
31950,1-6178
31951,4-6974
31952,5-8068
31953,6-6294
31954,5-6011
31955,6-1091
31956,2-7634
31957,3-5569
31958,8-0591
31959,8-5875
31960,7-4189
31961,3-3355
31962,7-9621
31963,2-4946
31964,1-4387
31965,2-6638
31966,6-9864
31967,3-1453
31968,7-9530
31969,4-4567
31970,4-5183
31971,8-9330
31972,1-0194
31973,8-8715
31974,3-8935
31975,7-3281
31976,4-2735
31977,3-6160
31978,7-7095
31979,3-6985
31980,8-8886
31981,1-0939
31982,7-8964
31983,3-8994
31984,2-1463
31985,8-6664
31986,5-6895
31987,4-5056
31988,2-9375
31989,4-8114
31990,4-7802
31991,3-1813
31992,8-6313
31993,6-9748
31994,5-0737
31995,8-7925
31996,5-0611
31997,5-4613
31998,6-7837
31999,8-9207
32000,6-8520
32001,3-1564
32002,8-5291
32003,6-9269
32004,1-0766
32005,1-0661
32006,2-9247
32007,6-1027
32008,1-5313
32009,3-0317
32010,2-2638
32011,5-7820
32012,7-3298
32013,2-0116
32014,4-5805
32015,2-7950
32016,3-3104
32017,2-7831
32018,1-0632
32019,4-8779
32020,1-7371
32021,4-5735
32022,8-4004
32023,3-5727
32024,7-9516
32025,8-4431
32026,2-9142
32027,6-1966
32028,5-8578
32029,5-1297
32030,2-6283
32031,7-4620
32032,8-4894
32033,4-6996
32034,7-9128
32035,3-0603
32036,6-9644
32037,2-1810
32038,4-7090
32039,5-0566
32040,4-1103
32041,5-5772
32042,2-5834
32043,6-9212
32044,8-9221
32045,2-7935
32046,5-6217
32047,6-2827
32048,4-5080
32049,6-5141
32050,8-1453
32051,3-8723
32052,3-9001
32053,2-4584
32054,8-0023
32055,7-7841
32056,1-6474
32057,6-9881
32058,2-9887
32059,4-6763
32060,4-1832
32061,5-2502
32062,4-1314
32063,2-0624
32064,2-6509
32065,8-1976
32066,6-6886
32067,8-8164
32068,8-0123
32069,7-4843
32070,7-9935
32071,1-5854
32072,5-7725
32073,5-6134
32074,6-0673
32075,7-3446
32076,5-1320
32077,8-8408
32078,2-2029
32079,6-1178
32080,4-3965
32081,1-0736
32082,2-1204
32083,3-0517
32084,6-9945
32085,3-3336
32086,3-5799
32087,8-8043
32088,4-1306
32089,5-7271
32090,2-0924
32091,6-4675
32092,4-7053
32093,8-7319
32094,3-8826
32095,2-4936
32096,1-5513
32097,1-8983
32098,2-4425
32099,3-5550
32100,7-2867
32101,6-8341
32102,2-5175
32103,2-2757
32104,4-0644
32105,4-8353
32106,7-5396
32107,6-9045
32108,8-2929
32109,2-6692
32110,7-4990
32111,7-2189
32112,7-4691
32113,5-4326
32114,1-7919
32115,7-5569
32116,1-8517
32117,2-9348
32118,4-6678
32119,1-2248
32120,7-2520
32121,1-1202
32122,7-0907
32123,4-6145
32124,7-2248
32125,5-2399
32126,6-2963
32127,6-0430
32128,1-2859
32129,2-9549
32130,2-2176
32131,1-3350
32132,7-0502
32133,6-3691
32134,3-9337
32135,2-7306
32136,3-5456
32137,5-1790
32138,7-2521
32139,5-9364
32140,3-4526
32141,2-2617
32142,1-5256
32143,2-6142
32144,2-2239
32145,2-0699
32146,8-8284
32147,3-5746
32148,6-0666
32149,8-0158
32150,4-7979
32151,2-6721
32152,4-2972
32153,7-9472
32154,1-2339
32155,8-8502
32156,5-9395
32157,3-1234
32158,4-5424
32159,3-3805
32160,7-9966
32161,5-1538
32162,3-9753
32163,1-0827
32164,6-1192
32165,8-9539
32166,3-6210
32167,7-1705
32168,1-4448
32169,8-6749
32170,4-4323
32171,1-0704
32172,3-0256
32173,2-0324
32174,4-7126
32175,6-8159
32176,6-7372
32177,1-9831
32178,3-0240
32179,1-9314
32180,6-1825
32181,4-8094
32182,7-8941
32183,8-9861
32184,6-7810
32185,7-5693
32186,2-1033
32187,3-7958
32188,5-2412
32189,6-9501
32190,2-0556
32191,6-0458
32192,2-6455
32193,8-1076
32194,4-1474
32195,1-7643
32196,7-7819
32197,1-3188
32198,2-7868
32199,5-8273
32200,1-6035
32201,2-0420
32202,7-5482
32203,3-8924
32204,6-5063
32205,3-8710
32206,3-1862
32207,3-8337
32208,2-6280
32209,1-6388
32210,8-3434
32211,3-4156
32212,4-2761
32213,4-8611
32214,8-5075
32215,3-6262
32216,1-0026
32217,5-4341
32218,2-1949
32219,6-5544
32220,7-4512
32221,3-0739
32222,5-0880
32223,3-1051
32224,7-5608
32225,4-5767
32226,3-9122
32227,4-5011
32228,5-9749
32229,3-2876
32230,5-2125
32231,8-6194
32232,8-2158
32233,1-2080
32234,1-1701
32235,1-6286
32236,7-6019
32237,6-8699
32238,3-4661
32239,7-9487
32240,8-0561
32241,3-4578
32242,1-0446
32243,6-9656
32244,5-2899
32245,5-5729
32246,5-2980
32247,3-8104
32248,2-9830
32249,5-5549
32250,4-5758
32251,1-9038
32252,8-4114
32253,5-4609
32254,4-6477
32255,4-2692
32256,4-2769
32257,3-5299
32258,6-6119
32259,5-3379
32260,7-2531
32261,2-8916
32262,2-2795
32263,6-0720
32264,5-5563
32265,4-6472
32266,5-8540
32267,1-4823
32268,4-4996
32269,3-0009
32270,7-2203
32271,2-4363
32272,7-1094
32273,3-2156
32274,7-6052
32275,3-4842
32276,5-4311
32277,1-9431
32278,8-0967
32279,8-6607
32280,3-2732
32281,8-0789
32282,8-0106
32283,7-4441
32284,7-5777
32285,1-3748
32286,8-9652
32287,2-4450
32288,2-2084
32289,8-8719
32290,3-9959
32291,1-1899
32292,8-5058
32293,7-3073
32294,1-9247
32295,2-1855
32296,8-3257
32297,7-6801
32298,8-0585
32299,4-7601
32300,5-8185
32301,8-4701
32302,4-7883
32303,7-7669
32304,2-8255
32305,1-8027
32306,6-4588
32307,2-2085
32308,2-0517
32309,3-9160
32310,2-2163
32311,8-7040
32312,7-1519
32313,1-6976
32314,5-5805
32315,4-1244
32316,2-5590
32317,2-4492
32318,7-6337
32319,3-1798
32320,3-1489
32321,3-3050
32322,7-3867
32323,8-4868
32324,2-2426
32325,7-9485
32326,8-7639
32327,6-3645
32328,5-3951
32329,5-7697
32330,6-8006
32331,7-6452
32332,7-4204
32333,8-0503
32334,3-2631
32335,6-2163
32336,2-5050
32337,2-3062
32338,2-1305
32339,5-6497
32340,5-4594
32341,2-5652
32342,7-9871
32343,1-6955
32344,6-8053
32345,8-4208
32346,8-5977
32347,6-9746
32348,8-4207
32349,7-8303
32350,1-3368
32351,5-2692
32352,4-3464
32353,7-6477
32354,1-6207
32355,1-1344
32356,1-0411
32357,2-2607
32358,6-9225
32359,8-7633
32360,5-2554
32361,7-0175
32362,2-6757
32363,3-2728
32364,4-0858
32365,3-7122
32366,6-3544
32367,6-4742
32368,7-5629
32369,1-1776
32370,4-1140
32371,7-0825
32372,5-6735
32373,5-8396
32374,7-6846
32375,4-9336
32376,5-0326
32377,4-1869
32378,3-5518
32379,5-5861
32380,8-4655
32381,2-7211
32382,3-3151
32383,7-9481
32384,8-1061
32385,6-7148
32386,7-9281
32387,5-4886
32388,7-2145
32389,6-1167
32390,8-6317
32391,1-1212
32392,2-3392
32393,4-3597
32394,2-2203
32395,3-6488
32396,3-0109
32397,8-6038
32398,2-7707
32399,1-5069
32400,1-4369
32401,5-0068
32402,7-5435
32403,2-5646
32404,2-3476
32405,1-9759
32406,1-2470
32407,6-9104
32408,5-5221
32409,3-6848
32410,6-2820
32411,4-3114
32412,7-5452
32413,4-8941
32414,8-4116
32415,6-4025
32416,1-7020
32417,6-5996
32418,6-5640
32419,2-6264
32420,8-0896
32421,7-4790
32422,5-8785
32423,4-3966
32424,7-2846
32425,6-9085
32426,2-7889
32427,6-6372
32428,7-2282
32429,6-8348
32430,4-3614
32431,8-9232
32432,6-3611
32433,7-8742
32434,5-5424
32435,3-8213
32436,8-2533
32437,6-7156
32438,4-6260
32439,1-7831
32440,6-5165
32441,7-8259
32442,8-8387
32443,4-0369
32444,6-9760
32445,6-5353
32446,7-7313
32447,2-7009
32448,3-3692
32449,6-1470
32450,8-1175
32451,2-1588
32452,1-5597
32453,2-2490
32454,4-6183
32455,4-4161
32456,1-2879
32457,1-6170
32458,6-7633
32459,1-1488
32460,2-9296
32461,5-3557
32462,6-4110
32463,5-7984
32464,1-5201
32465,1-3805
32466,8-8861
32467,5-4496
32468,3-4150
32469,1-8098
32470,8-4314
32471,6-9009
32472,6-3507
32473,2-4693
32474,3-9489
32475,2-5279
32476,1-4136
32477,8-1617
32478,2-1677
32479,1-4195
32480,5-2865
32481,4-2849
32482,6-0122
32483,5-7072
32484,5-3644
32485,3-2245
32486,5-4762
32487,3-0091
32488,1-2729
32489,6-0460
32490,7-3536
32491,6-2452
32492,1-0546
32493,2-3688
32494,5-6840
32495,1-0813
32496,6-7866
32497,7-0637
32498,2-9994
32499,3-5332
32500,5-3510
32501,5-3364
32502,7-5479
32503,1-4346
32504,7-4565
32505,6-9128
32506,3-7916
32507,5-5474
32508,6-0123
32509,6-4851
32510,4-7478
32511,5-9321
32512,3-3394
32513,6-0586
32514,3-9579
32515,3-8399
32516,5-4207
32517,2-2117
32518,8-2633
32519,4-0787
32520,3-5698
32521,2-7561
32522,8-2760
32523,4-5647
32524,8-1020
32525,6-7325
32526,1-8635
32527,1-7314
32528,4-9869
32529,6-6369
32530,6-6736
32531,5-9087
32532,6-7958
32533,7-0651
32534,6-2607
32535,4-3161
32536,6-0723
32537,8-6023
32538,7-4775
32539,5-0576
32540,5-7471
32541,7-9043
32542,2-3553
32543,1-9987
32544,7-5053
32545,8-3506
32546,5-7838
32547,7-2249
32548,4-5975
32549,6-5334
32550,5-4275
32551,3-7182
32552,7-9473
32553,3-9638
32554,3-1636
32555,8-8315
32556,2-4122
32557,4-2758
32558,3-4464
32559,2-1920
32560,6-3181
32561,4-3274
32562,7-0552
32563,1-1831
32564,6-2224
32565,6-3868
32566,3-1212
32567,3-7387
32568,2-0127
32569,3-6984
32570,3-3750
32571,4-4387
32572,1-7714
32573,1-3644
32574,8-7731
32575,3-0765
32576,2-2199
32577,5-8446
32578,2-7951
32579,1-1399
32580,3-3075
32581,2-5617
32582,6-5791
32583,3-8581
32584,7-3743
32585,1-8958
32586,6-3724
32587,8-4867
32588,7-1409
32589,4-5681
32590,6-3909
32591,1-6514
32592,1-3656
32593,6-2937
32594,4-2368
32595,1-4977
32596,5-3215
32597,6-8033
32598,2-9126
32599,8-6057
32600,8-4625
32601,6-6042
32602,1-7794
32603,8-9787
32604,1-5302
32605,7-2950
32606,8-1089
32607,2-5563
32608,4-0712
32609,8-8884
32610,2-6889
32611,5-1746
32612,8-7818
32613,7-8717
32614,7-2974
32615,8-8247
32616,3-9979
32617,3-9923
32618,3-3763
32619,8-4958
32620,3-0785
32621,6-6763
32622,5-8699
32623,7-9164
32624,5-2128
32625,5-7926
32626,6-0922
32627,1-0853
32628,3-1929
32629,6-1796
32630,3-5612
32631,6-5218
32632,1-6957
32633,8-0119
32634,6-7045
32635,1-6490
32636,6-9433
32637,6-1022
32638,1-9635
32639,8-2441
32640,8-6593
32641,7-1484
32642,4-3676
32643,2-8816
32644,2-0721
32645,4-4099
32646,1-0309
32647,8-6374
32648,1-2630
32649,6-2810
32650,8-4528
32651,4-6367
32652,8-5184
32653,3-7074
32654,6-5518
32655,3-2475
32656,6-4605
32657,1-5108
32658,3-6234
32659,7-9159
32660,3-7596
32661,8-7549
32662,3-5894
32663,5-0747
32664,6-7756
32665,7-6584
32666,7-0430
32667,5-8970
32668,5-5564
32669,4-9586
32670,3-1502
32671,1-9263
32672,5-4372
32673,5-5652
32674,2-1289
32675,1-1421
32676,2-4852
32677,8-7743
32678,7-9691
32679,8-8392
32680,4-8536
32681,1-4353
32682,5-6977
32683,3-2213
32684,4-3537
32685,8-4356
32686,6-6710
32687,7-7045
32688,8-3309
32689,5-9576
32690,7-8655
32691,5-0631
32692,1-5394
32693,1-8203
32694,6-3217
32695,5-6625
32696,8-3469
32697,4-6627
32698,1-3162
32699,8-2114
32700,2-6742
32701,1-5464
32702,7-9670
32703,4-7287
32704,5-8291
32705,6-1483
32706,2-0106
32707,7-7318
32708,5-9562
32709,4-7726
32710,2-6419
32711,7-5052
32712,8-8703
32713,5-4421
32714,4-7717
32715,4-3644
32716,1-4601
32717,1-9741
32718,6-8280
32719,4-6997
32720,7-5876
32721,6-3745
32722,6-6144
32723,3-0567
32724,6-2020
32725,6-8381
32726,1-6624
32727,2-5984
32728,7-3476
32729,4-9935
32730,1-6690
32731,6-7361
32732,6-2308
32733,5-5504
32734,8-6438
32735,4-5817
32736,7-3114
32737,4-9247
32738,7-1408
32739,6-8041
32740,7-5192
32741,2-4199
32742,1-7485
32743,6-5385
32744,1-4848
32745,2-7983
32746,6-6557
32747,1-4749
32748,5-0751
32749,7-9032
32750,7-7999
32751,1-2285
32752,3-3492
32753,4-8129
32754,3-1748
32755,6-0191
32756,2-4124
32757,5-7294
32758,4-3992
32759,1-5576
32760,6-3768
32761,1-4457
32762,5-5254
32763,1-5360
32764,7-9555
32765,3-8058
32766,3-3503
32767,5-1841
32768,1-6530
32769,6-4520
32770,3-7436
32771,2-6585
32772,2-7626
32773,5-1997
32774,7-0346
32775,1-8399
32776,5-9713
32777,8-8496
32778,5-2520
32779,2-5967
32780,8-7258
32781,3-2731
32782,6-6701
32783,1-9657
32784,3-4726
32785,1-7406
32786,3-8892
32787,6-7950
32788,1-1883
32789,6-2472
32790,2-4989
32791,1-0137
32792,1-3339
32793,1-3465
32794,5-6496
32795,6-3660
32796,8-7613
32797,1-7043
32798,1-5728
32799,5-9829
32800,3-4898
32801,6-3712
32802,7-4916
32803,2-6870
32804,4-9102
32805,8-5206
32806,8-6542
32807,6-6731
32808,5-7991
32809,7-2432
32810,5-0085
32811,3-3180
32812,5-2406
32813,6-5168
32814,6-2905
32815,6-9103
32816,5-0998
32817,6-0449
32818,3-6749
32819,3-9229
32820,7-7251
32821,3-7740
32822,3-6737
32823,8-9973
32824,5-7459
32825,4-3323
32826,6-5519
32827,4-0643
32828,8-0735
32829,2-1136
32830,7-6511
32831,1-7698
32832,2-3821
32833,7-5180
32834,7-4145
32835,2-0657
32836,4-0745
32837,2-7657
32838,2-1380
32839,6-4232
32840,4-0025
32841,6-3334
32842,5-6876
32843,1-7015
32844,4-6538
32845,2-5499
32846,7-2712
32847,6-3266
32848,1-9649
32849,6-2512
32850,7-9216
32851,5-5521
32852,7-1324
32853,8-3143
32854,4-9126
32855,3-7840
32856,4-2885
32857,5-6637
32858,8-4021
32859,5-2511
32860,1-5628
32861,6-2880
32862,8-8749
32863,7-2914
32864,7-3844
32865,6-5897
32866,7-8855
32867,8-3810
32868,7-5877
32869,1-1519
32870,7-1157
32871,4-2253
32872,2-0863
32873,5-9452
32874,1-4306
32875,4-9202
32876,6-1434
32877,6-7745
32878,7-6700
32879,8-1041
32880,6-3751
32881,3-8407
32882,6-7412
32883,8-5056
32884,1-0085
32885,7-7531
32886,8-0359
32887,1-7825
32888,4-4870
32889,8-8726
32890,6-5215
32891,4-9843
32892,3-5327
32893,6-4180
32894,8-4500
32895,8-0995
32896,8-6986
32897,1-6142
32898,6-2431
32899,4-2778
32900,7-2869
32901,6-1804
32902,4-7982
32903,7-7130
32904,3-4960
32905,1-6924
32906,4-9657
32907,6-5028
32908,4-8707
32909,5-6869
32910,1-1366
32911,6-9288
32912,3-1969
32913,7-7175
32914,4-7302
32915,4-9256
32916,5-6082
32917,4-2546
32918,1-1507
32919,1-5047
32920,6-3491
32921,4-3724
32922,3-2946
32923,3-1177
32924,8-7020
32925,5-7164
32926,7-1264
32927,6-6705
32928,6-3877
32929,4-4962
32930,4-0569
32931,6-5746
32932,5-7453
32933,8-6328
32934,4-1816
32935,7-0895
32936,5-4487
32937,3-5248
32938,8-4702
32939,7-5507
32940,3-6267
32941,1-7633
32942,4-1392
32943,5-4583
32944,5-5726
32945,1-6475
32946,1-6473
32947,3-6363
32948,1-9494
32949,4-4410
32950,4-6153
32951,6-9886
32952,8-6383
32953,1-0189
32954,3-8209
32955,5-3272
32956,5-2532
32957,7-1375
32958,1-8920
32959,7-4230
32960,8-5796
32961,3-8054
32962,7-1785
32963,8-4463
32964,6-4332
32965,2-5138
32966,4-7741
32967,4-5674
32968,5-6746
32969,4-1766
32970,1-7455
32971,2-4734
32972,6-2376
32973,2-2135
32974,3-9713
32975,4-7272
32976,6-7410
32977,3-8067
32978,4-7721
32979,2-5857
32980,2-8600
32981,6-0058
32982,1-8463
32983,4-2025
32984,5-7318
32985,6-8767
32986,7-5925
32987,8-8836
32988,5-4544
32989,2-7345
32990,2-9617
32991,1-0824
32992,8-3607
32993,3-0338
32994,6-8259
32995,8-4961
32996,1-0885
32997,7-1233
32998,2-8191
32999,3-4225
33000,2-5151
33001,7-6510
33002,8-9746
33003,4-5966
33004,8-1233
33005,8-2417
33006,5-1251
33007,4-0202
33008,5-0059
33009,5-6861
33010,1-2444
33011,4-6252
33012,4-1712
33013,1-9819
33014,3-6977
33015,7-9589
33016,8-0254
33017,2-3734
33018,2-6615
33019,1-2457
33020,1-4562
33021,7-0062
33022,4-6223
33023,3-1541
33024,5-8956
33025,1-9057
33026,4-6606
33027,4-9266
33028,8-6464
33029,6-3023
33030,5-9892
33031,8-5913
33032,4-0142
33033,4-1347
33034,5-8951
33035,5-7060
33036,7-8071
33037,1-1382
33038,1-2007
33039,4-0979
33040,8-3673
33041,6-5693
33042,6-0600
33043,5-8062
33044,7-3653
33045,8-5460
33046,7-2363
33047,4-7173
33048,8-1237
33049,8-8747
33050,4-2611
33051,8-6139
33052,4-2163
33053,7-4632
33054,3-2072
33055,6-1000
33056,7-1957
33057,8-3247
33058,8-9305
33059,6-6909
33060,2-9552
33061,3-5380
33062,4-3868
33063,1-1752
33064,6-9495
33065,3-1677
33066,4-0391
33067,3-8665
33068,5-7252
33069,7-7990
33070,7-1241
33071,5-0328
33072,5-8559
33073,6-6549
33074,5-5334
33075,3-3013
33076,7-1291
33077,1-4339
33078,6-0943
33079,4-9107
33080,3-7626
33081,5-1346
33082,2-4421
33083,8-1069
33084,5-0418
33085,2-5421
33086,8-2445
33087,6-4669
33088,1-1874
33089,2-7613
33090,5-7509
33091,3-0880
33092,5-8327
33093,8-0873
33094,7-0193
33095,8-7762
33096,1-0857
33097,5-9095
33098,4-2218
33099,5-8536
33100,6-9134
33101,1-7816
33102,8-3283
33103,6-2484
33104,1-7800
33105,3-6865
33106,4-9234
33107,2-5377
33108,1-4470
33109,1-4226
33110,6-8151
33111,2-1581
33112,6-2949
33113,6-0294
33114,3-4657
33115,7-7674
33116,5-9622
33117,2-9787
33118,8-6587
33119,8-6046
33120,4-5077
33121,8-7394
33122,1-9035
33123,6-4561
33124,7-2678
33125,7-3236
33126,7-7435
33127,4-8638
33128,2-8902
33129,6-3934
33130,1-5065
33131,6-5604
33132,2-4681
33133,2-6788
33134,1-0181
33135,6-2737
33136,3-2764
33137,8-6870
33138,2-8662
33139,5-8136
33140,6-7220
33141,2-0308
33142,3-2961
33143,7-6227
33144,7-4972
33145,7-5483
33146,6-9287
33147,5-0194
33148,6-8449
33149,6-4405
33150,4-0186
33151,8-5992
33152,8-1669
33153,3-5587
33154,8-5594
33155,1-0144
33156,2-9002
33157,7-9419
33158,1-2662
33159,4-6562
33160,4-4403
33161,3-1217
33162,5-6533
33163,5-9314
33164,4-1022
33165,7-4248
33166,4-2904
33167,5-2585
33168,3-3609
33169,2-9294
33170,6-1821
33171,2-5125
33172,1-7866
33173,6-4475
33174,7-9731
33175,7-0206
33176,6-3194
33177,1-4478
33178,4-5763
33179,4-9131
33180,3-5597
33181,6-1911
33182,3-8418
33183,5-8751
33184,5-2818
33185,4-8509
33186,4-2709
33187,3-3125
33188,4-1404
33189,6-1762
33190,2-3889
33191,6-6486
33192,5-4542
33193,7-7443
33194,4-7183
33195,3-6553
33196,7-4986
33197,6-4338
33198,6-8017
33199,7-1580
33200,5-0717
33201,5-6784
33202,2-4960
33203,1-3555
33204,1-9755
33205,3-4351
33206,1-6607
33207,5-8476
33208,2-5129
33209,6-1868
33210,2-3947
33211,4-7235
33212,6-5538
33213,7-7237
33214,1-2803
33215,2-1315
33216,6-7301
33217,3-6052
33218,2-9575
33219,8-0990
33220,8-9035
33221,4-4829
33222,7-4055
33223,5-4598
33224,7-7510
33225,5-2559
33226,2-6800
33227,1-8063
33228,8-3605
33229,4-7581
33230,6-7883
33231,3-5699
33232,1-5168
33233,5-4405
33234,5-6385
33235,7-9807
33236,7-0349
33237,6-3378
33238,8-2036
33239,7-9756
33240,7-2306
33241,4-9673
33242,3-6527
33243,6-0561
33244,2-8717
33245,7-1453
33246,3-8919
33247,2-5686
33248,6-4497
33249,6-6727
33250,8-9362
33251,3-9994
33252,1-9502
33253,3-8898
33254,6-7310
33255,6-2564
33256,3-3801
33257,2-5369
33258,3-2773
33259,2-1246
33260,1-7853
33261,5-1029
33262,2-1440
33263,8-6257
33264,2-7255
33265,2-3990
33266,8-1423
33267,4-9778
33268,2-3554
33269,6-9564
33270,7-2604
33271,5-2834
33272,5-5388
33273,6-9442
33274,5-8735
33275,8-7299
33276,5-6132
33277,3-3037
33278,2-1689
33279,4-4541
33280,2-0987
33281,5-7234
33282,4-0424
33283,7-5754
33284,2-7122
33285,1-3673
33286,4-9770
33287,8-0290
33288,7-9662
33289,5-7689
33290,2-5669
33291,1-2250
33292,1-4374
33293,2-6433
33294,1-8623
33295,2-3266
33296,6-0980
33297,6-7826
33298,8-3217
33299,6-7139
33300,4-2094
33301,5-0572
33302,7-1470
33303,1-7408
33304,5-6505
33305,2-0243
33306,1-9568
33307,6-4714
33308,6-6229
33309,2-1650
33310,4-8178
33311,4-9794
33312,1-3895
33313,6-1086
33314,6-4819
33315,4-8169
33316,7-7727
33317,3-2111
33318,5-8239
33319,2-6320
33320,4-6587
33321,6-4701
33322,1-3982
33323,1-6860
33324,1-6231
33325,2-9474
33326,4-4768
33327,7-7734
33328,4-2521
33329,4-2929
33330,3-6839
33331,3-3652
33332,4-8207
33333,7-2824
33334,4-4485
33335,3-3177
33336,7-8225
33337,8-0358
33338,4-6138
33339,7-9420
33340,7-5824
33341,5-2314
33342,2-3341
33343,3-8084
33344,1-1081
33345,7-9305
33346,3-5065
33347,8-8267
33348,8-6634
33349,7-9559
33350,4-3428
33351,1-9809
33352,8-7066
33353,7-2354
33354,5-0449
33355,3-0861
33356,1-7198
33357,1-4986
33358,3-5161
33359,7-0244
33360,2-3347
33361,8-8492
33362,5-8078
33363,7-8714
33364,3-8480
33365,1-4006
33366,3-2857
33367,2-8788
33368,7-0509
33369,1-0161
33370,5-4076
33371,5-8335
33372,4-1943
33373,2-7936
33374,3-9977
33375,2-0032
33376,5-3978
33377,5-5010
33378,5-3796
33379,4-7379
33380,3-9085
33381,4-0224
33382,4-1795
33383,6-0741
33384,7-9160
33385,3-0463
33386,2-3788
33387,7-8739
33388,2-5361
33389,6-5315
33390,5-6012
33391,1-8594
33392,6-2019
33393,6-1919
33394,2-5078
33395,5-8360
33396,4-8293
33397,1-5716
33398,7-6216
33399,3-3565
33400,2-2219
33401,5-7727
33402,6-1433
33403,5-4339
33404,8-0438
33405,4-5673
33406,4-6868
33407,1-1412
33408,3-1469
33409,8-3060
33410,8-3665
33411,2-0998
33412,1-3893
33413,3-6944
33414,4-6671
33415,3-1308
33416,2-2817
33417,1-4761
33418,3-7254
33419,1-2964
33420,4-2409
33421,4-9791
33422,7-4202
33423,1-1314
33424,3-6957
33425,4-5028
33426,8-8889
33427,7-6455
33428,4-0560
33429,5-5841
33430,1-9659
33431,4-4263
33432,2-4514
33433,8-5017
33434,6-1773
33435,1-9133
33436,6-4415
33437,1-7758
33438,7-4903
33439,2-9650
33440,1-7925
33441,2-5020
33442,1-8895
33443,8-1661
33444,3-0299
33445,8-2132
33446,2-4944
33447,7-8587
33448,4-1157
33449,7-2570
33450,4-2732
33451,1-4125
33452,3-6306
33453,8-7890
33454,6-1329
33455,3-7405
33456,5-8618
33457,5-4397
33458,6-3825
33459,8-0211
33460,3-6550
33461,1-5654
33462,4-8115
33463,2-7472
33464,3-8783
33465,3-1687
33466,4-4965
33467,5-5869
33468,6-9714
33469,3-4787
33470,6-6870
33471,2-0076
33472,3-6480
33473,1-1975
33474,3-1427
33475,3-4740
33476,8-7162
33477,3-9685
33478,2-1008
33479,8-6270
33480,5-3240
33481,6-7053
33482,3-7657
33483,8-5927
33484,6-3294
33485,8-4709
33486,1-2315
33487,7-8688
33488,3-0269
33489,2-1649
33490,6-5691
33491,6-2838
33492,2-7757
33493,3-3307
33494,4-7812
33495,8-1950
33496,7-6235
33497,8-1916
33498,5-4688
33499,7-1724
33500,2-1294
33501,1-3607
33502,3-0955
33503,8-9061
33504,2-7477
33505,6-8645
33506,4-1463
33507,7-6622
33508,5-5593
33509,5-0785
33510,8-7397
33511,5-6335
33512,6-2975
33513,4-3156
33514,5-8322
33515,8-7289
33516,3-1849
33517,8-2369
33518,1-2552
33519,2-9931
33520,1-3075
33521,2-5042
33522,7-2701
33523,6-7078
33524,2-8634
33525,4-4416
33526,8-6878
33527,8-4050
33528,5-3352
33529,2-3939
33530,6-7885
33531,5-5745
33532,3-5091
33533,7-9167
33534,5-5486
33535,3-2578
33536,5-8579
33537,5-2256
33538,4-4758
33539,4-8616
33540,1-0678
33541,3-0425
33542,4-4055
33543,3-8635
33544,8-1185
33545,1-1716
33546,6-7999
33547,1-4786
33548,7-4836
33549,8-3477
33550,8-8897
33551,1-9678
33552,1-3823
33553,3-7983
33554,6-1891
33555,7-4541
33556,5-5378
33557,5-6259
33558,6-5374
33559,2-7649
33560,7-2990
33561,8-8491
33562,8-3532
33563,6-0770
33564,4-0063
33565,8-7603
33566,7-0449
33567,8-4495
33568,5-8212
33569,2-2256
33570,7-5678
33571,8-3991
33572,6-1247
33573,4-6098
33574,5-1856
33575,3-4035
33576,3-5846
33577,2-1555
33578,2-4556
33579,4-3623
33580,1-9145
33581,4-3660
33582,3-7189
33583,8-4449
33584,5-4376
33585,2-0743
33586,6-1601
33587,7-1376
33588,1-0543
33589,8-8553
33590,8-8204
33591,8-1352
33592,8-4885
33593,3-1607
33594,1-3331
33595,5-2892
33596,2-1390
33597,7-9802
33598,7-3483
33599,8-1477
33600,1-9999
33601,2-7039
33602,1-5827
33603,4-3952
33604,5-0729
33605,4-6011
33606,6-8010
33607,1-4796
33608,3-7604
33609,8-9250
33610,6-5026
33611,8-0787
33612,8-2251
33613,4-6408
33614,5-8438
33615,6-0249
33616,7-8401
33617,4-8869
33618,1-2836
33619,7-0799
33620,8-3947
33621,7-8597
33622,3-9652
33623,6-6016
33624,8-5156
33625,2-5969
33626,4-5487
33627,4-1758
33628,7-5461
33629,5-5071
33630,4-2682
33631,5-4064
33632,3-1148
33633,3-4822
33634,4-0187
33635,3-7210
33636,8-4993
33637,6-0709
33638,2-1785
33639,5-1160
33640,2-2770
33641,1-3777
33642,6-1401
33643,8-8794
33644,7-4660
33645,5-7040
33646,5-7347
33647,3-4903
33648,3-1842
33649,3-2341
33650,3-8073
33651,2-5197
33652,5-5284
33653,3-3161
33654,7-1030
33655,6-4206
33656,3-2088
33657,8-7249
33658,3-9881
33659,6-1054
33660,7-0219
33661,8-2050
33662,6-2965
33663,3-3058
33664,2-3398
33665,3-2158
33666,7-5284
33667,3-7802
33668,8-1816
33669,3-9128
33670,5-3145
33671,2-2224
33672,3-6926
33673,7-8613
33674,5-2174
33675,1-9536
33676,2-6147
33677,6-3388
33678,3-1713
33679,4-8015
33680,7-4886
33681,5-7362
33682,5-4411
33683,7-2821
33684,3-3095
33685,1-5691
33686,3-0743
33687,6-9219
33688,8-1709
33689,1-5984
33690,3-3133
33691,8-8062
33692,2-8770
33693,6-8931
33694,8-0614
33695,4-7765
33696,8-8714
33697,6-6359
33698,5-7456
33699,8-4966
33700,3-5819
33701,8-9927
33702,7-7442
33703,2-3815
33704,4-6830
33705,2-4678
33706,5-3851
33707,1-6121
33708,2-7313
33709,1-8452
33710,3-6422
33711,1-3157
33712,5-4570
33713,3-6196
33714,6-3364
33715,6-5192
33716,6-3926
33717,3-8496
33718,8-3964
33719,1-5096
33720,8-4595
33721,4-1774
33722,8-1080
33723,5-8027
33724,8-4791
33725,5-1459
33726,7-7007
33727,3-0918
33728,3-9738
33729,8-5969
33730,1-9253
33731,5-3808
33732,8-0629
33733,2-7028
33734,7-7166
33735,8-0716
33736,4-4411
33737,7-8803
33738,2-2492
33739,6-2733
33740,2-4365
33741,7-7162
33742,6-7714
33743,3-5806
33744,2-4778
33745,2-7501
33746,1-7974
33747,8-8858
33748,4-3263
33749,3-8252
33750,6-8525
33751,7-8639
33752,2-7497
33753,7-8270
33754,5-5821
33755,5-9779
33756,5-6367
33757,5-0071
33758,6-5856
33759,1-0792
33760,3-2216
33761,7-8162
33762,3-2996
33763,3-1046
33764,7-8093
33765,2-1257
33766,2-4230
33767,3-3896
33768,8-2630
33769,2-7714
33770,5-9422
33771,6-2304
33772,8-6658
33773,3-7752
33774,3-0851
33775,4-1525
33776,8-3590
33777,6-1841
33778,1-2471
33779,2-7697
33780,5-9049
33781,3-3890
33782,4-7297
33783,8-7565
33784,4-0310
33785,1-3224
33786,5-7631
33787,6-9661
33788,8-1234
33789,4-3700
33790,6-9526
33791,6-0397
33792,7-1980
33793,1-7313
33794,5-9082
33795,1-8009
33796,1-6894
33797,1-3991
33798,2-8979
33799,1-5887
33800,2-3979
33801,1-3771
33802,7-2804
33803,5-4283
33804,4-7188
33805,6-4135
33806,5-2094
33807,4-9175
33808,6-8331
33809,3-0670
33810,3-9864
33811,7-2585
33812,6-3548
33813,6-5450
33814,5-8961
33815,6-3852
33816,5-0961
33817,6-4043
33818,3-5043
33819,4-5192
33820,4-8912
33821,4-4040
33822,1-0656
33823,6-5931
33824,6-3908
33825,3-9801
33826,5-5886
33827,1-4363
33828,1-0223
33829,3-4844
33830,5-3669
33831,3-4208
33832,5-3035
33833,8-4302
33834,3-5970
33835,3-9561
33836,4-0272
33837,4-9035
33838,8-8222
33839,4-0511
33840,2-2330
33841,1-4058
33842,7-2182
33843,2-7594
33844,6-0141
33845,2-6754
33846,1-1435
33847,8-2710
33848,1-4844
33849,8-9669
33850,5-5343
33851,7-5868
33852,8-3831
33853,2-4302
33854,5-3271
33855,3-9357
33856,7-9211
33857,7-0230
33858,6-4113
33859,8-7445
33860,5-5329
33861,4-7076
33862,1-4669
33863,1-2195
33864,2-9998
33865,1-9685
33866,6-4198
33867,3-5528
33868,6-4503
33869,1-5230
33870,6-6108
33871,5-3288
33872,7-5436
33873,8-5702
33874,8-2365
33875,3-8269
33876,1-1169
33877,5-1458
33878,6-6098
33879,3-1035
33880,1-6093
33881,5-0849
33882,4-5822
33883,1-6517
33884,4-7977
33885,7-4247
33886,3-7026
33887,6-4646
33888,8-4023
33889,4-0886
33890,2-3320
33891,1-4291
33892,2-6051
33893,1-0183
33894,7-4935
33895,2-3136
33896,5-7183
33897,2-8232
33898,7-0213
33899,3-4639
33900,8-6744
33901,2-4104
33902,2-5579
33903,6-0275
33904,5-9457
33905,5-1139
33906,4-0803
33907,8-8286
33908,5-7179
33909,3-9187
33910,6-4751
33911,6-0071
33912,1-0673
33913,7-5495
33914,7-6535
33915,8-7836
33916,4-3779
33917,1-3907
33918,3-3839
33919,7-0454
33920,4-6348
33921,7-5313
33922,2-0238
33923,1-6726
33924,8-1120
33925,8-7047
33926,8-7853
33927,5-8940
33928,5-0154
33929,4-9580
33930,8-1018
33931,4-1133
33932,1-5660
33933,5-7253
33934,7-3177
33935,1-1833
33936,5-0689
33937,6-4292
33938,2-8599
33939,1-3971
33940,1-2307
33941,4-1870
33942,8-6039
33943,7-2786
33944,8-0749
33945,6-2545
33946,2-0145
33947,2-7516
33948,1-8531
33949,3-7255
33950,2-0019
33951,1-3647
33952,5-3304
33953,5-1665
33954,7-2778
33955,7-2548
33956,4-3517
33957,6-0808
33958,3-0575
33959,7-1415
33960,5-8865
33961,7-6813
33962,5-4864
33963,1-4724
33964,2-2147
33965,6-1101
33966,2-8175
33967,6-3312
33968,1-2098
33969,3-7625
33970,8-7545
33971,4-3688
33972,6-5588
33973,2-0241
33974,6-6235
33975,5-1651
33976,8-1457
33977,7-5746
33978,3-7249
33979,1-6613
33980,3-6404
33981,8-0543
33982,2-0498
33983,6-6399
33984,6-8131
33985,4-4126
33986,3-2998
33987,2-4202
33988,3-4678
33989,8-3089
33990,5-0262
33991,5-1991
33992,4-4752
33993,5-3212
33994,8-5084
33995,7-9914
33996,3-2352
33997,2-9118
33998,5-5680
33999,3-5974
34000,7-8435
34001,2-1223
34002,2-1740
34003,2-6767
34004,8-8936
34005,3-6171
34006,5-5541
34007,2-4710
34008,4-2706
34009,4-7317
34010,4-5802
34011,6-3164
34012,7-8910
34013,2-5943
34014,3-1861
34015,5-3766
34016,7-2517
34017,3-6888
34018,2-0716
34019,3-7234
34020,6-8366
34021,3-7474
34022,1-5320
34023,4-6468
34024,8-3883
34025,1-6689
34026,3-0243
34027,1-0839
34028,6-1665
34029,1-2693
34030,1-5429
34031,8-7876
34032,8-4580
34033,5-8673
34034,3-2455
34035,1-2601
34036,4-8816
34037,3-3000
34038,7-6517
34039,1-5929
34040,7-1486
34041,1-4573
34042,2-8724
34043,4-5047
34044,4-0863
34045,4-1988
34046,5-7340
34047,7-2643
34048,8-3579
34049,6-4094
34050,7-7339
34051,7-3590
34052,3-6939
34053,1-2150
34054,6-1542
34055,2-6601
34056,7-0312
34057,4-0358
34058,1-7398
34059,8-1241
34060,8-3280
34061,8-9926
34062,3-9363
34063,1-5918
34064,3-3818
34065,5-8250
34066,3-8967
34067,2-6110
34068,2-2027
34069,2-5145
34070,8-6580
34071,1-3143
34072,5-2771
34073,2-9990
34074,7-2497
34075,8-8944
34076,7-9413
34077,5-4348
34078,8-3582
34079,8-0439
34080,3-2747
34081,7-3419
34082,4-7856
34083,1-6925
34084,1-1608
34085,8-1126
34086,7-8409
34087,3-3616
34088,1-5177
34089,5-6256
34090,8-8954
34091,7-0530
34092,6-4719
34093,4-3520
34094,1-7893
34095,4-3927
34096,2-6677
34097,1-5203
34098,5-2501
34099,6-7780
34100,4-7889
34101,7-9150
34102,1-2017
34103,3-8110
34104,5-9155
34105,1-9134
34106,1-5720
34107,7-6291
34108,6-9913
34109,4-2157
34110,1-7404
34111,8-7666
34112,1-2363
34113,3-7534
34114,3-8201
34115,5-2459
34116,1-2801
34117,8-4621
34118,2-7853
34119,6-7115
34120,4-0875
34121,5-9076
34122,8-1220
34123,7-0752
34124,5-5429
34125,1-4797
34126,3-6530
34127,5-3256
34128,4-9245
34129,8-5448
34130,8-2905
34131,6-7857
34132,5-0329
34133,6-7354
34134,5-8990
34135,7-1983
34136,8-2672
34137,2-9025
34138,3-0665
34139,3-6282
34140,5-3704
34141,6-5663
34142,4-5079
34143,1-4583
34144,8-1152
34145,5-2614
34146,8-9662
34147,4-2587
34148,4-2767
34149,7-7157
34150,8-5826
34151,1-9485
34152,2-7538
34153,7-2253
34154,8-5588
34155,3-0085
34156,7-0333
34157,2-8369
34158,5-0952
34159,2-8457
34160,2-9421
34161,7-8264
34162,7-5942
34163,5-9396
34164,6-2486
34165,1-5511
34166,5-0582
34167,8-3794
34168,3-2771
34169,3-2354
34170,5-3582
34171,2-0020
34172,4-9421
34173,4-5591
34174,6-4205
34175,5-1780
34176,6-1881
34177,1-8844
34178,5-2673
34179,5-5930
34180,1-3406
34181,1-9302
34182,2-8771
34183,3-6134
34184,8-8010
34185,7-1343
34186,1-4454
34187,1-6097
34188,3-7861
34189,4-3048
34190,2-8157
34191,3-5052
34192,3-7310
34193,3-0181
34194,8-0121
34195,1-5903
34196,6-1090
34197,3-1693
34198,3-0441
34199,7-4839
34200,2-8548
34201,5-8914
34202,2-6662
34203,8-5608
34204,7-4323
34205,1-2913
34206,1-3015
34207,6-6448
34208,7-9527
34209,2-6466
34210,7-6708
34211,4-2151
34212,1-6535
34213,5-1435
34214,8-3851
34215,3-8560
34216,8-0339
34217,5-8050
34218,3-4247
34219,1-3086
34220,1-4396
34221,7-2899
34222,4-1925
34223,4-3337
34224,1-8926
34225,4-2506
34226,8-4682
34227,4-8963
34228,2-6342
34229,2-0028
34230,5-4393
34231,3-9656
34232,8-4437
34233,3-5124
34234,8-6938
34235,8-1674
34236,5-6575
34237,6-0143
34238,1-2627
34239,7-8864
34240,7-4888
34241,3-0022
34242,4-7115
34243,5-9424
34244,8-4421
34245,2-9589
34246,2-7828
34247,8-8378
34248,5-9122
34249,7-1578
34250,6-1783
34251,2-4896
34252,6-7742
34253,5-6460
34254,4-0990
34255,3-5471
34256,5-1635
34257,5-0311
34258,5-9720
34259,6-0027
34260,4-6125
34261,5-8857
34262,1-0500
34263,4-9436
34264,4-8369
34265,2-2774
34266,2-9089
34267,1-2887
34268,8-3568
34269,7-3684
34270,2-1699
34271,7-2998
34272,7-6135
34273,3-2392
34274,3-2424
34275,4-8378
34276,4-1776
34277,7-9062
34278,7-2617
34279,2-5557
34280,3-4318
34281,6-4244
34282,8-8039
34283,3-0938
34284,5-0212
34285,3-3933
34286,8-3548
34287,2-6649
34288,4-3546
34289,6-0415
34290,4-1889
34291,6-4450
34292,1-7153
34293,3-6731
34294,4-8667
34295,2-2690
34296,2-9939
34297,8-8506
34298,4-4960
34299,6-8374
34300,8-5018
34301,2-1217
34302,8-6613
34303,3-2226
34304,4-7853
34305,8-6178
34306,6-3861
34307,1-5481
34308,4-5262
34309,7-9932
34310,3-0615
34311,2-2705
34312,6-5253
34313,1-9214
34314,6-4962
34315,1-7888
34316,4-5300
34317,8-6381
34318,1-3227
34319,8-3250
34320,6-7658
34321,7-2909
34322,4-7899
34323,5-3913
34324,6-0343
34325,2-7641
34326,3-2919
34327,8-2731
34328,8-9212
34329,4-4296
34330,5-5111
34331,1-8022
34332,3-0998
34333,4-2522
34334,8-7179
34335,6-0515
34336,8-8147
34337,3-1959
34338,3-9027
34339,3-3548
34340,7-7194
34341,2-1449
34342,4-1704
34343,6-0690
34344,7-3632
34345,3-8522
34346,7-5397
34347,6-3495
34348,2-7835
34349,8-8405
34350,1-7339
34351,3-8090
34352,7-0504
34353,2-5911
34354,4-5964
34355,5-6985
34356,5-8281
34357,7-6374
34358,8-3144
34359,2-6010
34360,6-8222
34361,1-2624
34362,6-4757
34363,1-7311
34364,7-8625
34365,1-1150
34366,2-7384
34367,2-3753
34368,2-9679
34369,7-1850
34370,7-5941
34371,6-8938
34372,4-8701
34373,4-9185
34374,4-8764
34375,7-1014
34376,2-4200
34377,6-8300
34378,3-4683
34379,4-4063
34380,7-8248
34381,6-7391
34382,7-7835
34383,8-4491
34384,7-1158
34385,8-8777
34386,7-6166
34387,8-9573
34388,7-6411
34389,2-0235
34390,5-0116
34391,5-3434
34392,6-7449
34393,5-1550
34394,2-3614
34395,7-5164
34396,7-3058
34397,5-1904
34398,7-1944
34399,4-9627
34400,3-0625
34401,6-6729
34402,3-7536
34403,4-7105
34404,7-7060
34405,6-5955
34406,2-6149
34407,4-7703
34408,5-2400
34409,2-9155
34410,4-2805
34411,5-7617
34412,1-7663
34413,5-9451
34414,7-9098
34415,5-8600
34416,5-4455
34417,7-0125
34418,2-7329
34419,5-5824
34420,7-4291
34421,3-6892
34422,4-8419
34423,4-9773
34424,8-4326
34425,1-5988
34426,6-4230
34427,7-6372
34428,6-8281
34429,2-3091
34430,4-7186
34431,3-0543
34432,2-9876
34433,1-3527
34434,3-5925
34435,2-7608
34436,3-6130
34437,4-6953
34438,7-3685
34439,5-5947
34440,1-1517
34441,7-3315
34442,5-3156
34443,2-6642
34444,6-0979
34445,7-1229
34446,8-2092
34447,6-2113
34448,2-4522
34449,1-4736
34450,3-6645
34451,7-7541
34452,8-1955
34453,1-1106
34454,6-2198
34455,7-4326
34456,1-2610
34457,4-0461
34458,6-9811
34459,1-8942
34460,4-7265
34461,6-5658
34462,3-9114
34463,7-3410
34464,8-8223
34465,4-9937
34466,2-9486
34467,3-9911
34468,4-0015
34469,8-5516
34470,4-3128
34471,1-6591
34472,4-6978
34473,1-9123
34474,4-1896
34475,5-7090
34476,6-5166
34477,3-7560
34478,8-7238
34479,4-0283
34480,7-3028
34481,6-8152
34482,6-5521
34483,7-7706
34484,7-7207
34485,2-4768
34486,7-9310
34487,8-7927
34488,5-7176
34489,4-3923
34490,4-3584
34491,1-7966
34492,3-1559
34493,1-3571
34494,6-5256
34495,5-3844
34496,2-0729
34497,6-2921
34498,2-9028
34499,6-2361
34500,5-8148
34501,2-5365
34502,5-2042
34503,3-2034
34504,7-9767
34505,7-0572
34506,6-0318
34507,2-0340
34508,5-0302
34509,7-8240
34510,5-4205
34511,2-0370
34512,6-2848
34513,1-4631
34514,3-2310
34515,7-3596
34516,5-8512
34517,8-1579
34518,7-0254
34519,5-2369
34520,2-8923
34521,5-0615
34522,1-9506
34523,1-3079
34524,1-9463
34525,1-9279
34526,8-5407
34527,1-2718
34528,5-7436
34529,3-4459
34530,3-9528
34531,4-8351
34532,3-5621
34533,3-5795
34534,2-9995
34535,4-4932
34536,2-3848
34537,3-7445
34538,6-1320
34539,6-0619
34540,6-1252
34541,4-9477
34542,5-8270
34543,4-3677
34544,3-6409
34545,8-2108
34546,5-0491
34547,5-3631
34548,4-1126
34549,5-1773
34550,8-5080
34551,3-7950
34552,6-0841
34553,7-8775
34554,8-7406
34555,1-1873
34556,1-5393
34557,3-8255
34558,2-8124
34559,3-6193
34560,1-9544
34561,8-0517
34562,3-3236
34563,7-7243
34564,3-4099
34565,2-7025
34566,8-5228
34567,1-5117
34568,5-9063
34569,8-5239
34570,8-9475
34571,6-2425
34572,4-1064
34573,1-4098
34574,2-1623
34575,2-0700
34576,6-2379
34577,8-3540
34578,7-9383
34579,1-4971
34580,8-6435
34581,7-0153
34582,8-4032
34583,6-9902
34584,4-5003
34585,1-7896
34586,2-0492
34587,7-0596
34588,2-9349
34589,3-5939
34590,1-1405
34591,4-2462
34592,5-9287
34593,1-0263
34594,3-1241
34595,3-4619
34596,8-6069
34597,5-6841
34598,5-5495
34599,6-2757
34600,7-2636
34601,1-5270
34602,7-5853
34603,4-3830
34604,3-0391
34605,2-6750
34606,2-7179
34607,7-7261
34608,2-0347
34609,3-5249
34610,2-3603
34611,4-4016
34612,1-8309
34613,1-3865
34614,4-1877
34615,1-1759
34616,2-2947
34617,7-0217
34618,6-2455
34619,1-6401
34620,4-9146
34621,5-2611
34622,3-6219
34623,5-0588
34624,1-7636
34625,7-4654
34626,5-2743
34627,5-1190
34628,1-5568
34629,5-1913
34630,8-9303
34631,4-0315
34632,2-6166
34633,7-4487
34634,8-9827
34635,7-7555
34636,1-5367
34637,5-8570
34638,8-6949
34639,5-3270
34640,8-8605
34641,4-5874
34642,1-2200
34643,4-1309
34644,4-1640
34645,2-2973
34646,6-3464
34647,8-4363
34648,3-3709
34649,7-8411
34650,5-4679
34651,7-6044
34652,2-4605
34653,3-0228
34654,3-4773
34655,6-9293
34656,1-3757
34657,6-6121
34658,2-6609
34659,4-8744
34660,4-6650
34661,4-5857
34662,6-5077
34663,3-6185
34664,7-2981
34665,1-5114
34666,4-5730
34667,6-8023
34668,8-4504
34669,3-1668
34670,2-7700
34671,1-8655
34672,7-8524
34673,6-1668
34674,6-4767
34675,3-7317
34676,6-4946
34677,6-9812
34678,7-0215
34679,7-3428
34680,7-7634
34681,4-9080
34682,8-8868
34683,5-2322
34684,5-3456
34685,7-6437
34686,2-9693
34687,7-1816
34688,7-6842
34689,3-0285
34690,6-0731
34691,6-6574
34692,8-5821
34693,7-0144
34694,5-6724
34695,7-5237
34696,1-8561
34697,6-1173
34698,2-4227
34699,1-0016
34700,4-7801
34701,4-2837
34702,7-3411
34703,4-2168
34704,1-7140
34705,7-2144
34706,4-8931
34707,5-9706
34708,7-0718
34709,7-1418
34710,2-8843
34711,1-9261
34712,6-3246
34713,1-3873
34714,7-1045
34715,2-4747
34716,5-6852
34717,4-7065
34718,5-5342
34719,1-1889
34720,7-7120
34721,1-8508
34722,6-7839
34723,5-6548
34724,2-3102
34725,3-2294
34726,3-4861
34727,8-4991
34728,2-3041
34729,4-8427
34730,1-5303
34731,7-5029
34732,5-1523
34733,1-5122
34734,6-2128
34735,1-3908
34736,4-7593
34737,3-9359
34738,4-5256
34739,6-1450
34740,7-0218
34741,2-4530
34742,3-1702
34743,4-8198
34744,2-0462
34745,8-2891
34746,2-5890
34747,6-6923
34748,8-6092
34749,6-1150
34750,8-9454
34751,1-5802
34752,2-1917
34753,3-8033
34754,8-7516
34755,1-4939
34756,4-2788
34757,6-3614
34758,7-8366
34759,6-9903
34760,5-7717
34761,3-8453
34762,8-8268
34763,8-4076
34764,6-3370
34765,6-1792
34766,6-0986
34767,6-4233
34768,5-8483
34769,2-3089
34770,3-5270
34771,5-9013
34772,1-0006
34773,1-1811
34774,6-5190
34775,8-6051
34776,2-0060
34777,4-8848
34778,7-1275
34779,7-4209
34780,1-9147
34781,8-7941
34782,3-2073
34783,8-4888
34784,5-7596
34785,8-1720
34786,3-7382
34787,5-2214
34788,5-4510
34789,1-6415
34790,5-9882
34791,1-0138
34792,7-5106
34793,6-7212
34794,3-8712
34795,8-1993
34796,3-8638
34797,6-1630
34798,7-9905
34799,1-5175
34800,8-3948
34801,6-7066
34802,3-6792
34803,4-9385
34804,5-7764
34805,4-1966
34806,6-9033
34807,4-3917
34808,3-8342
34809,6-5397
34810,2-0980
34811,8-5214
34812,6-8837
34813,5-6643
34814,6-0797
34815,7-0806
34816,4-6917
34817,8-3037
34818,8-5565
34819,2-5272
34820,5-6602
34821,5-2774
34822,5-1645
34823,3-7844
34824,7-9878
34825,4-1270
34826,2-3997
34827,1-0414
34828,1-3582
34829,1-8962
34830,5-7535
34831,8-1173
34832,2-7221
34833,6-2829
34834,1-7724
34835,5-2755
34836,1-1450
34837,3-6175
34838,1-3593
34839,2-4835
34840,5-2394
34841,7-0632
34842,4-1762
34843,3-4263
34844,2-9390
34845,8-6342
34846,7-7991
34847,8-4935
34848,6-2913
34849,6-8203
34850,4-4928
34851,1-2511
34852,8-9426
34853,3-9257
34854,1-1066
34855,8-1468
34856,5-4589
34857,6-8950
34858,2-5567
34859,8-8517
34860,6-2003
34861,8-0501
34862,4-1092
34863,2-3272
34864,8-2033
34865,4-0974
34866,5-5035
34867,6-5117
34868,3-6757
34869,5-8641
34870,7-0506
34871,2-4027
34872,2-1279
34873,6-1908
34874,3-9493
34875,1-0017
34876,2-4515
34877,6-9396
34878,5-6453
34879,3-7817
34880,5-8200
34881,1-0690
34882,1-3226
34883,4-9187
34884,5-4404
34885,5-2378
34886,5-1296
34887,4-0350
34888,4-9429
34889,4-6661
34890,3-7346
34891,5-4213
34892,8-3427
34893,4-6291
34894,6-5710
34895,1-3708
34896,7-4613
34897,2-0797
34898,6-9279
34899,7-7757
34900,6-8368
34901,8-7787
34902,2-1670
34903,4-8235
34904,7-3435
34905,3-8220
34906,4-4803
34907,1-8664
34908,7-0203
34909,7-7158
34910,5-4232
34911,5-4796
34912,7-0052
34913,7-8592
34914,8-2649
34915,2-5312
34916,5-7908
34917,1-3859
34918,6-0414
34919,1-8044
34920,1-8507
34921,4-9359
34922,3-5287
34923,5-2411
34924,8-6308
34925,6-7732
34926,6-2492
34927,4-8773
34928,1-2696
34929,6-5668
34930,5-3357
34931,1-7006
34932,1-1322
34933,1-4328
34934,3-5675
34935,5-9231
34936,4-1735
34937,2-4433
34938,8-3429
34939,8-2038
34940,5-5484
34941,1-7261
34942,5-7757
34943,2-9109
34944,2-2502
34945,2-0660
34946,6-1789
34947,5-1877
34948,6-0391
34949,1-2802
34950,2-6724
34951,4-4717
34952,3-6999
34953,8-4585
34954,8-9574
34955,8-1704
34956,3-1269
34957,2-1698
34958,8-9815
34959,5-8761
34960,2-7141
34961,3-3960
34962,2-8993
34963,6-3524
34964,6-2476
34965,5-2986
34966,8-1870
34967,4-4745
34968,2-2931
34969,7-0426
34970,5-9972
34971,1-7253
34972,6-1217
34973,6-6594
34974,2-5764
34975,1-7249
34976,7-1773
34977,6-8196
34978,4-6216
34979,2-9023
34980,1-1050
34981,3-7446
34982,1-7303
34983,6-1004
34984,2-0364
34985,5-3518
34986,7-6471
34987,8-7155
34988,6-1139
34989,4-9547
34990,6-8453
34991,3-7917
34992,5-3470
34993,2-1012
34994,6-0652
34995,6-1641
34996,2-9561
34997,4-6124
34998,7-7673
34999,1-1905
35000,5-9639
35001,2-2263
35002,4-6897
35003,1-3744
35004,2-4682
35005,3-7585
35006,4-7895
35007,7-3394
35008,7-1143
35009,1-3449
35010,5-9143
35011,4-9681
35012,8-6475
35013,3-1595
35014,1-4577
35015,3-1558
35016,7-7520
35017,1-8239
35018,4-9509
35019,2-1669
35020,6-9546
35021,3-7850
35022,7-2593
35023,1-4608
35024,7-2335
35025,5-1147
35026,3-0250
35027,4-8553
35028,8-7231
35029,8-1730
35030,3-0600
35031,5-6427
35032,4-5392
35033,5-5684
35034,6-1099
35035,5-8692
35036,5-2773
35037,3-1537
35038,5-3539
35039,5-5031
35040,8-1812
35041,3-0378
35042,5-8131
35043,8-8116
35044,3-3393
35045,8-9603
35046,3-6088
35047,2-2067
35048,3-1230
35049,1-1879
35050,8-8825
35051,3-6914
35052,4-6553
35053,6-5029
35054,5-1585
35055,4-3937
35056,8-0531
35057,8-7292
35058,5-5066
35059,2-2211
35060,1-8369
35061,1-9998
35062,8-6192
35063,4-4378
35064,4-1688
35065,3-1718
35066,8-6227
35067,5-5176
35068,1-8861
35069,5-7609
35070,5-5990
35071,1-5672
35072,3-9818
35073,2-2431
35074,6-0108
35075,8-7739
35076,5-9939
35077,4-6298
35078,1-5663
35079,4-2781
35080,5-3950
35081,1-0448
35082,6-0574
35083,1-5638
35084,6-2929
35085,5-3146
35086,7-3510
35087,3-0027
35088,1-9041
35089,6-1314
35090,4-8474
35091,6-7406
35092,1-4494
35093,6-6164
35094,5-9875
35095,2-6740
35096,7-7416
35097,1-1470
35098,5-4240
35099,6-1158
35100,8-5034
35101,5-8410
35102,7-0057
35103,7-6575
35104,7-6223
35105,2-3376
35106,2-4483
35107,8-3258
35108,1-8421
35109,7-0738
35110,7-8667
35111,1-1717
35112,3-5514
35113,5-8496
35114,3-0612
35115,8-5740
35116,6-4999
35117,5-0685
35118,5-5635
35119,7-3452
35120,7-0007
35121,4-5365
35122,7-5691
35123,6-0852
35124,4-6308
35125,8-0523
35126,8-6864
35127,6-3581
35128,8-4196
35129,4-3185
35130,3-1554
35131,2-4856
35132,2-9277
35133,7-7003
35134,3-2366
35135,3-2408
35136,1-3441
35137,2-4625
35138,2-9428
35139,3-9507
35140,8-2045
35141,5-1078
35142,7-3920
35143,6-7371
35144,4-2008
35145,8-5939
35146,6-2223
35147,2-5872
35148,1-2647
35149,6-3206
35150,6-2942
35151,8-5809
35152,6-5573
35153,2-3852
35154,2-1941
35155,7-0253
35156,6-1518
35157,7-6698
35158,7-5206
35159,5-3002
35160,5-7699
35161,8-0445
35162,8-7654
35163,7-9573
35164,7-2200
35165,8-2949
35166,2-0365
35167,6-7804
35168,8-4095
35169,7-9317
35170,8-6343
35171,8-4594
35172,8-9208
35173,2-9443
35174,1-0078
35175,8-4568
35176,4-2657
35177,1-4491
35178,8-0316
35179,4-2674
35180,6-8989
35181,3-6741
35182,1-9034
35183,7-0036
35184,1-6246
35185,6-8351
35186,7-1817
35187,4-2334
35188,5-8867
35189,6-9759
35190,6-4059
35191,8-8343
35192,6-6694
35193,6-9701
35194,8-6736
35195,2-5990
35196,3-8195
35197,1-8697
35198,2-3048
35199,5-3314
35200,7-4909
35201,3-5531
35202,4-5064
35203,2-0433
35204,6-7746
35205,3-7717
35206,3-2017
35207,7-7223
35208,5-8628
35209,4-2703
35210,3-7368
35211,3-7629
35212,3-1043
35213,1-0375
35214,3-9998
35215,8-4726
35216,7-9087
35217,3-5490
35218,2-4580
35219,8-9096
35220,3-3549
35221,4-3203
35222,7-4837
35223,6-9559
35224,5-8919
35225,5-0176
35226,3-0581
35227,7-4346
35228,3-4237
35229,7-1948
35230,2-7723
35231,5-8907
35232,4-7296
35233,6-3685
35234,1-0786
35235,1-6729
35236,8-9334
35237,6-7072
35238,7-0340
35239,7-6607
35240,8-6657
35241,4-3071
35242,4-3964
35243,4-7155
35244,4-6946
35245,6-4084
35246,1-1007
35247,4-9018
35248,2-3792
35249,6-4966
35250,8-1214
35251,8-7860
35252,3-8620
35253,2-0234
35254,3-1245
35255,1-4875
35256,6-1409
35257,2-8878
35258,2-1945
35259,3-3386
35260,5-2034
35261,6-7644
35262,7-3199
35263,2-3480
35264,5-8134
35265,8-2858
35266,8-4934
35267,8-9422
35268,8-1881
35269,4-0457
35270,4-9435
35271,4-9766
35272,2-7635
35273,2-3439
35274,6-1953
35275,1-6243
35276,7-1111
35277,1-0155
35278,3-0349
35279,8-5137
35280,4-3909
35281,5-0778
35282,3-8284
35283,8-4333
35284,7-5793
35285,8-2383
35286,3-6148
35287,4-8534
35288,8-4097
35289,5-1483
35290,6-0568
35291,1-5649
35292,3-8686
35293,6-6516
35294,3-2839
35295,3-1623
35296,4-8873
35297,5-7024
35298,8-3380
35299,3-7662
35300,4-8602
35301,8-2812
35302,8-1081
35303,3-2793
35304,2-3559
35305,5-2037
35306,5-1173
35307,7-4240
35308,8-2722
35309,4-4508
35310,6-4624
35311,1-2742
35312,2-7209
35313,5-9599
35314,1-2138
35315,2-2047
35316,1-6113
35317,5-3926
35318,7-0399
35319,3-4910
35320,6-9350
35321,1-6961
35322,4-7336
35323,1-8565
35324,5-9245
35325,4-0018
35326,3-0074
35327,6-0880
35328,3-7530
35329,2-5375
35330,4-6756
35331,6-4825
35332,1-3704
35333,6-7152
35334,1-2543
35335,5-6125
35336,2-2636
35337,2-1739
35338,7-5419
35339,6-6230
35340,6-2039
35341,3-1930
35342,3-7615
35343,6-6531
35344,7-7947
35345,5-7959
35346,6-9348
35347,4-0480
35348,6-2355
35349,3-6434
35350,5-3533
35351,3-4732
35352,2-8239
35353,8-7427
35354,4-4672
35355,5-6860
35356,4-2041
35357,6-2638
35358,2-1642
35359,2-1916
35360,3-1295
35361,2-6953
35362,3-8097
35363,2-2039
35364,3-2563
35365,4-6457
35366,5-3366
35367,3-8648
35368,7-3582
35369,7-3286
35370,8-7519
35371,4-2944
35372,2-1589
35373,1-3690
35374,2-1903
35375,7-4963
35376,8-8547
35377,7-4398
35378,1-9756
35379,5-9956
35380,7-9838
35381,5-1764
35382,7-4267
35383,2-3387
35384,7-4513
35385,2-9725
35386,3-0832
35387,2-3355
35388,3-1063
35389,1-7394
35390,7-1899
35391,5-2017
35392,1-4658
35393,4-3118
35394,6-3543
35395,8-2415
35396,7-3943
35397,2-0675
35398,6-1248
35399,6-7046
35400,4-2478
35401,8-0846
35402,7-2801
35403,8-5882
35404,4-4438
35405,3-2238
35406,1-5899
35407,3-6065
35408,8-5292
35409,2-7930
35410,6-0661
35411,6-0459
35412,1-2462
35413,1-5419
35414,5-0870
35415,3-8556
35416,1-2566
35417,4-7549
35418,5-2440
35419,5-0907
35420,4-6894
35421,3-4492
35422,5-2595
35423,5-1103
35424,7-3010
35425,2-6604
35426,6-0815
35427,6-6117
35428,5-4287
35429,2-5253
35430,7-5009
35431,2-0508
35432,1-5163
35433,8-6370
35434,7-5339
35435,4-7205
35436,3-4255
35437,6-4040
35438,8-7902
35439,6-4103
35440,2-4770
35441,4-2185
35442,4-3776
35443,5-3237
35444,5-7999
35445,3-8315
35446,3-0076
35447,6-8967
35448,5-6225
35449,4-2362
35450,7-3905
35451,4-5025
35452,1-5442
35453,5-5613
35454,3-5089
35455,5-7494
35456,8-6190
35457,2-1396
35458,7-0370
35459,4-0116
35460,5-3550
35461,4-9842
35462,3-6054
35463,1-0682
35464,1-6185
35465,5-3220
35466,6-9438
35467,5-0783
35468,2-1051
35469,7-3343
35470,3-2892
35471,4-0494
35472,6-3628
35473,8-6224
35474,7-4862
35475,4-1783
35476,6-9416
35477,7-7932
35478,3-4685
35479,2-9601
35480,2-0104
35481,1-8572
35482,3-6524
35483,7-8371
35484,7-4027
35485,1-5269
35486,5-6827
35487,7-0048
35488,5-5305
35489,4-2484
35490,1-3998
35491,1-3667
35492,8-7563
35493,5-8118
35494,3-0455
35495,3-7698
35496,3-0444
35497,4-9961
35498,8-9397
35499,7-9470
35500,8-4485
35501,3-0890
35502,1-3118
35503,2-9055
35504,2-2611
35505,5-1208
35506,1-1782
35507,2-0688
35508,8-2909
35509,7-6469
35510,7-8375
35511,7-3458
35512,4-4687
35513,4-2074
35514,6-2159
35515,3-7441
35516,1-6725
35517,5-4103
35518,5-7888
35519,1-6242
35520,2-5674
35521,3-3413
35522,4-1337
35523,3-2873
35524,5-0245
35525,3-6439
35526,5-6065
35527,3-8595
35528,7-7232
35529,4-1210
35530,6-4294
35531,6-8918
35532,5-8575
35533,1-7069
35534,5-5845
35535,4-4390
35536,4-8799
35537,3-8191
35538,2-6053
35539,1-4340
35540,7-4147
35541,5-3970
35542,7-2529
35543,8-0616
35544,5-1882
35545,2-4627
35546,6-9937
35547,2-8202
35548,3-0370
35549,7-2053
35550,4-7859
35551,7-6577
35552,4-1438
35553,7-7708
35554,5-9588
35555,8-5005
35556,2-6306
35557,6-3972
35558,4-3420
35559,7-0310
35560,8-5348
35561,5-9151
35562,5-9653
35563,4-6625
35564,1-9621
35565,2-9889
35566,3-4103
35567,3-0753
35568,3-3350
35569,1-3669
35570,6-2667
35571,7-7695
35572,4-3624
35573,6-3003
35574,6-9137
35575,8-4718
35576,3-4344
35577,8-1542
35578,4-5039
35579,2-7315
35580,3-8970
35581,3-0666
35582,7-8734
35583,2-7400
35584,2-7421
35585,2-3600
35586,4-2783
35587,2-7454
35588,6-6460
35589,7-1508
35590,5-7411
35591,1-7552
35592,5-3195
35593,6-1288
35594,3-8718
35595,4-1858
35596,1-2639
35597,3-6461
35598,7-8792
35599,2-5461
35600,8-7195
35601,3-0175
35602,4-3727
35603,6-7471
35604,4-3945
35605,5-3151
35606,7-0875
35607,5-9148
35608,4-4399
35609,6-2752
35610,3-3005
35611,4-4489
35612,3-0233
35613,2-8388
35614,5-9214
35615,7-4494
35616,6-2183
35617,3-8442
35618,5-3742
35619,6-9025
35620,6-2029
35621,5-4652
35622,5-2395
35623,3-6232
35624,1-6224
35625,3-4045
35626,3-8240
35627,6-3230
35628,7-2416
35629,7-8297
35630,5-8584
35631,5-8937
35632,5-3011
35633,2-3143
35634,5-9697
35635,1-5726
35636,8-6785
35637,3-5583
35638,8-6971
35639,5-3344
35640,2-5218
35641,7-3968
35642,3-6767
35643,5-1613
35644,3-3621
35645,8-4339
35646,8-7019
35647,7-1913
35648,4-4998
35649,4-3638
35650,1-8095
35651,8-4303
35652,3-6189
35653,2-7164
35654,5-0278
35655,6-8116
35656,2-3046
35657,4-5224
35658,7-8403
35659,1-9840
35660,1-5029
35661,3-1139
35662,1-9913
35663,1-2925
35664,7-0405
35665,2-7002
35666,7-1574
35667,8-5474
35668,5-6430
35669,8-0018
35670,3-7821
35671,6-0566
35672,6-8496
35673,6-6488
35674,5-9789
35675,1-3007
35676,7-4748
35677,3-6694
35678,5-5527
35679,7-7979
35680,7-2423
35681,1-6756
35682,8-3597
35683,4-1564
35684,5-0165
35685,3-9974
35686,2-6555
35687,2-4772
35688,4-9798
35689,1-3894
35690,7-4289
35691,7-3896
35692,2-8154
35693,2-4004
35694,7-7168
35695,7-0084
35696,2-3060
35697,5-5169
35698,2-7845
35699,1-5675
35700,6-6569
35701,2-0047
35702,4-0778
35703,1-2427
35704,4-1991
35705,6-9087
35706,5-5225
35707,1-3309
35708,1-0808
35709,5-2927
35710,3-4400
35711,7-6961
35712,8-8214
35713,4-9098
35714,4-3489
35715,5-0680
35716,2-1124
35717,1-6140
35718,3-3510
35719,6-7783
35720,1-0346
35721,4-0034
35722,8-1864
35723,4-6270
35724,6-2051
35725,1-9849
35726,5-7696
35727,8-9748
35728,6-7696
35729,6-3565
35730,6-5836
35731,8-8528
35732,8-2599
35733,7-9536
35734,4-8661
35735,8-8859
35736,1-0651
35737,5-6986
35738,1-8870
35739,6-2755
35740,1-7904
35741,1-8206
35742,6-4843
35743,6-2186
35744,4-8231
35745,5-8089
35746,8-6290
35747,2-1155
35748,1-6072
35749,6-0171
35750,1-0254
35751,4-5168
35752,4-1088
35753,7-3168
35754,1-6428
35755,5-6626
35756,7-8330
35757,8-8891
35758,1-8733
35759,5-1383
35760,7-6898
35761,3-9179
35762,3-8481
35763,3-5374
35764,1-0430
35765,6-6462
35766,4-7960
35767,3-5889
35768,3-7608
35769,7-0857
35770,1-9138
35771,5-5383
35772,3-3751
35773,6-0250
35774,5-3664
35775,8-9496
35776,2-0419
35777,3-1199
35778,4-2288
35779,1-1048
35780,4-8371
35781,6-9736
35782,5-6511
35783,2-4269
35784,6-9689
35785,5-7529
35786,3-4914
35787,2-6407
35788,1-6827
35789,3-5213
35790,8-2202
35791,7-4086
35792,8-4108
35793,3-4363
35794,1-2393
35795,5-3765
35796,3-4959
35797,7-1564
35798,7-8452
35799,1-0365
35800,6-8994
35801,7-3089
35802,3-9155
35803,3-3759
35804,5-8688
35805,8-3125
35806,1-4809
35807,4-1299
35808,2-5554
35809,3-1783
35810,8-4102
35811,7-5366
35812,6-2517
35813,7-6350
35814,3-4158
35815,5-4626
35816,7-2250
35817,1-9951
35818,5-5713
35819,8-9800
35820,4-5472
35821,5-2675
35822,5-5459
35823,8-7208
35824,4-5396
35825,8-4101
35826,8-1768
35827,8-2240
35828,7-8627
35829,2-9144
35830,4-2450
35831,4-5602
35832,8-4953
35833,8-1079
35834,1-0932
35835,1-8293
35836,1-0936
35837,8-2011
35838,8-8951
35839,4-8546
35840,3-9323
35841,2-4121
35842,4-3918
35843,3-6803
35844,1-7168
35845,5-8945
35846,8-7371
35847,8-1169
35848,6-6135
35849,8-7930
35850,6-3930
35851,3-6038
35852,8-2622
35853,1-5022
35854,4-3096
35855,5-8616
35856,1-9890
35857,4-8755
35858,1-9787
35859,5-7979
35860,2-8673
35861,4-7929
35862,1-8454
35863,8-1510
35864,3-4540
35865,7-2140
35866,4-4294
35867,4-9880
35868,8-3599
35869,1-7803
35870,8-2934
35871,1-0856
35872,5-6488
35873,3-4324
35874,1-8169
35875,6-9730
35876,7-4698
35877,7-6231
35878,6-9189
35879,8-9522
35880,1-0606
35881,2-8090
35882,4-9065
35883,1-5010
35884,3-1158
35885,3-8215
35886,4-8502
35887,3-0450
35888,6-5560
35889,6-9659
35890,3-0358
35891,8-9351
35892,6-4498
35893,8-3824
35894,4-7168
35895,6-4814
35896,7-5329
35897,3-5106
35898,5-1990
35899,7-9632
35900,1-3919
35901,4-0549
35902,4-3571
35903,5-2279
35904,1-3834
35905,6-9146
35906,3-1165
35907,7-6088
35908,8-6991
35909,2-3664
35910,3-1780
35911,8-0889
35912,6-1347
35913,3-7495
35914,8-6142
35915,6-5475
35916,2-7054
35917,8-1796
35918,2-8482
35919,6-3365
35920,4-1574
35921,3-1359
35922,1-9464
35923,7-0128
35924,8-8218
35925,7-4276
35926,6-7871
35927,2-8891
35928,5-9730
35929,1-6638
35930,5-2374
35931,8-7481
35932,2-0411
35933,1-9286
35934,6-4863
35935,6-5489
35936,8-8731
35937,2-7418
35938,8-5772
35939,8-1777
35940,3-0866
35941,1-8086
35942,6-4006
35943,4-5907
35944,2-1491
35945,3-9275
35946,3-6563
35947,5-9581
35948,3-3476
35949,5-4600
35950,5-5098
35951,6-9752
35952,8-2968
35953,8-2918
35954,7-3011
35955,4-0538
35956,8-9968
35957,3-0650
35958,3-8660
35959,1-9783
35960,2-8619
35961,5-9612
35962,4-0933
35963,5-4169
35964,6-3631
35965,5-2390
35966,3-6133
35967,7-6598
35968,8-7971
35969,2-7165
35970,6-9301
35971,4-7839
35972,5-0216
35973,5-0805
35974,5-5249
35975,2-0476
35976,6-7512
35977,5-3931
35978,2-0901
35979,8-3004
35980,4-3032
35981,4-3547
35982,6-3966
35983,2-0667
35984,1-4177
35985,5-1390
35986,8-2922
35987,7-8647
35988,1-7657
35989,7-1915
35990,8-1601
35991,1-2765
35992,8-0323
35993,6-1466
35994,5-0471
35995,8-4046
35996,5-9207
35997,2-8495
35998,8-6900
35999,8-1806
36000,5-5400
36001,7-5072
36002,1-8133
36003,7-3352
36004,6-6475
36005,3-1138
36006,4-1742
36007,8-1139
36008,8-7945
36009,5-8577
36010,5-5224
36011,4-0621
36012,4-6935
36013,4-4435
36014,4-9120
36015,5-6725
36016,5-2960
36017,1-9620
36018,1-0481
36019,1-9765
36020,2-6061
36021,2-3342
36022,1-0928
36023,2-6428
36024,8-3212
36025,8-3297
36026,5-5239
36027,1-1708
36028,8-9908
36029,5-8473
36030,4-4349
36031,7-4592
36032,6-2874
36033,4-2461
36034,2-8852
36035,3-0982
36036,2-1329
36037,3-2139
36038,2-1861
36039,5-0155
36040,6-5656
36041,4-6469
36042,2-2360
36043,7-6124
36044,3-0583
36045,2-0730
36046,6-0163
36047,6-8518
36048,6-6937
36049,3-7504
36050,5-6645
36051,1-9246
36052,3-4413
36053,4-3640
36054,1-2370
36055,8-3082
36056,7-4869
36057,4-6163
36058,5-9777
36059,4-9176
36060,6-6515
36061,4-1475
36062,7-2441
36063,1-9908
36064,6-2235
36065,6-6771
36066,7-8497
36067,3-4310
36068,3-0592
36069,5-5340
36070,3-0725
36071,6-1775
36072,8-1187
36073,2-2794
36074,1-4237
36075,5-0630
36076,8-8322
36077,6-0678
36078,4-9651
36079,8-7305
36080,6-8463
36081,1-7302
36082,8-3382
36083,4-8431
36084,1-4523
36085,5-5794
36086,6-4848
36087,8-4403
36088,8-9853
36089,6-7345
36090,5-7927
36091,8-7321
36092,5-2714
36093,2-9172
36094,3-0468
36095,2-8061
36096,6-0045
36097,4-0672
36098,1-6359
36099,8-1919
36100,2-2262
36101,1-3841
36102,2-6449
36103,1-9688
36104,5-4759
36105,7-9860
36106,2-8610
36107,4-8792
36108,2-3043
36109,2-2317
36110,5-3206
36111,8-1448
36112,3-9451
36113,3-6382
36114,7-7069
36115,2-5568
36116,2-3907
36117,8-6600
36118,3-9081
36119,2-6425
36120,6-1292
36121,3-0697
36122,8-9000
36123,8-7969
36124,1-6084
36125,5-6390
36126,5-3285
36127,4-2088
36128,4-9927
36129,8-6662
36130,7-9746
36131,2-0590
36132,5-0377
36133,2-6933
36134,1-8087
36135,7-8234
36136,4-8101
36137,4-5949
36138,6-0957
36139,2-8611
36140,8-2002
36141,3-4815
36142,8-2186
36143,6-4258
36144,6-2059
36145,7-1259
36146,4-8364
36147,7-5723
36148,8-3804
36149,3-7399
36150,6-8835
36151,1-2092
36152,8-0195
36153,3-0599
36154,8-5778
36155,4-0689
36156,4-6573
36157,5-4238
36158,3-1923
36159,2-2878
36160,1-7418
36161,8-1825
36162,1-4414
36163,4-2220
36164,6-0681
36165,3-9497
36166,3-1991
36167,4-8608
36168,5-9421
36169,5-3154
36170,3-4068
36171,4-0725
36172,2-7319
36173,7-2968
36174,8-6126
36175,4-4721
36176,1-7476
36177,7-6514
36178,4-6845
36179,3-4608
36180,5-6584
36181,5-5179
36182,3-9649
36183,4-4545
36184,4-3087
36185,4-7807
36186,2-7581
36187,3-3724
36188,1-4385
36189,6-4959
36190,4-3206
36191,6-6527
36192,5-2505
36193,6-2284
36194,5-1774
36195,7-0248
36196,8-8355
36197,8-0073
36198,4-9200
36199,4-1701
36200,8-0926
36201,2-7991
36202,7-5356
36203,1-5931
36204,2-8030
36205,8-7051
36206,1-2980
36207,3-5735
36208,7-9912
36209,5-2089
36210,8-9944
36211,6-0748
36212,1-1083
36213,7-9970
36214,7-6225
36215,3-3853
36216,7-8310
36217,3-4309
36218,5-7413
36219,7-8073
36220,7-7812
36221,6-7566
36222,4-1432
36223,1-9185
36224,7-5959
36225,8-0891
36226,5-9569
36227,2-4305
36228,5-2786
36229,8-1003
36230,2-7973
36231,2-7474
36232,2-3949
36233,2-1391
36234,1-5669
36235,1-9735
36236,7-9980
36237,6-2434
36238,5-5231
36239,6-0715
36240,7-2713
36241,7-1020
36242,7-1665
36243,2-9307
36244,8-0462
36245,3-1378
36246,3-9643
36247,8-5157
36248,2-5767
36249,8-9706
36250,3-6576
36251,1-0274
36252,7-0107
36253,8-4349
36254,3-6715
36255,8-0139
36256,3-6678
36257,8-0509
36258,8-4012
36259,5-6596
36260,1-0063
36261,2-8582
36262,1-8537
36263,6-2322
36264,6-9181
36265,1-1866
36266,4-6061
36267,4-4619
36268,2-5533
36269,8-9186
36270,8-6263
36271,7-8025
36272,2-9732
36273,8-7128
36274,5-7971
36275,2-0783
36276,1-4133
36277,4-8426
36278,7-3715
36279,6-6154
36280,2-1860
36281,4-3257
36282,2-1336
36283,2-2182
36284,7-5361
36285,7-3447
36286,1-6382
36287,6-0310
36288,3-5816
36289,4-6944
36290,3-0026
36291,6-8090
36292,5-0261
36293,8-4323
36294,1-6868
36295,2-9175
36296,5-9737
36297,1-1278
36298,6-1313
36299,8-7826
36300,2-9030
36301,8-2110
36302,5-7056
36303,4-6288
36304,6-1188
36305,7-1062
36306,6-9722
36307,8-3950
36308,5-8436
36309,3-7730
36310,4-6950
36311,4-9991
36312,4-5608
36313,2-1851
36314,5-4001
36315,2-9065
36316,2-0488
36317,1-9161
36318,5-2793
36319,6-5579
36320,6-3443
36321,8-4759
36322,4-2563
36323,5-7238
36324,7-9605
36325,3-7702
36326,1-9163
36327,6-5664
36328,5-7841
36329,8-9360
36330,5-4823
36331,1-8284
36332,3-7341
36333,1-2336
36334,7-7576
36335,7-8531
36336,3-2744
36337,5-5063
36338,5-9392
36339,4-8972
36340,8-5677
36341,5-9858
36342,5-5717
36343,4-8698
36344,6-6438
36345,1-4906
36346,8-5876
36347,4-5555
36348,5-6904
36349,1-8819
36350,2-1515
36351,1-5655
36352,3-0676
36353,6-8207
36354,4-4840
36355,5-2009
36356,7-9311
36357,4-1508
36358,7-4603
36359,4-0169
36360,1-5919
36361,8-3167
36362,1-2215
36363,4-1072
36364,4-2871
36365,5-4110
36366,5-3233
36367,1-3659
36368,6-8808
36369,5-3394
36370,6-5071
36371,1-2622
36372,3-3360
36373,6-8820
36374,7-9571
36375,6-9081
36376,6-5226
36377,5-3909
36378,7-7506
36379,6-7571
36380,1-3438
36381,8-3689
36382,5-3005
36383,1-4777
36384,8-7861
36385,7-5038
36386,6-3840
36387,4-3106
36388,3-7829
36389,1-5300
36390,2-4660
36391,3-1899
36392,2-5712
36393,8-1238
36394,4-7021
36395,2-6276
36396,5-6066
36397,2-9885
36398,7-8463
36399,2-8508
36400,6-2341
36401,6-5963
36402,4-9433
36403,4-5133
36404,5-5015
36405,7-0704
36406,5-2916
36407,3-5438
36408,3-2114
36409,1-7451
36410,4-7604
36411,8-0606
36412,6-2523
36413,2-4494
36414,3-5921
36415,8-2906
36416,2-1028
36417,5-2839
36418,5-4514
36419,7-4784
36420,8-2669
36421,8-7361
36422,1-2192
36423,5-5566
36424,4-1461
36425,4-6675
36426,4-0269
36427,1-4143
36428,2-2334
36429,5-9104
36430,7-4174
36431,7-4261
36432,2-4159
36433,4-6799
36434,1-7926
36435,1-8310
36436,1-0113
36437,3-8003
36438,7-2913
36439,6-6423
36440,4-4919
36441,8-1865
36442,2-9751
36443,5-3526
36444,5-0721
36445,6-9503
36446,5-6457
36447,1-2481
36448,6-0427
36449,5-9867
36450,1-3878
36451,5-4726
36452,7-6795
36453,4-5942
36454,5-4872
36455,5-3296
36456,2-6602
36457,4-7361
36458,8-2200
36459,4-9326
36460,8-0918
36461,1-3727
36462,6-2857
36463,3-3814
36464,6-8473
36465,2-5179
36466,2-1258
36467,7-6757
36468,6-8061
36469,3-1727
36470,3-8486
36471,5-1638
36472,2-1004
36473,4-5271
36474,6-5981
36475,1-4310
36476,6-9394
36477,8-4441
36478,6-7167
36479,8-4788
36480,7-1000
36481,2-1129
36482,1-5917
36483,8-0296
36484,7-7925
36485,3-3730
36486,4-6924
36487,7-5833
36488,2-7504
36489,4-8223
36490,6-4099
36491,4-3579
36492,4-3174
36493,8-5575
36494,5-8331
36495,7-4615
36496,5-6655
36497,2-1310
36498,2-6715
36499,6-2211
36500,4-3178
36501,2-9271
36502,8-7471
36503,5-4740
36504,6-7554
36505,2-1241
36506,8-4770
36507,1-0957
36508,7-7188
36509,5-7744
36510,7-6224
36511,8-6451
36512,3-9491
36513,2-7789
36514,7-6811
36515,1-5179
36516,3-2765
36517,7-8891
36518,4-1253
36519,4-1468
36520,3-2964
36521,1-2495
36522,8-9768
36523,6-8962
36524,4-1892
36525,4-0789
36526,3-9040
36527,6-2168
36528,6-8243
36529,7-5075
36530,4-2140
36531,7-6673
36532,8-0663
36533,8-4115
36534,1-0342
36535,4-5483
36536,1-7323
36537,7-4482
36538,5-9347
36539,8-1978
36540,2-5751
36541,4-3789
36542,1-5570
36543,6-0338
36544,8-4876
36545,8-9279
36546,3-8709
36547,1-3334
36548,4-9347
36549,2-6713
36550,7-0372
36551,7-0674
36552,3-1068
36553,4-1823
36554,4-9003
36555,2-5525
36556,3-0651
36557,1-6586
36558,5-5403
36559,7-2880
36560,6-9702
36561,4-2372
36562,5-8416
36563,7-8731
36564,3-3935
36565,6-2001
36566,7-2303
36567,5-0055
36568,2-9211
36569,5-5184
36570,6-3362
36571,6-3386
36572,2-5360
36573,6-8655
36574,2-0250
36575,3-9004
36576,6-8775
36577,2-5996
36578,8-8848
36579,1-9587
36580,5-7534
36581,2-3612
36582,4-8704
36583,4-0234
36584,1-0923
36585,1-6775
36586,5-2950
36587,2-7331
36588,4-3985
36589,7-8381
36590,2-4482
36591,8-7813
36592,4-9866
36593,4-7446
36594,6-0007
36595,7-8013
36596,5-0503
36597,4-5541
36598,6-5205
36599,6-3490
36600,2-7215
36601,6-7650
36602,6-4636
36603,4-7526
36604,2-7066
36605,1-1524
36606,1-0506
36607,7-8517
36608,4-4287
36609,5-3558
36610,8-7296
36611,8-3862
36612,2-2244
36613,7-2532
36614,6-3187
36615,8-5652
36616,8-0962
36617,2-7902
36618,7-4329
36619,2-8618
36620,8-1649
36621,3-6386
36622,1-2491
36623,5-2931
36624,6-0913
36625,8-7399
36626,5-3129
36627,7-3387
36628,3-6021
36629,5-8294
36630,3-9244
36631,6-5358
36632,4-6377
36633,2-1302
36634,5-6200
36635,1-5383
36636,2-5266
36637,5-9726
36638,7-7921
36639,2-0887
36640,8-9851
36641,7-3651
36642,3-8689
36643,5-6479
36644,6-3041
36645,2-8690
36646,8-3202
36647,7-5127
36648,5-0808
36649,8-0213
36650,3-6101
36651,1-8287
36652,5-5986
36653,4-6660
36654,5-4596
36655,1-4768
36656,7-0117
36657,4-7654
36658,5-8593
36659,8-3930
36660,6-6811
36661,4-8249
36662,3-7214
36663,1-7629
36664,1-1712
36665,5-2418
36666,1-9752
36667,7-3248
36668,7-7944
36669,3-0887
36670,8-8493
36671,1-8694
36672,7-2297
36673,4-1417
36674,6-6754
36675,3-5276
36676,3-4101
36677,1-9177
36678,1-4435
36679,5-9914
36680,6-6518
36681,2-3810
36682,7-3592
36683,2-7895
36684,5-9987
36685,2-3670
36686,6-6304
36687,7-0710
36688,8-0368
36689,8-4042
36690,3-8653
36691,6-7955
36692,1-7189
36693,4-4222
36694,6-3836
36695,4-3920
36696,1-0022
36697,4-1342
36698,2-7363
36699,3-0802
36700,1-4313
36701,4-7107
36702,8-4518
36703,2-4940
36704,2-0726
36705,6-1587
36706,2-8200
36707,2-1074
36708,4-8311
36709,1-1098
36710,8-5835
36711,3-3201
36712,4-2833
36713,2-6836
36714,1-4122
36715,1-3994
36716,2-3768
36717,8-4823
36718,2-8913
36719,2-4446
36720,7-2683
36721,6-8888
36722,7-6228
36723,8-7769
36724,3-5525
36725,4-8620
36726,3-3855
36727,3-2173
36728,1-5686
36729,2-2736
36730,1-8539
36731,6-8249
36732,6-3672
36733,3-7688
36734,6-8945
36735,3-3156
36736,1-8617
36737,7-0709
36738,6-0929
36739,5-5211
36740,5-0342
36741,4-2483
36742,2-0890
36743,6-1129
36744,6-2178
36745,1-4916
36746,4-6621
36747,5-0352
36748,5-9841
36749,2-3691
36750,4-4910
36751,7-5056
36752,8-9660
36753,2-9605
36754,8-4216
36755,5-3396
36756,8-9209
36757,5-9557
36758,1-7443
36759,8-2567
36760,5-8903
36761,2-3180
36762,5-0641
36763,4-9404
36764,3-8228
36765,4-4546
36766,4-5883
36767,6-1311
36768,2-8632
36769,1-9651
36770,6-2058
36771,5-2192
36772,4-1032
36773,5-2296
36774,8-7203
36775,2-9108
36776,3-9480
36777,1-6983
36778,3-7931
36779,4-2912
36780,5-5885
36781,4-2301
36782,3-9784
36783,5-7957
36784,1-6772
36785,5-4392
36786,5-0466
36787,3-2178
36788,5-5754
36789,5-9072
36790,5-0331
36791,6-5204
36792,5-8367
36793,1-5387
36794,7-5529
36795,1-7869
36796,3-6360
36797,1-0663
36798,8-8930
36799,8-5812
36800,1-2057
36801,1-6219
36802,2-1731
36803,2-5497
36804,1-1550
36805,3-1417
36806,2-8486
36807,4-6782
36808,8-1145
36809,2-7692
36810,2-0568
36811,5-8620
36812,8-9080
36813,4-5061
36814,2-9514
36815,5-6112
36816,3-7058
36817,4-2415
36818,8-6552
36819,2-7851
36820,3-9018
36821,7-3774
36822,2-7042
36823,5-2308
36824,8-2157
36825,6-8521
36826,5-1623
36827,4-7892
36828,3-1254
36829,8-9025
36830,7-3282
36831,5-2907
36832,6-6039
36833,3-7540
36834,4-0935
36835,3-2583
36836,1-5172
36837,8-2802
36838,4-3132
36839,6-1083
36840,5-7775
36841,2-3189
36842,7-6558
36843,8-0978
36844,1-5416
36845,4-9121
36846,6-5223
36847,1-1296
36848,2-1003
36849,3-3787
36850,2-0292
36851,4-8247
36852,4-1842
36853,8-0872
36854,3-5661
36855,4-6281
36856,1-5605
36857,2-3122
36858,6-9790
36859,3-9805
36860,1-9130
36861,5-6035
36862,1-8382
36863,6-7547
36864,3-3769
36865,2-5226
36866,5-2688
36867,8-5955
36868,6-4049
36869,1-2219
36870,1-6821
36871,1-1181
36872,2-2677
36873,1-2144
36874,1-5930
36875,1-3728
36876,5-9201
36877,8-8668
36878,3-5984
36879,4-0266
36880,7-0435
36881,8-2287
36882,7-3541
36883,6-1074
36884,3-2409
36885,5-7067
36886,6-2936
36887,6-2467
36888,3-7192
36889,3-8085
36890,6-1065
36891,7-2138
36892,3-1187
36893,7-9202
36894,5-8558
36895,6-9124
36896,7-5247
36897,2-0685
36898,2-8161
36899,8-0682
36900,6-1968
36901,5-1087
36902,6-9554
36903,6-2721
36904,8-4816
36905,3-5979
36906,5-3732
36907,7-8112
36908,8-8153
36909,7-7911
36910,5-5122
36911,6-9467
36912,6-7214
36913,6-0404
36914,1-0149
36915,3-6129
36916,2-0437
36917,3-4079
36918,8-7350
36919,4-9310
36920,5-7519
36921,7-2330
36922,3-0505
36923,1-1203
36924,3-8857
36925,6-9100
36926,1-4785
36927,1-8080
36928,6-8653
36929,7-4708
36930,8-0633
36931,8-1161
36932,2-1848
36933,4-9222
36934,5-4745
36935,1-3836
36936,2-6213
36937,8-0311
36938,3-2154
36939,6-6131
36940,2-5004
36941,8-9516
36942,3-9107
36943,2-5086
36944,3-4648
36945,2-9874
36946,6-3489
36947,4-2995
36948,2-3023
36949,1-9371
36950,5-8772
36951,2-1340
36952,2-8241
36953,5-1333
36954,6-6257
36955,4-8993
36956,7-5143
36957,6-7992
36958,8-3633
36959,3-2908
36960,7-5681
36961,3-1168
36962,2-5306
36963,3-8663
36964,7-2504
36965,7-2015
36966,2-6678
36967,1-1672
36968,3-7024
36969,4-9783
36970,8-6123
36971,6-1740
36972,2-7753
36973,1-3335
36974,4-1852
36975,3-7469
36976,5-7352
36977,7-9349
36978,1-0585
36979,8-3751
36980,1-5017
36981,2-6294
36982,7-6628
36983,1-8676
36984,1-0429
36985,8-5795
36986,3-7920
36987,7-3416
36988,3-8625
36989,5-6743
36990,4-6865
36991,4-5517
36992,3-3601
36993,2-4315
36994,3-1575
36995,1-2041
36996,4-3983
36997,7-3110
36998,3-5397
36999,8-0300
37000,3-0987
37001,8-8904
37002,6-1289
37003,8-0504
37004,8-5662
37005,5-1136
37006,1-4406
37007,4-7988
37008,5-0962
37009,2-5914
37010,1-9862
37011,5-0001
37012,8-9236
37013,7-4427
37014,1-0289
37015,2-6590
37016,8-7167
37017,5-5659
37018,8-0493
37019,4-2465
37020,4-9161
37021,8-6029
37022,8-2877
37023,5-8145
37024,2-1821
37025,8-1539
37026,7-3926
37027,1-3643
37028,8-7607
37029,7-7896
37030,1-9170
37031,2-8885
37032,1-3693
37033,1-7283
37034,4-1233
37035,2-8762
37036,4-3446
37037,8-0315
37038,5-0844
37039,2-1532
37040,1-1863
37041,2-3911
37042,3-9022
37043,6-7845
37044,4-1871
37045,3-8123
37046,4-7919
37047,5-5575
37048,6-6801
37049,5-0540
37050,2-1482
37051,7-6412
37052,6-2362
37053,3-4349
37054,3-8692
37055,6-2620
37056,4-3961
37057,7-5456
37058,2-4240
37059,2-7137
37060,6-4772
37061,3-0722
37062,8-7807
37063,3-1283
37064,5-9120
37065,3-3603
37066,3-7149
37067,8-2715
37068,2-6100
37069,4-6289
37070,1-7196
37071,2-0735
37072,4-0086
37073,1-1918
37074,8-4524
37075,8-3972
37076,7-6886
37077,7-0638
37078,8-1956
37079,4-6332
37080,7-0251
37081,5-1358
37082,1-6019
37083,3-5005
37084,4-7440
37085,5-7177
37086,5-3225
37087,6-8181
37088,2-3370
37089,6-0226
37090,3-4544
37091,3-9708
37092,7-1286
37093,7-7171
37094,1-9739
37095,5-4128
37096,4-4515
37097,3-7754
37098,2-1579
37099,4-6179
37100,5-7869
37101,6-5728
37102,4-1502
37103,7-6496
37104,6-8480
37105,7-5325
37106,7-1315
37107,3-2887
37108,2-1859
37109,6-6140
37110,6-4444
37111,7-4085
37112,8-9739
37113,6-9993
37114,3-2249
37115,2-1316
37116,8-1019
37117,1-5676
37118,2-2722
37119,3-9136
37120,8-8739
37121,5-0386
37122,8-3949
37123,1-5843
37124,8-9299
37125,6-1439
37126,5-7361
37127,7-0278
37128,4-3501
37129,6-1239
37130,7-7849
37131,4-4585
37132,4-3152
37133,8-9589
37134,3-6650
37135,3-8094
37136,1-5754
37137,8-9200
37138,1-7081
37139,7-9398
37140,4-0649
37141,5-8855
37142,4-1879
37143,1-7427
37144,1-3405
37145,4-1751
37146,7-0363
37147,1-6545
37148,3-7117
37149,4-3246
37150,4-9699
37151,7-6065
37152,2-3487
37153,4-2422
37154,8-3131
37155,4-6795
37156,3-7579
37157,8-0191
37158,8-4384
37159,5-4092
37160,3-8759
37161,7-4093
37162,4-7469
37163,7-0054
37164,4-9168
37165,6-9963
37166,6-3013
37167,8-6781
37168,4-4353
37169,8-7353
37170,2-3579
37171,5-2287
37172,7-0018
37173,2-4874
37174,4-1761
37175,8-0271
37176,8-4829
37177,3-0267
37178,7-9361
37179,7-9174
37180,4-7795
37181,2-5569
37182,5-5511
37183,3-1527
37184,2-2141
37185,6-7131
37186,7-8115
37187,5-5387
37188,3-9374
37189,7-2830
37190,6-6209
37191,6-9523
37192,1-4720
37193,8-1417
37194,4-0026
37195,5-7440
37196,3-9276
37197,8-7618
37198,5-5662
37199,8-6784
37200,8-9657
37201,2-3835
37202,5-2137
37203,1-3652
37204,2-9583
37205,2-1567
37206,1-9519
37207,3-1192
37208,3-4112
37209,8-6059
37210,5-1678
37211,3-5501
37212,2-4297
37213,5-7486
37214,8-4560
37215,2-5920
37216,8-2195
37217,4-3962
37218,5-2590
37219,8-8395
37220,3-3333
37221,4-3720
37222,6-1133
37223,1-5554
37224,2-8684
37225,5-6789
37226,3-3517
37227,1-9551
37228,8-0559
37229,1-1407
37230,8-9838
37231,3-3970
37232,5-4337
37233,6-6101
37234,5-3451
37235,2-7458
37236,4-6400
37237,8-6293
37238,7-5508
37239,3-8727
37240,3-1095
37241,4-2570
37242,5-2665
37243,7-6956
37244,7-8425
37245,5-5181
37246,7-6717
37247,2-0723
37248,6-5575
37249,5-1811
37250,5-3339
37251,8-1858
37252,4-4793
37253,2-1274
37254,6-4479
37255,6-6910
37256,2-7133
37257,1-1105
37258,6-0732
37259,2-8304
37260,1-5665
37261,5-6569
37262,5-1227
37263,1-7147
37264,1-2428
37265,2-9189
37266,8-7447
37267,8-6904
37268,8-7900
37269,3-5967
37270,3-5500
37271,7-0461
37272,1-7687
37273,4-7828
37274,5-5966
37275,3-2895
37276,8-9636
37277,2-3452
37278,5-1757
37279,2-8053
37280,5-6128
37281,7-6966
37282,7-7545
37283,3-5665
37284,3-0837
37285,3-3218
37286,3-5035
37287,2-4590
37288,2-3981
37289,6-9223
37290,8-8756
37291,6-1700
37292,5-0578
37293,1-7518
37294,5-7528
37295,5-7861
37296,4-0349
37297,4-5153
37298,7-4720
37299,1-4456
37300,1-4866
37301,5-3809
37302,6-0341
37303,6-3654
37304,2-2374
37305,7-0272
37306,7-1676
37307,8-7148
37308,4-6518
37309,6-6074
37310,7-7002
37311,3-7899
37312,3-7512
37313,4-5341
37314,2-3761
37315,8-5233
37316,4-8037
37317,5-3811
37318,7-9931
37319,4-0813
37320,1-6271
37321,5-1298
37322,8-9890
37323,6-1610
37324,7-2486
37325,8-5940
37326,3-5478
37327,6-8643
37328,1-7688
37329,1-8371
37330,8-0090
37331,7-8835
37332,5-0398
37333,3-0373
37334,6-7457
37335,2-8663
37336,6-5151
37337,5-6959
37338,5-2204
37339,4-1536
37340,7-9277
37341,3-5502
37342,5-3649
37343,1-2279
37344,2-1044
37345,1-3245
37346,6-1098
37347,1-1744
37348,8-8377
37349,5-2564
37350,8-9920
37351,4-8951
37352,7-1256
37353,6-9695
37354,5-7568
37355,5-9899
37356,6-9375
37357,2-5595
37358,6-2961
37359,2-6580
37360,6-4547
37361,8-2188
37362,4-7025
37363,4-8549
37364,1-5681
37365,4-0094
37366,2-0306
37367,7-6889
37368,8-3907
37369,4-9354
37370,3-2923
37371,3-9231
37372,5-4246
37373,8-0636
37374,7-8726
37375,8-0352
37376,5-1628
37377,7-0671
37378,1-3413
37379,8-1070
37380,3-7029
37381,4-8216
37382,4-6582
37383,1-9673
37384,1-2423
37385,8-9681
37386,8-1593
37387,7-9385
37388,7-8518
37389,3-5760
37390,8-8847
37391,3-6043
37392,8-2519
37393,6-2321
37394,5-8737
37395,2-7827
37396,5-3552
37397,1-9715
37398,4-7471
37399,4-6447
37400,6-6082
37401,1-2030
37402,1-7887
37403,3-9023
37404,4-5969
37405,6-2297
37406,1-9701
37407,5-6339
37408,8-5089
37409,8-2759
37410,6-0417
37411,1-3304
37412,7-9354
37413,3-8319
37414,6-8958
37415,4-6696
37416,6-8195
37417,2-5732
37418,2-1647
37419,5-3573
37420,3-5957
37421,3-4415
37422,1-0450
37423,1-6335
37424,5-8551
37425,4-8396
37426,8-3660
37427,2-1428
37428,3-4031
37429,2-9283
37430,5-1852
37431,5-5760
37432,6-8737
37433,7-1784
37434,7-3801
37435,3-9536
37436,1-3597
37437,7-5713
37438,8-8753
37439,6-7588
37440,7-0180
37441,8-6670
37442,6-5046
37443,3-3022
37444,4-9389
37445,7-1986
37446,6-7038
37447,7-3367
37448,8-0809
37449,1-4892
37450,4-7363
37451,8-5800
37452,5-1639
37453,5-1785
37454,5-2290
37455,4-0490
37456,8-4089
37457,8-3010
37458,5-6835
37459,6-4981
37460,3-2186
37461,4-1035
37462,2-5160
37463,5-7489
37464,4-5861
37465,5-8421
37466,2-9611
37467,3-2220
37468,3-6863
37469,1-3482
37470,6-2172
37471,5-8878
37472,3-0209
37473,7-2602
37474,1-6111
37475,8-5506
37476,6-5380
37477,4-2796
37478,2-7742
37479,4-4418
37480,6-3300
37481,2-5821
37482,1-4359
37483,5-0357
37484,1-4205
37485,5-8740
37486,1-8865
37487,7-8762
37488,2-0214
37489,5-7255
37490,3-4881
37491,1-7162
37492,2-4148
37493,2-1633
37494,1-3080
37495,8-9886
37496,5-0871
37497,5-8504
37498,7-9815
37499,1-4078
37500,5-3757
37501,8-1859
37502,1-2101
37503,4-1112
37504,4-3175
37505,8-2517
37506,1-5981
37507,6-9916
37508,6-0991
37509,6-7830
37510,1-5759
37511,1-5761
37512,8-1904
37513,8-6205
37514,4-7804
37515,5-1299
37516,4-5866
37517,4-5582
37518,5-0368
37519,7-9275
37520,1-9607
37521,7-8266
37522,3-3598
37523,4-5268
37524,1-0396
37525,1-4647
37526,5-7162
37527,2-3918
37528,6-4838
37529,8-8996
37530,1-5124
37531,7-9029
37532,1-0198
37533,3-6802
37534,5-0334
37535,6-7088
37536,3-5671
37537,3-6951
37538,1-2618
37539,6-1307
37540,3-9742
37541,4-0570
37542,3-3470
37543,6-6404
37544,2-7385
37545,5-1528
37546,2-9977
37547,1-3868
37548,6-0312
37549,5-7938
37550,8-1275
37551,4-9270
37552,6-9040
37553,8-9407
37554,3-4301
37555,7-8275
37556,7-2231
37557,4-4361
37558,6-2885
37559,3-5143
37560,4-9416
37561,4-5496
37562,4-5961
37563,6-5162
37564,5-5505
37565,1-4347
37566,7-5542
37567,1-6001
37568,8-7720
37569,4-9064
37570,4-7849
37571,5-2683
37572,3-1742
37573,8-2870
37574,4-2916
37575,5-1844
37576,6-2497
37577,4-7079
37578,3-2933
37579,4-2517
37580,1-4142
37581,3-3806
37582,1-8417
37583,3-4390
37584,6-7276
37585,3-4397
37586,4-1100
37587,5-0711
37588,1-7901
37589,8-4900
37590,1-5749
37591,3-6849
37592,4-5203
37593,7-2417
37594,5-8568
37595,8-4507
37596,8-7909
37597,4-9115
37598,8-2850
37599,7-9044
37600,1-1356
37601,6-0564
37602,1-0337
37603,6-1917
37604,1-0292
37605,8-6278
37606,1-7519
37607,3-5945
37608,5-7997
37609,2-6774
37610,3-6513
37611,4-4523
37612,4-2274
37613,2-1248
37614,5-1974
37615,3-0598
37616,3-9542
37617,5-7832
37618,4-3291
37619,3-4810
37620,5-9923
37621,5-3114
37622,1-1035
37623,6-0721
37624,8-2586
37625,4-1179
37626,8-8711
37627,7-8358
37628,8-7702
37629,1-7227
37630,7-8105
37631,5-8424
37632,5-9674
37633,2-8766
37634,1-5863
37635,8-7076
37636,7-2281
37637,7-2341
37638,5-4175
37639,4-2030
37640,7-3704
37641,8-5179
37642,6-0795
37643,8-4828
37644,6-9784
37645,1-0815
37646,7-8001
37647,6-4822
37648,6-8356
37649,7-3904
37650,2-2951
37651,2-1339
37652,8-2914
37653,7-4025
37654,3-3981
37655,4-2254
37656,3-5272
37657,4-7295
37658,1-6803
37659,3-9487
37660,4-9286
37661,7-2244
37662,3-3335
37663,2-2860
37664,4-7194
37665,8-3737
37666,3-9971
37667,1-5870
37668,2-8288
37669,3-8715
37670,4-7833
37671,8-8397
37672,7-7454
37673,8-1527
37674,4-2287
37675,6-1338
37676,5-5735
37677,4-6963
37678,6-7049
37679,4-7784
37680,5-8778
37681,8-7151
37682,4-3934
37683,4-9958
37684,1-1220
37685,4-3311
37686,3-3248
37687,8-1853
37688,8-0371
37689,2-1038
37690,1-3082
37691,5-7847
37692,8-4677
37693,1-7178
37694,3-8100
37695,1-9050
37696,3-2552
37697,1-6356
37698,6-5824
37699,1-3510
37700,2-1145
37701,5-3640
37702,7-2428
37703,3-4403
37704,5-6742
37705,7-4397
37706,8-0671
37707,1-0322
37708,7-3072
37709,1-8527
37710,3-8010
37711,5-2962
37712,1-7823
37713,1-8618
37714,2-8503
37715,6-6609
37716,6-6582
37717,1-0384
37718,4-1612
37719,2-8365
37720,4-4969
37721,1-7501
37722,8-5323
37723,7-4517
37724,5-5954
37725,5-4265
37726,5-3486
37727,2-2908
37728,2-6335
37729,8-7707
37730,4-3066
37731,4-1467
37732,1-9388
37733,4-9656
37734,7-5142
37735,4-3519
37736,6-2515
37737,1-6954
37738,6-9562
37739,2-0151
37740,4-8097
37741,3-2590
37742,7-9068
37743,1-3990
37744,7-1147
37745,3-8789
37746,6-4000
37747,3-2191
37748,7-2449
37749,3-3795
37750,7-5798
37751,3-0642
37752,1-0605
37753,1-4940
37754,1-6716
37755,8-4882
37756,8-4705
37757,8-0944
37758,7-2625
37759,4-2397
37760,7-9059
37761,8-0539
37762,1-5061
37763,3-9558
37764,6-9436
37765,1-1763
37766,1-6347
37767,7-2362
37768,6-8009
37769,6-6706
37770,3-6995
37771,6-9028
37772,2-0312
37773,8-6200
37774,8-1242
37775,3-4504
37776,1-9140
37777,1-8646
37778,4-5559
37779,8-3376
37780,4-2615
37781,8-4295
37782,3-5926
37783,2-9243
37784,1-6071
37785,5-6261
37786,3-1001
37787,5-5500
37788,6-4829
37789,8-9260
37790,4-5285
37791,1-6179
37792,1-5467
37793,3-4451
37794,5-8847
37795,1-2391
37796,6-7936
37797,8-0292
37798,4-4258
37799,7-3956
37800,6-5261
37801,8-9833
37802,6-6703
37803,1-8968
37804,4-9249
37805,2-6682
37806,2-2929
37807,3-1885
37808,2-9622
37809,5-8377
37810,5-5965
37811,6-6213
37812,5-4678
37813,1-3828
37814,1-8152
37815,7-7395
37816,7-0608
37817,2-7652
37818,6-8268
37819,4-7552
37820,3-5083
37821,6-3736
37822,7-9229
37823,1-1109
37824,1-6018
37825,3-3436
37826,5-3245
37827,8-7280
37828,7-4949
37829,6-9693
37830,5-2139
37831,1-9256
37832,2-0520
37833,5-9399
37834,6-9037
37835,2-2045
37836,5-8018
37837,4-1555
37838,5-7263
37839,2-2052
37840,7-2587
37841,5-8921
37842,2-6158
37843,6-3084
37844,1-7381
37845,4-1289
37846,6-2783
37847,7-5324
37848,4-8545
37849,5-3954
37850,8-0642
37851,2-0732
37852,8-0583
37853,2-4474
37854,1-5059
37855,8-8501
37856,1-1911
37857,7-3268
37858,5-2044
37859,2-7776
37860,3-3874
37861,8-7506
37862,5-9043
37863,4-8825
37864,8-6691
37865,8-3134
37866,8-7226
37867,8-9844
37868,4-1539
37869,4-9892
37870,8-3337
37871,2-9084
37872,6-7851
37873,3-5336
37874,7-0187
37875,4-2958
37876,1-8137
37877,5-5698
37878,8-5390
37879,5-4506
37880,3-7243
37881,3-9907
37882,8-0657
37883,4-2303
37884,7-0456
37885,4-1060
37886,7-8566
37887,3-5916
37888,1-9689
37889,1-1132
37890,5-3943
37891,7-8487
37892,7-2936
37893,2-8032
37894,3-6704
37895,1-7821
37896,7-1086
37897,4-8914
37898,7-4299
37899,7-6604
37900,6-4315
37901,6-2953
37902,8-4060
37903,2-5329
37904,1-0020
37905,7-9292
37906,1-1038
37907,2-9464
37908,5-1418
37909,5-3483
37910,4-9695
37911,7-0646
37912,3-4624
37913,2-6244
37914,8-4780
37915,5-6321
37916,7-1251
37917,1-9434
37918,4-0449
37919,1-4487
37920,5-0534
37921,2-9776
37922,2-2091
37923,6-2063
37924,3-1188
37925,8-7156
37926,8-1903
37927,6-8393
37928,8-9229
37929,2-3944
37930,1-9566
37931,4-7993
37932,6-0622
37933,1-0912
37934,7-4678
37935,3-4824
37936,7-7996
37937,8-0859
37938,6-6629
37939,5-7756
37940,3-7167
37941,3-8770
37942,4-9320
37943,4-2032
37944,8-9565
37945,4-0155
37946,3-4826
37947,2-2326
37948,5-3979
37949,8-6515
37950,6-7020
37951,6-6318
37952,4-9757
37953,6-9119
37954,4-1403
37955,6-0785
37956,7-7878
37957,7-8118
37958,6-8612
37959,3-8840
37960,1-3247
37961,7-8065
37962,2-0310
37963,3-0486
37964,1-5880
37965,3-4795
37966,5-5761
37967,7-6270
37968,4-3876
37969,2-6023
37970,5-5654
37971,6-3742
37972,5-3594
37973,3-9190
37974,2-4375
37975,2-0236
37976,1-2176
37977,5-9661
37978,1-5152
37979,1-3556
37980,3-3370
37981,4-7540
37982,5-8814
37983,3-4806
37984,4-7165
37985,5-1565
37986,1-9378
37987,6-2882
37988,5-1349
37989,6-4639
37990,2-6465
37991,2-1056
37992,5-8041
37993,5-5774
37994,1-8547
37995,2-9735
37996,3-1195
37997,2-3999
37998,4-9714
37999,8-1512
38000,3-0514
38001,5-7420
38002,8-2160
38003,5-5099
38004,4-1960
38005,4-6755
38006,7-2483
38007,3-1696
38008,3-9853
38009,3-2811
38010,1-5542
38011,3-0127
38012,2-2539
38013,2-0906
38014,1-6469
38015,7-8092
38016,4-4423
38017,7-5167
38018,6-5330
38019,6-5365
38020,8-6914
38021,8-3575
38022,8-0659
38023,4-9827
38024,3-4902
38025,2-7150
38026,2-9744
38027,4-9776
38028,2-1095
38029,5-6607
38030,4-7897
38031,2-4848
38032,1-6439
38033,5-5752
38034,2-5290
38035,7-5418
38036,3-9884
38037,8-9668
38038,4-7209
38039,4-4648
38040,3-9360
38041,5-4113
38042,8-5948
38043,5-2558
38044,2-1069
38045,7-8796
38046,5-8328
38047,4-5501
38048,6-9191
38049,3-9049
38050,5-4199
38051,1-8996
38052,2-2456
38053,8-7816
38054,2-2258
38055,4-5809
38056,8-1505
38057,5-1965
38058,3-1801
38059,7-1645
38060,4-2908
38061,1-6432
38062,3-6258
38063,1-0745
38064,3-4348
38065,4-3394
38066,3-8773
38067,7-2574
38068,6-9769
38069,2-9523
38070,7-0067
38071,1-7982
38072,8-2595
38073,4-3105
38074,2-8539
38075,2-6200
38076,8-7938
38077,8-0824
38078,4-4107
38079,4-0483
38080,6-8960
38081,3-5538
38082,5-0364
38083,1-7786
38084,5-2426
38085,3-3972
38086,2-0775
38087,3-9474
38088,4-0687
38089,8-1144
38090,2-5796
38091,7-1873
38092,7-0024
38093,2-4582
38094,6-5479
38095,8-8158
38096,8-9930
38097,1-5298
38098,5-4130
38099,1-6887
38100,8-9835
38101,8-4287
38102,1-8695
38103,3-2405
38104,3-7486
38105,4-3684
38106,3-9426
38107,8-1166
38108,6-0493
38109,5-0829
38110,8-0273
38111,5-1221
38112,5-3022
38113,8-9441
38114,8-7478
38115,1-0352
38116,8-7751
38117,6-2723
38118,5-6685
38119,1-1674
38120,8-5637
38121,5-4452
38122,6-6612
38123,2-4858
38124,6-0113
38125,3-8155
38126,2-4603
38127,5-9521
38128,1-9016
38129,5-0353
38130,4-4098
38131,3-9797
38132,6-6177
38133,4-1594
38134,1-8765
38135,1-6823
38136,2-8936
38137,3-6000
38138,7-6919
38139,2-3726
38140,7-9572
38141,3-7747
38142,4-7625
38143,7-2093
38144,7-7455
38145,7-0358
38146,1-8640
38147,5-1262
38148,4-0708
38149,1-4497
38150,6-1406
38151,3-4016
38152,6-6446
38153,3-6700
38154,4-0363
38155,1-1697
38156,2-0644
38157,5-5626
38158,4-3011
38159,1-1549
38160,3-9910
38161,5-7936
38162,2-8706
38163,3-0143
38164,7-3771
38165,6-6842
38166,2-5441
38167,5-8601
38168,7-7710
38169,5-0279
38170,5-7163
38171,6-6562
38172,3-7302
38173,7-9392
38174,1-7409
38175,6-4293
38176,5-7134
38177,8-8363
38178,1-2625
38179,4-2618
38180,5-9115
38181,1-3942
38182,1-8439
38183,7-9547
38184,1-2660
38185,7-2247
38186,4-5648
38187,1-8344
38188,3-7226
38189,6-6760
38190,3-4503
38191,2-1085
38192,4-0916
38193,5-6155
38194,7-8218
38195,5-1111
38196,2-4903
38197,3-1077
38198,1-6555
38199,3-2124
38200,5-8984
38201,6-2358
38202,4-0440
38203,1-7579
38204,2-3630
38205,4-0200
38206,6-9278
38207,2-9966
38208,1-5149
38209,6-9133
38210,5-9508
38211,4-4595
38212,6-9082
38213,8-6226
38214,2-7880
38215,7-0684
38216,2-6297
38217,3-0195
38218,3-7109
38219,8-4967
38220,2-8366
38221,5-1994
38222,8-0287
38223,1-1008
38224,8-5311
38225,6-8970
38226,5-0384
38227,7-4847
38228,3-6115
38229,8-1635
38230,5-8205
38231,8-9712
38232,8-7075
38233,5-1515
38234,1-5418
38235,4-5026
38236,5-8718
38237,5-3203
38238,7-3500
38239,5-4449
38240,2-1585
38241,3-1345
38242,7-0700
38243,1-8031
38244,2-6483
38245,1-0732
38246,4-7211
38247,2-4922
38248,8-8720
38249,2-6875
38250,4-5091
38251,5-3864
38252,7-9610
38253,3-6629
38254,7-9979
38255,5-4429
38256,3-7673
38257,1-6459
38258,5-3873
38259,8-2666
38260,5-4579
38261,3-2063
38262,5-0895
38263,8-2315
38264,1-5590
38265,6-8109
38266,3-7758
38267,3-2145
38268,6-5083
38269,3-2346
38270,7-7156
38271,7-3661
38272,8-6489
38273,2-6635
38274,5-5974
38275,2-4555
38276,5-2641
38277,1-8541
38278,7-5522
38279,4-5670
38280,1-0685
38281,5-8527
38282,4-5682
38283,3-8572
38284,8-7330
38285,5-6057
38286,8-7878
38287,6-5699
38288,5-5536
38289,1-8472
38290,4-8210
38291,1-3266
38292,1-4542
38293,5-6230
38294,3-6213
38295,5-9636
38296,3-9768
38297,5-7329
38298,6-8554
38299,3-5610
38300,1-5876
38301,1-1804
38302,1-0443
38303,1-5423
38304,2-8488
38305,4-9829
38306,7-9512
38307,2-2673
38308,3-4226
38309,6-1272
38310,5-3193
38311,7-9316
38312,1-6010
38313,2-2385
38314,3-0554
38315,8-8352
38316,3-6612
38317,1-7086
38318,4-8219
38319,2-8197
38320,5-0184
38321,4-9053
38322,6-6844
38323,7-4111
38324,2-7475
38325,4-0259
38326,2-0599
38327,1-3310
38328,6-0514
38329,8-4543
38330,6-6218
38331,8-5532
38332,2-3277
38333,7-4058
38334,2-0790
38335,6-3134
38336,6-8430
38337,2-3900
38338,8-0326
38339,2-5258
38340,2-9452
38341,8-8575
38342,3-2775
38343,8-6695
38344,2-8135
38345,7-2788
38346,1-4847
38347,1-9895
38348,5-4077
38349,1-0283
38350,7-0657
38351,5-8830
38352,8-6156
38353,1-3774
38354,5-7884
38355,4-4586
38356,2-2081
38357,6-7245
38358,7-6689
38359,3-5339
38360,8-1636
38361,2-5333
38362,1-3343
38363,6-3150
38364,4-9989
38365,5-0894
38366,2-0512
38367,2-5976
38368,7-6353
38369,8-5990
38370,7-8405
38371,5-6188
38372,3-3349
38373,3-6692
38374,2-5948
38375,6-7079
38376,3-1875
38377,2-1829
38378,7-9666
38379,8-1862
38380,8-9599
38381,4-0970
38382,4-8089
38383,5-1487
38384,3-8964
38385,3-5265
38386,6-5956
38387,7-4123
38388,5-7462
38389,3-8092
38390,3-3363
38391,7-4525
38392,8-1643
38393,2-7071
38394,5-0826
38395,1-6750
38396,8-0915
38397,2-1724
38398,7-9580
38399,4-9887
38400,5-8925
38401,5-8295
38402,5-5293
38403,1-9571
38404,2-8699
38405,3-0545
38406,2-6401
38407,7-8554
38408,4-9339
38409,6-5212
38410,5-8808
38411,4-8268
38412,1-5731
38413,1-0420
38414,7-6729
38415,5-3952
38416,2-6957
38417,8-9913
38418,1-9200
38419,1-7883
38420,4-0679
38421,2-8384
38422,1-0147
38423,3-0511
38424,6-1002
38425,1-1127
38426,1-3461
38427,3-9249
38428,4-8143
38429,5-3507
38430,1-1718
38431,8-0965
38432,7-4666
38433,7-3691
38434,1-0492
38435,3-6764
38436,6-1538
38437,6-9666
38438,1-3169
38439,5-2199
38440,4-6436
38441,5-0290
38442,3-1186
38443,2-0276
38444,3-3016
38445,6-4342
38446,6-3620
38447,3-7788
38448,6-8084
38449,6-1578
38450,3-8194
38451,8-6952
38452,2-5262
38453,1-5371
38454,1-7585
38455,6-8720
38456,2-6869
38457,2-3974
38458,6-1606
38459,2-3823
38460,6-9058
38461,7-8525
38462,4-4737
38463,5-3710
38464,5-3436
38465,8-5723
38466,7-2569
38467,2-3348
38468,2-8555
38469,7-0271
38470,4-0516
38471,7-4294
38472,6-1053
38473,2-3616
38474,2-6723
38475,3-0884
38476,3-4447
38477,3-1140
38478,3-8577
38479,7-8257
38480,2-7822
38481,1-9538
38482,1-2813
38483,1-6625
38484,3-9890
38485,5-2945
38486,2-2800
38487,1-7941
38488,2-0326
38489,7-1855
38490,3-5359
38491,3-9379
38492,6-3520
38493,6-6749
38494,3-7507
38495,8-8786
38496,4-2603
38497,2-4079
38498,6-4061
38499,2-5864
38500,8-4371
38501,5-5353
38502,2-7821
38503,5-5685
38504,3-6389
38505,5-7021
38506,2-5556
38507,8-5743
38508,8-0079
38509,4-1057
38510,5-8856
38511,2-7341
38512,4-9054
38513,5-5991
38514,5-9479
38515,3-8351
38516,7-0554
38517,2-4364
38518,4-4921
38519,4-0618
38520,3-6627
38521,2-3259
38522,5-7613
38523,1-1525
38524,6-2324
38525,8-8497
38526,5-9874
38527,8-0727
38528,6-6972
38529,5-4993
38530,5-2447
38531,1-3696
38532,4-9380
38533,2-4888
38534,1-7259
38535,1-8067
38536,5-3293
38537,5-8252
38538,1-6819
38539,7-5682
38540,1-8574
38541,8-5446
38542,8-3771
38543,4-2697
38544,5-1833
38545,6-3295
38546,3-2920
38547,8-5996
38548,4-9782
38549,5-7651
38550,3-1259
38551,7-4051
38552,3-6874
38553,7-7397
38554,1-2466
38555,2-6113
38556,8-3550
38557,2-3965
38558,7-3349
38559,4-6420
38560,6-6615
38561,8-3302
38562,8-0624
38563,2-9347
38564,7-6391
38565,3-6034
38566,8-8350
38567,8-0423
38568,5-8457
38569,5-5782
38570,4-2745
38571,8-5972
38572,8-8398
38573,2-7223
38574,1-6103
38575,5-6819
38576,4-5571
38577,6-8438
38578,4-8485
38579,2-6063
38580,7-8743
38581,8-0511
38582,5-1768
38583,2-2805
38584,8-9307
38585,8-9528
38586,4-6001
38587,6-3248
38588,2-1921
38589,7-6731
38590,8-4891
38591,3-2976
38592,4-5755
38593,7-9198
38594,6-8827
38595,3-1818
38596,5-9086
38597,7-5458
38598,7-3982
38599,6-8359
38600,7-4538
38601,7-6644
38602,5-1407
38603,7-0761
38604,5-1975
38605,7-3145
38606,5-0104
38607,6-4302
38608,8-7901
38609,6-3661
38610,8-6492
38611,4-5773
38612,4-0704
38613,6-3682
38614,3-6097
38615,7-8579
38616,7-4227
38617,7-9230
38618,6-1456
38619,1-5100
38620,8-9007
38621,4-1923
38622,4-7268
38623,8-5213
38624,4-4754
38625,6-1655
38626,1-8665
38627,5-8362
38628,7-6276
38629,5-6595
38630,1-5683
38631,8-6228
38632,6-6011
38633,1-4429
38634,5-6558
38635,6-3960
38636,2-3384
38637,7-4457
38638,8-8091
38639,7-9582
38640,1-6318
38641,5-2060
38642,5-8501
38643,4-6640
38644,7-8947
38645,8-8419
38646,8-8520
38647,2-7158
38648,7-5622
38649,3-1987
38650,7-0318
38651,3-1751
38652,1-2507
38653,8-3931
38654,5-6581
38655,1-5347
38656,6-6249
38657,1-9081
38658,2-3869
38659,2-5600
38660,4-2967
38661,2-4465
38662,8-2435
38663,6-3769
38664,4-0773
38665,4-8504
38666,8-2966
38667,4-0144
38668,3-8615
38669,3-9703
38670,7-1018
38671,3-4720
38672,7-8712
38673,1-3941
38674,5-4281
38675,3-9152
38676,8-5946
38677,2-5900
38678,6-9273
38679,4-9659
38680,2-0252
38681,6-6429
38682,8-8178
38683,2-6831
38684,7-0108
38685,4-1905
38686,1-5872
38687,1-0716
38688,7-2081
38689,4-2932
38690,2-7038
38691,3-2554
38692,4-3761
38693,3-0555
38694,7-0803
38695,8-2106
38696,7-9977
38697,8-7121
38698,8-1546
38699,4-9950
38700,6-2160
38701,3-7806
38702,8-8472
38703,8-7378
38704,1-8884
38705,4-3695
38706,3-5220
38707,5-8929
38708,2-9450
38709,5-2681
38710,3-5811
38711,3-6497
38712,8-0870
38713,2-9652
38714,1-6227
38715,1-8921
38716,2-7836
38717,2-6150
38718,8-4597
38719,8-0817
38720,6-7116
38721,4-5114
38722,6-2479
38723,2-7024
38724,2-3958
38725,2-8664
38726,4-8958
38727,5-5473
38728,8-8413
38729,5-5164
38730,1-6958
38731,6-1572
38732,5-4162
38733,3-3637
38734,4-7491
38735,2-1957
38736,8-5205
38737,8-3509
38738,1-8911
38739,3-8519
38740,8-6548
38741,1-8407
38742,4-9867
38743,6-2110
38744,4-4650
38745,7-4264
38746,8-0519
38747,6-8538
38748,7-0098
38749,5-0232
38750,4-1878
38751,2-1323
38752,6-4210
38753,2-4192
38754,3-9888
38755,4-9899
38756,3-5399
38757,3-7222
38758,1-2995
38759,5-8936
38760,8-1952
38761,6-4564
38762,8-3593
38763,7-0137
38764,5-6033
38765,7-0547
38766,8-3400
38767,2-9685
38768,6-2596
38769,7-5076
38770,6-0765
38771,6-9518
38772,8-2311
38773,6-8671
38774,8-7183
38775,8-7790
38776,6-1849
38777,4-2104
38778,1-7526
38779,8-3097
38780,6-2273
38781,5-4050
38782,2-3334
38783,1-7493
38784,1-7134
38785,8-5108
38786,2-6484
38787,4-1136
38788,4-2532
38789,8-3551
38790,5-3289
38791,4-8877
38792,8-2102
38793,1-7818
38794,7-4066
38795,1-0676
38796,5-4003
38797,4-3767
38798,3-9657
38799,5-5267
38800,4-2028
38801,5-9085
38802,7-0418
38803,7-6183
38804,3-5600
38805,4-3228
38806,7-2714
38807,7-6308
38808,7-6716
38809,4-7881
38810,7-5240
38811,5-8017
38812,7-2226
38813,2-1140
38814,4-7485
38815,1-1973
38816,8-8515
38817,3-6911
38818,7-9180
38819,7-3692
38820,8-3461
38821,3-0781
38822,3-4878
38823,1-3891
38824,8-5224
38825,7-6681
38826,8-9996
38827,2-7128
38828,1-8677
38829,1-4590
38830,8-9993
38831,5-0666
38832,7-3644
38833,3-1804
38834,5-4858
38835,6-7544
38836,5-4041
38837,2-9039
38838,7-7491
38839,3-5322
38840,8-4749
38841,7-9886
38842,5-8333
38843,6-9084
38844,2-5227
38845,6-2225
38846,3-3971
38847,7-3407
38848,8-0387
38849,2-9052
38850,4-3217
38851,1-5277
38852,5-8658
38853,3-3299
38854,8-0526
38855,1-0371
38856,4-4104
38857,4-9110
38858,2-4429
38859,1-5810
38860,4-1591
38861,4-6202
38862,4-1263
38863,8-7507
38864,5-7441
38865,7-7500
38866,8-8441
38867,1-0355
38868,2-8351
38869,5-0066
38870,8-3063
38871,3-7402
38872,5-1593
38873,7-3225
38874,1-9493
38875,8-2701
38876,1-8114
38877,2-4764
38878,4-0675
38879,3-7170
38880,4-0764
38881,4-9255
38882,3-2869
38883,2-5188
38884,4-3158
38885,2-9276
38886,6-1405
38887,2-3010
38888,7-5689
38889,6-8789
38890,7-8783
38891,3-3442
38892,6-8766
38893,3-4833
38894,5-5158
38895,8-0750
38896,8-5742
38897,5-3317
38898,7-9428
38899,2-7795
38900,1-9725
38901,6-8058
38902,4-8454
38903,4-4187
38904,2-9568
38905,6-0169
38906,8-6654
38907,1-0296
38908,3-7930
38909,7-8856
38910,8-7530
38911,2-3878
38912,1-0236
38913,4-4702
38914,6-2660
38915,8-6132
38916,4-5340
38917,8-8937
38918,5-7585
38919,1-2346
38920,2-5246
38921,6-5896
38922,8-9069
38923,3-8374
38924,8-2162
38925,5-2491
38926,6-3905
38927,5-2598
38928,3-2860
38929,3-6948
38930,7-5839
38931,8-9675
38932,5-6364
38933,3-6875
38934,6-0958
38935,1-6042
38936,7-7110
38937,7-0237
38938,1-2217
38939,6-1984
38940,8-7449
38941,6-8317
38942,4-2211
38943,7-7797
38944,8-1314
38945,7-2583
38946,5-1630
38947,3-7185
38948,8-7164
38949,8-5925
38950,3-6947
38951,3-4894
38952,1-6662
38953,7-9850
38954,8-4470
38955,6-6869
38956,5-6031
38957,5-3997
38958,6-0217
38959,8-7269
38960,8-0001
38961,3-8306
38962,8-5209
38963,3-3199
38964,1-2093
38965,6-9509
38966,5-3693
38967,3-7643
38968,8-6787
38969,8-4933
38970,8-9937
38971,1-1234
38972,7-5628
38973,7-2190
38974,2-4246
38975,2-3608
38976,1-9254
38977,6-8875
38978,6-6045
38979,3-1898
38980,3-9603
38981,1-6327
38982,3-7271
38983,3-4781
38984,5-0426
38985,7-8232
38986,6-8527
38987,6-2894
38988,6-1872
38989,8-7028
38990,7-9552
38991,5-4374
38992,6-1757
38993,4-9686
38994,4-2689
38995,8-6253
38996,6-6494
38997,1-3290
38998,1-7149
38999,1-5563
39000,5-9352
39001,5-5050
39002,8-6470
39003,4-4120
39004,5-1155
39005,7-6838
39006,5-0917
39007,8-7631
39008,6-0806
39009,7-0004
39010,6-4691
39011,2-9125
39012,5-4382
39013,5-6356
39014,4-7042
39015,1-5897
39016,3-0728
39017,3-7353
39018,3-6577
39019,4-2749
39020,8-4899
39021,3-5582
39022,7-6525
39023,7-9813
39024,6-5013
39025,8-8797
39026,7-5300
39027,1-6407
39028,4-1778
39029,8-5478
39030,8-8627
39031,1-6735
39032,2-4378
39033,7-2839
39034,3-8594
39035,3-5344
39036,4-3994
39037,1-7967
39038,3-1058
39039,8-5383
39040,3-8392
39041,3-8388
39042,2-0178
39043,8-7592
39044,8-1727
39045,1-2480
39046,1-4992
39047,7-5443
39048,8-3976
39049,2-3818
39050,3-1820
39051,2-1196
39052,8-9876
39053,2-6408
39054,8-7223
39055,8-3051
39056,7-3152
39057,4-2572
39058,3-2275
39059,3-5602
39060,2-3946
39061,7-5499
39062,6-4677
39063,5-4846
39064,7-4633
39065,6-2074
39066,3-3059
39067,6-7580
39068,3-5098
39069,3-9626
39070,4-7574
39071,1-8341
39072,7-3621
39073,4-1095
39074,5-0920
39075,3-8501
39076,2-5409
39077,6-7318
39078,4-1340
39079,2-0913
39080,8-6836
39081,2-2597
39082,5-5174
39083,3-0311
39084,1-9911
39085,6-9917
39086,3-3137
39087,1-9223
39088,4-2874
39089,1-9390
39090,7-5098
39091,8-6705
39092,3-2008
39093,2-6629
39094,8-3049
39095,3-5882
39096,4-5362
39097,1-3317
39098,8-8466
39099,4-5590
39100,7-1120
39101,2-7381
39102,3-0944
39103,1-9869
39104,4-9756
39105,6-8786
39106,7-7403
39107,5-0145
39108,1-0106
39109,3-0800
39110,3-5736
39111,1-3027
39112,6-1286
39113,1-8989
39114,4-9884
39115,8-9432
39116,6-0641
39117,1-7513
39118,3-5350
39119,5-3299
39120,4-5986
39121,3-5444
39122,5-8624
39123,5-0163
39124,8-8457
39125,5-3737
39126,1-0485
39127,7-9261
39128,4-3122
39129,6-0585
39130,8-2164
39131,6-4199
39132,5-0538
39133,6-0040
39134,1-7063
39135,7-9615
39136,5-6428
39137,8-1056
39138,2-6500
39139,2-9511
39140,8-9118
39141,3-3326
39142,7-4914
39143,6-4476
39144,2-6266
39145,2-2881
39146,7-6551
39147,6-8513
39148,6-5445
39149,1-4730
39150,5-1831
39151,8-3745
39152,1-7233
39153,8-5031
39154,7-5719
39155,3-4166
39156,2-4152
39157,3-4449
39158,7-0821
39159,5-9476
39160,4-2669
39161,1-3124
39162,8-2428
39163,3-1106
39164,4-1509
39165,1-3114
39166,6-1530
39167,8-0242
39168,3-5784
39169,7-2367
39170,4-9948
39171,8-7691
39172,5-3545
39173,8-9546
39174,8-2490
39175,4-3359
39176,5-1132
39177,1-8905
39178,5-0892
39179,2-0164
39180,7-3426
39181,8-8025
39182,1-7850
39183,5-1576
39184,3-0316
39185,8-5376
39186,8-9055
39187,2-1847
39188,4-9555
39189,3-2715
39190,5-4538
39191,4-6065
39192,1-2524
39193,5-0828
39194,5-5203
39195,8-9275
39196,4-8001
39197,2-8143
39198,5-5472
39199,4-3840
39200,8-2149
39201,3-6146
39202,7-5932
39203,7-4127
39204,4-4191
39205,7-8020
39206,3-6935
39207,3-0897
39208,7-3522
39209,5-4981
39210,7-1436
39211,1-1117
39212,3-8518
39213,4-3172
39214,8-1821
39215,8-7830
39216,5-6044
39217,6-7681
39218,4-0654
39219,5-4655
39220,1-7184
39221,5-5611
39222,4-6156
39223,5-7314
39224,5-5386
39225,2-9696
39226,7-6168
39227,6-3288
39228,8-2384
39229,3-8772
39230,2-0940
39231,4-8565
39232,6-8661
39233,6-9705
39234,8-4291
39235,8-3324
39236,4-3867
39237,7-0165
39238,3-9927
39239,3-1386
39240,2-2739
39241,6-0609
39242,8-9818
39243,3-5018
39244,5-7237
39245,1-3969
39246,2-8704
39247,1-8805
39248,4-9306
39249,8-8788
39250,3-4547
39251,3-6666
39252,6-5822
39253,7-8576
39254,3-1080
39255,7-8085
39256,8-5644
39257,8-1657
39258,7-9554
39259,1-9421
39260,4-0277
39261,7-8662
39262,5-9835
39263,4-3151
39264,4-4711
39265,2-8917
39266,4-4238
39267,2-8358
39268,1-0862
39269,2-3165
39270,8-5428
39271,1-8450
39272,5-0665
39273,8-1520
39274,1-0867
39275,3-7261
39276,3-5546
39277,7-8702
39278,2-5035
39279,6-6711
39280,2-2271
39281,2-1218
39282,3-1566
39283,4-5259
39284,7-0197
39285,5-7246
39286,5-2186
39287,8-6905
39288,2-5295
39289,8-6323
39290,1-4298
39291,1-4461
39292,3-9825
39293,8-5722
39294,5-9405
39295,3-3322
39296,4-0930
39297,6-3315
39298,8-9550
39299,4-9111
39300,8-1813
39301,4-4756
39302,8-3281
39303,1-1798
39304,2-3352
39305,7-9960
39306,3-1498
39307,7-9848
39308,6-8673
39309,2-2348
39310,8-6984
39311,1-6152
39312,3-9064
39313,6-2064
39314,1-0593
39315,4-6166
39316,7-8722
39317,4-8805
39318,2-5353
39319,8-9173
39320,2-8653
39321,4-9088
39322,4-5031
39323,3-5070
39324,6-4069
39325,8-6408
39326,6-7283
39327,4-4062
39328,2-5485
39329,7-9145
39330,5-2970
39331,4-3264
39332,8-4656
39333,1-3884
39334,1-4964
39335,7-1775
39336,4-1717
39337,4-1515
39338,8-6577
39339,7-7670
39340,8-8151
39341,6-0167
39342,1-2131
39343,2-5548
39344,1-3943
39345,8-7014
39346,8-0772
39347,8-2012
39348,8-3346
39349,2-1188
39350,6-8935
39351,3-6293
39352,5-8917
39353,3-5084
39354,6-5246
39355,1-8908
39356,2-4572
39357,4-0119
39358,6-2092
39359,5-3887
39360,3-2077
39361,1-0224
39362,4-6219
39363,3-4988
39364,3-9720
39365,8-9692
39366,1-7940
39367,2-6005
39368,8-5968
39369,3-6326
39370,7-7337
39371,6-5766
39372,1-2994
39373,2-0150
39374,4-3305
39375,2-0591
39376,2-0676
39377,3-8745
39378,8-1581
39379,8-4141
39380,8-9030
39381,1-7029
39382,3-5542
39383,3-3463
39384,2-8783
39385,6-1592
39386,3-7884
39387,3-7977
39388,2-2041
39389,6-5892
39390,4-2515
39391,5-6641
39392,5-7965
39393,6-3383
39394,2-4892
39395,4-1131
39396,3-7750
39397,1-5673
39398,5-6059
39399,2-2865
39400,8-7871
39401,1-6778
39402,3-0865
39403,2-5644
39404,8-3856
39405,2-3938
39406,1-7494
39407,3-2816
39408,1-9457
39409,5-2732
39410,8-6935
39411,5-3315
39412,7-4797
39413,3-5304
39414,2-5621
39415,6-7223
39416,4-2338
39417,5-0552
39418,3-1814
39419,5-3130
39420,8-2551
39421,3-4830
39422,3-2472
39423,2-2476
39424,8-6738
39425,3-3647
39426,8-7404
39427,4-8350
39428,6-3291
39429,8-5758
39430,7-8204
39431,4-0919
39432,7-1180
39433,3-2274
39434,3-4188
39435,5-3974
39436,8-2009
39437,4-8212
39438,6-9672
39439,1-4678
39440,3-5928
39441,6-2506
39442,8-6225
39443,8-7810
39444,1-4878
39445,2-4111
39446,5-4108
39447,8-9902
39448,6-8462
39449,3-5224
39450,5-9144
39451,1-3824
39452,7-6704
39453,6-3045
39454,3-2185
39455,2-0873
39456,7-6031
39457,2-1048
39458,1-5840
39459,2-2257
39460,4-1328
39461,8-2166
39462,3-8002
39463,7-4459
39464,4-5115
39465,4-5193
39466,8-8831
39467,2-5722
39468,8-9460
39469,6-8240
39470,1-1167
39471,3-8324
39472,6-8441
39473,8-9517
39474,2-8886
39475,7-3077
39476,6-5633
39477,6-1146
39478,2-9358
39479,6-6332
39480,5-9110
39481,3-9675
39482,6-6176
39483,4-6618
39484,5-1355
39485,8-3326
39486,8-6396
39487,8-8576
39488,7-9591
39489,7-8193
39490,3-0258
39491,2-2719
39492,6-8055
39493,4-1830
39494,7-7746
39495,3-3742
39496,5-2717
39497,2-0368
39498,4-7262
39499,7-2454
39500,6-9314
39501,1-3323
39502,4-1248
39503,1-7090
39504,3-7359
39505,3-7721
39506,4-2829
39507,5-4894
39508,8-5349
39509,5-4531
39510,2-3435
39511,8-5402
39512,4-9971
39513,8-6300
39514,5-2498
39515,3-6145
39516,4-1483
39517,7-6252
39518,2-0560
39519,5-0282
39520,2-7079
39521,3-4332
39522,8-4950
39523,1-5735
39524,7-7078
39525,4-9190
39526,4-2660
39527,6-3776
39528,5-6921
39529,6-4284
39530,5-4313
39531,2-6666
39532,1-3168
39533,1-4634
39534,4-5155
39535,3-6370
39536,3-9845
39537,8-2466
39538,4-5006
39539,3-2456
39540,2-3607
39541,7-6667
39542,5-1124
39543,4-4596
39544,6-8343
39545,7-3467
39546,3-6253
39547,3-0121
39548,6-0490
39549,6-2097
39550,5-1310
39551,6-2863
39552,7-4796
39553,6-6017
39554,2-6901
39555,8-4414
39556,4-9631
39557,1-4379
39558,1-5890
39559,5-7603
39560,6-2023
39561,2-4136
39562,8-3340
39563,2-3454
39564,5-8347
39565,8-7477
39566,3-4119
39567,7-7091
39568,4-8975
39569,5-0708
39570,1-1489
39571,1-1561
39572,8-7576
39573,7-1316
39574,7-1117
39575,4-8915
39576,2-5388
39577,5-3602
39578,8-1282
39579,8-1584
39580,5-5465
39581,7-2038
39582,2-4830
39583,4-3141
39584,8-5008
39585,6-2727
39586,4-7783
39587,7-2446
39588,6-7926
39589,3-2489
39590,3-6651
39591,5-7561
39592,3-4611
39593,8-0508
39594,4-3668
39595,1-0421
39596,2-6331
39597,4-7466
39598,8-3171
39599,1-4610
39600,2-0918
39601,2-8116
39602,4-1243
39603,3-4563
39604,2-3584
39605,5-1211
39606,4-4709
39607,5-2507
39608,6-4381
39609,3-6702
39610,8-2561
39611,6-8377
39612,6-7848
39613,8-4960
39614,8-6838
39615,1-4997
39616,6-5874
39617,5-1237
39618,1-9706
39619,1-0215
39620,6-1396
39621,6-5386
39622,5-0976
39623,8-6592
39624,1-6184
39625,7-4139
39626,3-6760
39627,7-5997
39628,2-0932
39629,7-5332
39630,7-4349
39631,3-2987
39632,2-1461
39633,8-0865
39634,3-9090
39635,8-0861
39636,1-6294
39637,5-5498
39638,5-8988
39639,1-1018
39640,8-2974
39641,7-7311
39642,4-7992
39643,5-5281
39644,7-0837
39645,5-6388
39646,7-1771
39647,5-4043
39648,4-3711
39649,2-0855
39650,3-5847
39651,8-8819
39652,4-2335
39653,5-7300
39654,2-9851
39655,3-9749
39656,2-2769
39657,3-2503
39658,7-8103
39659,4-9462
39660,8-7799
39661,7-4976
39662,3-6510
39663,8-0241
39664,4-5057
39665,6-9168
39666,3-5533
39667,8-5832
39668,1-5040
39669,2-8685
39670,8-4848
39671,2-0289
39672,8-5375
39673,4-3800
39674,5-5851
39675,4-8822
39676,4-1845
39677,7-0721
39678,4-0558
39679,5-7036
39680,7-9769
39681,2-9682
39682,6-7095
39683,7-3134
39684,5-4368
39685,7-5892
39686,5-3042
39687,3-1005
39688,2-7369
39689,7-4647
39690,1-6865
39691,2-3357
39692,7-4829
39693,2-9482
39694,5-6930
39695,3-6770
39696,1-5873
39697,1-7554
39698,4-0927
39699,4-1268
39700,3-3799
39701,4-9814
39702,3-7392
39703,6-3438
39704,4-2728
39705,2-8317
39706,3-1582
39707,5-9769
39708,1-4287
39709,5-5056
39710,1-3849
39711,2-6697
39712,7-6751
39713,7-2342
39714,3-7524
39715,3-6322
39716,4-6032
39717,4-2367
39718,8-3122
39719,4-7949
39720,3-8227
39721,8-0808
39722,5-5955
39723,1-0251
39724,6-7634
39725,2-5143
39726,3-6909
39727,4-6228
39728,6-0260
39729,8-2708
39730,6-5453
39731,5-6700
39732,6-9781
39733,6-9898
39734,3-5160
39735,2-3701
39736,7-3492
39737,3-5956
39738,2-5756
39739,6-2594
39740,5-5720
39741,7-3252
39742,1-8970
39743,5-6510
39744,8-2112
39745,7-3537
39746,2-6576
39747,6-1391
39748,4-8418
39749,8-9323
39750,3-8443
39751,3-8345
39752,5-9078
39753,2-0115
39754,6-9698
39755,1-3416
39756,6-5430
39757,6-3895
39758,4-9912
39759,5-0324
39760,8-7161
39761,1-6838
39762,3-0699
39763,6-5222
39764,7-2553
39765,6-4238
39766,8-3328
39767,6-4724
39768,3-8140
39769,6-9201
39770,8-1016
39771,7-3486
39772,2-2804
39773,4-3003
39774,4-4781
39775,7-0123
39776,6-1227
39777,5-6408
39778,5-3945
39779,2-9576
39780,3-2316
39781,3-2116
39782,8-2805
39783,7-0962
39784,8-8090
39785,5-3460
39786,2-1271
39787,4-1426
39788,1-0171
39789,4-2726
39790,2-8400
39791,2-8939
39792,8-5727
39793,1-7756
39794,1-5212
39795,2-4228
39796,1-1482
39797,1-4424
39798,7-3264
39799,3-7110
39800,3-3303
39801,8-3174
39802,5-5132
39803,2-6574
39804,1-0819
39805,3-5789
39806,5-6884
39807,5-6821
39808,8-4305
39809,6-6302
39810,5-9298
39811,5-6799
39812,6-8345
39813,7-9484
39814,1-8013
39815,4-6097
39816,1-4742
39817,6-2528
39818,8-2851
39819,7-0783
39820,7-6107
39821,3-7735
39822,6-3575
39823,8-6779
39824,8-1419
39825,4-5398
39826,3-1383
39827,3-1843
39828,8-3988
39829,3-2827
39830,2-0351
39831,7-1064
39832,5-3580
39833,5-9732
39834,5-8072
39835,1-0264
39836,4-6106
39837,3-3725
39838,5-3170
39839,5-9334
39840,4-1595
39841,8-9597
39842,1-9095
39843,5-1620
39844,3-3581
39845,4-1476
39846,6-5782
39847,5-4355
39848,8-1677
39849,8-6869
39850,4-4451
39851,6-0646
39852,2-1103
39853,8-9202
39854,4-0240
39855,6-0320
39856,7-9998
39857,2-5037
39858,6-9985
39859,7-3422
39860,3-9578
39861,4-0179
39862,4-0307
39863,7-8151
39864,6-7500
39865,3-9945
39866,2-5636
39867,3-1807
39868,5-9006
39869,3-7393
39870,8-4052
39871,3-6318
39872,5-6344
39873,3-8987
39874,4-3052
39875,3-9760
39876,4-3940
39877,3-6583
39878,7-0927
39879,6-6309
39880,7-3217
39881,3-0799
39882,8-8054
39883,7-5063
39884,5-2583
39885,7-0737
39886,2-6827
39887,2-1717
39888,3-8675
39889,1-6730
39890,3-2872
39891,4-3002
39892,7-5852
39893,4-4729
39894,4-4636
39895,4-3804
39896,5-7680
39897,6-6167
39898,3-4125
39899,5-7873
39900,3-7150
39901,4-2234
39902,8-0528
39903,3-7924
39904,7-7466
39905,4-8735
39906,3-6252
39907,2-0888
39908,2-6492
39909,5-1351
39910,6-4968
39911,8-6361
39912,3-5068
39913,7-9631
39914,7-2485
39915,5-8832
39916,3-8231
39917,7-8334
39918,5-3274
39919,4-5116
39920,3-1286
39921,7-0659
39922,4-7449
39923,5-5638
39924,4-7481
39925,3-6789
39926,3-6463
39927,3-6179
39928,5-4689
39929,6-9380
39930,4-1322
39931,4-7006
39932,8-1565
39933,5-1409
39934,2-9177
39935,4-2684
39936,2-8719
39937,5-4216
39938,4-4684
39939,2-5426
39940,6-9848
39941,1-6254
39942,1-6272
39943,4-8092
39944,3-4146
39945,6-0492
39946,2-8831
39947,3-9683
39948,3-8137
39949,6-6861
39950,8-5073
39951,8-8357
39952,5-9672
39953,7-9078
39954,1-8681
39955,4-9998
39956,4-8615
39957,3-3758
39958,4-9968
39959,5-2304
39960,6-5144
39961,4-6154
39962,8-8358
39963,3-4201
39964,5-3181
39965,1-7978
39966,5-2147
39967,7-9010
39968,1-8672
39969,8-4227
39970,6-5255
39971,6-1703
39972,1-5106
39973,2-8374
39974,7-6677
39975,7-8800
39976,5-5653
39977,2-6659
39978,7-9158
39979,3-1828
39980,8-1497
39981,4-5246
39982,6-0046
39983,3-4769
39984,7-6998
39985,5-4683
39986,2-0042
39987,5-6279
39988,8-7589
39989,2-7879
39990,4-6118
39991,8-1663
39992,8-4212
39993,3-8927
39994,6-8738
39995,8-0065
39996,3-1794
39997,8-9856
39998,5-3131
39999,4-6271
40000,4-3915
40001,7-7277
40002,4-5754
40003,3-0048
40004,3-4499
40005,3-8918
40006,7-6419
40007,6-3406
40008,6-7349
40009,4-7948
40010,5-3290
40011,3-5873
40012,6-3257
40013,4-1541
40014,4-9400
40015,5-9402
40016,5-3078
40017,5-9008
40018,5-8210
40019,2-0167
40020,3-1114
40021,1-6507
40022,5-3480
40023,1-6282
40024,3-7724
40025,1-6738
40026,8-3286
40027,1-7115
40028,3-2246
40029,6-2314
40030,1-8941
40031,3-0308
40032,5-2651
40033,5-8397
40034,2-2411
40035,2-6022
40036,4-7927
40037,1-0539
40038,8-5640
40039,2-1638
40040,5-4780
40041,6-1639
40042,5-1894
40043,1-3497
40044,3-7379
40045,3-1081
40046,8-5104
40047,1-9652
40048,4-6515
40049,3-0231
40050,8-3414
40051,2-0824
40052,7-2878
40053,7-6975
40054,8-3547
40055,8-8022
40056,4-1958
40057,2-2247
40058,8-0620
40059,3-0622
40060,5-0979
40061,7-7269
40062,4-9486
40063,2-0844
40064,2-5897
40065,7-9506
40066,2-5662
40067,6-5843
40068,4-0332
40069,7-7976
40070,8-6306
40071,1-7109
40072,8-3916
40073,3-8182
40074,3-8198
40075,6-5017
40076,6-8276
40077,4-9881
40078,1-3277
40079,8-3220
40080,8-9019
40081,5-4086
40082,1-4709
40083,7-9226
40084,7-9423
40085,5-0204
40086,5-4369
40087,6-4328
40088,3-2632
40089,5-8714
40090,7-7957
40091,1-6853
40092,5-0558
40093,1-9879
40094,6-3047
40095,6-2313
40096,8-1937
40097,3-2334
40098,3-4646
40099,8-8011
40100,2-9374
40101,6-6211
40102,6-6604
40103,5-4154
40104,4-0542
40105,6-2541
40106,8-9852
40107,5-5669
40108,7-6881
40109,3-7055
40110,3-4056
40111,6-5833
40112,2-9398
40113,4-0208
40114,1-4420
40115,4-1855
40116,7-5871
40117,2-0192
40118,7-6387
40119,6-5957
40120,1-9980
40121,4-8468
40122,6-4907
40123,8-4875
40124,1-1143
40125,7-0841
40126,5-6177
40127,2-7526
40128,7-6600
40129,2-5381
40130,2-5798
40131,2-7466
40132,7-7321
40133,4-0600
40134,2-3147
40135,1-3751
40136,4-6411
40137,2-0389
40138,4-7682
40139,5-4941
40140,6-1048
40141,6-6580
40142,4-7008
40143,5-3845
40144,3-1630
40145,4-4866
40146,5-1205
40147,2-7975
40148,8-3761
40149,3-5382
40150,7-7553
40151,8-9141
40152,2-0425
40153,5-0902
40154,3-6014
40155,7-2652
40156,2-1934
40157,8-1902
40158,6-7872
40159,4-8827
40160,4-7061
40161,3-7711
40162,3-7692
40163,8-9011
40164,7-9335
40165,4-6280
40166,4-2057
40167,8-5679
40168,7-0090
40169,4-5441
40170,3-4335
40171,6-3906
40172,1-1110
40173,7-3831
40174,1-5430
40175,4-5450
40176,5-6989
40177,5-1521
40178,8-0450
40179,1-5623
40180,7-7342
40181,3-9759
40182,2-9473
40183,8-2082
40184,7-7155
40185,8-4688
40186,2-8386
40187,3-9098
40188,7-1003
40189,8-0062
40190,2-4404
40191,3-5475
40192,3-4463
40193,6-4938
40194,6-8704
40195,5-4805
40196,2-8327
40197,1-5496
40198,4-9030
40199,8-1656
40200,1-2822
40201,3-1776
40202,5-2605
40203,3-0158
40204,5-3774
40205,6-8574
40206,1-4031
40207,2-0608
40208,4-8177
40209,7-2800
40210,8-0522
40211,1-6125
40212,7-8849
40213,5-3936
40214,6-1151
40215,3-0217
40216,7-0616
40217,5-3443
40218,3-5516
40219,5-8178
40220,3-1867
40221,8-0491
40222,3-9111
40223,5-2169
40224,4-7700
40225,8-6923
40226,1-4984
40227,5-1701
40228,2-8296
40229,2-5788
40230,1-4477
40231,4-1641
40232,8-8226
40233,4-8831
40234,5-4196
40235,8-6764
40236,4-8500
40237,7-7953
40238,6-0683
40239,8-8542
40240,2-4923
40241,4-4845
40242,2-2976
40243,4-2652
40244,1-7106
40245,2-4298
40246,7-8265
40247,1-0419
40248,7-0069
40249,5-8987
40250,7-9411
40251,7-4433
40252,7-6213
40253,6-6181
40254,1-5104
40255,1-1563
40256,7-4073
40257,3-2162
40258,4-3552
40259,7-9127
40260,7-0597
40261,6-0082
40262,8-8364
40263,7-5653
40264,3-0055
40265,3-1098
40266,8-7215
40267,2-7129
40268,2-9316
40269,2-9827
40270,2-7730
40271,3-9678
40272,7-4152
40273,5-9826
40274,2-1967
40275,2-1405
40276,6-4941
40277,1-1627
40278,7-6992
40279,4-5652
40280,1-3496
40281,2-5629
40282,3-1953
40283,2-7601
40284,8-7266
40285,4-3388
40286,6-4263
40287,5-4918
40288,4-7393
40289,8-7001
40290,4-7047
40291,8-3670
40292,3-1946
40293,4-9251
40294,8-7649
40295,2-0480
40296,3-7836
40297,7-2561
40298,6-9456
40299,7-3255
40300,8-6930
40301,1-2544
40302,8-5551
40303,2-8229
40304,3-2422
40305,4-7838
40306,4-7916
40307,1-1217
40308,4-0806
40309,8-1146
40310,5-4499
40311,7-1077
40312,8-2437
40313,7-8961
40314,1-8245
40315,1-2656
40316,2-4117
40317,3-0951
40318,8-6677
40319,7-1171
40320,4-7300
40321,3-2709
40322,2-7618
40323,4-5525
40324,5-5338
40325,2-3492
40326,3-2087
40327,8-0101
40328,3-1065
40329,6-1862
40330,8-9181
40331,7-9266
40332,2-0149
40333,8-4420
40334,3-1903
40335,6-9229
40336,8-3801
40337,3-8629
40338,4-0715
40339,4-8538
40340,1-1197
40341,5-9316
40342,8-0833
40343,2-2771
40344,4-1482
40345,3-9381
40346,3-2322
40347,1-4784
40348,3-8338
40349,4-7915
40350,3-8559
40351,6-4304
40352,7-0010
40353,7-0478
40354,2-0521
40355,1-6201
40356,3-2467
40357,1-3741
40358,4-9642
40359,8-6531
40360,2-8564
40361,4-6427
40362,3-3302
40363,2-7391
40364,1-0195
40365,3-9810
40366,1-1897
40367,7-1545
40368,7-8813
40369,6-6656
40370,3-4484
40371,1-4819
40372,3-1226
40373,4-5820
40374,6-1595
40375,8-6816
40376,6-5872
40377,3-3904
40378,8-5134
40379,2-9014
40380,2-0576
40381,6-9667
40382,5-7077
40383,7-8129
40384,1-6340
40385,4-5554
40386,4-1334
40387,5-0341
40388,8-6934
40389,2-7397
40390,5-4491
40391,1-6189
40392,4-9333
40393,4-9819
40394,6-5907
40395,2-0909
40396,5-8786
40397,1-6581
40398,8-0759
40399,3-9427
40400,8-4927
40401,4-2330
40402,4-6760
40403,2-0305
40404,4-9451
40405,2-0536
40406,3-7613
40407,5-2657
40408,2-4001
40409,8-7699
40410,3-5012
40411,8-9056
40412,3-0798
40413,8-8381
40414,5-3399
40415,3-1769
40416,1-9066
40417,3-2225
40418,8-8985
40419,1-7824
40420,7-6025
40421,3-9661
40422,4-5090
40423,4-3352
40424,2-3782
40425,1-0442
40426,6-1462
40427,3-3275
40428,8-0498
40429,6-8216
40430,1-2951
40431,7-6904
40432,3-9511
40433,1-3916
40434,8-3321
40435,6-5740
40436,1-9560
40437,5-6845
40438,7-9452
40439,4-5565
40440,4-8581
40441,4-8712
40442,1-9090
40443,2-2605
40444,8-2723
40445,8-1857
40446,2-6669
40447,8-5485
40448,7-9958
40449,5-8524
40450,7-5423
40451,4-4217
40452,5-2873
40453,5-2868
40454,8-7718
40455,5-1577
40456,2-1953
40457,6-9896
40458,7-9733
40459,4-4543
40460,7-5655
40461,8-5690
40462,3-3023
40463,5-9762
40464,7-8191
40465,6-9609
40466,4-0035
40467,4-3592
40468,8-6181
40469,4-6268
40470,6-1280
40471,4-0090
40472,7-9869
40473,7-3722
40474,7-3125
40475,3-2801
40476,5-2431
40477,7-6439
40478,7-7420
40479,5-7815
40480,6-2245
40481,8-1277
40482,1-2488
40483,4-5219
40484,8-5107
40485,6-2779
40486,4-5239
40487,2-1159
40488,6-4308
40489,2-7029
40490,4-1668
40491,2-7612
40492,5-6354
40493,1-9505
40494,2-7762
40495,5-8839
40496,3-2671
40497,4-4615
40498,1-7943
40499,5-7295
40500,2-4065
40501,2-9049
40502,1-8205
40503,1-8840
40504,6-6809
40505,8-3230
40506,1-4769
40507,8-7311
40508,8-3084
40509,7-0241
40510,6-2241
40511,4-6350
40512,3-4963
40513,3-6493
40514,8-2060
40515,6-1812
40516,6-9876
40517,6-0636
40518,2-9898
40519,6-9953
40520,4-1530
40521,8-5243
40522,3-6628
40523,6-5332
40524,4-1876
40525,8-1401
40526,8-0114
40527,4-5799
40528,1-7121
40529,8-2882
40530,7-2457
40531,5-2922
40532,1-7498
40533,8-8947
40534,3-7776
40535,4-3236
40536,3-2032
40537,5-2682
40538,2-1200
40539,3-1297
40540,7-7359
40541,7-6816
40542,8-5638
40543,3-9415
40544,4-5016
40545,1-9757
40546,7-1283
40547,4-3958
40548,2-3828
40549,5-5677
40550,6-9138
40551,3-2308
40552,3-0199
40553,2-8155
40554,3-6686
40555,4-9740
40556,8-6676
40557,4-0319
40558,2-8689
40559,3-0764
40560,4-3770
40561,3-4429
40562,3-9779
40563,2-8336
40564,3-4642
40565,1-0667
40566,2-8805
40567,2-5040
40568,3-5077
40569,3-2015
40570,5-3964
40571,3-1023
40572,4-4048
40573,7-4917
40574,7-4716
40575,5-6740
40576,8-9322
40577,1-8952
40578,4-8458
40579,4-1181
40580,8-1522
40581,6-1055
40582,8-0392
40583,4-0707
40584,7-7401
40585,3-1993
40586,5-9377
40587,7-8111
40588,5-8880
40589,2-6070
40590,6-9957
40591,2-1696
40592,1-9792
40593,1-5169
40594,8-7972
40595,3-2281
40596,8-8795
40597,7-6589
40598,5-3072
40599,3-2319
40600,1-3672
40601,6-6658
40602,1-7499
40603,3-5266
40604,5-2477
40605,7-7867
40606,3-1252
40607,5-7543
40608,8-3977
40609,8-5515
40610,2-7690
40611,2-6843
40612,2-1726
40613,3-3067
40614,1-2628
40615,5-5253
40616,7-2289
40617,8-5909
40618,6-6261
40619,4-8519
40620,6-4460
40621,1-8867
40622,1-1601
40623,4-0162
40624,2-6722
40625,7-6352
40626,6-4005
40627,5-7264
40628,8-7685
40629,3-3660
40630,4-2258
40631,5-9064
40632,1-4585
40633,3-9188
40634,3-0862
40635,6-0194
40636,7-4201
40637,4-0871
40638,7-7011
40639,3-7484
40640,6-1246
40641,6-3113
40642,5-2956
40643,4-8890
40644,5-3637
40645,6-4741
40646,7-9973
40647,6-9431
40648,6-3219
40649,8-3015
40650,2-4828
40651,6-6067
40652,2-0500
40653,8-7470
40654,5-0292
40655,6-8782
40656,2-7854
40657,8-7331
40658,1-9811
40659,1-7862
40660,7-2398
40661,4-0882
40662,6-7071
40663,8-2109
40664,2-1888
40665,8-5960
40666,2-8094
40667,7-8786
40668,3-0245
40669,2-4949
40670,2-1528
40671,5-7853
40672,8-6430
40673,2-0445
40674,4-9882
40675,2-4066
40676,8-7343
40677,6-0309
40678,3-6746
40679,5-8121
40680,7-2405
40681,8-4548
40682,1-2485
40683,2-1708
40684,1-0975
40685,6-8150
40686,7-0921
40687,2-4767
40688,3-2861
40689,3-5991
40690,1-3617
40691,1-7836
40692,6-0060
40693,8-3472
40694,4-4509
40695,5-5852
40696,3-8989
40697,3-5808
40698,7-9939
40699,1-9722
40700,3-4684
40701,2-3534
40702,3-2656
40703,6-7219
40704,7-7928
40705,1-8856
40706,3-2955
40707,8-2409
40708,6-5597
40709,2-8721
40710,6-9024
40711,7-7330
40712,5-5995
40713,6-8657
40714,2-8112
40715,8-1382
40716,6-7635
40717,6-1341
40718,5-3252
40719,3-4542
40720,6-7415
40721,5-7669
40722,2-9169
40723,1-7420
40724,7-1109
40725,2-2168
40726,4-1589
40727,2-9106
40728,1-7929
40729,3-3782
40730,2-1712
40731,3-3797
40732,6-5952
40733,3-7942
40734,8-2604
40735,6-7175
40736,5-2357
40737,7-6498
40738,1-3738
40739,3-3595
40740,8-3056
40741,1-0722
40742,1-6908
40743,8-3522
40744,1-9594
40745,2-7904
40746,8-4269
40747,5-6210
40748,1-2585
40749,2-7758
40750,8-7074
40751,4-4141
40752,7-3391
40753,5-0752
40754,7-9663
40755,6-7943
40756,5-4562
40757,5-5595
40758,1-9441
40759,3-7333
40760,3-3846
40761,7-9503
40762,4-6374
40763,5-6163
40764,5-2496
40765,8-0573
40766,5-9850
40767,5-5153
40768,3-5857
40769,2-8553
40770,4-5493
40771,1-1408
40772,7-6522
40773,7-3399
40774,4-5451
40775,6-9306
40776,1-9956
40777,4-8987
40778,1-6642
40779,1-4146
40780,2-8042
40781,3-4055
40782,4-9377
40783,1-0666
40784,2-1002
40785,3-4038
40786,8-8887
40787,7-4229
40788,4-3220
40789,2-7390
40790,3-7636
40791,4-7256
40792,5-6198
40793,8-7306
40794,5-3630
40795,4-8960
40796,8-2860
40797,2-6570
40798,3-3894
40799,5-1243
40800,3-5439
40801,5-2481
40802,2-3685
40803,3-0180
40804,4-2103
40805,1-9802
40806,4-0528
40807,8-0660
40808,1-6834
40809,2-9741
40810,6-0093
40811,3-4018
40812,5-5561
40813,1-2850
40814,2-8408
40815,3-6808
40816,3-6920
40817,3-1379
40818,3-6698
40819,4-2775
40820,2-5822
40821,8-4397
40822,6-6535
40823,1-4852
40824,1-1280
40825,1-6141
40826,2-5495
40827,8-8135
40828,1-9985
40829,6-6092
40830,8-2187
40831,3-8283
40832,8-9087
40833,1-7931
40834,5-5110
40835,5-0789
40836,1-1153
40837,3-9075
40838,1-1826
40839,1-4995
40840,8-0551
40841,8-9461
40842,5-0213
40843,1-7428
40844,7-2751
40845,6-2740
40846,2-8481
40847,4-2578
40848,1-1192
40849,3-0626
40850,7-7607
40851,3-3999
40852,6-5839
40853,7-6027
40854,6-6947
40855,3-6312
40856,6-1494
40857,6-5377
40858,4-0282
40859,8-3797
40860,5-8106
40861,6-0273
40862,3-6525
40863,8-1442
40864,8-5198
40865,6-6508
40866,7-8343
40867,7-1969
40868,3-5723
40869,2-7614
40870,4-7787
40871,6-4839
40872,1-1353
40873,8-6444
40874,2-6035
40875,1-2276
40876,4-2564
40877,6-7947
40878,5-1539
40879,3-9298
40880,8-8872
40881,4-2919
40882,7-7840
40883,6-1517
40884,5-9946
40885,6-9794
40886,3-3693
40887,3-7419
40888,4-8006
40889,3-7175
40890,8-5373
40891,8-5413
40892,2-3494
40893,3-8639
40894,2-2526
40895,5-4625
40896,8-0332
40897,1-3401
40898,2-5910
40899,3-8734
40900,6-9551
40901,7-3009
40902,4-4262
40903,8-6082
40904,8-2912
40905,8-5369
40906,3-4479
40907,7-5095
40908,3-7184
40909,5-6782
40910,5-6882
40911,7-2102
40912,3-5653
40913,2-6193
40914,8-7579
40915,2-1197
40916,1-6663
40917,5-9843
40918,8-5568
40919,1-3064
40920,5-3752
40921,8-3530
40922,6-7541
40923,1-1597
40924,8-6651
40925,5-0078
40926,5-1547
40927,5-8364
40928,7-6317
40929,1-7021
40930,2-0109
40931,4-0656
40932,2-5498
40933,5-3962
40934,8-1648
40935,7-0898
40936,3-1472
40937,3-3499
40938,1-8757
40939,5-7214
40940,8-5563
40941,5-4856
40942,1-3584
40943,6-8712
40944,6-7593
40945,8-2550
40946,3-8260
40947,2-5729
40948,5-6717
40949,4-9933
40950,5-9362
40951,1-0131
40952,6-7062
40953,4-9622
40954,2-2666
40955,1-3963
40956,3-8457
40957,7-5086
40958,8-3372
40959,8-1985
40960,3-2382
40961,8-8462
40962,5-4996
40963,2-8071
40964,6-4138
40965,7-5869
40966,2-8282
40967,1-5548
40968,2-4995
40969,3-9835
40970,6-4805
40971,5-7893
40972,3-9332
40973,7-2662
40974,4-5463
40975,5-5931
40976,4-0362
40977,3-7973
40978,8-2755
40979,8-8455
40980,8-6868
40981,6-6935
40982,8-6945
40983,7-7796
40984,1-7508
40985,7-8815
40986,1-3487
40987,8-1747
40988,4-5585
40989,8-4387
40990,6-5289
40991,1-9238
40992,2-3931
40993,6-5847
40994,5-3658
40995,4-1948
40996,3-3222
40997,1-7035
40998,7-3613
40999,4-1629
41000,5-4129
41001,4-6391
41002,3-9532
41003,3-3268
41004,4-8367
41005,8-2307
41006,2-3323
41007,2-5182
41008,7-9730
41009,4-1262
41010,7-2201
41011,1-4471
41012,4-3625
41013,8-4840
41014,1-4522
41015,6-7292
41016,4-5387
41017,8-4434
41018,2-2925
41019,3-4467
41020,5-7282
41021,3-2105
41022,8-4903
41023,2-0227
41024,2-7375
41025,4-8763
41026,2-7494
41027,3-3641
41028,1-4618
41029,8-7717
41030,6-2653
41031,4-8146
41032,5-1224
41033,3-2188
41034,7-8937
41035,4-8394
41036,8-1024
41037,6-1034
41038,7-1505
41039,1-9027
41040,4-6848
41041,2-7751
41042,5-4406
41043,2-0050
41044,6-2123
41045,5-3067
41046,4-0755
41047,2-4673
41048,3-5778
41049,5-3665
41050,7-1366
41051,1-7692
41052,5-8822
41053,7-4430
41054,1-5012
41055,8-3696
41056,8-6985
41057,6-0649
41058,3-0235
41059,3-9234
41060,7-0937
41061,8-7848
41062,1-4002
41063,3-2963
41064,4-4594
41065,3-9562
41066,4-3474
41067,5-6465
41068,8-4377
41069,4-9007
41070,7-6603
41071,5-0553
41072,6-6737
41073,7-9015
41074,3-6147
41075,5-6299
41076,2-5862
41077,1-7441
41078,7-1725
41079,7-7492
41080,4-5071
41081,3-5085
41082,4-4571
41083,8-9793
41084,2-5390
41085,6-1110
41086,5-8629
41087,6-4494
41088,2-3380
41089,1-5088
41090,8-3319
41091,2-0304
41092,5-7203
41093,6-7730
41094,1-6849
41095,3-5066
41096,4-9212
41097,4-3564
41098,7-7356
41099,5-4597
41100,6-0401
41101,4-8950
41102,5-5027
41103,4-4846
41104,3-3073
41105,2-1324
41106,3-0978
41107,2-9614
41108,1-6931
41109,8-3975
41110,8-8524
41111,3-4793
41112,2-1365
41113,2-8741
41114,2-5171
41115,8-2174
41116,6-4063
41117,2-4462
41118,7-9192
41119,2-6853
41120,7-5651
41121,8-2821
41122,8-0379
41123,7-4312
41124,4-1984
41125,3-0613
41126,3-8179
41127,5-6992
41128,7-2628
41129,2-5856
41130,6-3893
41131,3-0565
41132,1-1953
41133,4-5814
41134,2-6347
41135,7-6864
41136,6-1662
41137,8-7141
41138,4-4155
41139,1-0366
41140,7-8930
41141,6-1354
41142,1-2665
41143,2-1769
41144,8-7897
41145,3-9724
41146,7-7296
41147,4-1332
41148,6-6699
41149,7-2932
41150,1-5054
41151,3-6876
41152,7-3922
41153,4-4228
41154,5-3222
41155,6-6901
41156,7-9712
41157,8-5387
41158,2-0728
41159,1-4685
41160,6-8793
41161,7-7049
41162,3-6978
41163,5-1705
41164,4-3015
41165,2-6059
41166,7-9437
41167,3-1369
41168,7-1886
41169,4-6694
41170,5-1437
41171,5-1189
41172,4-7033
41173,4-6046
41174,4-9879
41175,7-3620
41176,4-7430
41177,3-6483
41178,3-0584
41179,3-5282
41180,3-4122
41181,4-0796
41182,7-2807
41183,2-1457
41184,4-7752
41185,1-9595
41186,1-1133
41187,4-8683
41188,7-6184
41189,7-2817
41190,1-2957
41191,1-1637
41192,2-0005
41193,2-9918
41194,5-6980
41195,7-8352
41196,8-3842
41197,5-0380
41198,3-8655
41199,2-5576
41200,8-1186
41201,8-5784
41202,4-2001
41203,5-7881
41204,1-7002
41205,4-9731
41206,1-0133
41207,3-4179
41208,7-3453
41209,7-1898
41210,2-6273
41211,3-7588
41212,2-1458
41213,7-8641
41214,7-7877
41215,4-8104
41216,2-0008
41217,5-4855
41218,4-7420
41219,5-7033
41220,1-3041
41221,1-6536
41222,2-5127
41223,4-6426
41224,4-8790
41225,1-5489
41226,8-0274
41227,4-3954
41228,2-6469
41229,2-6657
41230,2-2383
41231,8-5590
41232,4-4602
41233,6-7185
41234,1-2751
41235,8-3845
41236,8-0441
41237,5-4799
41238,1-9198
41239,8-6892
41240,4-7719
41241,6-3994
41242,4-0361
41243,1-5357
41244,4-4046
41245,3-3791
41246,5-6797
41247,6-0962
41248,3-9531
41249,6-0041
41250,6-9606
41251,6-6540
41252,1-4266
41253,7-9657
41254,4-3410
41255,8-7846
41256,1-8976
41257,6-8672
41258,6-4158
41259,7-9294
41260,3-5034
41261,5-0101
41262,7-1783
41263,4-9284
41264,2-5895
41265,8-2936
41266,4-8025
41267,3-7284
41268,1-4004
41269,2-4133
41270,2-3220
41271,5-2045
41272,7-4640
41273,7-4852
41274,5-1540
41275,7-9210
41276,7-0163
41277,7-9606
41278,3-8316
41279,4-1887
41280,8-7561
41281,8-7524
41282,4-0949
41283,8-6423
41284,2-2036
41285,2-8434
41286,5-6761
41287,1-5283
41288,5-9436
41289,3-3906
41290,5-8566
41291,8-8166
41292,8-8925
41293,4-5383
41294,6-6969
41295,7-7880
41296,5-3428
41297,1-2956
41298,1-9251
41299,3-4625
41300,2-3133
41301,4-8572
41302,6-3782
41303,6-1990
41304,2-2939
41305,4-9505
41306,4-7662
41307,7-6114
41308,8-1578
41309,3-3654
41310,6-8353
41311,5-4438
41312,4-3686
41313,2-5380
41314,1-5245
41315,5-5283
41316,5-6308
41317,2-5083
41318,5-9728
41319,6-0581
41320,2-4711
41321,8-0046
41322,5-3969
41323,3-3837
41324,5-9904
41325,8-6161
41326,6-3770
41327,7-1738
41328,1-1409
41329,2-9336
41330,1-9425
41331,6-7233
41332,1-0154
41333,8-3189
41334,6-9731
41335,7-8963
41336,5-3865
41337,7-8261
41338,7-3551
41339,1-6960
41340,7-6279
41341,6-7834
41342,7-3436
41343,7-3181
41344,6-6366
41345,2-2386
41346,1-1698
41347,6-6536
41348,8-4997
41349,2-5718
41350,3-3214
41351,2-7982
41352,1-8990
41353,4-7031
41354,7-4662
41355,4-3841
41356,3-4847
41357,5-0198
41358,8-0132
41359,8-6588
41360,6-1680
41361,8-9359
41362,5-8517
41363,2-2588
41364,5-7796
41365,7-0814
41366,8-7808
41367,2-0805
41368,1-7108
41369,6-3130
41370,4-4527
41371,1-6657
41372,5-2332
41373,5-8983
41374,8-8909
41375,7-6931
41376,5-7963
41377,8-4238
41378,5-4947
41379,5-5855
41380,3-6143
41381,3-5615
41382,8-4890
41383,8-9960
41384,3-5554
41385,5-2275
41386,8-0748
41387,6-3350
41388,4-1777
41389,7-3337
41390,3-3084
41391,4-8570
41392,5-2510
41393,7-0662
41394,8-5111
41395,3-6854
41396,5-5019
41397,6-9423
41398,3-4656
41399,1-9365
41400,4-9980
41401,4-6128
41402,5-9067
41403,5-0264
41404,5-2492
41405,2-1538
41406,8-6856
41407,3-8815
41408,1-9653
41409,5-1827
41410,4-8053
41411,7-5735
41412,7-1050
41413,1-1285
41414,3-7734
41415,5-0512
41416,1-0675
41417,2-3601
41418,3-5947
41419,3-2881
41420,2-0787
41421,3-0337
41422,5-5381
41423,5-0649
41424,1-5111
41425,7-8546
41426,6-4493
41427,1-2946
41428,2-8883
41429,3-5772
41430,5-9558
41431,5-9039
41432,5-0659
41433,5-2222
41434,6-0340
41435,5-7245
41436,2-2933
41437,1-3448
41438,2-1706
41439,5-9603
41440,6-2628
41441,5-5005
41442,1-8811
41443,1-2070
41444,6-8735
41445,1-5659
41446,4-8838
41447,2-6519
41448,1-3745
41449,3-8674
41450,8-7675
41451,3-5294
41452,3-8584
41453,5-6195
41454,5-9877
41455,8-2097
41456,3-1649
41457,2-4719
41458,3-5801
41459,2-1979
41460,2-4557
41461,3-4893
41462,5-6891
41463,7-3198
41464,7-8174
41465,2-9305
41466,3-2205
41467,5-7503
41468,1-3038
41469,4-5324
41470,1-5503
41471,3-3487
41472,4-9124
41473,3-4495
41474,7-0095
41475,8-5368
41476,4-6598
41477,6-1568
41478,7-9012
41479,2-4339
41480,5-9702
41481,4-2964
41482,7-6330
41483,4-9591
41484,4-2394
41485,5-5471
41486,8-2512
41487,2-4723
41488,3-0170
41489,8-2603
41490,5-4591
41491,4-6823
41492,6-4891
41493,1-8875
41494,2-2898
41495,4-7715
41496,1-0871
41497,5-0330
41498,3-4399
41499,1-9509
41500,5-4395
41501,5-9460
41502,6-5788
41503,4-5519
41504,6-1061
41505,7-5026
41506,1-7458
41507,5-3668
41508,2-0412
41509,1-8101
41510,2-0249
41511,7-6248
41512,7-6914
41513,6-1005
41514,2-2606
41515,2-3593
41516,1-2095
41517,1-6463
41518,5-3768
41519,8-3163
41520,6-9135
41521,4-9737
41522,7-4936
41523,1-5156
41524,3-3282
41525,4-9134
41526,8-5910
41527,4-2801
41528,2-1389
41529,6-9097
41530,8-0448
41531,6-5862
41532,8-0920
41533,8-9892
41534,4-5141
41535,2-8146
41536,7-1634
41537,5-1323
41538,1-3687
41539,5-2463
41540,6-9415
41541,7-3995
41542,1-6055
41543,6-8633
41544,5-3487
41545,7-6545
41546,4-7391
41547,4-9442
41548,3-1892
41549,2-1047
41550,7-5457
41551,4-4117
41552,8-6810
41553,7-3457
41554,2-1466
41555,4-1864
41556,7-9665
41557,6-1962
41558,2-1158
41559,4-0754
41560,2-2094
41561,7-2690
41562,1-0573
41563,7-9936
41564,3-9166
41565,3-1434
41566,4-2531
41567,3-0872
41568,8-3287
41569,5-7348
41570,1-1793
41571,4-6658
41572,1-5468
41573,3-2239
41574,2-3687
41575,1-6486
41576,8-7582
41577,5-8263
41578,2-9003
41579,1-8345
41580,2-4134
41581,6-4462
41582,1-3126
41583,5-7910
41584,6-8262
41585,7-0606
41586,2-3730
41587,1-3071
41588,1-4998
41589,4-2286
41590,7-8407
41591,5-2636
41592,7-1770
41593,4-8401
41594,7-3559
41595,3-8842
41596,8-9624
41597,2-8280
41598,2-7061
41599,6-5415
41600,5-2742
41601,2-8906
41602,7-8399
41603,2-1820
41604,5-9846
41605,7-0990
41606,6-1511
41607,1-6222
41608,3-4873
41609,7-0582
41610,3-6622
41611,7-3093
41612,2-5898
41613,4-2260
41614,6-7636
41615,8-7387
41616,2-9904
41617,8-1914
41618,5-9901
41619,7-0973
41620,1-5958
41621,5-2993
41622,7-5559
41623,8-5683
41624,8-6999
41625,7-1123
41626,2-3223
41627,4-2918
41628,3-0748
41629,4-9170
41630,4-4182
41631,6-2508
41632,5-7515
41633,2-9203
41634,3-4947
41635,1-7257
41636,4-1746
41637,8-5886
41638,8-9092
41639,3-3849
41640,7-0016
41641,4-5137
41642,7-6777
41643,4-2131
41644,6-4174
41645,3-8281
41646,6-3517
41647,7-2490
41648,4-4593
41649,4-5353
41650,3-1293
41651,2-6656
41652,5-5192
41653,3-7367
41654,5-0107
41655,7-7643
41656,8-0991
41657,3-6387
41658,1-7220
41659,4-6544
41660,1-0379
41661,2-5462
41662,8-9771
41663,3-7237
41664,6-2014
41665,5-4135
41666,1-1587
41667,8-6669
41668,2-2447
41669,5-1356
41670,7-1819
41671,5-1196
41672,1-0859
41673,8-4059
41674,1-0748
41675,2-5835
41676,5-9357
41677,1-2338
41678,6-0080
41679,1-9642
41680,7-0835
41681,3-4367
41682,8-8760
41683,8-7418
41684,7-7020
41685,5-9524
41686,2-8511
41687,1-9816
41688,2-3882
41689,2-3441
41690,1-5338
41691,2-1671
41692,1-4215
41693,1-2484
41694,4-0196
41695,5-7084
41696,4-1533
41697,2-1922
41698,8-8614
41699,1-7155
41700,3-7011
41701,5-1050
41702,5-2415
41703,4-1570
41704,2-2265
41705,4-2592
41706,6-2435
41707,5-3401
41708,8-1300
41709,3-2292
41710,8-3713
41711,8-2275
41712,1-4016
41713,5-0779
41714,3-7090
41715,5-4574
41716,8-3417
41717,7-1091
41718,6-1761
41719,7-9989
41720,5-6120
41721,2-4918
41722,1-9875
41723,3-4046
41724,5-1033
41725,8-3615
41726,8-2692
41727,2-4367
41728,5-0477
41729,7-5047
41730,6-8365
41731,1-6108
41732,3-0731
41733,3-5827
41734,4-1171
41735,2-4356
41736,1-7182
41737,8-4739
41738,6-3663
41739,1-6317
41740,4-2277
41741,8-3012
41742,1-6641
41743,7-7648
41744,3-4383
41745,5-1206
41746,5-7061
41747,5-2286
41748,7-4310
41749,6-2083
41750,7-8939
41751,8-5738
41752,4-8070
41753,7-4440
41754,3-9223
41755,7-3671
41756,3-1155
41757,5-2470
41758,1-4734
41759,8-1342
41760,3-2642
41761,8-2930
41762,7-3824
41763,1-0953
41764,5-7874
41765,6-3993
41766,6-2388
41767,1-4958
41768,4-3712
41769,8-9904
41770,4-6540
41771,5-0809
41772,8-4459
41773,4-1996
41774,6-8846
41775,6-7334
41776,8-7528
41777,3-5691
41778,8-8436
41779,4-1002
41780,8-6716
41781,3-4305
41782,3-2286
41783,4-0057
41784,6-2483
41785,6-5617
41786,6-0740
41787,3-5987
41788,5-6159
41789,4-3889
41790,2-6705
41791,5-5813
41792,5-3739
41793,7-2843
41794,4-5884
41795,4-1743
41796,7-3725
41797,4-4144
41798,7-1328
41799,4-9753
41800,3-8485
41801,7-7639
41802,4-3177
41803,2-1774
41804,8-1123
41805,4-0686
41806,1-6718
41807,1-6909
41808,8-1495
41809,6-2303
41810,8-3175
41811,2-6496
41812,2-0701
41813,2-7533
41814,2-5977
41815,5-9594
41816,1-7212
41817,8-7896
41818,1-8568
41819,1-0121
41820,3-5180
41821,3-6696
41822,6-3423
41823,5-8522
41824,3-3636
41825,2-6202
41826,6-5150
41827,2-1210
41828,6-1828
41829,6-7319
41830,4-9802
41831,5-6709
41832,3-9448
41833,5-9942
41834,6-8619
41835,4-8560
41836,6-1605
41837,7-3593
41838,1-7475
41839,5-1141
41840,5-0528
41841,8-4404
41842,3-6128
41843,7-4997
41844,8-6143
41845,1-0410
41846,6-3128
41847,1-1346
41848,5-5047
41849,8-0913
41850,5-9502
41851,2-9808
41852,4-9186
41853,7-4507
41854,4-2504
41855,6-4986
41856,5-5399
41857,2-4341
41858,6-5589
41859,4-7232
41860,8-1264
41861,2-5939
41862,1-5566
41863,3-0131
41864,1-0793
41865,3-4126
41866,6-5558
41867,6-4353
41868,7-6043
41869,8-2260
41870,3-3911
41871,2-8444
41872,3-9681
41873,5-5543
41874,4-3895
41875,7-6690
41876,3-0563
41877,8-3978
41878,6-1209
41879,7-6734
41880,3-4017
41881,4-0007
41882,1-7095
41883,7-9184
41884,6-1673
41885,6-5414
41886,3-5414
41887,8-1239
41888,4-9241
41889,2-0333
41890,4-4733
41891,3-2660
41892,4-3250
41893,1-3464
41894,6-9292
41895,5-9596
41896,3-6578
41897,2-2837
41898,5-2996
41899,7-9381
41900,6-5311
41901,6-8068
41902,1-1369
41903,8-1360
41904,8-8508
41905,7-1777
41906,8-1160
41907,2-1283
41908,1-4232
41909,6-7996
41910,3-2259
41911,3-3277
41912,5-8165
41913,2-1667
41914,6-0395
41915,2-3694
41916,5-2886
41917,7-3682
41918,2-3773
41919,8-0994
41920,3-3190
41921,1-2549
41922,4-3604
41923,6-2720
41924,3-2618
41925,2-3671
41926,2-4895
41927,5-4343
41928,6-0038
41929,5-1867
41930,4-9399
41931,3-8837
41932,7-5749
41933,5-1020
41934,4-1661
41935,2-2459
41936,6-1169
41937,8-1294
41938,5-2313
41939,8-5351
41940,3-6438
41941,8-0914
41942,2-0134
41943,6-7569
41944,6-3129
41945,6-2695
41946,4-0418
41947,7-0371
41948,4-4626
41949,3-8957
41950,6-5618
41951,6-3412
41952,2-7147
41953,1-6974
41954,3-0653
41955,5-1234
41956,1-0399
41957,8-1377
41958,5-1403
41959,4-5770
41960,2-5640
41961,3-8843
41962,4-1544
41963,3-8101
41964,3-8165
41965,8-6392
41966,1-7656
41967,7-3915
41968,1-6120
41969,3-6007
41970,6-0951
41971,5-4247
41972,6-7033
41973,6-7654
41974,6-1746
41975,5-3609
41976,7-4268
41977,1-3726
41978,4-9683
41979,6-6827
41980,2-8044
41981,7-0266
41982,4-3805
41983,7-2412
41984,6-4865
41985,7-5993
41986,2-5479
41987,5-1552
41988,7-3696
41989,5-4121
41990,4-4693
41991,7-2461
41992,3-0848
41993,7-3173
41994,1-5349
41995,7-0645
41996,5-8492
41997,5-1896
41998,8-3521
41999,1-1938
42000,7-0524
42001,3-8022
42002,6-4468
42003,2-4804
42004,2-0597
42005,7-9011
42006,3-4384
42007,1-6793
42008,2-2776
42009,8-6594
42010,6-4015
42011,1-4115
42012,6-9684
42013,7-9290
42014,8-5038
42015,4-8513
42016,2-6913
42017,8-2809
42018,5-0861
42019,1-2985
42020,4-9321
42021,5-1778
42022,7-9974
42023,8-1790
42024,3-5652
42025,6-4416
42026,3-8567
42027,4-5945
42028,6-0865
42029,8-2743
42030,5-0923
42031,7-4281
42032,2-6144
42033,4-0971
42034,6-1643
42035,4-5905
42036,7-7664
42037,2-7361
42038,2-6513
42039,5-1019
42040,8-9699
42041,3-7718
42042,8-4446
42043,6-9971
42044,6-2326
42045,8-1613
42046,5-2689
42047,2-8862
42048,6-5169
42049,7-7717
42050,6-5995
42051,4-8096
42052,5-8249
42053,2-6514
42054,4-4235
42055,4-4649
42056,2-5675
42057,2-1164
42058,8-9758
42059,4-2556
42060,7-4846
42061,4-6131
42062,5-6528
42063,5-6436
42064,5-6282
42065,8-4185
42066,8-2064
42067,8-5461
42068,2-4610
42069,3-3446
42070,6-4170
42071,4-1362
42072,2-4786
42073,4-7511
42074,7-7481
42075,6-0358
42076,4-0896
42077,5-9342
42078,5-3843
42079,6-5288
42080,5-1707
42081,6-9628
42082,2-0971
42083,6-8959
42084,1-0540
42085,6-7210
42086,2-6550
42087,7-5924
42088,7-2797
42089,7-0403
42090,6-7166
42091,3-5260
42092,3-4768
42093,6-3696
42094,2-5803
42095,4-4170
42096,4-4665
42097,7-3292
42098,5-8915
42099,1-2201
42100,8-6732
42101,5-0451
42102,6-0719
42103,8-4784
42104,4-5337
42105,1-5935
42106,8-9981
42107,7-8677
42108,5-6871
42109,4-0070
42110,4-1414
42111,8-3685
42112,3-4896
42113,1-7878
42114,8-5865
42115,4-4100
42116,3-5953
42117,2-4359
42118,6-3710
42119,4-0338
42120,5-8623
42121,5-7622
42122,1-5405
42123,8-7915
42124,6-5653
42125,8-1130
42126,3-9693
42127,7-3448
42128,5-8423
42129,2-2238
42130,5-5510
42131,5-9735
42132,5-6846
42133,1-2896
42134,4-5617
42135,7-9737
42136,5-4737
42137,4-8171
42138,4-7873
42139,2-9954
42140,7-6157
42141,3-3249
42142,7-2114
42143,2-9979
42144,4-1665
42145,3-6834
42146,4-3189
42147,7-6250
42148,5-3583
42149,1-5952
42150,2-2766
42151,3-7203
42152,1-4530
42153,2-6109
42154,2-6690
42155,5-7304
42156,4-4574
42157,6-3925
42158,2-5308
42159,5-1313
42160,6-9539
42161,7-7415
42162,7-1649
42163,1-0028
42164,2-3152
42165,8-1670
42166,7-1034
42167,2-9111
42168,4-4815
42169,8-4786
42170,6-6182
42171,5-7732
42172,4-1847
42173,7-6127
42174,4-3600
42175,2-0632
42176,5-0338
42177,5-1504
42178,3-0292
42179,7-4841
42180,7-9754
42181,4-7608
42182,1-8021
42183,7-2317
42184,4-6843
42185,1-7934
42186,6-7729
42187,5-8722
42188,1-8978
42189,8-8623
42190,7-6119
42191,1-1832
42192,3-3854
42193,5-8952
42194,5-4150
42195,6-4470
42196,2-7289
42197,6-1161
42198,2-8846
42199,6-9511
42200,1-9605
42201,4-4863
42202,7-4107
42203,3-8274
42204,8-5088
42205,4-4183
42206,1-8372
42207,2-5439
42208,8-4773
42209,8-1703
42210,3-2716
42211,5-4070
42212,6-7241
42213,3-0968
42214,3-2027
42215,7-5649
42216,6-0692
42217,5-4396
42218,7-7436
42219,6-8146
42220,8-6180
42221,1-2772
42222,1-8328
42223,6-1790
42224,8-1996
42225,4-9228
42226,7-8539
42227,6-2531
42228,6-5278
42229,3-5271
42230,1-1955
42231,1-6105
42232,5-6333
42233,7-2234
42234,1-4093
42235,2-9806
42236,6-9428
42237,7-2719
42238,4-0698
42239,8-8521
42240,6-6759
42241,6-4801
42242,2-7746
42243,5-5849
42244,5-5442
42245,7-6688
42246,3-3083
42247,4-4601
42248,5-9353
42249,8-9251
42250,1-5724
42251,3-3181
42252,7-5382
42253,1-0490
42254,5-8532
42255,2-5411
42256,3-0295
42257,6-2283
42258,4-1673
42259,6-9938
42260,6-9366
42261,6-8237
42262,8-1878
42263,3-3026
42264,8-3704
42265,1-9936
42266,2-1368
42267,3-0782
42268,8-9792
42269,2-6192
42270,7-2396
42271,6-8616
42272,7-7890
42273,7-1678
42274,5-4854
42275,8-9274
42276,7-5702
42277,6-8728
42278,7-7043
42279,5-4484
42280,5-0632
42281,4-1170
42282,3-9219
42283,8-1803
42284,2-2798
42285,2-6952
42286,4-7048
42287,7-4800
42288,5-4002
42289,3-6813
42290,5-2648
42291,7-0658
42292,2-1929
42293,8-8890
42294,2-0408
42295,1-3229
42296,7-9550
42297,1-3851
42298,4-5895
42299,8-2562
42300,1-3415
42301,7-6565
42302,5-9271
42303,3-4538
42304,3-7875
42305,4-0053
42306,6-4560
42307,3-2601
42308,7-0467
42309,2-0708
42310,3-8716
42311,6-0884
42312,7-8659
42313,2-4338
42314,8-8024
42315,1-0604
42316,2-6046
42317,3-5164
42318,2-4432
42319,5-1530
42320,5-4188
42321,1-3486
42322,2-1556
42323,8-3563
42324,6-6715
42325,1-5756
42326,8-1021
42327,6-9516
42328,5-1952
42329,2-5589
42330,5-5598
42331,3-8066
42332,8-4467
42333,8-5066
42334,4-5356
42335,3-9612
42336,7-4327
42337,6-6867
42338,4-7521
42339,8-9495
42340,8-0249
42341,2-8409
42342,7-2383
42343,2-0165
42344,5-1572
42345,3-6367
42346,3-8737
42347,2-2656
42348,2-0467
42349,8-5560
42350,3-0734
42351,2-0570
42352,4-4427
42353,5-4430
42354,4-7398
42355,1-4748
42356,4-7227
42357,7-5913
42358,2-7354
42359,7-1287
42360,7-8461
42361,2-9072
42362,5-4323
42363,3-1538
42364,5-3227
42365,8-3430
42366,8-1905
42367,6-7776
42368,3-8455
42369,7-7135
42370,7-6189
42371,1-4547
42372,3-6858
42373,6-3344
42374,4-6641
42375,5-4681
42376,3-4072
42377,7-1949
42378,2-3521
42379,1-9408
42380,1-6829
42381,5-2633
42382,7-1708
42383,8-5632
42384,1-4096
42385,7-1070
42386,8-6240
42387,7-5058
42388,4-3363
42389,7-6148
42390,3-1938
42391,2-6135
42392,4-1231
42393,5-7687
42394,1-7206
42395,3-8694
42396,7-2266
42397,1-4890
42398,5-8754
42399,6-7012
42400,3-7430
42401,2-3211
42402,1-7542
42403,2-1359
42404,4-6580
42405,7-8816
42406,1-7496
42407,2-3268
42408,4-8264
42409,4-0752
42410,8-6640
42411,2-9475
42412,4-6719
42413,3-1592
42414,2-5776
42415,1-6815
42416,2-6034
42417,3-9580
42418,1-2304
42419,3-7198
42420,6-0039
42421,2-3240
42422,1-9723
42423,1-2723
42424,5-1368
42425,1-0275
42426,3-9481
42427,7-9405
42428,5-5331
42429,3-5244
42430,4-8318
42431,6-9048
42432,3-8301
42433,5-7137
42434,8-2007
42435,1-2384
42436,4-4254
42437,6-8580
42438,4-0622
42439,7-0072
42440,1-0989
42441,6-9755
42442,1-5195
42443,7-6680
42444,3-4750
42445,5-6311
42446,1-7755
42447,5-4549
42448,7-0525
42449,7-4277
42450,8-2291
42451,4-5151
42452,5-1955
42453,4-2928
42454,5-1153
42455,2-6516
42456,6-1142
42457,5-6628
42458,7-0615
42459,8-8709
42460,1-7882
42461,6-7160
42462,4-2315
42463,1-2632
42464,5-3320
42465,8-7358
42466,5-9212
42467,2-0377
42468,8-0607
42469,6-6406
42470,7-7744
42471,5-8877
42472,1-6945
42473,1-1043
42474,5-4502
42475,4-6947
42476,1-9179
42477,1-7913
42478,8-1958
42479,2-8903
42480,8-6104
42481,3-2149
42482,3-7089
42483,5-8560
42484,7-5264
42485,7-2659
42486,2-3260
42487,4-8408
42488,3-4486
42489,7-3303
42490,8-6481
42491,6-2372
42492,5-5069
42493,2-9137
42494,3-1449
42495,3-0521
42496,2-7425
42497,7-4872
42498,5-0533
42499,5-2545
42500,3-9854
42501,6-0075
42502,5-3836
42503,3-3100
42504,1-9760
42505,4-1650
42506,3-7307
42507,4-7755
42508,6-3483
42509,3-5218
42510,4-9981
42511,6-3668
42512,8-5473
42513,4-0617
42514,6-9580
42515,1-4703
42516,7-1554
42517,1-6202
42518,5-5826
42519,5-0960
42520,3-8896
42521,7-8901
42522,1-2713
42523,1-6037
42524,1-9266
42525,4-6940
42526,8-5346
42527,8-7605
42528,3-9043
42529,6-0393
42530,4-2106
42531,4-0884
42532,7-6479
42533,5-0497
42534,4-5987
42535,5-6280
42536,4-9824
42537,7-9645
42538,6-2386
42539,6-8831
42540,4-1949
42541,2-1801
42542,8-9079
42543,1-2588
42544,8-5081
42545,6-7886
42546,5-0362
42547,4-1940
42548,4-9129
42549,6-7581
42550,8-9060
42551,7-8077
42552,3-3563
42553,1-7555
42554,1-0271
42555,6-1939
42556,8-2395
42557,2-9384
42558,2-8513
42559,1-5064
42560,7-1026
42561,7-0559
42562,2-6076
42563,5-1480
42564,3-8611
42565,7-0649
42566,8-5998
42567,1-6218
42568,6-8628
42569,1-2550
42570,8-5680
42571,7-3192
42572,4-4503
42573,2-3344
42574,7-0320
42575,4-2344
42576,4-7734
42577,2-8989
42578,7-8322
42579,4-1615
42580,4-9550
42581,3-3186
42582,5-2635
42583,5-7864
42584,1-7005
42585,7-0843
42586,8-9893
42587,2-7666
42588,2-7142
42589,5-2856
42590,8-5274
42591,1-7207
42592,3-7568
42593,8-5103
42594,6-1785
42595,4-0508
42596,3-9401
42597,5-3629
42598,3-5793
42599,8-3232
42600,6-4310
42601,1-2790
42602,7-6957
42603,8-6606
42604,3-3732
42605,5-3221
42606,5-2443
42607,1-6057
42608,8-0706
42609,7-4478
42610,7-3261
42611,2-8295
42612,6-3017
42613,2-6105
42614,1-1665
42615,5-9031
42616,6-1300
42617,7-6945
42618,3-6393
42619,7-9444
42620,8-2910
42621,5-9116
42622,1-2992
42623,6-2868
42624,8-9028
42625,6-1921
42626,1-1401
42627,7-7960
42628,4-9069
42629,7-6724
42630,1-4870
42631,8-7794
42632,2-3170
42633,4-3405
42634,6-5055
42635,3-0740
42636,1-9317
42637,7-0858
42638,4-8329
42639,8-5819
42640,3-1418
42641,4-3160
42642,6-0847
42643,7-9468
42644,1-4174
42645,1-9638
42646,8-0078
42647,6-6757
42648,5-4558
42649,8-2896
42650,4-2499
42651,6-8494
42652,3-7277
42653,3-9131
42654,5-3208
42655,1-5768
42656,7-9583
42657,2-7850
42658,3-8959
42659,6-1782
42660,3-1215
42661,3-3803
42662,5-9484
42663,6-7234
42664,2-4527
42665,6-9410
42666,6-2652
42667,3-7907
42668,3-3558
42669,1-0002
42670,5-2567
42671,4-2408
42672,7-4115
42673,6-9130
42674,8-3926
42675,6-0960
42676,1-0059
42677,4-9821
42678,3-3024
42679,7-3135
42680,5-5252
42681,5-8405
42682,6-2898
42683,8-6179
42684,5-6029
42685,2-9816
42686,4-1990
42687,2-5212
42688,6-9631
42689,6-3286
42690,1-1104
42691,4-5366
42692,8-5824
42693,2-2824
42694,6-4261
42695,1-0467
42696,2-8695
42697,8-1749
42698,2-5126
42699,5-5227
42700,1-0103
42701,3-5441
42702,6-3789
42703,3-8196
42704,3-0645
42705,7-7778
42706,1-1271
42707,7-1230
42708,7-6709
42709,6-6214
42710,6-0110
42711,8-0137
42712,8-4901
42713,4-1048
42714,3-6257
42715,8-9375
42716,6-7816
42717,6-2041
42718,5-5008
42719,7-6480
42720,5-0135
42721,4-4103
42722,3-8217
42723,3-9129
42724,6-7168
42725,1-9924
42726,5-9407
42727,5-1240
42728,6-9056
42729,2-3188
42730,8-4170
42731,7-9403
42732,1-4474
42733,2-8698
42734,4-3224
42735,5-2353
42736,2-7282
42737,6-6698
42738,8-3399
42739,3-3954
42740,1-9601
42741,7-7383
42742,4-6513
42743,1-8330
42744,6-6920
42745,1-0979
42746,7-3855
42747,5-7676
42748,6-3796
42749,8-6163
42750,7-2256
42751,1-4364
42752,6-4130
42753,6-7734
42754,8-2978
42755,7-1828
42756,1-8034
42757,2-1711
42758,1-0599
42759,4-4249
42760,3-6096
42761,2-4025
42762,3-8015
42763,2-8162
42764,7-8711
42765,5-6373
42766,7-0731
42767,6-2485
42768,2-1539
42769,8-0912
42770,6-7853
42771,2-4078
42772,4-6327
42773,1-1208
42774,8-3613
42775,1-9212
42776,3-8273
42777,2-1734
42778,4-3253
42779,5-8507
42780,6-7940
42781,4-5389
42782,8-1603
42783,8-3132
42784,5-0061
42785,6-5900
42786,6-8549
42787,3-0402
42788,3-5952
42789,3-8464
42790,6-4512
42791,3-6417
42792,6-7648
42793,6-6145
42794,6-0232
42795,4-4288
42796,7-8794
42797,5-6000
42798,6-7562
42799,7-9824
42800,2-7322
42801,4-3232
42802,6-5526
42803,3-0594
42804,5-7902
42805,1-2909
42806,3-6202
42807,6-7672
42808,5-8123
42809,1-4032
42810,5-4957
42811,8-8360
42812,4-2391
42813,3-7472
42814,6-2648
42815,4-0111
42816,3-9301
42817,4-8488
42818,6-5053
42819,7-7408
42820,8-2001
42821,8-8898
42822,4-3506
42823,4-6242
42824,1-9501
42825,5-6271
42826,7-5414
42827,6-6863
42828,6-1237
42829,5-0190
42830,4-1084
42831,1-5474
42832,6-2274
42833,4-3300
42834,5-4974
42835,7-3398
42836,3-0937
42837,4-3038
42838,6-1764
42839,4-6200
42840,6-8183
42841,1-2730
42842,8-5247
42843,6-1149
42844,4-6225
42845,6-5621
42846,4-2973
42847,8-2103
42848,3-7467
42849,8-5052
42850,5-1905
42851,5-9304
42852,2-3769
42853,6-9830
42854,1-4207
42855,4-9043
42856,7-9091
42857,7-7034
42858,5-7427
42859,4-5997
42860,6-6297
42861,6-8013
42862,4-0804
42863,2-2920
42864,2-2553
42865,6-0670
42866,4-1538
42867,6-7335
42868,2-3570
42869,1-6476
42870,6-5354
42871,2-4766
42872,6-2996
42873,4-5917
42874,6-0902
42875,6-9452
42876,2-3319
42877,6-0421
42878,2-1738
42879,7-3494
42880,3-2164
42881,8-9710
42882,2-6919
42883,1-2971
42884,5-0434
42885,4-3613
42886,7-7593
42887,4-6798
42888,5-5921
42889,5-7787
42890,4-7377
42891,7-1851
42892,7-3392
42893,3-5036
42894,5-2863
42895,7-0139
42896,2-7092
42897,6-5908
42898,7-1252
42899,5-8993
42900,4-1501
42901,1-5173
42902,6-8184
42903,5-4577
42904,1-6403
42905,8-7858
42906,7-4968
42907,4-0917
42908,3-3140
42909,8-8811
42910,2-1817
42911,3-9289
42912,7-1234
42913,6-4803
42914,4-6530
42915,6-9328
42916,8-5337
42917,3-4978
42918,3-3822
42919,1-5238
42920,8-2590
42921,1-2264
42922,7-2452
42923,5-4489
42924,8-5842
42925,8-1854
42926,1-0578
42927,8-3687
42928,8-0638
42929,4-9612
42930,1-0742
42931,7-8082
42932,2-9244
42933,2-1375
42934,5-4942
42935,6-1776
42936,1-1198
42937,4-2420
42938,7-3808
42939,7-6930
42940,4-7572
42941,3-9991
42942,2-3585
42943,7-5742
42944,1-6532
42945,8-2123
42946,2-3137
42947,3-7764
42948,5-1454
42949,6-3708
42950,5-2990
42951,4-0771
42952,8-1607
42953,7-2916
42954,4-0658
42955,2-3037
42956,5-9563
42957,6-4046
42958,6-8694
42959,7-3493
42960,7-8395
42961,6-5356
42962,3-5506
42963,3-6883
42964,1-9040
42965,5-5154
42966,2-6239
42967,1-5358
42968,5-2930
42969,5-5475
42970,7-5561
42971,8-3073
42972,8-3843
42973,5-7566
42974,1-6283
42975,7-5537
42976,1-9926
42977,1-0370
42978,7-4317
42979,7-1301
42980,1-1320
42981,1-1842
42982,8-0054
42983,7-7844
42984,8-8249
42985,2-4423
42986,6-0672
42987,3-0540
42988,8-9370
42989,3-7847
42990,4-5661
42991,1-8576
42992,7-2717
42993,4-5761
42994,5-6542
42995,8-1501
42996,4-0270
42997,3-8600
42998,5-7950
42999,8-1460
43000,3-0658
43001,6-6619
43002,6-5148
43003,4-7531
43004,5-1273
43005,2-2297
43006,8-0380
43007,4-6322
43008,5-6170
43009,6-0801
43010,6-6224
43011,8-8660
43012,7-4954
43013,6-1940
43014,6-5388
43015,3-1784
43016,8-6073
43017,1-9904
43018,2-7155
43019,3-1487
43020,6-7154
43021,3-3560
43022,4-9760
43023,4-3567
43024,7-7718
43025,5-8330
43026,5-3662
43027,5-3706
43028,4-7175
43029,8-2276
43030,8-2356
43031,7-6093
43032,6-8572
43033,4-7458
43034,1-1487
43035,8-7899
43036,3-4664
43037,2-9483
43038,5-2796
43039,8-9647
43040,5-4572
43041,2-2820
43042,8-7018
43043,3-3421
43044,5-3616
43045,5-7660
43046,3-7672
43047,2-4021
43048,3-0513
43049,2-2833
43050,4-6933
43051,6-2580
43052,7-7029
43053,6-9955
43054,8-2705
43055,6-7693
43056,3-6786
43057,8-9204
43058,8-1625
43059,2-8944
43060,4-8998
43061,8-3754
43062,1-7551
43063,6-9334
43064,4-7533
43065,8-3818
43066,8-8746
43067,6-1577
43068,8-2521
43069,5-9970
43070,8-1388
43071,4-4952
43072,5-3300
43073,8-6048
43074,4-9679
43075,8-2644
43076,1-3502
43077,2-5747
43078,7-4889
43079,5-9704
43080,2-3164
43081,3-1900
43082,3-0154
43083,8-2727
43084,8-7951
43085,8-5045
43086,7-3752
43087,1-4370
43088,4-0222
43089,4-2294
43090,5-9743
43091,1-6461
43092,4-9671
43093,4-5413
43094,6-9622
43095,8-6155
43096,1-1702
43097,6-7531
43098,6-0638
43099,2-4809
43100,4-0252
43101,2-7043
43102,1-1511
43103,7-4435
43104,5-3128
43105,5-1116
43106,7-0142
43107,5-0241
43108,1-6457
43109,8-2219
43110,1-0407
43111,7-1152
43112,6-8561
43113,1-5142
43114,5-0560
43115,4-7974
43116,1-5577
43117,1-5346
43118,6-1445
43119,3-2844
43120,7-0447
43121,8-3909
43122,5-6199
43123,4-8626
43124,7-5888
43125,6-1623
43126,5-0657
43127,3-4472
43128,6-7289
43129,1-8832
43130,5-7325
43131,2-9075
43132,1-0784
43133,8-0095
43134,8-5028
43135,4-3825
43136,3-6884
43137,3-1390
43138,6-6038
43139,4-1018
43140,3-2994
43141,2-9983
43142,1-5729
43143,4-0583
43144,8-2376
43145,1-0773
43146,6-4022
43147,2-5427
43148,3-7339
43149,7-9217
43150,1-8474
43151,6-4182
43152,7-9348
43153,3-1329
43154,5-5233
43155,4-4096
43156,4-5979
43157,6-9188
43158,1-0545
43159,1-7767
43160,1-2637
43161,1-5845
43162,1-3254
43163,1-3353
43164,5-1246
43165,6-7799
43166,1-3466
43167,7-0452
43168,4-8655
43169,6-5448
43170,4-3788
43171,4-2956
43172,2-3838
43173,2-0343
43174,8-3311
43175,1-3519
43176,7-3766
43177,4-0833
43178,7-1189
43179,6-5153
43180,1-6622
43181,8-0579
43182,4-0597
43183,8-6373
43184,1-9514
43185,7-0563
43186,4-5307
43187,5-2319
43188,8-8162
43189,6-9753
43190,7-7224
43191,6-8330
43192,4-3285
43193,1-2614
43194,2-9520
43195,4-7463
43196,1-9328
43197,6-3881
43198,4-3595
43199,5-4536
43200,7-2023
43201,2-2507
43202,7-9176
43203,7-3231
43204,4-3321
43205,1-4316
43206,2-6522
43207,4-7722
43208,6-7303
43209,6-4390
43210,6-6381
43211,6-7430
43212,6-0817
43213,2-5052
43214,5-5265
43215,7-3305
43216,1-9995
43217,3-2717
43218,3-6164
43219,5-0030
43220,3-7880
43221,1-8218
43222,7-9094
43223,7-3386
43224,1-7566
43225,8-1959
43226,8-1624
43227,5-3021
43228,2-1134
43229,4-4389
43230,2-0860
43231,2-9282
43232,3-6076
43233,2-3346
43234,3-0792
43235,1-8413
43236,3-4050
43237,7-6036
43238,2-9272
43239,3-0147
43240,8-0207
43241,3-1031
43242,3-6780
43243,6-5284
43244,4-9013
43245,7-9562
43246,3-4559
43247,4-5887
43248,4-3422
43249,6-0710
43250,6-6296
43251,8-6114
43252,4-2645
43253,2-3683
43254,4-0352
43255,1-9592
43256,4-9490
43257,6-9822
43258,6-7279
43259,7-0568
43260,7-4282
43261,3-4891
43262,1-0331
43263,7-9168
43264,1-1769
43265,4-3393
43266,5-9250
43267,2-8010
43268,4-1812
43269,4-9074
43270,6-2151
43271,2-5915
43272,1-8127
43273,1-7097
43274,7-0336
43275,2-2922
43276,5-5844
43277,8-5860
43278,3-5537
43279,1-7710
43280,3-0489
43281,6-3797
43282,4-8531
43283,3-3292
43284,3-0136
43285,8-2740
43286,7-7599
43287,3-0428
43288,7-1249
43289,7-3858
43290,4-8497
43291,8-4222
43292,8-1500
43293,8-2739
43294,2-1668
43295,5-4660
43296,4-3760
43297,2-7138
43298,6-3065
43299,7-5729
43300,7-3504
43301,6-9270
43302,3-6118
43303,1-7815
43304,2-9406
43305,1-3189
43306,1-2494
43307,1-2586
43308,5-4958
43309,6-5447
43310,1-3897
43311,3-6032
43312,6-5413
43313,7-9793
43314,4-5169
43315,4-2410
43316,8-0911
43317,1-7384
43318,3-2353
43319,2-1284
43320,2-1228
43321,1-1917
43322,4-8819
43323,1-0647
43324,5-8697
43325,5-8906
43326,8-7278
43327,1-2406
43328,4-0702
43329,5-2209
43330,1-3205
43331,3-1839
43332,3-3996
43333,4-5050
43334,2-8694
43335,7-9599
43336,1-8285
43337,4-1873
43338,4-3612
43339,5-6844
43340,4-6670
43341,1-9460
43342,7-7575
43343,4-1448
43344,5-2563
43345,8-4727
43346,1-7138
43347,2-2335
43348,5-8882
43349,2-6385
43350,5-6527
43351,1-2191
43352,7-6363
43353,8-1125
43354,7-3104
43355,8-9298
43356,5-1230
43357,6-3697
43358,3-0430
43359,5-3944
43360,2-6414
43361,1-1228
43362,1-1797
43363,4-4050
43364,4-6492
43365,4-3360
43366,5-7482
43367,7-5866
43368,7-7712
43369,3-6701
43370,8-6102
43371,1-5406
43372,2-6157
43373,4-6370
43374,7-7039
43375,6-1699
43376,3-1708
43377,4-1165
43378,4-7094
43379,2-4541
43380,8-7645
43381,1-4886
43382,4-7547
43383,4-9475
43384,3-4708
43385,4-0024
43386,2-4219
43387,5-9796
43388,2-9149
43389,1-9136
43390,7-2351
43391,6-5103
43392,2-0767
43393,1-1992
43394,8-9775
43395,3-2076
43396,4-4398
43397,2-6111
43398,2-9719
43399,6-7572
43400,5-5216
43401,2-6009
43402,3-9038
43403,4-5552
43404,1-4120
43405,2-9592
43406,8-2325
43407,7-2463
43408,7-4848
43409,5-2798
43410,7-4362
43411,8-0761
43412,6-7953
43413,3-6131
43414,1-1394
43415,3-3867
43416,8-2271
43417,5-2195
43418,4-1663
43419,1-2039
43420,4-5017
43421,2-7070
43422,8-4458
43423,1-6672
43424,7-9581
43425,7-9535
43426,1-8622
43427,2-0463
43428,4-0106
43429,7-9999
43430,1-6893
43431,3-6571
43432,5-7968
43433,5-9951
43434,5-7104
43435,4-1258
43436,6-8781
43437,4-0072
43438,5-3535
43439,8-4099
43440,7-5901
43441,8-8106
43442,1-6589
43443,3-0398
43444,1-2458
43445,1-3826
43446,2-6726
43447,8-6371
43448,3-5534
43449,4-8486
43450,4-3007
43451,1-8813
43452,5-7101
43453,7-8502
43454,1-2078
43455,1-1468
43456,5-0525
43457,1-5036
43458,1-6109
43459,8-1964
43460,7-0844
43461,1-4575
43462,5-6334
43463,6-2940
43464,3-6112
43465,6-9603
43466,1-2700
43467,5-1453
43468,4-8926
43469,3-6620
43470,6-6681
43471,6-2521
43472,8-4223
43473,7-1659
43474,6-9444
43475,6-4319
43476,4-4806
43477,4-5835
43478,4-8123
43479,6-3763
43480,4-3818
43481,5-5714
43482,5-3749
43483,4-0108
43484,4-0304
43485,1-0387
43486,5-4350
43487,2-6197
43488,5-2991
43489,5-6557
43490,1-3123
43491,2-9890
43492,2-7863
43493,3-2532
43494,5-6320
43495,3-3892
43496,2-9606
43497,2-1775
43498,5-1488
43499,8-5000
43500,8-3701
43501,8-6913
43502,2-3458
43503,3-7664
43504,4-5352
43505,6-3327
43506,7-1243
43507,2-9509
43508,4-1582
43509,1-1593
43510,7-6610
43511,1-1389
43512,4-6990
43513,8-7522
43514,2-9478
43515,8-3158
43516,6-3602
43517,4-3706
43518,1-6004
43519,7-7892
43520,2-4696
43521,1-3716
43522,1-7042
43523,1-7632
43524,4-9666
43525,6-4785
43526,5-3740
43527,3-2313
43528,6-5134
43529,1-3470
43530,4-2080
43531,5-3932
43532,3-8744
43533,5-0393
43534,8-7182
43535,2-0965
43536,3-4423
43537,5-6264
43538,3-2638
43539,8-8014
43540,5-5167
43541,6-2902
43542,3-5016
43543,3-9159
43544,1-7872
43545,6-3612
43546,4-0541
43547,4-5015
43548,5-8928
43549,8-1295
43550,6-6738
43551,7-5910
43552,2-4324
43553,3-4566
43554,7-4352
43555,8-4180
43556,3-3679
43557,4-9147
43558,6-7796
43559,7-1069
43560,2-1617
43561,1-9842
43562,8-6730
43563,5-1084
43564,3-5985
43565,6-9965
43566,8-4105
43567,2-6404
43568,4-8479
43569,1-6505
43570,1-3595
43571,2-9130
43572,4-3437
43573,4-4839
43574,3-0291
43575,4-7190
43576,6-9339
43577,2-0315
43578,1-5291
43579,3-5960
43580,6-3284
43581,7-3212
43582,6-2397
43583,5-7207
43584,5-2249
43585,7-5273
43586,8-2366
43587,6-4458
43588,6-8395
43589,1-3973
43590,4-0601
43591,3-1618
43592,2-8974
43593,6-4910
43594,3-1743
43595,8-5703
43596,5-1512
43597,6-6396
43598,8-5020
43599,1-7790
43600,8-4263
43601,8-8289
43602,3-8153
43603,2-0079
43604,6-2348
43605,2-5785
43606,6-6996
43607,5-3077
43608,7-4543
43609,5-2047
43610,8-9806
43611,7-9529
43612,2-7411
43613,8-8031
43614,4-9693
43615,7-9183
43616,8-4911
43617,4-2907
43618,6-9202
43619,8-8280
43620,7-0792
43621,4-6657
43622,1-0482
43623,6-5512
43624,3-0345
43625,1-5339
43626,3-4421
43627,1-3856
43628,5-0863
43629,6-7248
43630,1-6263
43631,8-8815
43632,7-8618
43633,7-2748
43634,8-6420
43635,1-9943
43636,2-2529
43637,5-8989
43638,5-8067
43639,8-6737
43640,4-3441
43641,6-7205
43642,8-2925
43643,3-6278
43644,6-4884
43645,8-0327
43646,1-9627
43647,3-8905
43648,6-2860
43649,7-9152
43650,7-8680
43651,6-4618
43652,6-9437
43653,5-2188
43654,5-4891
43655,5-9252
43656,5-4494
43657,8-9174
43658,8-1474
43659,7-7948
43660,2-9204
43661,2-9447
43662,3-1141
43663,6-8977
43664,4-2365
43665,2-0197
43666,5-4870
43667,1-8769
43668,2-3565
43669,1-5267
43670,4-3491
43671,5-0496
43672,5-8187
43673,7-7628
43674,4-8305
43675,5-5502
43676,1-7195
43677,5-7430
43678,3-4558
43679,4-4162
43680,7-6857
43681,4-9535
43682,5-5476
43683,8-4068
43684,7-9858
43685,7-2295
43686,5-2719
43687,2-2895
43688,6-7814
43689,5-5530
43690,4-1969
43691,1-9804
43692,6-0239
43693,4-2845
43694,2-6121
43695,1-4168
43696,4-6229
43697,1-1225
43698,2-0857
43699,2-3438
43700,1-9405
43701,1-3686
43702,5-0397
43703,8-4330
43704,2-2399
43705,6-6951
43706,7-1618
43707,3-3986
43708,2-9942
43709,6-6427
43710,4-6914
43711,8-5687
43712,2-0852
43713,2-1386
43714,7-0755
43715,7-4931
43716,5-1696
43717,2-1460
43718,7-9782
43719,2-6920
43720,2-1357
43721,6-4611
43722,7-9102
43723,2-2593
43724,5-8368
43725,8-4413
43726,4-0417
43727,1-1213
43728,5-6612
43729,8-8445
43730,8-0752
43731,8-8960
43732,7-3819
43733,2-7812
43734,5-0947
43735,1-5067
43736,2-4147
43737,3-7745
43738,1-5527
43739,5-5419
43740,2-5842
43741,6-2295
43742,1-1084
43743,8-4392
43744,4-8256
43745,1-7502
43746,6-7861
43747,8-3800
43748,2-8439
43749,3-7275
43750,7-3053
43751,7-0680
43752,3-7837
43753,8-5006
43754,8-6754
43755,1-2464
43756,8-3868
43757,7-0780
43758,2-0097
43759,4-2536
43760,2-3862
43761,6-9634
43762,2-6511
43763,2-5960
43764,5-3925
43765,1-6104
43766,7-1814
43767,2-7434
43768,8-2575
43769,5-5993
43770,4-3296
43771,2-7109
43772,7-9950
43773,7-7656
43774,2-6599
43775,6-2962
43776,7-4745
43777,5-4126
43778,2-7228
43779,7-7657
43780,6-2675
43781,1-4196
43782,3-9614
43783,5-4915
43784,3-7556
43785,3-5681
43786,7-5282
43787,5-8219
43788,1-8918
43789,6-5048
43790,1-5317
43791,1-3198
43792,2-8026
43793,4-1310
43794,4-6644
43795,6-6714
43796,1-1047
43797,2-9618
43798,4-5715
43799,4-1232
43800,5-7158
43801,2-3187
43802,7-6147
43803,4-6432
43804,3-5445
43805,4-7358
43806,6-8724
43807,4-5338
43808,2-6080
43809,3-2324
43810,2-5255
43811,1-3349
43812,1-6761
43813,8-5122
43814,1-6833
43815,4-7878
43816,1-1539
43817,7-8653
43818,3-9506
43819,4-7794
43820,8-7584
43821,6-4930
43822,1-3148
43823,2-3440
43824,2-5371
43825,1-1364
43826,2-7903
43827,3-1015
43828,3-5123
43829,1-0203
43830,5-2522
43831,6-3363
43832,5-1361
43833,8-9272
43834,7-2073
43835,6-5550
43836,1-7521
43837,7-2321
43838,4-1486
43839,1-5494
43840,6-2135
43841,5-1729
43842,6-8566
43843,7-8958
43844,2-5001
43845,5-9497
43846,3-0323
43847,6-5619
43848,8-2107
43849,8-7053
43850,1-6462
43851,6-8778
43852,4-2957
43853,2-1313
43854,8-5698
43855,1-3767
43856,8-7242
43857,1-8849
43858,2-8216
43859,7-7971
43860,1-5803
43861,4-1753
43862,4-2656
43863,1-9695
43864,3-6712
43865,7-5879
43866,7-5890
43867,2-5449
43868,5-6822
43869,7-3823
43870,6-1153
43871,6-0698
43872,1-6804
43873,3-5137
43874,4-1662
43875,2-8221
43876,8-6387
43877,2-2664
43878,3-8026
43879,1-7905
43880,5-1091
43881,6-7463
43882,6-7489
43883,5-8162
43884,3-0685
43885,4-7146
43886,8-4174
43887,6-4630
43888,3-4485
43889,8-3428
43890,3-9953
43891,6-9614
43892,6-3558
43893,3-2019
43894,1-1256
43895,4-6563
43896,8-2772
43897,2-0363
43898,3-4669
43899,7-2316
43900,3-9285
43901,7-1413
43902,7-0417
43903,6-9970
43904,1-5865
43905,1-8170
43906,1-5053
43907,6-0362
43908,3-2647
43909,7-1197
43910,7-7265
43911,1-3949
43912,4-3883
43913,7-1735
43914,8-5591
43915,6-1270
43916,8-0190
43917,7-6718
43918,1-7085
43919,6-8558
43920,5-1059
43921,4-6901
43922,3-6011
43923,3-9388
43924,3-8024
43925,3-8668
43926,1-9724
43927,6-6439
43928,6-6136
43929,8-0096
43930,3-4913
43931,8-1203
43932,5-6362
43933,6-9979
43934,1-0726
43935,1-5792
43936,8-5696
43937,6-5227
43938,7-8735
43939,1-7099
43940,3-1865
43941,2-4641
43942,4-7672
43943,3-3597
43944,8-1556
43945,5-6682
43946,8-3028
43947,2-2510
43948,7-8593
43949,8-9083
43950,1-0798
43951,5-9490
43952,7-2113
43953,5-9023
43954,6-8327
43955,5-5636
43956,3-5172
43957,2-2129
43958,5-6336
43959,7-7915
43960,6-9451
43961,4-0603
43962,4-5889
43963,7-3702
43964,5-5830
43965,4-4907
43966,2-7772
43967,6-6008
43968,1-8857
43969,7-7174
43970,1-5646
43971,1-4663
43972,1-6964
43973,6-4915
43974,2-9569
43975,2-1464
43976,7-0023
43977,4-8673
43978,6-7597
43979,4-4924
43980,7-4050
43981,2-9393
43982,1-9467
43983,6-3510
43984,5-2166
43985,7-9255
43986,4-6261
43987,8-0180
43988,1-4069
43989,3-9586
43990,6-0504
43991,1-1903
43992,3-3025
43993,6-6709
43994,4-2141
43995,1-4728
43996,7-1616
43997,3-5368
43998,8-9836
43999,4-5354
44000,8-8171
44001,7-5385
44002,5-7914
44003,6-7553
44004,1-7282
44005,8-9142
44006,8-3383
44007,7-0957
44008,8-5760
44009,7-6287
44010,3-2944
44011,3-0568
44012,8-8863
44013,6-3922
44014,8-5294
44015,6-7537
44016,3-1266
44017,6-7942
44018,4-0398
44019,2-8027
44020,1-9841
44021,4-7727
44022,2-4352
44023,6-8147
44024,2-4570
44025,7-2389
44026,3-1006
44027,7-0212
44028,1-6278
44029,7-5991
44030,1-2709
44031,2-3269
44032,6-9256
44033,4-0168
44034,2-0144
44035,6-8487
44036,3-1017
44037,1-0964
44038,5-4663
44039,1-2473
44040,7-4929
44041,7-6559
44042,2-5047
44043,7-7164
44044,5-7808
44045,8-6603
44046,5-9489
44047,6-4431
44048,5-2391
44049,6-4548
44050,3-4331
44051,6-3808
44052,8-5271
44053,3-7682
44054,8-7748
44055,7-0250
44056,5-0017
44057,5-5339
44058,5-6486
44059,2-5924
44060,8-1551
44061,3-4386
44062,5-9724
44063,5-6189
44064,6-3473
44065,6-1817
44066,3-8313
44067,5-7051
44068,5-0509
44069,8-3627
44070,1-9855
44071,7-8568
44072,7-5060
44073,4-6496
44074,4-7451
44075,6-6020
44076,2-6929
44077,4-8875
44078,6-9216
44079,8-2837
44080,7-1760
44081,8-6084
44082,2-1747
44083,8-1692
44084,3-0130
44085,2-2307
44086,6-8457
44087,4-4159
44088,8-7626
44089,1-1634
44090,6-9585
44091,4-8568
44092,7-9701
44093,5-5454
44094,5-0383
44095,1-1738
44096,6-6208
44097,7-6543
44098,7-7402
44099,7-4266
44100,1-1210
44101,3-5055
44102,7-5220
44103,7-9798
44104,6-8739
44105,3-2454
44106,2-3895
44107,7-8862
44108,2-7576
44109,6-1725
44110,6-0160
44111,8-9443
44112,3-0691
44113,7-7062
44114,2-3162
44115,1-3675
44116,5-9999
44117,7-5429
44118,6-9738
44119,3-3611
44120,5-8142
44121,1-2277
44122,3-4227
44123,1-7625
44124,5-1763
44125,7-5752
44126,5-4677
44127,5-0253
44128,4-1267
44129,5-0727
44130,4-5782
44131,1-9344
44132,8-7466
44133,1-2663
44134,7-8293
44135,5-0450
44136,3-8869
44137,6-0862
44138,4-8996
44139,1-2953
44140,4-7306
44141,8-0600
44142,4-3999
44143,2-6137
44144,5-7588
44145,3-9102
44146,7-3526
44147,3-9535
44148,1-9915
44149,5-0110
44150,4-8810
44151,8-4674
44152,1-7793
44153,6-0569
44154,8-2055
44155,7-0255
44156,1-5942
44157,3-4015
44158,4-3315
44159,2-9432
44160,1-1077
44161,4-8242
44162,2-1112
44163,3-6558
44164,5-1501
44165,1-7163
44166,7-0813
44167,6-5101
44168,3-8700
44169,5-2784
44170,7-9219
44171,7-7525
44172,8-9178
44173,4-0724
44174,6-7222
44175,3-3989
44176,7-1658
44177,5-0638
44178,4-9928
44179,3-9247
44180,7-3876
44181,1-3348
44182,8-0272
44183,2-5481
44184,6-6256
44185,1-8606
44186,1-4626
44187,5-0663
44188,3-5865
44189,4-7282
44190,3-2104
44191,1-3219
44192,5-8590
44193,4-1294
44194,2-4156
44195,5-0069
44196,5-8029
44197,5-3144
44198,1-8042
44199,5-1172
44200,5-4988
44201,4-1846
44202,2-9408
44203,7-6660
44204,1-1207
44205,1-1279
44206,3-9687
44207,6-0022
44208,2-4411
44209,5-6211
44210,5-0036
44211,2-5952
44212,4-1215
44213,7-5918
44214,2-1863
44215,4-7714
44216,2-3973
44217,2-4753
44218,7-6533
44219,1-7252
44220,8-1456
44221,3-7383
44222,5-0567
44223,5-2820
44224,3-0856
44225,8-8913
44226,4-8368
44227,1-6232
44228,2-1163
44229,6-8822
44230,4-6398
44231,8-9866
44232,1-0646
44233,5-1672
44234,2-0756
44235,2-7722
44236,4-5630
44237,2-9646
44238,6-7085
44239,7-7425
44240,1-2143
44241,3-7156
44242,8-7315
44243,4-1393
44244,6-1625
44245,7-2565
44246,6-2615
44247,2-5539
44248,5-7655
44249,6-5324
44250,1-4740
44251,7-7351
44252,6-1355
44253,4-3465
44254,4-7523
44255,2-0535
44256,5-7640
44257,1-6533
44258,7-4824
44259,5-9731
44260,2-3662
44261,3-4568
44262,7-8131
44263,6-7250
44264,3-9672
44265,5-3407
44266,1-6262
44267,8-7744
44268,6-4037
44269,4-2496
44270,5-9968
44271,8-3103
44272,7-0920
44273,8-5477
44274,6-8169
44275,6-0097
44276,6-5503
44277,5-3185
44278,1-5391
44279,4-7827
44280,2-7859
44281,8-0313
44282,2-4216
44283,2-6846
44284,3-1694
44285,2-8530
44286,4-7553
44287,4-5976
44288,2-4574
44289,3-7800
44290,4-7632
44291,1-5027
44292,5-3806
44293,3-1583
44294,7-9144
44295,2-9551
44296,5-2946
44297,5-7249
44298,8-2888
44299,6-6231
44300,7-0196
44301,7-8886
44302,5-3188
44303,8-5813
44304,6-3165
44305,5-9492
44306,4-1409
44307,6-4610
44308,3-8872
44309,6-6876
44310,4-5258
44311,8-9476
44312,6-0469
44313,5-0500
44314,2-5158
44315,6-7585
44316,8-9510
44317,4-8802
44318,6-8933
44319,4-5779
44320,7-7745
44321,8-1756
44322,6-7445
44323,1-6349
44324,4-7620
44325,2-3678
44326,1-8704
44327,5-9974
44328,7-1939
44329,3-9453
44330,1-7506
44331,4-8956
44332,1-2155
44333,8-2449
44334,8-1049
44335,7-3022
44336,8-7363
44337,7-4079
44338,4-4923
44339,1-3554
44340,5-6180
44341,4-9334
44342,7-9154
44343,3-3552
44344,1-0811
44345,2-4961
44346,2-7178
44347,1-1704
44348,2-5613
44349,3-9408
44350,4-0293
44351,8-4195
44352,2-3134
44353,8-7865
44354,6-9054
44355,7-2434
44356,6-6066
44357,1-6817
44358,3-9140
44359,6-7917
44360,1-0809
44361,5-5389
44362,3-8068
44363,4-0114
44364,2-7068
44365,1-5830
44366,6-0289
44367,7-7050
44368,4-2278
44369,6-3903
44370,3-8585
44371,1-1599
44372,1-1847
44373,5-2097
44374,5-9935
44375,1-7562
44376,5-2040
44377,5-1951
44378,6-7311
44379,8-6623
44380,4-9544
44381,7-9561
44382,5-6090
44383,2-5256
44384,5-3993
44385,6-1996
44386,2-9763
44387,7-6473
44388,1-5951
44389,8-9506
44390,8-9333
44391,6-6599
44392,1-4190
44393,3-7444
44394,1-1157
44395,2-0742
44396,5-5171
44397,1-5193
44398,7-0360
44399,3-7632
44400,1-0099
44401,1-8582
44402,6-0206
44403,3-1053
44404,6-9918
44405,8-6109
44406,8-9458
44407,6-4895
44408,8-5912
44409,8-0851
44410,7-3580
44411,6-0284
44412,8-7030
44413,4-9630
44414,4-2189
44415,6-3952
44416,1-8711
44417,4-9083
44418,4-3254
44419,1-8689
44420,6-5939
44421,2-8639
44422,6-4050
44423,4-8302
44424,2-4418
44425,4-5593
44426,8-4156
44427,3-8558
44428,6-9586
44429,8-8543
44430,5-9628
44431,5-0022
44432,7-1640
44433,1-9733
44434,6-1043
44435,1-4702
44436,1-7272
44437,8-6759
44438,1-7739
44439,1-3434
44440,4-8260
44441,7-8410
44442,5-2724
44443,4-6514
44444,4-7875
44445,5-2655
44446,2-2709
44447,3-9611
44448,4-2250
44449,5-5026
44450,4-5843
44451,5-1738
44452,7-8925
44453,7-6386
44454,4-0498
44455,8-5270
44456,4-5437
44457,4-6885
44458,6-9227
44459,1-7847
44460,8-3653
44461,8-6624
44462,8-7109
44463,8-4380
44464,7-5791
44465,4-6231
44466,8-5287
44467,7-2020
44468,3-0423
44469,2-3796
44470,2-0908
44471,3-4250
44472,2-4672
44473,1-8376
44474,2-1060
44475,7-8727
44476,3-3193
44477,6-5181
44478,5-8605
44479,1-0817
44480,8-7276
44481,5-7520
44482,6-3437
44483,4-4775
44484,4-6352
44485,6-7447
44486,4-6577
44487,7-9930
44488,6-1745
44489,2-9453
44490,1-9343
44491,4-9886
44492,1-7788
44493,4-3717
44494,2-6287
44495,3-4434
44496,3-2508
44497,5-2483
44498,4-5347
44499,1-3451
44500,5-9055
44501,2-9007
44502,3-3452
44503,5-2653
44504,6-0328
44505,6-2382
44506,3-1943
44507,5-1264
44508,4-6467
44509,1-8909
44510,7-8267
44511,2-0272
44512,5-7408
44513,6-4426
44514,5-0609
44515,1-9386
44516,8-7377
44517,5-3660
44518,3-1730
44519,4-6730
44520,6-5832
44521,8-8625
44522,4-9448
44523,4-0231
44524,7-2171
44525,6-4469
44526,7-5716
44527,3-8626
44528,1-9337
44529,4-6446
44530,2-6784
44531,7-9120
44532,2-3475
44533,5-9656
44534,8-0692
44535,2-7286
44536,7-1544
44537,3-3754
44538,3-5729
44539,8-1604
44540,4-8026
44541,3-7683
44542,1-7193
44543,5-1266
44544,8-3491
44545,6-5044
44546,8-6637
44547,1-1243
44548,7-4047
44549,5-4277
44550,7-0414
44551,7-1306
44552,2-1330
44553,8-6127
44554,7-2649
44555,8-9456
44556,7-0465
44557,1-1200
44558,2-0213
44559,1-7945
44560,6-8118
44561,2-7279
44562,4-0598
44563,4-0507
44564,5-2050
44565,4-6161
44566,2-4239
44567,7-4234
44568,6-5614
44569,6-1619
44570,7-8241
44571,8-2698
44572,5-2867
44573,1-5472
44574,3-1115
44575,8-3621
44576,4-1931
44577,4-9663
44578,1-8173
44579,5-8124
44580,4-0262
44581,8-7050
44582,3-7782
44583,4-5368
44584,7-1498
44585,5-0211
44586,1-7820
44587,8-6801
44588,8-8902
44589,8-8103
44590,1-6087
44591,5-3708
44592,2-1652
44593,6-6823
44594,1-0947
44595,7-9556
44596,5-1371
44597,4-1307
44598,4-9079
44599,7-2101
44600,2-4639
44601,1-9687
44602,7-1167
44603,4-3947
44604,6-9620
44605,3-3915
44606,1-8481
44607,1-5132
44608,3-8129
44609,5-3175
44610,6-1611
44611,3-9265
44612,1-4496
44613,4-3692
44614,2-2778
44615,1-3109
44616,7-1571
44617,5-8005
44618,4-8301
44619,3-8721
44620,7-8047
44621,5-9960
44622,1-7536
44623,2-5442
44624,5-7630
44625,2-1635
44626,7-2026
44627,8-7239
44628,4-7777
44629,5-5933
44630,5-7425
44631,1-5071
44632,7-2451
44633,4-0077
44634,6-4845
44635,2-6270
44636,6-7901
44637,8-3066
44638,2-2579
44639,4-2550
44640,3-3072
44641,3-5585
44642,7-1807
44643,6-6175
44644,6-4521
44645,7-9703
44646,8-1851
44647,7-0392
44648,8-9610
44649,1-6062
44650,3-0610
44651,4-4371
44652,8-8210
44653,6-8465
44654,3-1659
44655,8-2954
44656,4-2586
44657,5-0012
44658,7-7427
44659,8-2818
44660,2-5938
44661,4-9563
44662,4-7091
44663,4-5768
44664,1-2829
44665,2-3388
44666,5-8130
44667,5-1186
44668,5-4804
44669,7-8567
44670,8-6031
44671,8-1675
44672,8-8337
44673,8-7388
44674,2-4516
44675,1-8613
44676,2-5769
44677,3-0995
44678,8-7676
44679,3-4456
44680,5-9232
44681,4-8694
44682,1-8650
44683,7-7755
44684,7-8298
44685,5-5374
44686,1-6295
44687,8-8560
44688,8-0631
44689,7-8222
44690,3-0656
44691,2-4094
44692,1-1055
44693,4-1764
44694,4-3533
44695,1-9537
44696,8-8057
44697,4-6838
44698,3-7287
44699,4-9316
44700,1-7416
44701,2-7749
44702,4-9037
44703,3-9050
44704,3-0301
44705,5-3946
44706,5-9264
44707,8-2320
44708,4-3412
44709,4-6777
44710,4-4022
44711,7-4899
44712,1-8196
44713,8-1096
44714,3-0324
44715,7-1260
44716,5-4827
44717,1-7263
44718,2-3880
44719,3-7866
44720,7-2243
44721,3-8886
44722,8-9572
44723,6-3505
44724,5-1051
44725,4-0559
44726,4-5692
44727,3-1003
44728,2-2594
44729,8-2745
44730,5-8820
44731,3-3738
44732,4-7383
44733,5-6513
44734,6-4659
44735,2-2269
44736,2-5422
44737,4-9073
44738,5-4116
44739,4-4580
44740,3-0050
44741,5-7199
44742,5-2178
44743,5-3449
44744,2-7591
44745,1-1068
44746,4-6440
44747,1-9031
44748,4-4858
44749,8-5880
44750,8-2662
44751,4-5435
44752,5-9512
44753,8-3334
44754,1-6133
44755,2-2130
44756,6-6264
44757,4-1933
44758,4-0040
44759,5-3441
44760,2-6054
44761,8-2326
44762,5-8355
44763,1-8320
44764,3-6104
44765,2-8705
44766,7-3203
44767,1-8493
44768,7-1673
44769,2-6586
44770,1-2776
44771,8-1104
44772,2-8813
44773,4-6742
44774,4-3169
44775,6-7110
44776,7-1454
44777,5-3718
44778,1-6172
44779,4-5691
44780,4-3384
44781,7-6336
44782,5-4913
44783,5-5043
44784,6-0453
44785,8-7771
44786,2-1792
44787,3-7131
44788,7-2133
44789,8-2238
44790,4-5873
44791,8-9287
44792,3-3550
44793,8-8708
44794,3-4846
44795,5-8664
44796,5-5401
44797,2-6979
44798,7-5764
44799,5-0037
44800,7-3764
44801,2-2517
44802,8-3636
44803,8-1368
44804,8-1841
44805,1-3939
44806,4-8484
44807,3-3287
44808,8-8597
44809,3-6631
44810,4-0453
44811,7-5224
44812,6-2411
44813,2-9565
44814,3-7547
44815,4-5328
44816,7-9646
44817,2-1092
44818,4-0977
44819,1-5028
44820,1-4828
44821,2-1974
44822,4-1748
44823,5-4148
44824,6-7683
44825,7-4548
44826,5-8138
44827,7-3021
44828,5-7123
44829,6-8761
44830,4-1965
44831,3-2841
44832,5-7062
44833,8-5440
44834,5-7964
44835,5-8006
44836,5-5411
44837,7-1368
44838,4-3235
44839,4-5103
44840,8-1530
44841,5-6412
44842,8-3855
44843,2-5081
44844,7-1092
44845,7-0199
44846,3-2825
44847,2-4675
44848,8-9043
44849,3-9479
44850,8-8301
44851,6-2819
44852,1-3294
44853,8-0903
44854,7-6962
44855,1-4537
44856,6-6720
44857,8-6521
44858,5-5939
44859,8-1261
44860,7-3489
44861,6-0978
44862,7-8549
44863,1-3730
44864,4-0925
44865,6-7189
44866,7-8057
44867,6-1999
44868,5-9117
44869,7-9993
44870,5-7001
44871,3-6781
44872,3-6078
44873,4-5626
44874,5-8254
44875,5-3142
44876,1-5664
44877,8-3096
44878,4-5394
44879,7-4834
44880,5-2103
44881,8-6666
44882,3-2778
44883,3-0970
44884,4-3130
44885,6-7873
44886,8-5190
44887,2-2809
44888,3-0275
44889,4-5357
44890,8-1769
44891,2-0547
44892,5-9335
44893,3-0534
44894,4-7953
44895,4-5325
44896,3-3486
44897,4-8640
44898,6-6307
44899,2-9822
44900,2-6191
44901,8-7967
44902,5-8419
44903,3-7691
44904,1-9000
44905,5-0161
44906,2-1964
44907,8-7932
44908,1-6506
44909,3-0203
44910,4-9082
44911,5-7840
44912,8-8963
44913,6-8244
44914,5-7321
44915,3-1603
44916,3-0246
44917,5-7559
44918,5-1447
44919,6-9991
44920,6-3256
44921,6-8412
44922,5-2250
44923,2-4931
44924,4-9732
44925,4-5317
44926,3-3194
44927,6-8849
44928,4-5213
44929,3-4604
44930,5-6952
44931,6-3596
44932,5-4851
44933,3-3661
44934,8-3365
44935,2-9163
44936,5-6622
44937,4-6922
44938,5-2221
44939,2-4485
44940,5-9665
44941,7-8912
44942,4-6279
44943,3-5408
44944,3-9113
44945,6-4335
44946,2-1041
44947,8-8665
44948,6-2222
44949,2-7057
44950,8-7049
44951,6-2581
44952,3-6643
44953,5-3415
44954,8-9732
44955,7-2075
44956,5-1071
44957,8-2077
44958,3-4361
44959,6-6002
44960,7-4778
44961,5-1095
44962,2-3386
44963,4-9626
44964,7-0647
44965,4-8687
44966,5-1619
44967,2-9625
44968,7-6895
44969,2-5564
44970,6-2129
44971,5-0715
44972,3-3658
44973,4-9940
44974,4-6850
44975,7-2375
44976,1-0761
44977,4-5810
44978,2-6329
44979,6-6037
44980,6-0102
44981,8-4080
44982,6-9466
44983,4-5092
44984,2-3270
44985,5-9124
44986,3-1822
44987,3-6728
44988,5-6590
44989,8-7692
44990,3-0964
44991,1-1584
44992,1-6687
44993,7-7826
44994,6-0497
44995,2-3994
44996,6-8333
44997,4-7059
44998,4-4479
44999,8-7439
45000,8-1946
45001,2-5865
45002,2-3117
45003,3-6547
45004,4-9667
45005,4-9838
45006,3-9917
45007,6-1823
45008,2-6353
45009,7-5406
45010,8-7450
45011,2-0882
45012,4-3548
45013,2-0317
45014,6-8919
45015,4-2518
45016,4-0735
45017,5-3471
45018,3-3164
45019,8-5734
45020,1-8760
45021,3-9191
45022,1-4001
45023,3-8528
45024,1-2253
45025,4-5797
45026,3-4712
45027,7-7975
45028,1-8698
45029,7-5033
45030,3-2066
45031,6-7232
45032,5-5578
45033,2-4787
45034,1-6013
45035,2-8459
45036,1-2653
45037,3-9940
45038,2-9613
45039,4-1408
45040,2-5850
45041,1-5519
45042,5-9385
45043,6-6997
45044,2-6429
45045,8-9306
45046,6-7409
45047,5-0131
45048,1-8458
45049,7-6046
45050,4-7413
45051,7-4333
45052,8-2937
45053,8-8079
45054,6-7706
45055,1-4229
45056,8-0847
45057,4-9873
45058,5-7265
45059,5-2320
45060,8-2499
45061,5-9379
45062,6-8795
45063,4-6748
45064,5-7700
45065,4-5442
45066,3-7789
45067,4-3450
45068,4-6712
45069,6-2794
45070,3-1893
45071,6-0866
45072,7-1894
45073,8-3676
45074,1-8238
45075,4-7477
45076,8-3963
45077,7-7644
45078,7-8926
45079,1-2646
45080,2-0313
45081,3-2214
45082,3-0564
45083,8-6877
45084,5-7593
45085,6-4247
45086,2-6618
45087,5-5106
45088,8-0442
45089,7-9195
45090,3-6573
45091,7-6033
45092,7-3052
45093,8-1413
45094,2-4081
45095,5-3420
45096,6-3343
45097,1-0833
45098,2-7686
45099,4-1587
45100,5-1423
45101,7-0089
45102,1-8451
45103,7-2967
45104,5-7681
45105,7-9214
45106,3-8983
45107,5-2819
45108,2-0299
45109,8-5788
45110,8-7100
45111,8-1232
45112,4-9444
45113,8-1909
45114,5-4361
45115,3-2718
45116,7-6010
45117,1-4609
45118,6-8275
45119,6-4352
45120,4-2166
45121,5-9428
45122,1-3373
45123,4-8376
45124,5-3994
45125,1-5151
45126,3-3809
45127,5-4091
45128,8-4375
45129,6-3816
45130,5-5481
45131,3-0458
45132,3-8241
45133,7-5285
45134,4-0080
45135,7-5416
45136,5-3023
45137,8-6812
45138,8-1303
45139,3-3040
45140,4-3785
45141,2-8576
45142,6-6100
45143,8-3181
45144,3-4759
45145,2-1594
45146,5-1912
45147,5-8193
45148,7-1216
45149,4-5560
45150,7-6355
45151,5-6269
45152,8-4407
45153,6-1045
45154,3-8540
45155,2-4738
45156,5-9446
45157,2-4005
45158,1-6556
45159,1-4281
45160,7-0705
45161,6-6723
45162,2-0346
45163,1-5016
45164,4-8672
45165,5-0274
45166,3-3485
45167,4-6896
45168,7-3085
45169,4-8402
45170,4-8865
45171,1-0021
45172,7-4806
45173,2-8635
45174,5-6263
45175,3-7429
45176,7-0713
45177,7-1057
45178,4-4491
45179,7-8228
45180,5-4520
45181,1-6560
45182,7-9477
45183,2-9059
45184,1-3223
45185,4-0236
45186,5-4977
45187,6-5056
45188,5-5412
45189,7-1487
45190,5-4230
45191,6-6684
45192,6-9637
45193,4-3473
45194,8-5382
45195,3-4117
45196,7-2433
45197,1-3211
45198,7-5736
45199,7-1185
45200,5-6818
45201,8-5197
45202,2-2685
45203,6-3554
45204,6-4586
45205,1-6996
45206,2-9128
45207,4-3808
45208,2-3729
45209,7-2765
45210,8-9791
45211,8-1012
45212,6-7495
45213,2-5237
45214,2-3849
45215,1-0165
45216,7-4319
45217,3-7242
45218,6-2647
45219,6-2887
45220,6-7892
45221,3-4956
45222,6-1449
45223,3-2546
45224,1-4418
45225,5-1327
45226,3-7106
45227,1-2212
45228,4-0118
45229,3-7858
45230,7-1622
45231,2-6934
45232,8-5046
45233,2-7734
45234,5-6179
45235,8-7916
45236,6-9034
45237,7-7998
45238,1-9293
45239,1-5039
45240,2-3912
45241,2-1872
45242,7-0233
45243,5-8966
45244,2-4440
45245,7-0087
45246,7-7326
45247,8-8950
45248,5-5212
45249,5-4608
45250,5-9589
45251,8-8539
45252,4-9985
45253,4-9807
45254,6-5570
45255,5-2002
45256,6-8221
45257,7-6633
45258,2-7512
45259,5-0645
45260,1-0549
45261,6-0428
45262,1-0521
45263,4-2262
45264,1-2415
45265,6-6912
45266,5-9048
45267,8-0715
45268,6-7599
45269,4-4218
45270,6-9556
45271,3-0201
45272,2-8091
45273,2-8252
45274,8-8544
45275,1-9144
45276,3-3878
45277,8-4792
45278,4-3730
45279,1-2510
45280,1-8868
45281,5-0792
45282,6-8665
45283,8-7016
45284,5-2937
45285,2-3572
45286,6-6091
45287,2-1757
45288,1-7267
45289,3-6464
45290,1-0618
45291,5-8392
45292,5-7930
45293,7-9016
45294,8-9757
45295,4-1174
45296,4-9295
45297,1-7782
45298,3-2794
45299,6-8287
45300,5-1391
45301,5-2660
45302,6-2187
45303,7-9177
45304,8-0689
45305,7-2007
45306,2-9373
45307,8-0540
45308,3-5673
45309,2-7387
45310,6-6298
45311,1-5567
45312,5-1756
45313,2-0338
45314,2-8570
45315,8-5975
45316,4-8412
45317,2-7670
45318,7-7496
45319,7-7133
45320,4-4112
45321,4-6878
45322,3-4753
45323,6-8857
45324,5-1238
45325,5-6221
45326,1-2287
45327,6-0875
45328,3-4660
45329,4-4029
45330,5-7107
45331,3-5841
45332,4-8011
45333,6-1208
45334,6-0651
45335,8-2457
45336,1-1108
45337,4-8058
45338,5-0429
45339,5-3868
45340,7-6942
45341,8-0922
45342,2-0086
45343,3-5128
45344,2-6612
45345,7-9812
45346,6-5942
45347,8-5622
45348,6-4977
45349,6-9515
45350,2-4049
45351,4-1765
45352,7-1503
45353,7-8491
45354,3-5311
45355,7-6143
45356,5-0097
45357,5-6538
45358,2-4692
45359,7-7366
45360,4-7259
45361,6-2104
45362,2-7632
45363,2-8158
45364,1-9270
45365,7-7122
45366,5-1145
45367,4-5636
45368,1-7700
45369,8-2421
45370,1-0803
45371,2-7441
45372,7-2985
45373,1-0694
45374,1-9264
45375,1-8393
45376,2-6759
45377,4-4538
45378,2-7448
45379,3-2805
45380,4-4057
45381,6-3605
45382,2-4249
45383,1-7285
45384,3-3048
45385,7-1947
45386,7-3538
45387,2-2150
45388,5-3093
45389,4-8823
45390,6-1807
45391,5-9024
45392,1-7955
45393,8-6647
45394,8-7508
45395,3-8064
45396,2-4107
45397,8-9355
45398,2-0525
45399,8-6250
45400,4-1286
45401,1-4241
45402,6-5297
45403,3-8904
45404,5-4852
45405,5-0678
45406,1-6351
45407,5-0864
45408,5-4212
45409,2-0153
45410,8-0314
45411,7-7527
45412,6-7312
45413,1-1806
45414,4-5836
45415,1-1193
45416,3-3213
45417,3-9309
45418,7-1151
45419,1-5801
45420,7-6349
45421,8-5379
45422,1-8378
45423,3-0364
45424,2-7343
45425,3-9593
45426,2-1352
45427,7-6021
45428,4-9476
45429,8-2206
45430,6-4172
45431,6-6697
45432,2-7857
45433,2-5287
45434,1-8869
45435,4-3081
45436,1-6056
45437,8-5160
45438,6-2203
45439,8-6743
45440,7-4043
45441,1-4341
45442,3-3274
45443,6-8036
45444,3-5099
45445,5-8109
45446,8-0463
45447,1-6523
45448,2-3135
45449,2-9957
45450,5-4592
45451,7-5666
45452,5-8406
45453,4-7318
45454,3-3301
45455,5-1499
45456,2-0434
45457,7-7683
45458,7-5721
45459,4-7908
45460,1-3568
45461,4-0862
45462,2-2587
45463,2-6416
45464,5-2201
45465,8-0771
45466,3-5418
45467,3-5975
45468,3-9871
45469,5-2678
45470,4-9616
45471,5-0539
45472,1-0662
45473,4-6393
45474,2-5282
45475,7-0528
45476,7-2212
45477,7-4163
45478,2-2825
45479,8-4131
45480,8-5189
45481,6-7451
45482,3-1261
45483,1-5486
45484,2-3161
45485,5-5294
45486,6-0410
45487,6-1468
45488,2-5666
45489,7-5172
45490,2-6914
45491,5-6703
45492,4-8086
45493,8-8463
45494,7-8887
45495,3-7370
45496,3-0457
45497,8-3933
45498,7-9319
45499,2-6062
45500,8-5676
45501,4-8516
45502,8-8966
45503,4-7000
45504,1-6950
45505,7-6331
45506,3-8431
45507,4-9418
45508,1-7114
45509,1-2050
45510,5-2574
45511,3-7477
45512,8-0594
45513,7-7093
45514,8-7435
45515,4-4692
45516,6-3054
45517,3-8662
45518,3-7470
45519,1-5812
45520,4-7467
45521,2-4014
45522,7-8897
45523,5-5051
45524,3-8591
45525,1-8701
45526,5-1129
45527,3-2505
45528,4-9299
45529,7-4325
45530,5-6783
45531,4-2347
45532,4-8240
45533,8-8072
45534,5-2068
45535,5-9323
45536,4-9114
45537,7-7414
45538,1-3577
45539,5-5213
45540,4-3424
45541,3-5709
45542,4-0525
45543,4-8879
45544,8-0337
45545,8-1383
45546,8-8479
45547,6-0959
45548,6-1631
45549,8-9777
45550,8-9206
45551,6-1082
45552,5-2543
45553,4-6768
45554,3-1477
45555,5-1493
45556,3-8394
45557,5-2366
45558,4-3593
45559,2-7027
45560,1-2998
45561,5-1855
45562,2-4493
45563,6-6796
45564,3-6675
45565,6-8747
45566,6-6946
45567,2-7163
45568,3-5126
45569,5-7812
45570,6-1989
45571,8-6645
45572,4-2817
45573,4-4352
45574,5-6310
45575,6-1429
45576,4-9705
45577,8-5792
45578,4-7554
45579,5-9919
45580,6-7691
45581,7-7201
45582,6-3317
45583,4-7939
45584,6-6635
45585,4-6857
45586,3-8268
45587,2-5673
45588,3-4670
45589,5-8701
45590,4-9781
45591,5-7000
45592,3-3834
45593,1-9298
45594,4-5821
45595,1-5459
45596,1-4506
45597,1-4231
45598,1-0491
45599,8-2958
45600,3-0407
45601,7-4255
45602,5-5101
45603,1-1758
45604,1-8116
45605,2-8785
45606,4-1919
45607,5-9181
45608,3-1752
45609,6-1481
45610,1-2717
45611,6-6330
45612,8-0116
45613,1-6350
45614,2-4178
45615,8-4756
45616,3-0768
45617,8-0841
45618,1-3918
45619,3-4450
45620,3-2519
45621,6-2426
45622,1-6362
45623,2-5534
45624,4-0454
45625,3-8951
45626,7-7780
45627,5-9180
45628,7-1440
45629,3-7744
45630,2-9134
45631,7-6478
45632,2-2714
45633,3-0342
45634,5-3879
45635,5-3898
45636,4-7419
45637,5-8202
45638,5-6461
45639,3-6222
45640,6-4855
45641,8-0015
45642,8-6124
45643,8-0765
45644,3-8682
45645,8-3374
45646,1-6258
45647,7-7385
45648,4-4502
45649,4-8078
45650,8-6717
45651,6-9952
45652,8-9938
45653,3-9009
45654,6-3240
45655,7-0421
45656,1-6616
45657,1-6372
45658,4-6986
45659,5-7900
45660,2-9958
45661,8-1521
45662,3-9995
45663,2-0706
45664,1-0737
45665,8-8205
45666,3-4996
45667,2-3841
45668,3-6851
45669,7-7254
45670,7-6534
45671,3-1174
45672,8-1415
45673,7-8779
45674,5-7217
45675,6-3643
45676,2-9788
45677,4-4179
45678,6-5561
45679,2-3874
45680,4-0866
45681,5-6302
45682,3-0629
45683,4-5750
45684,4-3583
45685,5-9033
45686,7-3666
45687,1-5635
45688,1-8093
45689,3-4291
45690,8-2602
45691,6-3730
45692,5-3482
45693,5-3085
45694,6-1089
45695,2-2213
45696,6-0004
45697,8-9676
45698,1-3140
45699,1-7996
45700,1-8322
45701,1-5947
45702,4-5243
45703,2-9706
45704,5-4291
45705,7-3285
45706,6-5321
45707,6-1816
45708,7-5976
45709,6-1422
45710,3-7181
45711,6-8245
45712,3-5293
45713,8-3169
45714,5-8023
45715,7-6679
45716,7-4794
45717,5-7043
45718,2-6138
45719,2-5844
45720,3-9839
45721,1-8822
45722,1-1336
45723,8-2235
45724,7-1202
45725,3-9504
45726,2-6114
45727,1-6438
45728,1-3147
45729,2-7527
45730,5-0740
45731,7-8729
45732,6-8358
45733,7-1844
45734,1-0644
45735,5-5020
45736,3-6391
45737,5-5215
45738,1-8674
45739,1-5531
45740,3-4347
45741,2-1534
45742,6-9453
45743,1-5501
45744,7-0459
45745,6-3580
45746,2-7886
45747,5-2902
45748,5-1850
45749,1-0727
45750,7-1536
45751,5-3469
45752,2-2843
45753,5-7027
45754,3-7918
45755,4-0140
45756,7-8588
45757,7-3529
45758,3-3733
45759,3-8221
45760,1-3115
45761,2-3727
45762,1-0617
45763,2-8861
45764,5-1771
45765,6-6331
45766,3-2687
45767,3-8151
45768,2-4773
45769,4-3566
45770,1-2169
45771,5-8806
45772,4-6759
45773,3-3230
45774,6-0828
45775,7-0591
45776,8-9146
45777,8-8571
45778,5-8363
45779,7-8818
45780,3-5062
45781,8-9542
45782,5-9487
45783,5-2748
45784,6-5601
45785,3-7799
45786,6-0076
45787,3-5211
45788,5-6043
45789,5-0215
45790,7-4545
45791,1-6785
45792,3-2836
45793,4-4209
45794,1-8434
45795,8-7187
45796,8-1148
45797,2-2899
45798,3-1012
45799,2-4099
45800,2-5088
45801,5-4960
45802,1-3923
45803,2-2435
45804,8-7882
45805,3-5663
45806,3-9336
45807,3-0893
45808,1-0241
45809,4-5553
45810,4-9932
45811,4-8682
45812,4-3702
45813,5-1079
45814,4-2807
45815,7-3508
45816,3-5548
45817,8-3666
45818,2-5007
45819,2-4331
45820,5-7985
45821,2-2616
45822,4-0291
45823,6-9567
45824,5-0157
45825,3-8678
45826,5-9518
45827,1-7907
45828,2-8678
45829,5-5431
45830,4-2991
45831,7-1231
45832,8-0149
45833,7-5444
45834,6-6199
45835,3-1310
45836,7-2527
45837,5-0605
45838,1-7716
45839,7-8827
45840,5-6130
45841,1-7745
45842,1-8147
45843,3-5314
45844,5-7763
45845,2-7161
45846,8-2221
45847,5-9817
45848,7-4856
45849,7-5577
45850,2-0421
45851,6-7275
45852,4-5984
45853,6-5741
45854,7-0475
45855,2-0486
45856,2-8875
45857,6-5072
45858,1-9296
45859,4-9468
45860,7-1458
45861,5-3948
45862,6-7272
45863,1-7161
45864,2-1549
45865,4-4327
45866,8-7473
45867,7-6158
45868,6-5417
45869,1-5482
45870,4-2229
45871,5-8609
45872,7-3611
45873,1-9276
45874,3-1548
45875,1-4858
45876,4-6877
45877,8-3663
45878,3-8856
45879,5-0878
45880,4-9919
45881,3-5013
45882,1-5795
45883,6-9268
45884,5-7118
45885,3-3917
45886,8-2678
45887,3-6495
45888,3-6646
45889,8-5767
45890,3-4341
45891,4-9426
45892,1-8526
45893,3-8381
45894,1-9669
45895,3-8901
45896,3-7732
45897,7-7730
45898,2-3061
45899,7-3016
45900,6-7106
45901,1-6000
45902,2-6905
45903,6-5238
45904,7-8467
45905,1-8379
45906,1-3208
45907,3-3474
45908,8-6091
45909,7-1159
45910,5-3376
45911,2-9643
45912,8-8519
45913,5-3801
45914,5-9925
45915,2-0232
45916,3-7325
45917,4-8636
45918,8-3781
45919,2-6939
45920,2-6644
45921,5-3282
45922,2-9916
45923,5-7972
45924,6-2142
45925,2-1710
45926,6-0084
45927,8-6525
45928,5-9080
45929,4-0482
45930,1-4889
45931,3-7018
45932,2-7637
45933,3-5451
45934,2-7083
45935,1-1013
45936,2-7417
45937,1-7328
45938,8-7304
45939,7-9209
45940,7-3079
45941,6-2419
45942,3-6254
45943,4-4556
45944,2-4232
45945,4-2127
45946,4-2925
45947,5-4670
45948,1-4024
45949,8-1207
45950,8-6851
45951,2-1562
45952,6-7267
45953,7-7514
45954,8-9295
45955,8-1333
45956,6-8483
45957,8-9989
45958,3-7597
45959,8-8852
45960,6-5011
45961,2-8497
45962,8-5163
45963,3-9362
45964,8-3270
45965,8-9614
45966,1-0318
45967,1-4544
45968,8-3938
45969,8-4137
45970,6-6887
45971,4-8882
45972,4-9051
45973,1-0327
45974,2-2716
45975,5-8598
45976,8-8415
45977,8-5148
45978,3-8523
45979,8-7428
45980,4-5852
45981,2-6002
45982,4-3308
45983,2-9229
45984,3-3031
45985,5-0172
45986,5-6433
45987,1-6873
45988,5-1070
45989,5-0561
45990,3-6048
45991,8-1831
45992,3-9083
45993,2-0711
45994,8-0350
45995,7-7946
45996,4-5033
45997,5-6487
45998,4-6198
45999,4-6611
46000,8-3241
46001,2-1836
46002,2-8590
46003,3-6955
46004,4-7550
46005,8-7139
46006,1-9484
46007,8-1683
46008,7-7503
46009,3-0416
46010,7-6896
46011,1-1481
46012,4-1466
46013,4-0139
46014,2-6823
46015,5-7008
46016,2-0832
46017,4-1782
46018,3-8736
46019,8-7073
46020,1-8837
46021,6-0130
46022,3-1613
46023,8-1409
46024,3-4528
46025,2-1679
46026,2-9288
46027,3-8730
46028,3-7209
46029,2-4507
46030,3-7525
46031,6-3369
46032,5-1842
46033,7-4279
46034,3-7273
46035,8-8671
46036,5-1522
46037,4-3170
46038,7-3210
46039,3-8912
46040,7-3507
46041,5-9601
46042,4-9543
46043,3-7102
46044,6-6165
46045,1-0908
46046,4-1664
46047,2-4919
46048,3-8218
46049,7-8079
46050,5-2019
46051,7-3629
46052,6-0388
46053,4-3871
46054,6-5277
46055,3-4673
46056,7-3545
46057,1-2568
46058,1-2806
46059,7-8006
46060,7-6272
46061,5-1176
46062,5-8127
46063,4-2302
46064,1-7040
46065,7-6382
46066,8-8292
46067,5-1928
46068,2-1351
46069,7-4143
46070,2-5469
46071,5-2136
46072,2-4649
46073,2-1968
46074,8-0588
46075,3-4730
46076,3-4410
46077,5-2573
46078,8-5716
46079,2-2737
46080,3-1154
46081,1-7022
46082,3-5764
46083,4-8973
46084,3-6988
46085,4-8670
46086,1-0887
46087,4-6212
46088,8-0034
46089,2-9420
46090,5-7099
46091,5-9220
46092,6-7236
46093,3-7824
46094,1-7582
46095,8-0268
46096,2-9991
46097,7-1839
46098,3-0914
46099,6-5697
46100,7-0789
46101,8-4505
46102,4-1167
46103,8-3767
46104,6-7207
46105,3-5647
46106,1-8108
46107,7-9088
46108,7-0284
46109,6-0225
46110,2-6528
46111,5-4948
46112,5-4926
46113,8-0135
46114,1-3078
46115,6-7187
46116,6-1914
46117,6-5318
46118,1-3088
46119,1-6038
46120,2-5667
46121,4-8326
46122,6-4093
46123,1-9637
46124,2-9879
46125,3-3052
46126,4-6697
46127,3-5351
46128,5-1847
46129,7-1727
46130,8-6528
46131,1-2114
46132,3-4883
46133,2-3198
46134,8-3348
46135,7-9080
46136,2-2700
46137,8-7948
46138,6-8364
46139,3-8786
46140,4-5418
46141,1-1418
46142,4-2020
46143,1-0851
46144,2-2549
46145,2-2402
46146,8-0157
46147,5-9208
46148,1-5130
46149,2-8206
46150,2-1856
46151,2-6960
46152,7-3484
46153,7-9148
46154,3-9640
46155,1-8627
46156,4-7972
46157,6-2891
46158,3-3115
46159,3-2941
46160,1-1670
46161,8-0024
46162,3-5338
46163,2-3645
46164,8-9347
46165,6-9716
46166,4-9763
46167,1-3352
46168,8-1787
46169,7-0000
46170,3-8339
46171,4-9027
46172,2-7026
46173,6-0200
46174,6-6954
46175,1-7590
46176,4-3276
46177,2-3432
46178,8-6330
46179,7-8172
46180,1-7240
46181,8-1346
46182,5-1064
46183,5-8974
46184,6-3607
46185,7-9289
46186,6-0533
46187,5-2056
46188,3-7838
46189,7-3311
46190,8-5152
46191,7-6548
46192,7-9407
46193,4-8033
46194,3-3528
46195,6-1533
46196,4-7751
46197,3-9714
46198,6-3851
46199,3-3788
46200,7-0575
46201,5-7637
46202,1-4516
46203,4-8750
46204,5-3792
46205,3-7976
46206,2-2407
46207,5-9604
46208,1-1604
46209,3-0772
46210,5-8445
46211,2-6728
46212,5-2841
46213,4-1537
46214,3-7686
46215,8-9386
46216,7-7758
46217,3-0833
46218,1-4223
46219,6-2266
46220,8-6049
46221,6-5429
46222,6-4161
46223,5-9690
46224,8-8511
46225,4-0484
46226,2-8354
46227,2-2208
46228,7-3695
46229,1-3089
46230,1-1089
46231,2-0910
46232,4-9075
46233,5-7899
46234,3-8454
46235,7-4577
46236,8-9998
46237,3-0166
46238,2-1601
46239,3-9271
46240,6-2315
46241,8-1260
46242,1-3765
46243,6-7686
46244,5-0804
46245,3-3018
46246,8-7364
46247,5-6267
46248,4-5916
46249,6-5355
46250,2-4829
46251,6-6392
46252,3-3880
46253,2-9699
46254,2-0690
46255,3-1373
46256,1-3135
46257,6-0925
46258,5-9804
46259,2-5492
46260,1-9368
46261,8-3886
46262,5-1858
46263,1-3469
46264,8-9184
46265,5-3363
46266,3-7743
46267,5-4095
46268,2-3368
46269,8-0433
46270,3-3101
46271,3-9061
46272,1-3937
46273,5-2466
46274,5-4104
46275,3-7094
46276,5-1603
46277,6-5019
46278,6-2955
46279,2-3443
46280,3-8876
46281,2-8973
46282,8-7551
46283,2-2061
46284,3-8126
46285,5-4978
46286,7-5525
46287,5-2807
46288,6-9877
46289,6-6360
46290,4-1624
46291,1-0778
46292,5-4099
46293,4-8323
46294,5-7372
46295,7-4902
46296,4-1547
46297,6-2707
46298,1-8776
46299,7-5462
46300,7-6347
46301,4-3746
46302,7-0936
46303,2-0802
46304,7-0353
46305,4-1666
46306,3-5858
46307,1-6132
46308,7-9079
46309,4-8535
46310,7-3828
46311,5-5854
46312,2-4575
46313,2-5962
46314,1-1209
46315,6-1108
46316,4-9876
46317,8-4036
46318,8-4345
46319,7-6026
46320,6-1969
46321,3-7450
46322,6-7983
46323,7-2179
46324,5-3885
46325,3-7229
46326,3-9254
46327,6-6652
46328,2-3208
46329,8-4357
46330,1-0888
46331,4-0817
46332,8-1416
46333,3-3094
46334,1-2247
46335,2-8997
46336,2-5647
46337,2-2321
46338,4-9420
46339,6-0149
46340,6-1128
46341,3-2739
46342,5-9590
46343,6-4275
46344,7-2754
46345,6-8304
46346,8-8163
46347,2-8585
46348,3-3425
46349,4-7341
46350,5-0812
46351,4-0217
46352,2-8013
46353,2-0362
46354,3-5654
46355,3-5312
46356,1-9497
46357,2-8164
46358,6-6106
46359,3-9584
46360,3-2959
46361,6-6926
46362,4-6790
46363,4-3951
46364,4-0071
46365,4-2879
46366,7-7684
46367,7-4084
46368,7-9093
46369,3-9606
46370,3-1750
46371,2-0543
46372,3-9583
46373,4-1113
46374,7-0989
46375,8-7282
46376,8-3747
46377,4-3553
46378,5-3014
46379,1-8462
46380,2-5017
46381,3-0359
46382,4-1102
46383,1-8400
46384,4-0655
46385,4-7093
46386,6-2291
46387,2-0601
46388,4-7251
46389,6-5459
46390,1-2136
46391,2-1619
46392,8-1246
46393,6-5262
46394,4-2159
46395,5-2422
46396,6-2451
46397,1-2311
46398,5-2067
46399,4-1204
46400,5-5679
46401,4-6811
46402,6-7646
46403,3-2273
46404,5-1182
46405,8-6897
46406,5-6448
46407,4-6060
46408,5-3365
46409,3-9100
46410,4-3783
46411,8-3211
46412,3-4666
46413,8-3351
46414,3-3129
46415,3-4858
46416,1-6345
46417,2-6819
46418,2-6807
46419,2-8005
46420,5-3189
46421,7-1893
46422,4-5182
46423,6-7171
46424,3-0716
46425,4-7580
46426,3-0034
46427,2-7780
46428,4-3183
46429,2-2659
46430,4-2129
46431,2-5573
46432,7-2711
46433,2-5923
46434,1-0814
46435,1-2582
46436,7-8990
46437,2-4965
46438,8-3256
46439,6-8979
46440,2-6391
46441,1-1056
46442,4-9785
46443,5-4712
46444,6-4344
46445,5-1439
46446,6-0350
46447,4-6964
46448,5-7833
46449,6-5524
46450,4-5388
46451,6-3583
46452,4-3827
46453,1-3803
46454,3-2711
46455,2-8292
46456,8-4687
46457,1-0576
46458,2-1416
46459,2-7894
46460,4-9395
46461,8-3724
46462,1-2824
46463,1-9992
46464,7-7962
46465,2-9093
46466,6-7102
46467,2-9965
46468,2-1107
46469,2-0006
46470,8-4405
46471,7-6984
46472,4-8505
46473,7-8291
46474,6-5052
46475,2-1982
46476,4-8811
46477,7-5625
46478,3-9458
46479,2-5592
46480,5-9057
46481,1-0401
46482,7-9908
46483,6-0299
46484,4-4395
46485,5-3143
46486,4-0522
46487,8-2256
46488,8-4731
46489,3-8517
46490,2-9593
46491,5-4470
46492,3-9062
46493,2-2684
46494,1-0478
46495,1-1803
46496,6-4890
46497,2-4306
46498,6-8073
46499,1-2689
46500,5-4645
46501,4-9861
46502,3-3952
46503,1-0634
46504,1-8896
46505,1-9126
46506,5-3523
46507,3-3994
46508,1-1022
46509,7-5767
46510,4-0135
46511,4-2458
46512,1-2021
46513,8-5380
46514,2-9566
46515,4-5990
46516,6-5853
46517,8-8534
46518,6-0014
46519,4-0068
46520,5-9383
46521,6-5302
46522,4-4139
46523,6-8007
46524,6-2833
46525,3-4832
46526,8-6118
46527,6-6992
46528,3-6364
46529,3-9631
46530,7-0879
46531,3-4877
46532,2-9202
46533,8-3998
46534,6-0938
46535,2-8148
46536,2-4805
46537,6-4216
46538,6-2385
46539,8-2637
46540,1-7512
46541,3-0257
46542,7-9513
46543,3-6414
46544,1-0568
46545,1-1148
46546,4-4174
46547,5-3538
46548,2-8828
46549,7-1656
46550,1-7865
46551,5-2071
46552,8-7738
46553,6-7294
46554,1-8688
46555,5-3099
46556,1-0315
46557,3-3096
46558,8-8820
46559,7-9248
46560,3-5489
46561,7-9579
46562,3-3627
46563,8-3656
46564,1-1472
46565,2-3014
46566,5-1179
46567,8-4516
46568,4-6108
46569,4-3652
46570,6-0918
46571,4-6668
46572,3-6697
46573,2-8912
46574,3-1629
46575,6-9204
46576,8-9784
46577,6-8396
46578,8-2442
46579,4-1291
46580,8-1156
46581,2-4346
46582,2-4448
46583,8-2690
46584,6-3755
46585,8-0709
46586,4-9091
46587,3-9033
46588,3-3768
46589,4-1844
46590,4-4271
46591,6-4870
46592,1-3197
46593,4-7599
46594,1-1232
46595,5-4564
46596,3-4933
46597,3-0983
46598,3-7453
46599,4-2814
46600,1-4723
46601,5-6519
46602,7-3287
46603,7-1382
46604,5-2777
46605,6-5611
46606,5-2142
46607,4-0415
46608,2-5087
46609,6-9409
46610,3-4549
46611,6-1194
46612,2-5113
46613,8-7957
46614,8-6045
46615,6-5951
46616,3-7080
46617,7-1690
46618,7-2766
46619,3-7541
46620,5-6007
46621,5-1631
46622,8-3560
46623,1-0951
46624,6-0028
46625,3-8047
46626,1-9839
46627,1-6626
46628,5-6780
46629,3-7067
46630,6-9724
46631,1-4362
46632,6-2318
46633,1-1191
46634,8-4368
46635,5-4938
46636,2-2789
46637,5-1216
46638,5-7872
46639,5-2458
46640,7-4393
46641,4-2105
46642,3-0313
46643,6-7931
46644,2-6462
46645,5-9991
46646,6-3106
46647,2-0539
46648,2-8069
46649,3-2383
46650,4-5938
46651,1-5450
46652,6-5868
46653,1-2670
46654,8-9093
46655,4-8815
46656,6-0132
46657,5-7614
46658,8-8296
46659,1-2118
46660,1-8004
46661,3-6561
46662,6-1369
46663,6-3297
46664,6-2105
46665,6-7015
46666,4-2982
46667,4-2444
46668,3-9790
46669,5-9495
46670,2-9006
46671,4-2204
46672,7-0121
46673,2-5039
46674,7-3055
46675,3-9274
46676,4-2894
46677,3-2468
46678,7-8445
46679,6-0745
46680,6-6079
46681,2-4897
46682,3-2074
46683,8-6414
46684,8-2663
46685,3-3160
46686,2-9063
46687,6-6744
46688,7-7600
46689,3-3553
46690,6-7763
46691,8-7485
46692,6-3648
46693,4-5995
46694,1-8693
46695,7-7143
46696,5-8035
46697,4-8574
46698,8-3268
46699,7-7813
46700,3-0488
46701,6-4007
46702,1-6665
46703,2-0314
46704,8-7678
46705,4-3793
46706,5-0007
46707,8-8177
46708,4-6433
46709,6-9414
46710,1-8815
46711,2-6991
46712,3-6653
46713,7-0412
46714,4-7326
46715,4-9193
46716,3-4584
46717,4-9009
46718,1-2704
46719,3-0395
46720,4-6566
46721,2-7438
46722,7-4221
46723,3-6281
46724,1-1622
46725,5-0276
46726,3-5734
46727,6-1912
46728,5-1876
46729,3-8367
46730,4-4748
46731,8-0992
46732,5-1900
46733,5-5435
46734,1-0126
46735,5-7357
46736,1-5928
46737,6-7724
46738,2-9230
46739,7-3595
46740,2-4783
46741,4-1246
46742,8-2553
46743,2-5207
46744,6-8600
46745,2-2747
46746,8-8968
46747,1-2508
46748,8-8075
46749,7-5476
46750,4-3051
46751,2-8093
46752,7-5341
46753,2-7625
46754,4-9089
46755,4-3931
46756,2-5482
46757,5-0515
46758,4-3331
46759,7-2453
46760,1-7222
46761,2-3252
46762,2-9697
46763,6-9322
46764,6-5928
46765,3-9256
46766,8-8633
46767,6-4041
46768,6-7978
46769,6-9704
46770,4-3313
46771,3-1561
46772,2-0137
46773,8-0246
46774,7-4728
46775,1-3780
46776,4-4767
46777,2-8326
46778,4-9538
46779,1-6712
46780,3-3713
46781,2-8738
46782,4-2188
46783,6-4003
46784,8-5250
46785,4-0406
46786,4-7117
46787,1-3938
46788,5-5940
46789,2-7926
46790,4-3230
46791,2-6463
46792,6-3001
46793,5-5080
46794,1-2382
46795,1-7586
46796,2-0454
46797,4-4210
46798,3-2686
46799,3-8644
46800,4-3787
46801,4-2589
46802,3-2018
46803,5-7209
46804,8-1999
46805,5-4138
46806,6-5457
46807,8-6141
46808,1-9800
46809,4-1327
46810,3-4270
46811,6-8913
46812,4-7965
46813,3-6474
46814,2-7213
46815,2-6222
46816,8-4870
46817,7-3871
46818,3-0042
46819,7-5576
46820,5-2235
46821,8-4975
46822,3-1910
46823,4-4881
46824,8-4417
46825,5-9539
46826,5-7929
46827,4-3088
46828,4-5252
46829,4-5234
46830,4-9481
46831,2-6102
46832,3-7006
46833,1-6148
46834,4-9972
46835,5-7625
46836,4-2272
46837,1-2819
46838,5-2715
46839,2-9973
46840,3-6337
46841,7-2091
46842,4-2311
46843,2-5051
46844,5-5251
46845,3-7197
46846,2-5280
46847,3-8691
46848,6-1186
46849,5-1868
46850,1-2607
46851,8-5029
46852,8-8290
46853,7-2560
46854,5-7810
46855,2-9558
46856,7-7494
46857,8-0964
46858,1-6869
46859,2-9085
46860,3-8461
46861,5-1899
46862,5-2342
46863,7-7191
46864,1-8190
46865,6-7480
46866,1-5205
46867,4-4264
46868,5-0814
46869,7-2237
46870,1-4117
46871,4-8851
46872,1-2262
46873,3-9761
46874,4-6088
46875,7-6580
46876,7-3840
46877,6-0885
46878,3-1666
46879,8-5602
46880,4-7423
46881,2-3846
46882,6-1579
46883,7-6420
46884,4-3554
46885,7-0968
46886,2-6188
46887,5-1386
46888,7-4132
46889,1-0612
46890,4-9851
46891,4-5658
46892,7-7862
46893,8-9151
46894,2-8836
46895,3-7746
46896,4-1437
46897,2-4443
46898,5-4519
46899,5-6002
46900,6-0145
46901,3-5767
46902,5-1921
46903,3-5859
46904,6-0158
46905,1-3231
46906,6-5236
46907,4-4857
46908,7-4864
46909,6-8787
46910,1-8887
46911,4-3440
46912,1-1869
46913,6-7933
46914,5-9967
46915,4-0218
46916,7-5645
46917,3-2309
46918,7-8023
46919,1-4066
46920,4-2460
46921,4-2122
46922,7-1303
46923,5-3762
46924,5-5016
46925,7-4064
46926,2-6371
46927,1-1323
46928,7-1929
46929,3-5949
46930,5-9733
46931,6-5879
46932,5-6931
46933,7-8320
46934,5-3818
46935,2-7920
46936,4-1038
46937,7-3036
46938,7-2875
46939,5-6769
46940,8-6077
46941,8-9608
46942,7-5673
46943,1-8058
46944,3-7053
46945,2-4270
46946,2-9333
46947,7-3069
46948,6-3750
46949,4-8241
46950,1-7961
46951,6-2604
46952,5-1305
46953,1-4517
46954,5-2733
46955,5-3599
46956,4-4233
46957,6-3332
46958,3-0559
46959,5-6954
46960,1-1922
46961,5-2057
46962,5-8119
46963,8-2358
46964,3-1785
46965,4-7301
46966,7-8916
46967,7-3289
46968,5-3321
46969,2-6423
46970,5-3039
46971,4-6321
46972,3-4621
46973,7-3646
46974,2-9980
46975,8-9928
46976,8-9629
46977,4-8321
46978,5-8531
46979,4-5530
46980,7-1051
46981,7-1587
46982,3-9031
46983,6-5849
46984,1-8604
46985,6-4457
46986,7-6663
46987,2-6521
46988,7-8294
46989,6-8859
46990,5-8730
46991,8-0220
46992,7-9052
46993,7-5891
46994,5-6009
46995,5-7939
46996,2-0014
46997,3-9214
46998,2-5871
46999,4-7720
47000,5-9873
47001,2-4959
47002,7-8187
47003,3-2679
47004,3-6340
47005,6-6854
47006,1-1281
47007,4-1724
47008,5-0488
47009,7-8945
47010,7-9435
47011,5-7525
47012,4-2649
47013,8-7740
47014,2-9867
47015,5-0674
47016,4-5851
47017,6-3215
47018,5-0461
47019,4-1250
47020,6-8016
47021,7-5654
47022,6-0394
47023,6-0187
47024,7-0263
47025,6-7731
47026,8-6922
47027,1-2102
47028,6-2977
47029,2-9536
47030,3-5183
47031,8-1986
47032,1-3536
47033,6-6753
47034,2-6196
47035,2-2033
47036,5-7390
47037,2-6932
47038,2-3879
47039,1-4656
47040,8-4845
47041,7-2581
47042,8-4910
47043,8-5155
47044,3-1078
47045,1-4110
47046,2-5981
47047,5-7184
47048,1-9418
47049,3-1430
47050,7-7282
47051,5-2735
47052,8-3296
47053,8-3118
47054,4-6371
47055,1-9412
47056,7-7667
47057,4-4151
47058,3-4453
47059,1-4238
47060,1-4039
47061,2-5274
47062,4-3411
47063,5-3162
47064,4-3646
47065,5-4680
47066,5-7041
47067,6-2205
47068,7-6122
47069,8-2636
47070,2-2963
47071,1-5006
47072,8-7347
47073,3-2396
47074,8-9022
47075,8-8929
47076,5-4700
47077,1-5746
47078,2-4030
47079,1-4633
47080,1-3932
47081,4-9889
47082,2-5693
47083,4-8004
47084,8-4056
47085,1-6691
47086,8-8017
47087,7-1565
47088,6-0494
47089,4-8540
47090,1-3658
47091,6-8824
47092,8-4239
47093,8-7046
47094,8-9045
47095,4-9261
47096,3-0680
47097,8-4310
47098,3-1176
47099,4-0957
47100,1-1455
47101,3-1767
47102,4-5634
47103,3-5521
47104,8-1580
47105,4-6525
47106,6-2167
47107,5-7974
47108,1-0134
47109,5-8267
47110,5-2594
47111,6-5515
47112,8-9605
47113,1-1779
47114,6-3089
47115,4-3757
47116,1-2170
47117,5-3614
47118,4-6537
47119,1-6934
47120,1-6175
47121,6-6061
47122,6-4750
47123,6-0140
47124,6-4510
47125,5-0026
47126,5-4082
47127,6-8115
47128,4-7764
47129,7-7429
47130,5-5156
47131,7-0829
47132,6-7393
47133,2-1295
47134,3-2741
47135,2-5466
47136,3-4635
47137,7-1187
47138,4-1715
47139,8-8015
47140,8-3191
47141,3-6961
47142,4-3322
47143,7-8286
47144,7-7140
47145,6-3638
47146,5-3500
47147,2-7139
47148,8-9106
47149,1-6169
47150,7-7131
47151,5-9448
47152,6-4881
47153,2-5531
47154,7-3420
47155,6-9828
47156,1-4666
47157,4-0150
47158,4-1122
47159,7-0988
47160,7-6866
47161,6-9710
47162,1-1985
47163,7-5035
47164,1-2825
47165,1-1476
47166,7-7206
47167,8-8131
47168,4-6610
47169,3-8812
47170,7-6427
47171,4-9473
47172,3-7479
47173,2-3491
47174,2-2162
47175,1-1440
47176,8-4606
47177,5-2725
47178,2-8403
47179,1-1330
47180,4-8227
47181,8-6997
47182,1-0660
47183,5-7065
47184,1-8799
47185,5-8729
47186,4-6203
47187,6-9841
47188,3-2090
47189,2-2938
47190,7-6529
47191,3-5553
47192,5-6296
47193,1-9518
47194,3-6424
47195,3-7562
47196,7-7055
47197,3-6532
47198,4-1023
47199,4-0174
47200,8-1691
47201,4-9726
47202,7-3479
47203,1-8157
47204,6-5463
47205,8-4742
47206,2-0773
47207,6-8868
47208,6-2759
47209,2-0120
47210,3-1036
47211,4-2081
47212,1-0361
47213,4-2776
47214,7-7564
47215,5-2900
47216,4-8144
47217,2-5689
47218,3-6429
47219,4-1296
47220,8-4925
47221,1-6122
47222,7-3014
47223,4-0944
47224,8-9733
47225,1-1391
47226,3-6748
47227,4-3906
47228,2-7937
47229,8-7091
47230,3-5458
47231,7-6020
47232,5-7976
47233,8-4796
47234,4-2300
47235,7-4817
47236,7-6256
47237,1-1130
47238,7-0198
47239,8-0969
47240,6-5115
47241,7-1267
47242,5-5756
47243,2-8691
47244,4-9885
47245,2-7450
47246,2-6218
47247,4-1794
47248,5-3136
47249,2-7007
47250,4-1269
47251,1-3740
47252,2-3338
47253,1-4275
47254,1-7965
47255,7-1059
47256,1-6503
47257,7-2519
47258,4-1207
47259,3-9696
47260,4-4482
47261,1-8363
47262,8-7625
47263,2-4310
47264,8-7753
47265,4-7642
47266,8-5983
47267,2-9868
47268,8-8306
47269,8-1469
47270,3-5125
47271,6-9074
47272,5-7401
47273,6-4820
47274,5-5721
47275,2-4624
47276,2-2354
47277,8-8439
47278,5-6609
47279,3-0997
47280,1-6162
47281,2-5220
47282,5-3888
47283,2-7113
47284,3-5182
47285,8-4490
47286,5-4442
47287,6-0507
47288,5-2091
47289,8-3880
47290,2-8801
47291,6-3717
47292,5-8255
47293,4-9818
47294,1-0389
47295,5-5649
47296,4-9603
47297,5-1772
47298,7-8859
47299,6-4553
47300,3-2874
47301,5-9237
47302,2-4689
47303,4-8365
47304,2-1422
47305,8-2594
47306,8-2939
47307,6-5793
47308,3-1056
47309,1-3361
47310,6-1652
47311,4-1894
47312,2-5131
47313,6-1482
47314,5-0644
47315,3-0044
47316,1-0674
47317,1-6454
47318,7-1989
47319,6-0999
47320,5-9814
47321,8-3587
47322,6-5260
47323,3-6554
47324,6-6579
47325,4-6499
47326,1-6060
47327,5-2821
47328,3-6470
47329,2-2043
47330,4-1942
47331,2-4389
47332,2-6780
47333,7-2619
47334,3-4022
47335,6-6072
47336,1-2922
47337,6-9633
47338,5-9716
47339,6-5977
47340,8-4278
47341,1-4637
47342,1-9959
47343,5-2010
47344,8-7572
47345,3-4985
47346,4-1402
47347,1-2238
47348,4-0701
47349,4-1487
47350,6-0973
47351,4-2738
47352,8-8941
47353,4-8395
47354,8-2241
47355,5-6585
47356,6-5000
47357,7-5417
47358,8-5037
47359,7-5801
47360,5-6312
47361,6-8344
47362,3-1347
47363,2-6538
47364,4-3093
47365,4-2475
47366,4-3881
47367,5-8061
47368,3-9958
47369,5-0803
47370,5-0166
47371,1-4186
47372,3-0482
47373,6-4102
47374,8-3525
47375,4-2155
47376,2-9642
47377,5-4989
47378,5-7202
47379,6-2040
47380,8-7730
47381,7-3893
47382,5-3333
47383,8-5377
47384,1-4080
47385,4-7958
47386,6-3208
47387,6-5906
47388,6-0252
47389,7-1118
47390,8-0182
47391,8-6165
47392,4-0972
47393,3-6467
47394,8-4307
47395,7-5389
47396,1-1290
47397,6-7438
47398,7-4595
47399,3-1738
47400,5-7889
47401,3-5676
47402,5-4951
47403,3-8769
47404,6-8405
47405,7-8823
47406,3-3629
47407,3-5774
47408,6-3272
47409,7-2888
47410,7-4307
47411,2-2246
47412,4-0776
47413,6-0164
47414,7-4012
47415,1-1318
47416,8-5106
47417,7-6240
47418,3-4049
47419,1-9754
47420,3-7710
47421,7-7668
47422,1-8850
47423,2-6081
47424,1-4086
47425,6-6027
47426,8-5249
47427,2-0015
47428,2-8605
47429,4-1883
47430,5-5348
47431,8-0812
47432,7-7187
47433,4-7348
47434,1-8578
47435,1-0406
47436,4-7304
47437,4-9765
47438,2-1959
47439,5-3341
47440,3-0389
47441,4-5566
47442,5-7147
47443,4-1789
47444,2-2823
47445,6-0611
47446,2-2338
47447,7-6902
47448,4-4835
47449,1-7694
47450,3-4969
47451,8-0826
47452,3-7211
47453,3-1331
47454,7-2476
47455,4-8693
47456,5-8087
47457,3-2377
47458,7-4760
47459,4-9957
47460,4-8952
47461,3-1136
47462,4-1959
47463,3-4066
47464,1-6279
47465,6-7737
47466,5-9034
47467,3-9091
47468,3-6487
47469,8-8596
47470,5-9657
47471,8-7962
47472,6-9389
47473,6-7612
47474,6-8769
47475,6-6687
47476,8-3426
47477,8-2558
47478,8-9429
47479,8-5010
47480,2-4881
47481,1-1575
47482,8-5273
47483,3-5092
47484,2-7144
47485,5-9615
47486,2-5992
47487,4-0506
47488,8-4922
47489,4-5471
47490,7-1353
47491,3-7100
47492,1-8638
47493,6-1726
47494,8-4752
47495,3-0796
47496,6-3042
47497,8-5768
47498,7-7794
47499,5-4074
47500,3-5250
47501,2-2195
47502,1-0901
47503,3-8920
47504,3-5818
47505,8-6715
47506,6-0059
47507,7-2893
47508,7-7367
47509,4-8932
47510,7-9916
47511,2-6515
47512,2-0834
47513,1-2807
47514,7-2425
47515,3-1511
47516,3-8498
47517,3-6765
47518,8-9265
47519,8-4808
47520,5-5911
47521,6-7404
47522,8-1614
47523,7-7742
47524,3-5409
47525,4-3880
47526,1-4599
47527,5-7070
47528,7-4532
47529,5-9188
47530,2-7214
47531,3-4404
47532,7-1688
47533,2-4538
47534,5-9966
47535,2-7922
47536,2-8461
47537,7-5535
47538,1-1567
47539,8-1934
47540,3-1409
47541,7-8049
47542,2-2772
47543,8-1374
47544,7-1860
47545,7-0595
47546,6-2188
47547,8-0575
47548,5-3080
47549,3-1238
47550,2-4640
47551,5-5109
47552,6-5627
47553,2-0874
47554,6-7518
47555,1-2379
47556,5-6237
47557,3-6882
47558,5-5468
47559,2-7063
47560,7-7306
47561,6-4644
47562,1-4747
47563,2-5332
47564,2-7333
47565,3-0729
47566,8-4329
47567,1-6875
47568,8-7077
47569,8-5642
47570,4-0411
47571,6-4813
47572,8-6394
47573,5-2979
47574,5-3603
47575,7-7218
47576,5-8498
47577,1-5837
47578,7-4331
47579,6-3863
47580,5-4410
47581,4-3756
47582,6-9064
47583,3-0683
47584,7-6764
47585,5-5834
47586,5-2643
47587,7-3992
47588,1-9618
47589,2-2279
47590,1-6499
47591,5-7344
47592,5-1985
47593,2-9792
47594,6-4492
47595,7-1854
47596,6-6585
47597,2-2237
47598,2-3737
47599,4-8039
47600,1-4372
47601,6-3463
47602,6-8311
47603,1-3137
47604,1-4969
47605,4-3784
47606,5-8154
47607,7-6762
47608,4-4088
47609,6-6469
47610,5-5480
47611,5-4517
47612,6-8264
47613,2-7308
47614,7-8329
47615,4-6549
47616,1-2691
47617,6-9919
47618,3-0719
47619,3-2555
47620,7-5276
47621,1-4783
47622,5-8750
47623,6-2609
47624,6-7904
47625,5-1304
47626,7-0032
47627,8-2963
47628,5-0191
47629,2-8527
47630,7-4054
47631,2-3017
47632,2-8870
47633,5-8395
47634,3-5632
47635,4-2505
47636,8-7022
47637,2-0378
47638,8-1202
47639,6-4840
47640,5-4640
47641,5-2569
47642,6-3340
47643,8-5839
47644,5-4436
47645,2-7650
47646,3-1116
47647,7-8535
47648,2-9352
47649,7-8335
47650,3-8203
47651,5-8669
47652,8-3273
47653,5-4792
47654,2-8938
47655,8-7566
47656,5-1482
47657,5-2896
47658,6-3651
47659,5-0845
47660,4-1787
47661,3-6669
47662,2-9845
47663,2-0755
47664,2-7631
47665,6-2229
47666,5-7131
47667,1-2002
47668,4-9254
47669,3-7345
47670,6-8759
47671,3-0210
47672,2-8502
47673,7-2123
47674,1-1258
47675,8-1927
47676,2-4176
47677,8-2222
47678,6-2353
47679,6-5317
47680,2-3213
47681,2-4899
47682,1-2597
47683,1-3683
47684,6-3973
47685,2-5883
47686,8-8391
47687,8-5578
47688,6-8313
47689,6-1770
47690,5-8049
47691,7-6574
47692,4-5235
47693,3-3482
47694,4-2392
47695,6-3831
47696,8-8354
47697,5-1687
47698,6-4321
47699,3-4173
47700,6-8703
47701,8-2495
47702,3-2623
47703,4-5775
47704,4-4425
47705,5-3076
47706,1-1646
47707,6-8170
47708,2-2515
47709,3-5895
47710,5-6631
47711,1-2295
47712,7-8306
47713,7-7040
47714,2-1443
47715,8-6771
47716,6-6843
47717,5-9698
47718,1-6226
47719,4-2913
47720,2-9314
47721,7-9885
47722,8-8467
47723,4-6111
47724,1-1523
47725,6-5313
47726,5-9963
47727,8-4654
47728,4-0126
47729,4-2951
47730,2-9753
47731,1-2903
47732,2-5242
47733,5-3168
47734,8-7959
47735,6-0658
47736,3-4477
47737,6-2349
47738,8-4312
47739,8-2863
47740,7-8307
47741,6-4222
47742,1-2894
47743,5-5126
47744,8-9497
47745,3-4681
47746,7-1596
47747,1-4307
47748,1-3871
47749,8-0042
47750,5-4763
47751,8-4667
47752,1-5778
47753,1-2223
47754,7-6346
47755,8-2456
47756,3-0081
47757,8-3263
47758,6-8020
47759,2-3271
47760,2-2336
47761,3-9727
47762,1-1700
47763,4-8435
47764,2-8994
47765,7-5656
47766,6-1729
47767,4-1164
47768,4-4344
47769,3-8511
47770,1-1939
47771,1-2948
47772,2-9901
47773,3-2163
47774,7-4270
47775,5-4999
47776,6-8601
47777,1-7911
47778,3-4953
47779,7-5079
47780,2-0693
47781,4-5606
47782,4-7834
47783,5-5430
47784,1-5234
47785,7-3086
47786,6-6160
47787,6-1360
47788,7-5261
47789,3-7246
47790,6-0545
47791,7-8161
47792,8-0791
47793,6-3740
47794,6-8466
47795,5-9855
47796,2-4317
47797,7-8642
47798,8-0044
47799,2-3145
47800,3-7442
47801,7-1972
47802,3-5712
47803,3-9000
47804,1-8700
47805,5-6005
47806,5-8938
47807,4-2137
47808,7-1736
47809,5-8272
47810,6-0869
47811,3-9919
47812,5-7083
47813,6-8254
47814,7-5698
47815,4-4391
47816,1-8936
47817,8-7898
47818,6-6482
47819,1-4917
47820,7-3348
47821,1-5817
47822,5-0177
47823,4-3083
47824,6-3030
47825,2-4569
47826,8-8538
47827,5-2330
47828,2-4562
47829,3-0107
47830,4-3192
47831,5-6186
47832,1-7211
47833,3-6567
47834,1-2764
47835,8-1715
47836,1-3488
47837,6-0236
47838,3-3734
47839,8-5439
47840,7-7814
47841,3-5492
47842,2-9710
47843,6-1890
47844,6-6965
47845,5-4959
47846,2-8575
47847,5-8043
47848,3-2168
47849,3-5658
47850,6-6550
47851,8-9776
47852,2-4528
47853,4-1021
47854,6-0006
47855,3-0801
47856,8-6821
47857,4-6181
47858,5-4310
47859,6-3046
47860,8-0615
47861,4-4680
47862,3-6565
47863,1-7450
47864,3-9973
47865,2-1309
47866,1-9851
47867,1-0127
47868,7-6799
47869,3-3200
47870,1-4014
47871,7-9690
47872,2-5240
47873,3-4293
47874,8-5300
47875,3-5179
47876,7-9534
47877,4-2091
47878,8-5312
47879,1-7334
47880,7-0122
47881,6-8210
47882,8-8827
47883,3-5331
47884,8-8661
47885,6-1279
47886,3-8797
47887,2-2946
47888,3-7022
47889,6-4382
47890,1-5445
47891,7-3209
47892,2-4376
47893,6-1189
47894,8-9822
47895,2-4956
47896,4-0438
47897,6-6916
47898,6-5146
47899,7-4009
47900,2-9630
47901,7-8442
47902,7-3185
47903,6-8172
47904,5-3965
47905,2-7362
47906,3-9203
47907,2-7241
47908,3-0221
47909,5-3893
47910,5-5073
47911,7-6531
47912,3-2899
47913,6-7408
47914,1-0510
47915,8-9760
47916,4-5542
47917,6-2790
47918,1-2536
47919,4-6905
47920,7-7473
47921,5-7647
47922,2-4893
47923,7-9864
47924,2-0129
47925,8-0813
47926,3-3529
47927,2-6443
47928,6-3168
47929,4-5712
47930,1-6107
47931,5-9463
47932,7-0261
47933,1-8430
47934,7-7257
47935,1-9900
47936,1-5143
47937,4-5620
47938,3-5981
47939,1-2673
47940,5-6503
47941,6-8552
47942,7-2074
47943,8-4603
47944,5-1102
47945,3-3497
47946,3-4075
47947,4-7707
47948,6-9639
47949,8-7833
47950,5-9210
47951,2-3672
47952,4-4673
47953,8-1053
47954,7-0876
47955,1-1538
47956,2-3146
47957,5-4871
47958,8-4210
47959,8-1847
47960,5-1813
47961,3-5352
47962,7-7285
47963,2-9457
47964,3-9803
47965,6-9798
47966,5-6287
47967,2-1840
47968,7-2080
47969,7-0580
47970,5-9627
47971,5-9543
47972,5-5692
47973,3-7944
47974,6-5274
47975,5-8149
47976,2-8655
47977,1-5377
47978,1-8906
47979,6-6707
47980,2-4037
47981,1-3986
47982,3-1735
47983,8-8243
47984,1-2142
47985,2-3151
47986,1-3298
47987,4-8632
47988,6-7341
47989,2-2392
47990,3-8045
47991,3-4727
47992,8-1454
47993,5-2523
47994,4-9008
47995,7-3531
47996,1-8943
47997,7-4718
47998,4-9796
47999,5-6038
48000,2-0054
48001,1-7370
48002,1-0536
48003,7-6212
48004,2-5096
48005,5-5914
48006,1-0311
48007,3-6184
48008,6-4194
48009,1-2066
48010,5-7626
48011,3-8253
48012,3-6830
48013,8-5149
48014,1-0288
48015,3-7176
48016,3-1710
48017,8-2777
48018,4-4078
48019,7-7138
48020,1-7668
48021,1-6358
48022,6-3196
48023,8-8896
48024,4-1450
48025,4-8014
48026,1-3634
48027,1-2828
48028,3-9084
48029,2-9070
48030,3-4794
48031,3-2756
48032,3-6035
48033,6-4386
48034,4-3195
48035,7-3987
48036,3-1093
48037,1-0196
48038,6-2109
48039,3-4132
48040,6-4878
48041,7-2862
48042,7-8360
48043,8-0067
48044,8-9770
48045,8-1680
48046,3-5707
48047,7-5270
48048,1-1958
48049,4-9160
48050,4-1094
48051,5-2276
48052,6-8488
48053,1-9151
48054,5-4923
48055,7-9525
48056,7-3485
48057,6-5416
48058,5-5308
48059,1-3127
48060,3-6776
48061,5-5906
48062,1-3498
48063,6-4940
48064,4-7565
48065,1-9664
48066,6-7890
48067,3-4086
48068,7-5627
48069,7-1466
48070,4-1187
48071,7-6893
48072,4-3731
48073,2-6454
48074,6-9904
48075,6-7836
48076,2-8445
48077,1-3103
48078,6-2108
48079,8-6081
48080,8-7835
48081,3-2492
48082,7-8024
48083,3-1284
48084,2-9424
48085,4-9396
48086,5-0697
48087,4-5195
48088,8-5121
48089,1-4814
48090,3-8329
48091,1-5866
48092,2-6884
48093,2-1407
48094,6-3876
48095,6-1095
48096,7-7422
48097,2-7476
48098,4-2844
48099,4-4844
48100,1-2578
48101,1-7400
48102,4-3117
48103,2-2110
48104,3-7173
48105,2-2987
48106,8-2405
48107,5-5166
48108,6-5492
48109,7-8663
48110,6-2800
48111,8-7606
48112,2-7999
48113,7-7071
48114,5-0514
48115,1-2844
48116,6-6752
48117,4-8639
48118,5-5876
48119,1-6308
48120,7-5464
48121,5-3592
48122,3-2131
48123,8-9842
48124,5-2403
48125,1-0244
48126,1-4519
48127,8-8870
48128,6-1059
48129,6-0630
48130,8-6602
48131,6-6512
48132,1-4121
48133,7-1247
48134,5-2903
48135,2-0496
48136,4-0327
48137,7-0588
48138,6-3066
48139,4-4526
48140,2-7830
48141,4-8416
48142,3-8597
48143,8-5526
48144,5-1207
48145,4-0727
48146,7-9066
48147,5-2825
48148,2-1984
48149,2-8758
48150,5-8809
48151,5-2964
48152,6-0706
48153,6-8302
48154,5-6251
48155,4-1429
48156,1-8729
48157,5-4676
48158,1-7975
48159,8-0515
48160,8-2592
48161,5-4631
48162,7-9117
48163,6-0886
48164,4-1211
48165,8-7355
48166,3-2010
48167,6-0663
48168,7-0496
48169,7-9957
48170,3-5375
48171,4-7871
48172,7-8962
48173,3-1948
48174,7-2126
48175,7-8570
48176,7-4461
48177,7-7760
48178,8-3484
48179,6-1159
48180,6-2889
48181,6-1695
48182,5-0481
48183,6-6422
48184,3-5690
48185,6-8077
48186,3-2054
48187,2-6845
48188,2-3123
48189,4-4081
48190,5-3647
48191,1-3910
48192,7-6976
48193,6-3269
48194,3-4422
48195,2-6372
48196,5-2340
48197,2-9245
48198,6-7542
48199,5-2663
48200,6-0189
48201,8-2059
48202,7-7013
48203,8-5757
48204,5-1797
48205,7-3112
48206,8-7503
48207,4-3137
48208,3-9875
48209,6-0908
48210,7-8495
48211,8-8999
48212,5-2266
48213,1-3230
48214,5-5085
48215,8-1326
48216,8-6137
48217,5-1316
48218,8-7140
48219,1-0332
48220,7-4392
48221,8-8348
48222,8-5684
48223,1-1165
48224,4-6686
48225,4-6178
48226,8-7662
48227,6-1671
48228,1-1596
48229,1-8311
48230,8-6334
48231,7-5129
48232,2-9492
48233,8-1467
48234,1-4717
48235,3-7731
48236,7-6476
48237,6-5816
48238,7-5641
48239,5-8656
48240,3-1075
48241,5-0898
48242,4-7936
48243,7-8812
48244,2-6288
48245,1-6977
48246,4-6605
48247,1-9972
48248,1-0115
48249,7-8553
48250,5-9157
48251,8-6203
48252,2-5957
48253,4-5068
48254,8-9606
48255,5-4234
48256,8-9894
48257,2-4160
48258,7-5144
48259,7-0523
48260,1-4274
48261,4-4805
48262,1-7264
48263,2-5989
48264,8-7415
48265,2-9339
48266,5-0770
48267,1-4803
48268,4-5637
48269,4-4314
48270,7-3790
48271,8-3788
48272,5-9243
48273,3-6445
48274,7-1156
48275,4-6103
48276,4-9978
48277,7-1847
48278,4-8649
48279,2-2328
48280,4-9921
48281,3-3049
48282,2-4818
48283,7-2848
48284,2-8671
48285,2-0322
48286,4-4337
48287,5-3026
48288,7-4035
48289,8-4928
48290,4-3886
48291,4-9154
48292,3-6031
48293,5-8256
48294,5-2108
48295,6-0051
48296,2-7358
48297,7-1137
48298,1-4978
48299,6-1257
48300,7-1428
48301,8-6311
48302,1-8126
48303,7-1964
48304,5-5210
48305,6-3405
48306,4-6834
48307,3-9575
48308,7-8164
48309,8-0039
48310,5-8608
48311,4-9995
48312,3-8279
48313,1-5533
48314,4-4978
48315,6-1571
48316,4-0337
48317,5-5079
48318,8-2363
48319,3-0974
48320,7-2347
48321,7-9738
48322,3-6598
48323,2-2112
48324,5-8953
48325,4-3535
48326,6-6862
48327,3-0821
48328,4-4566
48329,8-0710
48330,3-7650
48331,8-1953
48332,3-5817
48333,5-5719
48334,7-7924
48335,6-9231
48336,2-0691
48337,4-5198
48338,6-1684
48339,8-6939
48340,6-7932
48341,2-0669
48342,4-8737
48343,1-5569
48344,6-2255
48345,5-0075
48346,1-9857
48347,6-6917
48348,1-8221
48349,6-8078
48350,7-6226
48351,7-8522
48352,6-2728
48353,3-7521
48354,1-2613
48355,6-5720
48356,2-0360
48357,5-0039
48358,2-6106
48359,4-8272
48360,8-1810
48361,2-4497
48362,6-2543
48363,1-3315
48364,4-5872
48365,3-0367
48366,8-3553
48367,5-0244
48368,1-4261
48369,4-6066
48370,7-7106
48371,5-5599
48372,2-0025
48373,3-4198
48374,1-6621
48375,1-6632
48376,1-3057
48377,5-7546
48378,7-4531
48379,8-6053
48380,1-5141
48381,8-5672
48382,1-6422
48383,1-7100
48384,7-7518
48385,4-0567
48386,2-4394
48387,1-6238
48388,8-1013
48389,1-9768
48390,5-0024
48391,6-4108
48392,3-9617
48393,5-0484
48394,8-5993
48395,8-9656
48396,5-7196
48397,4-5981
48398,7-6499
48399,1-1118
48400,1-9602
48401,6-5250
48402,5-5884
48403,8-7079
48404,7-3126
48405,1-8092
48406,6-3285
48407,3-1540
48408,3-2375
48409,2-0240
48410,5-4370
48411,4-8066
48412,2-1065
48413,3-0640
48414,3-4265
48415,4-2128
48416,6-4708
48417,4-1356
48418,5-3353
48419,5-4344
48420,7-1862
48421,7-4900
48422,6-5557
48423,7-6912
48424,5-3511
48425,7-8100
48426,8-1517
48427,2-2378
48428,2-7810
48429,8-2880
48430,5-6360
48431,5-7544
48432,7-6116
48433,6-3467
48434,4-0879
48435,4-2662
48436,5-0047
48437,5-1017
48438,7-2632
48439,6-0142
48440,2-9559
48441,4-6277
48442,2-7312
48443,5-1058
48444,7-0220
48445,3-7286
48446,7-0805
48447,6-7725
48448,3-7020
48449,7-1903
48450,6-1417
48451,6-8713
48452,3-7997
48453,6-2024
48454,7-5553
48455,6-9650
48456,4-1734
48457,2-3771
48458,7-9649
48459,5-5864
48460,3-2571
48461,6-6783
48462,7-0600
48463,3-4803
48464,6-9972
48465,3-2070
48466,1-5074
48467,2-0748
48468,3-2157
48469,2-9831
48470,6-7520
48471,7-3332
48472,8-8807
48473,5-7428
48474,1-8762
48475,1-9274
48476,5-7797
48477,4-9032
48478,3-8596
48479,3-4860
48480,1-9989
48481,6-6883
48482,8-4916
48483,5-0006
48484,2-4311
48485,3-5149
48486,5-9326
48487,1-5779
48488,7-9586
48489,7-7180
48490,1-7654
48491,8-3192
48492,2-2404
48493,6-3175
48494,1-9588
48495,7-2064
48496,5-6630
48497,3-2938
48498,2-2414
48499,1-9793
48500,3-9460
48501,3-7992
48502,6-8733
48503,2-5903
48504,8-6075
48505,7-2438
48506,7-0166
48507,8-1060
48508,6-7771
48509,1-0340
48510,8-1721
48511,7-4807
48512,6-8625
48513,4-2565
48514,6-9508
48515,8-0843
48516,1-3531
48517,7-0757
48518,5-9408
48519,6-9833
48520,2-9217
48521,1-3698
48522,1-1970
48523,6-2474
48524,1-0300
48525,4-0225
48526,2-7878
48527,8-0068
48528,5-4072
48529,5-7109
48530,1-0093
48531,5-4293
48532,7-3437
48533,6-2557
48534,4-7513
48535,3-1179
48536,1-6291
48537,2-7794
48538,3-5638
48539,4-8806
48540,7-2082
48541,1-6485
48542,2-0400
48543,2-7235
48544,3-8229
48545,6-4867
48546,1-7060
48547,4-8563
48548,7-5977
48549,4-2633
48550,1-0128
48551,3-3284
48552,3-4651
48553,2-6132
48554,5-3903
48555,5-6306
48556,8-5536
48557,8-2846
48558,6-7253
48559,6-8087
48560,6-2242
48561,8-7124
48562,4-4994
48563,4-9780
48564,5-9134
48565,5-3201
48566,7-3723
48567,7-4965
48568,5-5781
48569,6-3136
48570,2-6630
48571,2-3872
48572,4-2614
48573,2-0966
48574,7-1397
48575,6-7564
48576,5-3942
48577,8-3387
48578,1-8775
48579,2-3329
48580,4-6695
48581,5-8818
48582,2-8462
48583,3-3402
48584,5-8523
48585,2-9656
48586,4-9138
48587,8-6151
48588,4-3977
48589,8-0708
48590,1-7558
48591,6-6611
48592,6-0335
48593,7-1386
48594,5-5608
48595,3-2822
48596,8-4747
48597,2-3409
48598,5-7010
48599,8-5693
48600,7-1572
48601,7-6379
48602,2-8356
48603,8-0322
48604,2-6871
48605,8-9123
48606,5-8762
48607,1-2023
48608,5-1000
48609,8-4948
48610,6-5112
48611,6-3025
48612,4-0985
48613,2-4360
48614,3-3927
48615,8-3630
48616,6-2095
48617,7-2523
48618,1-7084
48619,8-7089
48620,2-4210
48621,8-4237
48622,1-5993
48623,2-7932
48624,3-6292
48625,6-4502
48626,3-6623
48627,4-2358
48628,1-2184
48629,2-5452
48630,1-6452
48631,3-6384
48632,4-9292
48633,2-0694
48634,7-4554
48635,3-5136
48636,8-5078
48637,1-4914
48638,5-8632
48639,1-7574
48640,1-9500
48641,8-9566
48642,5-7306
48643,8-2704
48644,8-3999
48645,6-8553
48646,3-6507
48647,7-1787
48648,5-0530
48649,3-3209
48650,7-9578
48651,6-6201
48652,8-2230
48653,4-9789
48654,3-8245
48655,3-1010
48656,1-2383
48657,1-0924
48658,3-5656
48659,2-9507
48660,4-5641
48661,7-5463
48662,2-7251
48663,8-5371
48664,1-8924
48665,8-7041
48666,7-7930
48667,2-0327
48668,1-5965
48669,2-2445
48670,4-3198
48671,3-8873
48672,2-1529
48673,8-1058
48674,3-7019
48675,4-8359
48676,2-1570
48677,1-1747
48678,5-5160
48679,2-5232
48680,8-0974
48681,1-0751
48682,7-4373
48683,1-4884
48684,2-8425
48685,6-9849
48686,2-0021
48687,8-1304
48688,4-1975
48689,1-2103
48690,6-9611
48691,7-6968
48692,5-7432
48693,3-2036
48694,2-0566
48695,2-6557
48696,1-5146
48697,5-3988
48698,4-0104
48699,3-3185
48700,7-9478
48701,8-0007
48702,1-8494
48703,3-1435
48704,7-5615
48705,1-0412
48706,4-5855
48707,5-3179
48708,7-6671
48709,5-2854
48710,6-4242
48711,3-2829
48712,4-2962
48713,8-0250
48714,5-1652
48715,1-9646
48716,8-4940
48717,4-1473
48718,2-4031
48719,1-2780
48720,6-5469
48721,5-1443
48722,2-9095
48723,5-1360
48724,2-7669
48725,2-5734
48726,6-4728
48727,2-6786
48728,7-6050
48729,7-2633
48730,5-2000
48731,1-4113
48732,6-1349
48733,2-3118
48734,6-0053
48735,7-4015
48736,3-1567
48737,5-4274
48738,7-3383
48739,1-4625
48740,2-2291
48741,1-8244
48742,7-9907
48743,2-6374
48744,8-2758
48745,4-0099
48746,6-1593
48747,1-6361
48748,2-2786
48749,3-1619
48750,5-0841
48751,1-1559
48752,7-1462
48753,4-2548
48754,2-0548
48755,4-3683
48756,2-6162
48757,4-9832
48758,4-9346
48759,5-5799
48760,1-0456
48761,3-0503
48762,4-5959
48763,2-4943
48764,8-0886
48765,3-3286
48766,1-1614
48767,4-7762
48768,2-7275
48769,7-4974
48770,8-9363
48771,3-8065
48772,2-7719
48773,5-2652
48774,7-9301
48775,7-4767
48776,8-9026
48777,6-4057
48778,5-1485
48779,3-6452
48780,3-6952
48781,6-2119
48782,5-6651
48783,1-7912
48784,2-3237
48785,1-8963
48786,4-5819
48787,4-2942
48788,6-9341
48789,4-4535
48790,2-6794
48791,5-1252
48792,4-2121
48793,3-5814
48794,4-0037
48795,7-9033
48796,2-3038
48797,4-8466
48798,4-6771
48799,8-5050
48800,5-6883
48801,2-5434
48802,2-7177
48803,4-4176
48804,5-0258
48805,7-5113
48806,4-0334
48807,6-1875
48808,6-8688
48809,4-3255
48810,1-4578
48811,1-5698
48812,6-0928
48813,5-3150
48814,6-9697
48815,1-1347
48816,6-6377
48817,5-0373
48818,3-6062
48819,3-5357
48820,5-7670
48821,3-5651
48822,1-5773
48823,5-8891
48824,2-7585
48825,1-7199
48826,6-7640
48827,7-0546
48828,2-2332
48829,4-5279
48830,4-9384
48831,3-5428
48832,2-5766
48833,8-9148
48834,7-0155
48835,7-1683
48836,2-5899
48837,5-3820
48838,1-2967
48839,2-5250
48840,3-0773
48841,2-1685
48842,7-8656
48843,2-6907
48844,8-1967
48845,1-5425
48846,5-1723
48847,2-6775
48848,3-5192
48849,2-1205
48850,3-3398
48851,7-4450
48852,1-0789
48853,1-9921
48854,3-8347
48855,2-3471
48856,5-1927
48857,8-4087
48858,4-3522
48859,7-3080
48860,7-5630
48861,2-3209
48862,1-7819
48863,6-5213
48864,7-2542
48865,8-0223
48866,6-7945
48867,4-7901
48868,3-1628
48869,3-0148
48870,8-9325
48871,6-8011
48872,2-6017
48873,3-3983
48874,6-4984
48875,2-7924
48876,4-5710
48877,3-9141
48878,7-3111
48879,1-4433
48880,6-4594
48881,7-4401
48882,8-6722
48883,2-9648
48884,3-2802
48885,4-2800
48886,2-0792
48887,1-0560
48888,6-5606
48889,5-4932
48890,3-0679
48891,3-9960
48892,1-1433
48893,5-3907
48894,2-5359
48895,6-2774
48896,2-3262
48897,2-2324
48898,4-6133
48899,4-8088
48900,8-7298
48901,5-0524
48902,6-2663
48903,5-9505
48904,1-8794
48905,7-3061
48906,6-4505
48907,5-9906
48908,8-3910
48909,4-3119
48910,1-3164
48911,3-5773
48912,7-3149
48913,4-5660
48914,2-2698
48915,8-7405
48916,3-5009
48917,1-5962
48918,7-7774
48919,8-1712
48920,4-0048
48921,1-5410
48922,5-6517
48923,1-2312
48924,2-8915
48925,8-0669
48926,1-7112
48927,3-3273
48928,8-3951
48929,3-5693
48930,3-2954
48931,5-6063
48932,7-0601
48933,2-0850
48934,2-2680
48935,3-8690
48936,5-9932
48937,7-7432
48938,1-0687
48939,5-5039
48940,8-4745
48941,2-6271
48942,8-1426
48943,5-9689
48944,3-3539
48945,5-6194
48946,3-2985
48947,7-6642
48948,1-4968
48949,8-9883
48950,6-9532
48951,1-3526
48952,3-3109
48953,4-5531
48954,6-3809
48955,7-7250
48956,6-0616
48957,3-0162
48958,5-1718
48959,6-0703
48960,7-5980
48961,7-1304
48962,5-2544
48963,2-9412
48964,2-9764
48965,7-5846
48966,3-8285
48967,5-3587
48968,6-8547
48969,2-2093
48970,1-4193
48971,8-1634
48972,2-0697
48973,4-6740
48974,7-6244
48975,3-0219
48976,3-3619
48977,6-6632
48978,4-3014
48979,8-7216
48980,1-3411
48981,1-0268
48982,7-4901
48983,1-2684
48984,8-4963
48985,3-6730
48986,8-0142
48987,2-0098
48988,3-8549
48989,2-7988
48990,8-0651
48991,6-2520
48992,6-9160
48993,5-3250
48994,4-8038
48995,2-0371
48996,7-5426
48997,6-2811
48998,2-5655
48999,3-0114
49000,6-8420
49001,7-1577
49002,8-0571
49003,8-4912
49004,8-2814
49005,2-9355
49006,4-4698
49007,7-3171
49008,3-7653
49009,5-4159
49010,7-7451
49011,6-1155
49012,6-3028
49013,4-9930
49014,6-8434
49015,2-1582
49016,5-4890
49017,5-1099
49018,3-9139
49019,8-4619
49020,1-5765
49021,1-9022
49022,3-9209
49023,3-4725
49024,2-0879
49025,3-5742
49026,5-4501
49027,2-0282
49028,8-2474
49029,4-6004
49030,8-8574
49031,8-9472
49032,8-1283
49033,1-9354
49034,6-4912
49035,1-7963
49036,7-1684
49037,7-6014
49038,6-8881
49039,5-9839
49040,6-2079
49041,8-6273
49042,4-5098
49043,8-4317
49044,6-4876
49045,6-0281
49046,7-0847
49047,2-3787
49048,8-1432
49049,4-8647
49050,5-8955
49051,2-1102
49052,5-0781
49053,5-6853
49054,8-5945
49055,7-0009
49056,1-0343
49057,7-7419
49058,8-8594
49059,4-5757
49060,3-5543
49061,5-6041
49062,2-8058
49063,6-3303
49064,7-2284
49065,8-2981
49066,7-8462
49067,7-6182
49068,1-4384
49069,4-5576
49070,3-9776
49071,8-1330
49072,7-2979
49073,8-5415
49074,3-5027
49075,7-5591
49076,2-3935
49077,4-1178
49078,6-2693
49079,6-1856
49080,2-5723
49081,6-9498
49082,4-7224
49083,5-3484
49084,5-8170
49085,2-8475
49086,8-3863
49087,3-0070
49088,6-3234
49089,2-1839
49090,5-3091
49091,6-5368
49092,5-6021
49093,5-6633
49094,5-5352
49095,5-8649
49096,4-0504
49097,2-5566
49098,5-1291
49099,7-7234
49100,2-7602
49101,8-5989
49102,6-6480
49103,6-1464
49104,4-5726
49105,5-2729
49106,7-0722
49107,2-3833
49108,2-9119
49109,4-1456
49110,1-7942
49111,4-0945
49112,1-7828
49113,3-3961
49114,7-1295
49115,3-6446
49116,6-3264
49117,7-1056
49118,2-3472
49119,4-9614
49120,8-0828
49121,2-1914
49122,1-8236
49123,4-3848
49124,8-8704
49125,6-2841
49126,4-3439
49127,1-5821
49128,1-2746
49129,6-5501
49130,2-2396
49131,2-5099
49132,4-6134
49133,4-3339
49134,7-1517
49135,6-4617
49136,8-5878
49137,4-7906
49138,4-7616
49139,5-8278
49140,5-2669
49141,3-3036
49142,3-2864
49143,2-4137
49144,3-8875
49145,6-4625
49146,3-1128
49147,6-3322
49148,3-1060
49149,7-5929
49150,2-0229
49151,2-4452
49152,8-9956
49153,8-0289
49154,1-4050
49155,4-5792
49156,3-4944
49157,1-8162
49158,1-2515
49159,8-7460
49160,2-8099
49161,7-5133
49162,3-9697
49163,2-5060
49164,4-1590
49165,4-1689
49166,2-4798
49167,6-9777
49168,2-5245
49169,6-5509
49170,6-4715
49171,4-7610
49172,8-1297
49173,3-1382
49174,1-5499
49175,5-7240
49176,4-4663
49177,5-3947
49178,6-1960
49179,5-0476
49180,1-7122
49181,2-8072
49182,6-8681
49183,4-2771
49184,6-3686
49185,6-4849
49186,6-1507
49187,3-2683
49188,8-9464
49189,7-3877
49190,7-0807
49191,6-1622
49192,5-7332
49193,6-8693
49194,3-4631
49195,7-7559
49196,3-4282
49197,3-8647
49198,1-5974
49199,8-7686
49200,8-0882
49201,4-3097
49202,2-8829
49203,8-7690
49204,8-4999
49205,7-3017
49206,2-2600
49207,8-0110
49208,7-6541
49209,4-8585
49210,6-3235
49211,3-5869
49212,8-3649
49213,2-3795
49214,5-3576
49215,6-5200
49216,8-1002
49217,2-1453
49218,2-1250
49219,1-3031
49220,1-3002
49221,3-5890
49222,8-7804
49223,5-6070
49224,7-9918
49225,4-4833
49226,2-7364
49227,4-2622
49228,3-0663
49229,3-7797
49230,6-7754
49231,2-2125
49232,3-2481
49233,2-6146
49234,1-7649
49235,6-2918
49236,1-1186
49237,4-1946
49238,6-8864
49239,8-3546
49240,6-7820
49241,2-2483
49242,2-7809
49243,4-7241
49244,6-8486
49245,2-7976
49246,1-6440
49247,3-9599
49248,7-7536
49249,2-9361
49250,3-6227
49251,6-1063
49252,1-0758
49253,6-1287
49254,7-9045
49255,6-4956
49256,7-7597
49257,7-7377
49258,4-6817
49259,4-5018
49260,5-4719
49261,4-7202
49262,3-5024
49263,6-0290
49264,1-0280
49265,5-5512
49266,3-2929
49267,2-8285
49268,7-9833
49269,2-0405
49270,7-9287
49271,2-1153
49272,3-0090
49273,6-8892
49274,8-5329
49275,3-3745
49276,3-7813
49277,1-2728
49278,6-0088
49279,8-5450
49280,3-3131
49281,5-2934
49282,3-8263
49283,3-3347
49284,6-8285
49285,2-3971
49286,7-4090
49287,1-2766
49288,4-3444
49289,5-2828
49290,4-8781
49291,5-6028
49292,8-8152
49293,7-2070
49294,5-1286
49295,1-2029
49296,3-9246
49297,7-8940
49298,2-0075
49299,4-4818
49300,6-8349
49301,2-2749
49302,6-5047
49303,3-1391
49304,6-5848
49305,8-7493
49306,2-8819
49307,4-1643
49308,7-1932
49309,3-6828
49310,8-6066
49311,5-4197
49312,6-5714
49313,6-7031
49314,7-4742
49315,6-0333
49316,6-2072
49317,7-2410
49318,4-0529
49319,2-3075
49320,6-8740
49321,5-3601
49322,3-3012
49323,1-4191
49324,4-1872
49325,3-6332
49326,3-8851
49327,7-4175
49328,3-4109
49329,4-6595
49330,3-2237
49331,7-1557
49332,6-3481
49333,4-6849
49334,7-2048
49335,8-6755
49336,6-3968
49337,3-1596
49338,6-6915
49339,2-2368
49340,6-8312
49341,5-9146
49342,3-2097
49343,6-8355
49344,4-8372
49345,5-6382
49346,4-7655
49347,7-2223
49348,3-2279
49349,7-6448
49350,6-3207
49351,6-4131
49352,7-5973
49353,1-9545
49354,2-3588
49355,4-7991
49356,1-7606
49357,7-6668
49358,8-3720
49359,7-5314
49360,2-2373
49361,5-4334
49362,2-8316
49363,8-8789
49364,1-0291
49365,1-1887
49366,7-2833
49367,4-1305
49368,5-4084
49369,6-0965
49370,7-8067
49371,6-6792
49372,6-6962
49373,8-9562
49374,6-0396
49375,3-1460
49376,3-6041
49377,4-1796
49378,8-3860
49379,4-4279
49380,2-2635
49381,6-5857
49382,2-6694
49383,4-5249
49384,6-4160
49385,2-3682
49386,8-5934
49387,8-7761
49388,5-2906
49389,5-7912
49390,5-3579
49391,5-6592
49392,6-7684
49393,5-1818
49394,6-3729
49395,6-9088
49396,3-8006
49397,3-1465
49398,8-0030
49399,6-8734
49400,8-0414
49401,5-6600
49402,4-4027
49403,4-6568
49404,3-6494
49405,2-8237
49406,4-5330
49407,2-4872
49408,2-1089
49409,3-2777
49410,4-7615
49411,6-7240
49412,7-8808
49413,8-1458
49414,1-6592
49415,1-1276
49416,6-3193
49417,3-5567
49418,1-8237
49419,1-1319
49420,1-5082
49421,5-2429
49422,5-0343
49423,6-3480
49424,6-1723
49425,4-0458
49426,2-5432
49427,7-8991
49428,1-5680
49429,6-9819
49430,6-9343
49431,7-5175
49432,6-7506
49433,4-4590
49434,5-3013
49435,3-5964
49436,5-2693
49437,6-7695
49438,3-0347
49439,8-0477
49440,3-2026
49441,5-0816
49442,2-9479
49443,4-4722
49444,5-4838
49445,7-8507
49446,2-2283
49447,7-4725
49448,7-6040
49449,1-4996
49450,3-8403
49451,3-8490
49452,3-0618
49453,3-6103
49454,2-9756
49455,6-9691
49456,4-5683
49457,4-2635
49458,1-1461
49459,3-6853
49460,7-9356
49461,3-5509
49462,8-1531
49463,8-8028
49464,3-6136
49465,3-1265
49466,1-5273
49467,6-1486
49468,1-8532
49469,8-4839
49470,6-4066
49471,6-0262
49472,5-2203
49473,8-9850
49474,2-8793
49475,6-6021
49476,4-0814
49477,1-1725
49478,7-7412
49479,7-8028
49480,4-4631
49481,1-8282
49482,4-2683
49483,1-4597
49484,3-2854
49485,3-2002
49486,5-7636
49487,4-4018
49488,3-2232
49489,6-2941
49490,2-1496
49491,4-0526
49492,3-6896
49493,4-2491
49494,8-0703
49495,6-0842
49496,1-9629
49497,8-2842
49498,6-9839
49499,2-3875
49500,8-2334
49501,2-4953
49502,6-1443
49503,2-4901
49504,2-5818
49505,7-5084
49506,1-5815
49507,1-0692
49508,6-8812
49509,1-0081
49510,2-0820
49511,3-7164
49512,2-9077
49513,7-0641
49514,8-2792
49515,6-5838
49516,8-1890
49517,4-8833
49518,8-9244
49519,6-2239
49520,8-6857
49521,2-3093
49522,6-2798
49523,5-0060
49524,4-7611
49525,1-6374
49526,2-8046
49527,4-7474
49528,7-2092
49529,4-5060
49530,3-3775
49531,1-8872
49532,5-7685
49533,1-6124
49534,5-4469
49535,6-3709
49536,5-2173
49537,2-5724
49538,4-9392
49539,1-1741
49540,1-8475
49541,7-0790
49542,4-2276
49543,2-7793
49544,7-1240
49545,6-1009
49546,6-6900
49547,1-1836
49548,5-1851
49549,1-4817
49550,4-6406
49551,8-6074
49552,2-5291
49553,5-9884
49554,6-9690
49555,3-2350
49556,2-6087
49557,1-7977
49558,5-1446
49559,8-6171
49560,8-1337
49561,5-5361
49562,4-5993
49563,6-8105
49564,4-5748
49565,5-5779
49566,2-7623
49567,6-0594
49568,4-1469
49569,1-4727
49570,5-6008
49571,2-5944
49572,6-5884
49573,2-5080
49574,5-9624
49575,8-1564
49576,3-0829
49577,5-0427
49578,4-5040
49579,8-9482
49580,5-8455
49581,8-4246
49582,3-6533
49583,2-2624
49584,7-1339
49585,8-7548
49586,2-6486
49587,8-9027
49588,2-9171
49589,6-7563
49590,2-4635
49591,7-3713
49592,5-7781
49593,4-0336
49594,6-0528
49595,6-5945
49596,5-1642
49597,6-5470
49598,5-5313
49599,6-3658
49600,8-9304
49601,3-7978
49602,2-2742
49603,4-0728
49604,7-9899
49605,6-0235
49606,5-4911
49607,8-8505
49608,2-6302
49609,2-6198
49610,6-1016
49611,6-7787
49612,7-8971
49613,4-6750
49614,3-0092
49615,7-5455
49616,2-7574
49617,8-8933
49618,1-4342
49619,5-1046
49620,1-9643
49621,6-5545
49622,8-3527
49623,7-5493
49624,7-5006
49625,7-6621
49626,7-1220
49627,2-6047
49628,2-5505
49629,6-1184
49630,1-9427
49631,4-6073
49632,7-4008
49633,8-8431
49634,1-5774
49635,4-1198
49636,2-9938
49637,3-0173
49638,2-7839
49639,2-4333
49640,7-9928
49641,3-8576
49642,5-3390
49643,2-5931
49644,3-5147
49645,3-0493
49646,8-9070
49647,1-4405
49648,2-2108
49649,7-1865
49650,4-9318
49651,8-3750
49652,8-2578
49653,7-3265
49654,5-4843
49655,1-4535
49656,2-9627
49657,3-3011
49658,6-7469
49659,2-3423
49660,2-5379
49661,2-9121
49662,8-1042
49663,4-6632
49664,4-8977
49665,2-8250
49666,7-3288
49667,5-2263
49668,2-8525
49669,7-4749
49670,3-5677
49671,6-3241
49672,7-5780
49673,1-9543
49674,4-7299
49675,2-4026
49676,8-6837
49677,6-4523
49678,4-3179
49679,5-3621
49680,8-1719
49681,5-6349
49682,1-3125
49683,8-4855
49684,4-4059
49685,7-6937
49686,8-8557
49687,3-3642
49688,8-9414
49689,4-2320
49690,3-6963
49691,1-4243
49692,3-9144
49693,5-9473
49694,8-2083
49695,7-3228
49696,7-7754
49697,8-0738
49698,6-0876
49699,7-0292
49700,7-5333
49701,8-6233
49702,5-2465
49703,7-3322
49704,6-0119
49705,6-9253
49706,6-3687
49707,7-9603
49708,1-4329
49709,6-2416
49710,2-7996
49711,3-6942
49712,8-4744
49713,4-4317
49714,2-8927
49715,3-9567
49716,7-3471
49717,6-9151
49718,6-9524
49719,1-9385
49720,8-3576
49721,3-3384
49722,4-2930
49723,3-0011
49724,8-8425
49725,2-4577
49726,7-8349
49727,4-0152
49728,1-7669
49729,8-2520
49730,4-1212
49731,2-0244
49732,8-6641
49733,7-8976
49734,4-0441
49735,5-9869
49736,7-6632
49737,6-3703
49738,5-6683
49739,1-1114
49740,3-6269
49741,2-1595
49742,6-5994
49743,6-2233
49744,5-2649
49745,2-2862
49746,3-0284
49747,8-8188
49748,7-3176
49749,8-5817
49750,7-3290
49751,6-9213
49752,1-9222
49753,3-2781
49754,4-7303
49755,1-0018
49756,3-0643
49757,2-7566
49758,6-5402
49759,6-6542
49760,2-2964
49761,4-4446
49762,2-1034
49763,7-5700
49764,3-6132
49765,2-7159
49766,1-5487
49767,3-0056
49768,4-3509
49769,4-1206
49770,1-2163
49771,2-0638
49772,6-4964
49773,7-6203
49774,7-0678
49775,8-4767
49776,2-4566
49777,2-8166
49778,2-6439
49779,7-2787
49780,3-1729
49781,1-7354
49782,2-3103
49783,7-7951
49784,8-9009
49785,6-7948
49786,5-5895
49787,5-1219
49788,4-0663
49789,3-8192
49790,4-4826
49791,4-7216
49792,5-2311
49793,2-9132
49794,5-5438
49795,4-5980
49796,7-6758
49797,5-1018
49798,6-6982
49799,4-8864
49800,2-6688
49801,8-9696
49802,1-7631
49803,3-5144
49804,4-4946
49805,6-8773
49806,8-0548
49807,2-4559
49808,7-9937
49809,7-4414
49810,2-5991
49811,1-0535
49812,1-5957
49813,7-4831
49814,8-8374
49815,2-2952
49816,7-6259
49817,8-1647
49818,3-0573
49819,6-8175
49820,6-2938
49821,2-3960
49822,3-9618
49823,6-3844
49824,2-1779
49825,5-3711
49826,3-0678
49827,2-6475
49828,3-5069
49829,8-5974
49830,7-3935
49831,7-1661
49832,2-1465
49833,8-2249
49834,8-9858
49835,2-2058
49836,2-9785
49837,6-0939
49838,5-7331
49839,4-6282
49840,3-3514
49841,4-6851
49842,8-2787
49843,5-4624
49844,2-8238
49845,4-9010
49846,7-7199
49847,5-4014
49848,8-0399
49849,7-5214
49850,2-3785
49851,7-5659
49852,4-2909
49853,3-9667
49854,6-5661
49855,2-0402
49856,1-5835
49857,8-9601
49858,1-8141
49859,5-0321
49860,4-2943
49861,1-1966
49862,4-6873
49863,2-6520
49864,2-6344
49865,3-5308
49866,6-0374
49867,6-2550
49868,1-2814
49869,7-2406
49870,5-6880
49871,6-0552
49872,7-4491
49873,5-0058
49874,5-3772
49875,1-5038
49876,1-6692
49877,6-2201
49878,5-1600
49879,6-7689
49880,4-8510
49881,7-5631
49882,7-2609
49883,7-1795
49884,1-4954
49885,5-6463
49886,2-3229
49887,7-7605
49888,7-4863
49889,3-7496
49890,7-2897
49891,3-9432
49892,5-2650
49893,3-7559
49894,6-3592
49895,7-9225
49896,5-9001
49897,1-0417
49898,1-3244
49899,4-6035
49900,2-8399
49901,2-6243
49902,1-6267
49903,4-1422
49904,3-6245
49905,4-5122
49906,8-5132
49907,6-1371
49908,5-0584
49909,4-3741
49910,5-0647
49911,2-8067
49912,7-6001
49913,2-2193
49914,1-8121
49915,1-3664
49916,6-6610
49917,4-5130
49918,8-5671
49919,2-5503
49920,6-6322
49921,5-5606
49922,7-7497
49923,5-7251
49924,1-7053
49925,8-6712
49926,8-5372
49927,5-7740
49928,5-9050
49929,3-5019
49930,1-1298
49931,2-9670
49932,1-1463
49933,8-9532
49934,1-8014
49935,7-0268
49936,8-9942
49937,6-6329
49938,3-0787
49939,6-5688
49940,5-3305
49941,1-0070
49942,6-1609
49943,1-1612
49944,7-3417
49945,4-2011
49946,8-6618
49947,3-3264
49948,8-5549
49949,4-8217
49950,6-3381
49951,5-8390
49952,3-3418
49953,3-8238
49954,2-7398
49955,5-5568
49956,4-7597
49957,1-2126
49958,7-6539
49959,1-2208
49960,8-2346
49961,4-3532
49962,5-0569
49963,8-1819
49964,1-8893
49965,4-0645
49966,8-2719
49967,5-9156
49968,5-8572
49969,2-3514
49970,6-2559
49971,7-1739
49972,7-7740
49973,4-9834
49974,8-7795
49975,3-6447
49976,8-2332
49977,5-0635
49978,3-7639
49979,7-0590
49980,2-0247
49981,7-1923
49982,8-5417
49983,2-9000
49984,3-2676
49985,1-2950
49986,1-8292
49987,6-0772
49988,5-6942
49989,3-9104
49990,8-9134
49991,3-8349
49992,7-4019
49993,7-1276
49994,2-2582
49995,8-4962
49996,3-1961
49997,3-2044
49998,1-7846
49999,1-1431
50000,5-3776
50001,1-6879
50002,5-4218
50003,5-9163
50004,6-6627
50005,3-7552
50006,3-8738
50007,4-5830
50008,1-5219
50009,3-2128
50010,6-3424
50011,4-4397
50012,3-0525
50013,8-5733
50014,3-0590
50015,4-6029
50016,4-3049
50017,7-9528
50018,4-2718
50019,8-6873
50020,8-9220
50021,2-9350
50022,3-7945
50023,4-0431
50024,6-6358
50025,7-3600
50026,6-7395
50027,8-0947
50028,3-1951
50029,4-4305
50030,6-5221
50031,7-4330
50032,6-7081
50033,5-0202
50034,7-0148
50035,1-9647
50036,8-0834
50037,7-8426
50038,6-2734
50039,8-2527
50040,1-8314
50041,6-9675
50042,8-5514
50043,5-3657
50044,5-6617
50045,3-4245
50046,1-8771
50047,8-1651
50048,8-9976
50049,2-8020
50050,5-2566
50051,2-0182
50052,3-9206
50053,2-8551
50054,5-5460
50055,8-3050
50056,4-2864
50057,5-8516
50058,2-7003
50059,2-1378
50060,8-7514
50061,6-1982
50062,1-2438
50063,7-0179
50064,8-6799
50065,1-3377
50066,6-9737
50067,1-9856
50068,3-3748
50069,6-3942
50070,3-0122
50071,5-5538
50072,1-7921
50073,3-2785
50074,8-7924
50075,5-5525
50076,4-8523
50077,7-9115
50078,2-7481
50079,7-5362
50080,4-0976
50081,1-7987
50082,7-2146
50083,3-5904
50084,3-6657
50085,1-6433
50086,7-5952
50087,6-4091
50088,2-6501
50089,6-3352
50090,6-0739
50091,8-3244
50092,8-2879
50093,3-9361
50094,2-5398
50095,3-2099
50096,5-4357
50097,3-4909
50098,2-6637
50099,5-5290
50100,3-1989
50101,3-6665
50102,2-9912
50103,1-9846
50104,3-0657
50105,5-0589
50106,5-6307
50107,7-0906
50108,7-4096
50109,4-6418
50110,2-8411
50111,8-2865
50112,5-1148
50113,2-9506
50114,3-3680
50115,3-2905
50116,1-2968
50117,3-6017
50118,4-1238
50119,3-0190
50120,3-2540
50121,5-1794
50122,5-4440
50123,1-4278
50124,5-4815
50125,3-8636
50126,2-2267
50127,6-9383
50128,4-2266
50129,6-9899
50130,5-0118
50131,3-4346
50132,1-2500
50133,1-6848
50134,8-6750
50135,4-7110
50136,6-1922
50137,5-4893
50138,2-8677
50139,6-3468
50140,4-5201
50141,6-8299
50142,8-1524
50143,3-0548
50144,5-2591
50145,7-3375
50146,7-8074
50147,2-2557
50148,1-4153
50149,6-2818
50150,8-9369
50151,8-5051
50152,7-0317
50153,3-6569
50154,1-8499
50155,7-1606
50156,6-0983
50157,8-9493
50158,5-6646
50159,8-8281
50160,2-5414
50161,6-5997
50162,7-1627
50163,4-8075
50164,7-6302
50165,3-3385
50166,7-0776
50167,3-7508
50168,4-9383
50169,3-1101
50170,5-4400
50171,2-9385
50172,5-3908
50173,2-0678
50174,2-5162
50175,6-8662
50176,2-3845
50177,5-0248
50178,5-0707
50179,3-9425
50180,7-0909
50181,1-8289
50182,5-3817
50183,6-9866
50184,6-7595
50185,7-7468
50186,6-8587
50187,8-9808
50188,2-4908
50189,1-8128
50190,1-8542
50191,8-4741
50192,8-7954
50193,5-0464
50194,7-1017
50195,5-2548
50196,5-5367
50197,8-5343
50198,3-4402
50199,6-8630
50200,7-9533
50201,5-8058
50202,3-6285
50203,2-2728
50204,7-2635
50205,3-9837
50206,6-5116
50207,4-5776
50208,8-6357
50209,2-4131
50210,4-5714
50211,1-8752
50212,2-3567
50213,1-2186
50214,5-8886
50215,3-9566
50216,3-8446
50217,7-2930
50218,2-8350
50219,4-8594
50220,1-3929
50221,3-1338
50222,6-8120
50223,4-9735
50224,3-7816
50225,2-9001
50226,4-4465
50227,8-4400
50228,6-0377
50229,5-3716
50230,1-4269
50231,8-6972
50232,1-3395
50233,2-5987
50234,1-7647
50235,1-4877
50236,6-9155
50237,5-1633
50238,5-6950
50239,1-9979
50240,5-2805
50241,7-8869
50242,7-7278
50243,6-0178
50244,6-4674
50245,6-9643
50246,6-2067
50247,5-1953
50248,7-6305
50249,4-6509
50250,7-8913
50251,3-5768
50252,4-5958
50253,6-3587
50254,3-4971
50255,7-6470
50256,7-6032
50257,6-9861
50258,3-0718
50259,8-1459
50260,4-7756
50261,6-2047
50262,4-3196
50263,3-1014
50264,5-7502
50265,8-6576
50266,6-1367
50267,6-9032
50268,3-9028
50269,3-3187
50270,2-0541
50271,1-5439
50272,8-3222
50273,1-9190
50274,5-8201
50275,1-7909
50276,8-6848
50277,8-2493
50278,5-1781
50279,7-1099
50280,8-5456
50281,7-4926
50282,3-3069
50283,6-4085
50284,6-2677
50285,1-9850
50286,1-1650
50287,4-5506
50288,6-2958
50289,3-9210
50290,8-2836
50291,2-3345
50292,1-2125
50293,4-1273
50294,1-1928
50295,8-1849
50296,1-0312
50297,1-4248
50298,5-8064
50299,6-7316
50300,3-0535
50301,2-2183
50302,7-5044
50303,1-8496
50304,8-1399
50305,5-7575
50306,5-0642
50307,6-5909
50308,8-1365
50309,5-9982
50310,2-1395
50311,4-4885
50312,5-7493
50313,1-0440
50314,1-1771
50315,5-5908
50316,7-7897
50317,3-9041
50318,4-6309
50319,4-7498
50320,5-4728
50321,6-2413
50322,8-4804
50323,7-1168
50324,1-9512
50325,5-5552
50326,5-3930
50327,1-1788
50328,8-7063
50329,4-3772
50330,7-0505
50331,2-8305
50332,2-1885
50333,5-3328
50334,4-3851
50335,5-3400
50336,6-9591
50337,6-0546
50338,5-3342
50339,6-4346
50340,1-8923
50341,4-1737
50342,5-5457
50343,8-0430
50344,6-0572
50345,2-1576
50346,1-0892
50347,7-2539
50348,5-6076
50349,4-5545
50350,7-9050
50351,4-7001
50352,1-1617
50353,8-0170
50354,5-9453
50355,6-5771
50356,8-8107
50357,3-0273
50358,4-5333
50359,7-4816
50360,7-9856
50361,1-8961
50362,6-1618
50363,7-5642
50364,5-8056
50365,3-0227
50366,3-4537
50367,5-6506
50368,5-9319
50369,5-7388
50370,3-1321
50371,3-6639
50372,4-1282
50373,6-9220
50374,6-0771
50375,1-0735
50376,7-8142
50377,4-0742
50378,3-1335
50379,4-9499
50380,5-1695
50381,2-5134
50382,2-0483
50383,6-7995
50384,2-5299
50385,7-5410
50386,4-8434
50387,2-2563
50388,3-2098
50389,7-9373
50390,3-5223
50391,2-2819
50392,6-4118
50393,1-6094
50394,1-8268
50395,3-6110
50396,1-5154
50397,6-2219
50398,8-2587
50399,1-2833
50400,4-2114
50401,2-0647
50402,2-1732
50403,8-6149
50404,7-0987
50405,7-2273
50406,4-9087
50407,3-9074
50408,6-9959
50409,4-8355
50410,2-8659
50411,5-3667
50412,6-4783
50413,3-9117
50414,7-2197
50415,7-2238
50416,5-1255
50417,3-0749
50418,3-8288
50419,3-9042
50420,8-4055
50421,4-2646
50422,6-2928
50423,4-7077
50424,7-7303
50425,5-0369
50426,1-2218
50427,2-8463
50428,3-1581
50429,8-2565
50430,3-2119
50431,3-8622
50432,8-8773
50433,2-4602
50434,5-2413
50435,1-1286
50436,6-9170
50437,6-8495
50438,4-4958
50439,6-9251
50440,5-8152
50441,8-1758
50442,2-9624
50443,3-0394
50444,1-6354
50445,1-7814
50446,8-4591
50447,8-1487
50448,1-9720
50449,6-7491
50450,7-7749
50451,3-1737
50452,3-9752
50453,5-0303
50454,4-2482
50455,3-0188
50456,8-0723
50457,3-7107
50458,1-7539
50459,4-2251
50460,1-6275
50461,4-4899
50462,7-0204
50463,5-0339
50464,5-3570
50465,1-1516
50466,1-5324
50467,1-0629
50468,8-4395
50469,6-2584
50470,6-3458
50471,8-8776
50472,5-8663
50473,4-9795
50474,4-1479
50475,1-4162
50476,5-8251
50477,4-9975
50478,8-4859
50479,4-1573
50480,6-0610
50481,3-2703
50482,3-5079
50483,1-5574
50484,1-1141
50485,5-5102
50486,4-9076
50487,4-7017
50488,5-9328
50489,2-0017
50490,1-4987
50491,7-7470
50492,4-7618
50493,7-6174
50494,5-5796
50495,5-9223
50496,6-4608
50497,7-9743
50498,7-2052
50499,3-9741
50500,5-3683
50501,1-7322
50502,4-9840
50503,4-7925
50504,1-8511
50505,8-8498
50506,2-3989
50507,2-4591
50508,4-0399
50509,7-8637
50510,2-1220
50511,7-0498
50512,6-7070
50513,1-8777
50514,1-3762
50515,7-2186
50516,7-1067
50517,3-8172
50518,4-6808
50519,6-0824
50520,8-4853
50521,1-4500
50522,7-6071
50523,5-4819
50524,8-4663
50525,5-2289
50526,1-0038
50527,4-1977
50528,7-7509
50529,2-3755
50530,5-2666
50531,1-1643
50532,2-5902
50533,6-7097
50534,2-6978
50535,2-9120
50536,4-3456
50537,7-0071
50538,2-2059
50539,6-4736
50540,6-3032
50541,3-6335
50542,1-8642
50543,1-4408
50544,5-5369
50545,6-2152
50546,5-8872
50547,7-1769
50548,7-4506
50549,2-1745
50550,7-0743
50551,4-4239
50552,1-1204
50553,2-5437
50554,6-0655
50555,5-5278
50556,7-0724
50557,4-4225
50558,5-6909
50559,2-2489
50560,4-9048
50561,7-8785
50562,7-5599
50563,1-1647
50564,8-4602
50565,2-0266
50566,2-6029
50567,2-2552
50568,6-1359
50569,5-2918
50570,7-2793
50571,8-6354
50572,3-7007
50573,7-8632
50574,7-8908
50575,6-1629
50576,2-9580
50577,8-8532
50578,2-3904
50579,8-0640
50580,1-6399
50581,7-3433
50582,7-6070
50583,3-3359
50584,6-6941
50585,3-7421
50586,3-7671
50587,8-0360
50588,4-8275
50589,6-3271
50590,7-2265
50591,1-4584
50592,1-3623
50593,6-0316
50594,2-8972
50595,8-8687
50596,7-0209
50597,7-1772
50598,7-8851
50599,7-9773
50600,7-2588
50601,8-9756
50602,7-3703
50603,4-6452
50604,6-9895
50605,6-6523
50606,7-8312
50607,1-1500
50608,8-9196
50609,2-4295
50610,6-8754
50611,7-7350
50612,1-6861
50613,2-4195
50614,5-7404
50615,8-6019
50616,1-0961
50617,1-7448
50618,2-6588
50619,2-3919
50620,5-4994
50621,8-4316
50622,1-8904
50623,2-8136
50624,8-9916
50625,3-1127
50626,6-4678
50627,2-9365
50628,4-9329
50629,8-1339
50630,5-0914
50631,3-1364
50632,2-1690
50633,3-1388
50634,3-7885
50635,6-8834
50636,3-3116
50637,8-3079
50638,7-6661
50639,7-4844
50640,8-6378
50641,5-0410
50642,5-7818
50643,2-6791
50644,7-4959
50645,1-6989
50646,7-6257
50647,5-3892
50648,8-6417
50649,1-9180
50650,6-9528
50651,5-1013
50652,2-6487
50653,6-9014
50654,3-5453
50655,7-1909
50656,3-9079
50657,7-7735
50658,3-7803
50659,5-1366
50660,1-6984
50661,6-0730
50662,6-3238
50663,7-3532
50664,6-8975
50665,7-9223
50666,7-4704
50667,1-9789
50668,5-6796
50669,4-0623
50670,3-2297
50671,7-3178
50672,3-7480
50673,6-4471
50674,2-6481
50675,4-7024
50676,3-5828
50677,1-2496
50678,6-8193
50679,4-8153
50680,2-6052
50681,8-4526
50682,8-9906
50683,7-0131
50684,7-4183
50685,8-3859
50686,2-2752
50687,6-2852
50688,7-2811
50689,4-3460
50690,3-7040
50691,4-1738
50692,2-2178
50693,8-7095
50694,8-3401
50695,1-2514
50696,8-4398
50697,7-5909
50698,5-0127
50699,5-8264
50700,7-5378
50701,5-8310
50702,5-5406
50703,1-1124
50704,1-2683
50705,8-8692
50706,3-2727
50707,4-4408
50708,6-2821
50709,2-8172
50710,1-9807
50711,5-6966
50712,5-7324
50713,1-5094
50714,7-6264
50715,8-8761
50716,2-1611
50717,7-9577
50718,8-6487
50719,7-6494
50720,4-7343
50721,3-1982
50722,2-6898
50723,4-2843
50724,3-8318
50725,8-2887
50726,1-2113
50727,8-3193
50728,6-3775
50729,6-6178
50730,3-4302
50731,3-7934
50732,4-3718
50733,1-7667
50734,6-4325
50735,2-6923
50736,5-4302
50737,4-8544
50738,6-1753
50739,3-9913
50740,7-9830
50741,6-5834
50742,2-3903
50743,8-3827
50744,2-9252
50745,7-8122
50746,2-5450
50747,3-0672
50748,8-5890
50749,8-4159
50750,3-8945
50751,8-5534
50752,6-1784
50753,2-7985
50754,8-0518
50755,6-5195
50756,8-4003
50757,3-3975
50758,7-9203
50759,3-0949
50760,7-1104
50761,2-8230
50762,6-4972
50763,5-4087
50764,6-6291
50765,2-3024
50766,7-4280
50767,7-7716
50768,5-7359
50769,6-6633
50770,5-9687
50771,4-3531
50772,5-9907
50773,3-2695
50774,5-8748
50775,6-2118
50776,1-0474
50777,6-9654
50778,8-5049
50779,3-9799
50780,6-6024
50781,1-5504
50782,5-2893
50783,5-8093
50784,7-0586
50785,5-8260
50786,7-7931
50787,8-3476
50788,1-9105
50789,6-8119
50790,3-6845
50791,5-1854
50792,2-2273
50793,5-9394
50794,4-6883
50795,1-0334
50796,8-2319
50797,8-3404
50798,2-1344
50799,3-5556
50800,1-9429
50801,6-3073
50802,4-1815
50803,6-8391
50804,5-4630
50805,8-2085
50806,6-5198
50807,8-7978
50808,1-6143
50809,4-0078
50810,8-9711
50811,6-4362
50812,8-2430
50813,1-8370
50814,3-6228
50815,1-7549
50816,3-3339
50817,5-2601
50818,7-2487
50819,2-4167
50820,3-7835
50821,3-9222
50822,1-5751
50823,7-5887
50824,7-5550
50825,1-6578
50826,3-3555
50827,5-2213
50828,7-6060
50829,7-6905
50830,4-9017
50831,4-7154
50832,7-4865
50833,8-5840
50834,7-7107
50835,2-9259
50836,2-9257
50837,6-9678
50838,8-3291
50839,4-6383
50840,6-8847
50841,7-2693
50842,2-4547
50843,2-4617
50844,8-1103
50845,1-3736
50846,6-3048
50847,3-1833
50848,8-8002
50849,2-3107
50850,6-9324
50851,6-6597
50852,4-2770
50853,8-6547
50854,1-0724
50855,4-2723
50856,3-5770
50857,7-6946
50858,2-9739
50859,7-9574
50860,8-2375
50861,7-9460
50862,8-8201
50863,5-5441
50864,7-4598
50865,5-5436
50866,6-0743
50867,3-3093
50868,6-3093
50869,7-3781
50870,8-3301
50871,3-6388
50872,2-5493
50873,8-9361
50874,2-2535
50875,6-1863
50876,7-8255
50877,5-6957
50878,5-9145
50879,1-8520
50880,7-9794
50881,1-1515
50882,3-3932
50883,2-4669
50884,2-3288
50885,7-2132
50886,3-2684
50887,4-0010
50888,5-8538
50889,1-4943
50890,7-5684
50891,1-5905
50892,6-3186
50893,2-1120
50894,8-5365
50895,2-2848
50896,5-9860
50897,4-5228
50898,6-6506
50899,5-3509
50900,5-8357
50901,2-9721
50902,8-3965
50903,5-3783
50904,7-1365
50905,7-4712
50906,5-9327
50907,4-8678
50908,3-5112
50909,5-3842
50910,4-5723
50911,4-5358
50912,4-2970
50913,7-9333
50914,5-9711
50915,1-4603
50916,8-4336
50917,2-2166
50918,4-0091
50919,1-4018
50920,3-2916
50921,8-4540
50922,3-3825
50923,1-7995
50924,2-1912
50925,8-5616
50926,4-1149
50927,6-3779
50928,3-3707
50929,3-0732
50930,1-6952
50931,3-2460
50932,2-7933
50933,4-3850
50934,6-3680
50935,8-6036
50936,4-6086
50937,3-2514
50938,4-6743
50939,1-1458
50940,3-7208
50941,3-1189
50942,6-4513
50943,4-5668
50944,5-6064
50945,5-1225
50946,1-3388
50947,1-0550
50948,2-0376
50949,2-0670
50950,3-7409
50951,4-5210
50952,3-1577
50953,6-3376
50954,7-0304
50955,2-7981
50956,4-0176
50957,4-5382
50958,7-6725
50959,5-0402
50960,5-2419
50961,2-2856
50962,3-7215
50963,4-5781
50964,3-5598
50965,5-7774
50966,7-3024
50967,7-6826
50968,1-8939
50969,4-1217
50970,2-2524
50971,7-3060
50972,3-2113
50973,2-9934
50974,2-6578
50975,1-1241
50976,6-7125
50977,5-5090
50978,8-5550
50979,2-9602
50980,7-5070
50981,1-0055
50982,5-3313
50983,8-1031
50984,3-5992
50985,7-1149
50986,3-0526
50987,5-1457
50988,5-0474
50989,6-2822
50990,8-2619
50991,2-9970
50992,2-7093
50993,3-7723
50994,7-0711
50995,1-1945
50996,2-3317
50997,5-5097
50998,2-5384
50999,5-7159
51000,3-2599
51001,4-4355
51002,7-1962
51003,1-9339
51004,1-3138
51005,5-6975
51006,6-7134
51007,1-1732
51008,5-5417
51009,3-9744
51010,7-3803
51011,8-9238
51012,6-0416
51013,5-5130
51014,3-2487
51015,2-6940
51016,6-4312
51017,4-3442
51018,5-0223
51019,8-3600
51020,7-9048
51021,1-6191
51022,7-4040
51023,4-0253
51024,7-3384
51025,6-7340
51026,7-2637
51027,6-9006
51028,3-9851
51029,3-6263
51030,2-1503
51031,7-6676
51032,1-9406
51033,1-2923
51034,8-2857
51035,8-1754
51036,7-6342
51037,5-3248
51038,2-9325
51039,6-5873
51040,3-5340
51041,7-4369
51042,2-8728
51043,2-4789
51044,2-8856
51045,7-2620
51046,8-1116
51047,6-1412
51048,7-4651
51049,2-6096
51050,5-4786
51051,6-8106
51052,6-4077
51053,6-1399
51054,5-7582
51055,4-1330
51056,4-9341
51057,3-2243
51058,2-6946
51059,8-5426
51060,4-1611
51061,7-8494
51062,6-5811
51063,4-0874
51064,2-7490
51065,1-2620
51066,7-1186
51067,5-3137
51068,1-1023
51069,4-3171
51070,2-9657
51071,8-8802
51072,2-2571
51073,8-7615
51074,4-7100
51075,8-1489
51076,3-8272
51077,3-9659
51078,6-7842
51079,8-9356
51080,1-0033
51081,8-7980
51082,7-9891
51083,1-2256
51084,4-0831
51085,3-0422
51086,6-8557
51087,3-0279
51088,1-1223
51089,2-9210
51090,1-6139
51091,3-0075
51092,4-4715
51093,3-5503
51094,5-1924
51095,3-8223
51096,2-1702
51097,8-0732
51098,8-0074
51099,3-3126
51100,6-8687
51101,4-9216
51102,6-7309
51103,6-0871
51104,2-1622
51105,1-0753
51106,4-4876
51107,8-7043
51108,6-5567
51109,7-0168
51110,4-5014
51111,7-9228
51112,1-5336
51113,2-9253
51114,7-4762
51115,4-6575
51116,2-4769
51117,2-1007
51118,1-4490
51119,4-3215
51120,7-9170
51121,3-9397
51122,3-7169
51123,1-6899
51124,4-2868
51125,1-6745
51126,6-1230
51127,7-4769
51128,7-8788
51129,4-5738
51130,2-8424
51131,1-9305
51132,2-2216
51133,7-6041
51134,5-4711
51135,3-4374
51136,6-3452
51137,5-5707
51138,3-0724
51139,6-0506
51140,7-9653
51141,5-1823
51142,1-2396
51143,5-6864
51144,8-0919
51145,5-9255
51146,2-0273
51147,1-1512
51148,3-8362
51149,3-6718
51150,2-9847
51151,3-0247
51152,7-1255
51153,2-0815
51154,1-4091
51155,4-3754
51156,5-8783
51157,2-0448
51158,8-6852
51159,2-0505
51160,3-9968
51161,7-9234
51162,3-8844
51163,7-2989
51164,2-1796
51165,4-6479
51166,1-1877
51167,2-1874
51168,3-2250
51169,1-4373
51170,6-7147
51171,3-2952
51172,2-7600
51173,4-6969
51174,7-2589
51175,8-4228
51176,3-2626
51177,2-3389
51178,2-2621
51179,8-7944
51180,1-6695
51181,5-8842
51182,5-3764
51183,3-0171
51184,3-2763
51185,3-6469
51186,6-6645
51187,3-6826
51188,8-1717
51189,3-7324
51190,5-0936
51191,8-8100
51192,7-1305
51193,7-9988
51194,1-8999
51195,7-9942
51196,2-5476
51197,3-1151
51198,2-7010
51199,1-2636
51200,8-3201
51201,5-2557
51202,4-4308
51203,5-8307
51204,8-0683
51205,8-9004
51206,7-0305
51207,7-8044
51208,8-5345
51209,5-6208
51210,8-0025
51211,4-0041
51212,2-5881
51213,8-5117
51214,2-8510
51215,7-1692
51216,8-8029
51217,5-3291
51218,2-5141
51219,1-9870
51220,5-4704
51221,6-7981
51222,6-2716
51223,4-6087
51224,6-3347
51225,4-1675
51226,6-4414
51227,2-5956
51228,4-1918
51229,5-3164
51230,5-0815
51231,7-2775
51232,1-0152
51233,2-6473
51234,6-2298
51235,7-2194
51236,7-5900
51237,5-6437
51238,7-2286
51239,3-3028
51240,5-6243
51241,1-1341
51242,4-4102
51243,1-6325
51244,5-1012
51245,2-0044
51246,6-8555
51247,2-6738
51248,5-7903
51249,3-2677
51250,5-4454
51251,4-4083
51252,7-6526
51253,5-4029
51254,5-7349
51255,2-5735
51256,6-6300
51257,7-2798
51258,5-3303
51259,2-7132
51260,4-5200
51261,7-2975
51262,3-2458
51263,2-0361
51264,3-9512
51265,3-4189
51266,6-9593
51267,7-0512
51268,5-7785
51269,5-2384
51270,7-0157
51271,5-5503
51272,7-7627
51273,2-1404
51274,4-3514
51275,5-6167
51276,5-6415
51277,3-7193
51278,2-2111
51279,3-7155
51280,1-9423
51281,6-4311
51282,1-3141
51283,1-9899
51284,3-1440
51285,8-1086
51286,7-1810
51287,4-6404
51288,4-3725
51289,2-3101
51290,8-3415
51291,2-7266
51292,6-9669
51293,4-5796
51294,4-7966
51295,6-5565
51296,8-6469
51297,8-3523
51298,3-3562
51299,8-3196
51300,5-4765
51301,2-8119
51302,1-7232
51303,5-3734
51304,8-7197
51305,3-3950
51306,1-7167
51307,6-8092
51308,8-5042
51309,7-7943
51310,5-3180
51311,3-9073
51312,3-6604
51313,3-5388
51314,7-2780
51315,7-1925
51316,4-9250
51317,6-6030
51318,7-8503
51319,8-4771
51320,2-1709
51321,6-4009
51322,2-6804
51323,7-9291
51324,8-8647
51325,5-1256
51326,8-4631
51327,3-0331
51328,6-4345
51329,8-5127
51330,1-0537
51331,8-3290
51332,4-6631
51333,2-8552
51334,6-8101
51335,3-0636
51336,3-7570
51337,5-1708
51338,2-4525
51339,1-7553
51340,1-0750
51341,8-5691
51342,8-7752
51343,4-5842
51344,2-2137
51345,4-1804
51346,2-4043
51347,3-4733
51348,6-5829
51349,6-1193
51350,4-9287
51351,2-0990
51352,6-7972
51353,3-0824
51354,7-7534
51355,1-4054
51356,6-0854
51357,5-2133
51358,3-3955
51359,1-1477
51360,3-3596
51361,6-2950
51362,6-8372
51363,4-9579
51364,2-1394
51365,8-5154
51366,7-6495
51367,2-4087
51368,5-3567
51369,1-0036
51370,4-1739
51371,7-7618
51372,1-1428
51373,6-2964
51374,5-6207
51375,5-6922
51376,4-1010
51377,2-2889
51378,2-4537
51379,4-8262
51380,8-5027
51381,8-2480
51382,6-6588
51383,2-0920
51384,5-3624
51385,4-0842
51386,4-4981
51387,7-7281
51388,3-2689
51389,7-2736
51390,6-1366
51391,5-6480
51392,8-4037
51393,8-8642
51394,3-7955
51395,5-5637
51396,1-3216
51397,4-0419
51398,2-6910
51399,3-2569
51400,1-2407
51401,2-4357
51402,2-3457
51403,4-0922
51404,6-4307
51405,4-3099
51406,2-8142
51407,3-2046
51408,8-9257
51409,6-9361
51410,7-6852
51411,7-8911
51412,6-8854
51413,7-6963
51414,6-8021
51415,4-6892
51416,2-3035
51417,4-8842
51418,2-5508
51419,7-4999
51420,1-3880
51421,8-7946
51422,8-0299
51423,1-5556
51424,1-0246
51425,4-8214
51426,2-6994
51427,2-8471
51428,3-2254
51429,3-3905
51430,2-0682
51431,2-6650
51432,5-6110
51433,8-7055
51434,6-0736
51435,6-0489
51436,1-7356
51437,1-6557
51438,5-1586
51439,1-2972
51440,4-8901
51441,4-6975
51442,6-5001
51443,1-7027
51444,4-9675
51445,2-9319
51446,6-7757
51447,5-6578
51448,4-0185
51449,7-6959
51450,8-5957
51451,6-4107
51452,3-8169
51453,1-2783
51454,4-2126
51455,7-5614
51456,2-2007
51457,6-3690
51458,7-7847
51459,6-4482
51460,6-7591
51461,2-0963
51462,7-0055
51463,7-9353
51464,6-0758
51465,1-4973
51466,8-2412
51467,3-4968
51468,2-6090
51469,6-6000
51470,4-7034
51471,5-6202
51472,7-6703
51473,2-7047
51474,1-9137
51475,1-7718
51476,7-3815
51477,8-9512
51478,4-1218
51479,2-5901
51480,1-2595
51481,3-6503
51482,2-7884
51483,5-4708
51484,1-4068
51485,8-0730
51486,3-8685
51487,3-5701
51488,7-3789
51489,7-3105
51490,6-9728
51491,2-6357
51492,3-0177
51493,1-2707
51494,4-3056
51495,6-8038
51496,6-4357
51497,1-6014
51498,5-3923
51499,7-2601
51500,2-9888
51501,2-8933
51502,5-1926
51503,5-4901
51504,2-3905
51505,3-0276
51506,2-0320
51507,4-1387
51508,8-2867
51509,2-7014
51510,1-3844
51511,6-2897
51512,6-1521
51513,8-3705
51514,8-8217
51515,3-5003
51516,8-9012
51517,6-3591
51518,1-5976
51519,7-4284
51520,7-0473
51521,2-0457
51522,7-5012
51523,5-0178
51524,2-0614
51525,7-2220
51526,2-2222
51527,8-6746
51528,5-8161
51529,6-9729
51530,7-6214
51531,6-9047
51532,3-0431
51533,8-8440
51534,2-6725
51535,4-6920
51536,7-1538
51537,8-9258
51538,6-6417
51539,1-3815
51540,4-7831
51541,3-0083
51542,6-4236
51543,7-1686
51544,1-2753
51545,2-1663
51546,2-0810
51547,2-4781
51548,4-9725
51549,1-1687
51550,1-4400
51551,3-6846
51552,7-1864
51553,8-2126
51554,4-9269
51555,4-2305
51556,5-0252
51557,3-3053
51558,5-6250
51559,5-9811
51560,4-2480
51561,8-4539
51562,7-9171
51563,1-9335
51564,7-0971
51565,5-3607
51566,7-2838
51567,5-5492
51568,2-5830
51569,4-7070
51570,7-8828
51571,8-2638
51572,3-5791
51573,4-9857
51574,2-6977
51575,8-4492
51576,3-7981
51577,4-4747
51578,3-9712
51579,7-8790
51580,4-4589
51581,1-6460
51582,8-3018
51583,2-0799
51584,4-2490
51585,3-3532
51586,5-4975
51587,6-7099
51588,4-8080
51589,2-6769
51590,3-4600
51591,5-4515
51592,1-2809
51593,3-7910
51594,8-5595
51595,6-3429
51596,4-0697
51597,5-5516
51598,7-1384
51599,1-7180
51600,2-0215
51601,7-7136
51602,6-7151
51603,2-1797
51604,4-5461
51605,8-4232
51606,2-0986
51607,4-0435
51608,6-5792
51609,8-6409
51610,1-5037
51611,2-1319
51612,8-2159
51613,1-3214
51614,3-3893
51615,8-1048
51616,7-1174
51617,4-2006
51618,2-2723
51619,4-8859
51620,3-2385
51621,3-0224
51622,3-0283
51623,5-3171
51624,4-6462
51625,1-2341
51626,3-1790
51627,6-9157
51628,7-7663
51629,2-1972
51630,1-4563
51631,4-8767
51632,6-0201
51633,8-5606
51634,2-2869
51635,3-3469
51636,1-9146
51637,6-4642
51638,2-8151
51639,8-7798
51640,6-7587
51641,3-4321
51642,1-3221
51643,2-5048
51644,8-8549
51645,3-3298
51646,5-5818
51647,1-4700
51648,8-6888
51649,8-4104
51650,7-8681
51651,1-9917
51652,1-5248
51653,1-0711
51654,8-2993
51655,4-4963
51656,6-2032
51657,6-3218
51658,2-8991
51659,3-8923
51660,1-2239
51661,4-5516
51662,4-2115
51663,6-6335
51664,8-8607
51665,4-1908
51666,8-9541
51667,1-4325
51668,4-1370
51669,3-7493
51670,5-5188
51671,6-1541
51672,5-4472
51673,7-2068
51674,1-4254
51675,3-9471
51676,4-2500
51677,4-8082
51678,1-5587
51679,8-0599
51680,1-7651
51681,3-2490
51682,1-9586
51683,4-8716
51684,5-0273
51685,4-4720
51686,7-5685
51687,8-6460
51688,2-5036
51689,3-6570
51690,3-4396
51691,6-0750
51692,6-4227
51693,4-3879
51694,6-5514
51695,3-0843
51696,4-8388
51697,8-9653
51698,6-1431
51699,6-2317
51700,2-6672
51701,7-5948
51702,8-3768
51703,8-9382
51704,3-8493
51705,7-0714
51706,1-4256
51707,5-5988
51708,6-2430
51709,5-4206
51710,7-4497
51711,2-2175
51712,2-8018
51713,5-1024
51714,4-4396
51715,2-8372
51716,1-4108
51717,7-3737
51718,3-0984
51719,6-3673
51720,5-0340
51721,7-7945
51722,3-2242
51723,8-6106
51724,8-1490
51725,8-9277
51726,1-9823
51727,3-6453
51728,2-2064
51729,4-5544
51730,4-0582
51731,6-4856
51732,1-8669
51733,7-0833
51734,7-6501
51735,7-3952
51736,1-7173
51737,6-5970
51738,8-3725
51739,6-7570
51740,2-4722
51741,4-7396
51742,8-7992
51743,7-7085
51744,8-2105
51745,7-2307
51746,5-9784
51747,4-3908
51748,8-4362
51749,8-1911
51750,6-3550
51751,7-8076
51752,1-1499
51753,3-3038
51754,7-6964
51755,6-0476
51756,6-5110
51757,7-6267
51758,1-1244
51759,2-4879
51760,3-2344
51761,8-9826
51762,6-8840
51763,4-2027
51764,5-1511
51765,6-9771
51766,7-6059
51767,4-8753
51768,5-3187
51769,2-1520
51770,1-8933
51771,7-3230
51772,1-0934
51773,6-3331
51774,1-9564
51775,5-2919
51776,1-6118
51777,6-2495
51778,1-8053
51779,7-0376
51780,7-2402
51781,4-0170
51782,3-9294
51783,8-6964
51784,3-0733
51785,4-4280
51786,3-6127
51787,2-2948
51788,7-1638
51789,8-7263
51790,1-3695
51791,8-5309
51792,7-3707
51793,8-0058
51794,5-9384
51795,8-7099
51796,2-3781
51797,2-1239
51798,6-5399
51799,2-7570
51800,3-0770
51801,2-4139
51802,6-9315
51803,6-4501
51804,2-0972
51805,8-0550
51806,6-8910
51807,1-8032
51808,1-9777
51809,2-1020
51810,5-7442
51811,7-4249
51812,8-2226
51813,3-0530
51814,4-1677
51815,6-1109
51816,2-3615
51817,7-4730
51818,4-0523
51819,4-1343
51820,4-1033
51821,1-2528
51822,2-6532
51823,8-1652
51824,4-2558
51825,1-8579
51826,1-9663
51827,4-8330
51828,2-6655
51829,4-6490
51830,3-9981
51831,3-8777
51832,5-9780
51833,7-9151
51834,6-7805
51835,4-8296
51836,8-3531
51837,3-0907
51838,5-0029
51839,5-4025
51840,3-7760
51841,7-4861
51842,7-6255
51843,1-4458
51844,3-5823
51845,6-0541
51846,8-5629
51847,4-6862
51848,5-6345
51849,7-0247
51850,4-5486
51851,1-8703
51852,1-9024
51853,4-1963
51854,1-1774
51855,7-3528
51856,2-7559
51857,4-5327
51858,4-3536
51859,2-0769
51860,2-6737
51861,8-1968
51862,8-6921
51863,6-3853
51864,8-4248
51865,7-4960
51866,8-5109
51867,6-9906
51868,7-0085
51869,8-3437
51870,1-4227
51871,7-1632
51872,5-7017
51873,3-8113
51874,8-6403
51875,3-5345
51876,6-1525
51877,1-4830
51878,1-5390
51879,5-2022
51880,5-8642
51881,2-6088
51882,1-7440
51883,8-2479
51884,2-7711
51885,8-1706
51886,7-3892
51887,3-0910
51888,7-5152
51889,6-8220
51890,3-5168
51891,7-2856
51892,1-2014
51893,3-6086
51894,7-8236
51895,7-5857
51896,1-7548
51897,5-7092
51898,7-6940
51899,1-2522
51900,3-2247
51901,2-3951
51902,5-8724
51903,4-5881
51904,4-8392
51905,8-0049
51906,6-2817
51907,2-0210
51908,3-1236
51909,7-9358
51910,1-8599
51911,2-4531
51912,6-0062
51913,2-8734
51914,1-4905
51915,4-4851
51916,6-9403
51917,7-5708
51918,3-5342
51919,8-0866
51920,7-6837
51921,8-3874
51922,5-5634
51923,6-5774
51924,5-7291
51925,2-0218
51926,5-9475
51927,1-4211
51928,5-3537
51929,3-9737
51930,4-5202
51931,1-7273
51932,7-4979
51933,1-9391
51934,5-4628
51935,8-2088
51936,2-8825
51937,6-5387
51938,4-8991
51939,4-5123
51940,4-1045
51941,4-7866
51942,2-2382
51943,5-0102
51944,3-1586
51945,8-5016
51946,6-9831
51947,6-0031
51948,7-2883
51949,3-9281
51950,5-6379
51951,6-2049
51952,8-2986
51953,8-9501
51954,5-2409
51955,2-7080
51956,6-6899
51957,4-6692
51958,8-3596
51959,6-7056
51960,7-0281
51961,8-0216
51962,3-9546
51963,8-8460
51964,2-3591
51965,4-0721
51966,4-0595
51967,7-8733
51968,2-4851
51969,4-2349
51970,6-1174
51971,6-1556
51972,6-3823
51973,8-9111
51974,4-4632
51975,1-8910
51976,7-7547
51977,8-2301
51978,2-1526
51979,7-3470
51980,8-6095
51981,1-6972
51982,3-6477
51983,6-0843
51984,7-7839
51985,3-7873
51986,2-0385
51987,1-9499
51988,5-9126
51989,5-9366
51990,6-0150
51991,8-0985
51992,5-3138
51993,2-3428
51994,7-3153
51995,7-5263
51996,8-8235
51997,6-6831
51998,5-2565
51999,2-6745
52000,1-3412
52001,6-5623
52002,8-0240
52003,7-4328
52004,1-1361
52005,1-7332
52006,6-8987
52007,1-7813
52008,6-7332
52009,2-1301
52010,8-8922
52011,2-3853
52012,8-2183
52013,3-0049
52014,3-5245
52015,5-5506
52016,8-7708
52017,6-9479
52018,1-0511
52019,6-0373
52020,4-9712
52021,2-5705
52022,4-3924
52023,3-0437
52024,8-6804
52025,5-2550
52026,1-8337
52027,2-7846
52028,7-2760
52029,6-4331
52030,2-7260
52031,4-6448
52032,8-7013
52033,8-9014
52034,8-2447
52035,1-6083
52036,3-7598
52037,3-4779
52038,7-1178
52039,2-2793
52040,1-5209
52041,7-5338
52042,1-2777
52043,1-3624
52044,1-3797
52045,8-8215
52046,3-4722
52047,7-2025
52048,3-3153
52049,8-5361
52050,1-0439
52051,4-9916
52052,8-0924
52053,8-1176
52054,3-3592
52055,4-2583
52056,8-3557
52057,8-2308
52058,3-4594
52059,8-4066
52060,1-4994
52061,1-3786
52062,7-2010
52063,3-9616
52064,1-8408
52065,7-3259
52066,7-2720
52067,7-9469
52068,7-9704
52069,5-6564
52070,3-5366
52071,2-1361
52072,5-7612
52073,4-2257
52074,8-9715
52075,1-9267
52076,5-0675
52077,1-3023
52078,2-8812
52079,6-2700
52080,8-3333
52081,4-1069
52082,4-8631
52083,6-9365
52084,4-4289
52085,1-8216
52086,7-4108
52087,5-1101
52088,6-8015
52089,5-4821
52090,4-0429
52091,1-2835
52092,1-4746
52093,8-3352
52094,7-7014
52095,5-1529
52096,8-7236
52097,7-6449
52098,7-2837
52099,2-0572
52100,6-4122
52101,4-0673
52102,7-8110
52103,3-0183
52104,5-5133
52105,8-6973
52106,3-4679
52107,7-3521
52108,3-4658
52109,6-0898
52110,6-6664
52111,3-3348
52112,3-7492
52113,1-7373
52114,5-1941
52115,7-8969
52116,1-7950
52117,1-3952
52118,6-4289
52119,2-1721
52120,5-4143
52121,2-3150
52122,3-2336
52123,4-1326
52124,7-5558
52125,4-0410
52126,4-1901
52127,7-3607
52128,7-2429
52129,5-4007
52130,8-2876
52131,1-7770
52132,3-7949
52133,8-3757
52134,1-6898
52135,2-1410
52136,7-0073
52137,1-1750
52138,1-7702
52139,1-9055
52140,2-8309
52141,4-8801
52142,8-2600
52143,8-6886
52144,4-6437
52145,2-3131
52146,6-3785
52147,6-7478
52148,4-7331
52149,5-6554
52150,7-3218
52151,4-2647
52152,4-9906
52153,6-6007
52154,8-2946
52155,1-1216
52156,7-8181
52157,2-4713
52158,3-7815
52159,2-7577
52160,1-2275
52161,3-4314
52162,8-1263
52163,4-6266
52164,3-3168
52165,5-6938
52166,1-3021
52167,3-4808
52168,8-7758
52169,4-2423
52170,7-8104
52171,2-3870
52172,7-4609
52173,8-0391
52174,6-8062
52175,2-9181
52176,6-5860
52177,3-5695
52178,3-8042
52179,6-3409
52180,7-8492
52181,5-5041
52182,1-3935
52183,5-3976
52184,6-7911
52185,5-5555
52186,2-9746
52187,3-0374
52188,5-5509
52189,2-7480
52190,6-5899
52191,3-9517
52192,6-6889
52193,7-0488
52194,5-3402
52195,6-1400
52196,7-3190
52197,6-5060
52198,8-4093
52199,3-9280
52200,2-7885
52201,2-1625
52202,2-5423
52203,5-6034
52204,7-6990
52205,7-8870
52206,6-6191
52207,4-2417
52208,8-7773
52209,7-7970
52210,7-2707
52211,4-6939
52212,2-6959
52213,2-9082
52214,7-8284
52215,5-0090
52216,3-3561
52217,5-3392
52218,2-0135
52219,8-5360
52220,3-4908
52221,6-3367
52222,6-0077
52223,6-4854
52224,7-2756
52225,3-3716
52226,3-2697
52227,6-9121
52228,1-5924
52229,3-9904
52230,5-4359
52231,5-3292
52232,6-0162
52233,6-0241
52234,3-3951
52235,4-9159
52236,2-3967
52237,5-5328
52238,2-0659
52239,1-4416
52240,5-0160
52241,8-8875
52242,4-4710
52243,5-7915
52244,1-5752
52245,3-7133
52246,2-2201
52247,1-6920
52248,1-1469
52249,5-2932
52250,2-6341
52251,7-0573
52252,7-7145
52253,1-6911
52254,4-0204
52255,4-5160
52256,5-6142
52257,6-7237
52258,2-6389
52259,1-8807
52260,2-4342
52261,8-2557
52262,3-0896
52263,6-6839
52264,3-2256
52265,1-9553
52266,4-2955
52267,8-0019
52268,4-4565
52269,2-1915
52270,3-9715
52271,2-1883
52272,7-1527
52273,6-9186
52274,2-2362
52275,6-8309
52276,4-5654
52277,6-1688
52278,5-0889
52279,8-6037
52280,4-0376
52281,1-3256
52282,8-0632
52283,7-4722
52284,1-9448
52285,8-4872
52286,7-9454
52287,3-1474
52288,4-2046
52289,2-6951
52290,5-8417
52291,1-3119
52292,3-0920
52293,7-4484
52294,1-4833
52295,4-4336
52296,8-5316
52297,1-4834
52298,1-7870
52299,3-0117
52300,7-7032
52301,8-9651
52302,5-3543
52303,2-8572
52304,5-7472
52305,7-9508
52306,6-0981
52307,2-0246
52308,3-2531
52309,3-3314
52310,4-1193
52311,7-2708
52312,3-4802
52313,7-9877
52314,2-3760
52315,6-2240
52316,7-4301
52317,1-2308
52318,7-1647
52319,5-5199
52320,3-8276
52321,6-7387
52322,1-9411
52323,6-7417
52324,5-9062
52325,6-2000
52326,5-3874
52327,4-7763
52328,8-3299
52329,4-6364
52330,4-8768
52331,6-2022
52332,7-1599
52333,2-2686
52334,8-8277
52335,1-5616
52336,4-6911
52337,7-6844
52338,6-5770
52339,5-7266
52340,4-2620
52341,4-2463
52342,8-7254
52343,7-8188
52344,7-9027
52345,8-8672
52346,8-6281
52347,4-5598
52348,6-6277
52349,1-1474
52350,1-6550
52351,3-3530
52352,1-1354
52353,4-2725
52354,5-1260
52355,1-1214
52356,7-7489
52357,1-8476
52358,5-8881
52359,4-3484
52360,3-3321
52361,3-5959
52362,7-2562
52363,6-8121
52364,6-6963
52365,5-5865
52366,8-5567
52367,8-7186
52368,2-3842
52369,1-2242
52370,2-4744
52371,3-3515
52372,3-4851
52373,2-3652
52374,1-7135
52375,2-7590
52376,7-2861
52377,4-9405
52378,6-6130
52379,3-2198
52380,8-5719
52381,7-5970
52382,1-8304
52383,2-9910
52384,5-8518
52385,3-2999
52386,4-4703
52387,8-9871
52388,4-0943
52389,3-4801
52390,4-2746
52391,2-1930
52392,3-0710
52393,7-1110
52394,4-8202
52395,1-5400
52396,5-0839
52397,6-9844
52398,1-4598
52399,6-5889
52400,4-1821
52401,8-2537
52402,6-1474
52403,2-0545
52404,2-5510
52405,1-9977
52406,6-2892
52407,3-6548
52408,2-4062
52409,6-5592
52410,8-7776
52411,3-0927
52412,1-0519
52413,5-6990
52414,2-8941
52415,7-4165
52416,2-0426
52417,6-8248
52418,1-7170
52419,5-2102
52420,5-8811
52421,6-1563
52422,4-5390
52423,3-9154
52424,5-8998
52425,2-1498
52426,7-7070
52427,7-2776
52428,3-0185
52429,5-6147
52430,6-2544
52431,3-7098
52432,5-0568
52433,3-3967
52434,2-9848
52435,3-6061
52436,8-7533
52437,3-1712
52438,1-2884
52439,5-8315
52440,2-3375
52441,3-2359
52442,8-4613
52443,8-1230
52444,3-8012
52445,2-4213
52446,2-3706
52447,1-1767
52448,7-3335
52449,5-0621
52450,6-5628
52451,4-9514
52452,1-0949
52453,2-9862
52454,8-1660
52455,4-3598
52456,8-6238
52457,1-6200
52458,1-1451
52459,4-1792
52460,7-7801
52461,6-1894
52462,7-5262
52463,3-4610
52464,8-5432
52465,8-6617
52466,5-1996
52467,3-8788
52468,8-7487
52469,2-8189
52470,5-1617
52471,4-9805
52472,2-5784
52473,7-6367
52474,6-3407
52475,1-6342
52476,1-7438
52477,1-7655
52478,7-0450
52479,2-1040
52480,4-7695
52481,6-2605
52482,8-7669
52483,3-0225
52484,8-2254
52485,6-4774
52486,3-5390
52487,2-6340
52488,8-4789
52489,7-6159
52490,8-7518
52491,2-6345
52492,4-7366
52493,4-4641
52494,2-7085
52495,7-7577
52496,7-8126
52497,6-3342
52498,4-1755
52499,4-2447
52500,6-5193
52501,7-4684
52502,5-6173
52503,5-7683
52504,7-3746
52505,4-1396
52506,1-5019
52507,8-8754
52508,6-9440
52509,8-8200
52510,1-3160
52511,1-6451
52512,2-7249
52513,1-9082
52514,8-7541
52515,4-0968
52516,1-8089
52517,7-1911
52518,3-4926
52519,2-8165
52520,1-2648
52521,8-8192
52522,2-9655
52523,8-8172
52524,8-8931
52525,4-0690
52526,5-5134
52527,6-0590
52528,3-8968
52529,6-3469
52530,2-6894
52531,5-1999
52532,4-3377
52533,3-6535
52534,1-5171
52535,6-6525
52536,8-0440
52537,8-6461
52538,6-2914
52539,2-0155
52540,3-1488
52541,8-2894
52542,2-7399
52543,4-0205
52544,2-6011
52545,1-5772
52546,1-3067
52547,3-1340
52548,2-9859
52549,5-2335
52550,8-5286
52551,3-9934
52552,6-2756
52553,7-5369
52554,3-0328
52555,4-1457
52556,3-3195
52557,6-5543
52558,6-8239
52559,8-5582
52560,7-3043
52561,3-4002
52562,2-8872
52563,3-1557
52564,6-5692
52565,4-5725
52566,2-3095
52567,5-4879
52568,1-9122
52569,7-7505
52570,6-6143
52571,4-3968
52572,3-6928
52573,2-0460
52574,1-4942
52575,7-3999
52576,8-1395
52577,2-1604
52578,8-3325
52579,5-5773
52580,4-7994
52581,3-9016
52582,1-7286
52583,7-1096
52584,3-2293
52585,2-3798
52586,4-6861
52587,7-6843
52588,6-6613
52589,8-3092
52590,1-5456
52591,4-4973
52592,2-9993
52593,7-1194
52594,3-2838
52595,2-3001
52596,5-6205
52597,5-8407
52598,2-3620
52599,6-3862
52600,5-3955
52601,2-0528
52602,8-2288
52603,1-2770
52604,8-9177
52605,8-0691
52606,4-6107
52607,4-9063
52608,4-9636
52609,7-5664
52610,3-8587
52611,1-4060
52612,8-6862
52613,1-2885
52614,2-5478
52615,7-5770
52616,7-3535
52617,6-1562
52618,6-2056
52619,6-1620
52620,3-3722
52621,8-6767
52622,1-9194
52623,3-0496
52624,8-6035
52625,3-2132
52626,7-6978
52627,3-5045
52628,4-8686
52629,2-8125
52630,2-7301
52631,4-5194
52632,4-0404
52633,4-9748
52634,4-4325
52635,6-3318
52636,3-8331
52637,2-2145
52638,8-8309
52639,4-2086
52640,8-5242
52641,3-3173
52642,6-8075
52643,5-0541
52644,1-2788
52645,6-0383
52646,4-6484
52647,4-0887
52648,6-7422
52649,5-0139
52650,8-0092
52651,8-5847
52652,3-5870
52653,1-7778
52654,7-5960
52655,2-7162
52656,2-0123
52657,5-1901
52658,2-7210
52659,2-7303
52660,7-7726
52661,4-3671
52662,7-8210
52663,2-0136
52664,7-3733
52665,4-9865
52666,8-6206
52667,5-7958
52668,2-5949
52669,2-5527
52670,3-1543
52671,8-3512
52672,5-3051
52673,6-4821
52674,1-3204
52675,8-9683
52676,4-7083
52677,7-2095
52678,3-4242
52679,5-2026
52680,5-7791
52681,5-3642
52682,2-5916
52683,1-1385
52684,6-4702
52685,1-2052
52686,8-6282
52687,8-4169
52688,5-3424
52689,2-6478
52690,7-2994
52691,3-7148
52692,4-0149
52693,1-3800
52694,1-4540
52695,2-2248
52696,7-6406
52697,8-8266
52698,3-9255
52699,8-4923
52700,7-8780
52701,6-0640
52702,3-9404
52703,4-9698
52704,1-3604
52705,4-0221
52706,6-9571
52707,7-5158
52708,3-7071
52709,7-9325
52710,8-5710
52711,1-5081
52712,1-9297
52713,3-5616
52714,4-6511
52715,1-4990
52716,7-4925
52717,3-7538
52718,3-9386
52719,1-6987
52720,8-3762
52721,7-9720
52722,5-5622
52723,5-5065
52724,3-4622
52725,8-2270
52726,6-8978
52727,2-4932
52728,2-6032
52729,6-1948
52730,5-1035
52731,1-5620
52732,4-7674
52733,7-1916
52734,4-0543
52735,2-7638
52736,1-3040
52737,3-9814
52738,4-6721
52739,1-7742
52740,8-0568
52741,5-5688
52742,4-4879
52743,6-8679
52744,7-5054
52745,2-9051
52746,4-9727
52747,4-1747
52748,7-3870
52749,5-8999
52750,2-3969
52751,5-0954
52752,1-5166
52753,2-9964
52754,6-1051
52755,4-4381
52756,4-1893
52757,2-4488
52758,2-9369
52759,5-7940
52760,7-3032
52761,3-6724
52762,6-7855
52763,7-5610
52764,2-9654
52765,7-6217
52766,7-3564
52767,7-5322
52768,5-8480
52769,4-2724
52770,1-1358
